name,latitude,longitude,street,city,state,zip_code,phone,open_hours,style_url,description
Grocery Outlet,36.5509593,-119.3951185,667 N Alta Avenue,Dinuba,CA,93618,559-315-7109,monday - friday:  8am - 9pm | saturday:  8am - 9pm | sunday:  8am - 9pm,#icon-1685-A52714,Latitude: 36.5509593<br>Longitude: -119.3951185<br>Street: 667 N Alta Avenue<br>City: Dinuba<br>State: CA<br>Zip_Code: 93618<br>Phone: 559-315-7109<br>Open Hours: monday - friday:  8am - 9pm | saturday:  8am - 9pm | sunday:  8am - 9pm
Grocery Outlet,37.7087207,-122.4057494,2630 Bayshore Boulevard,San Francisco,CA,94134,415-715-1030,monday - friday:  8am - 9pm | saturday:  8am - 9pm | sunday:  8am - 9pm,#icon-1685-A52714,Latitude: 37.7087207<br>Longitude: -122.4057494<br>Street: 2630 Bayshore Boulevard<br>City: San Francisco<br>State: CA<br>Zip_Code: 94134<br>Phone: 415-715-1030<br>Open Hours: monday - friday:  8am - 9pm | saturday:  8am - 9pm | sunday:  8am - 9pm
Grocery Outlet,37.974244,-122.037764,1840 Willow Pass Road,Concord,CA,94520,925-363-3421,monday - friday:  8-9 | saturday:  8-9 | sunday:  8-9,#icon-1685-A52714,Latitude: 37.974244<br>Longitude: -122.037764<br>Street: 1840 Willow Pass Road<br>City: Concord<br>State: CA<br>Zip_Code: 94520<br>Phone: 925-363-3421<br>Open Hours: monday - friday:  8-9 | saturday:  8-9 | sunday:  8-9
Grocery Outlet,47.363544,-122.021417,26525 Maple Valley Blk Diamond Road Se,Maple Valley,WA,98038,425-413-0244,monday - friday:  8-9 | saturday:  8-9 | sunday:  8-9,#icon-1685-A52714,Latitude: 47.363544<br>Longitude: -122.021417<br>Street: 26525 Maple Valley Blk Diamond Road Se<br>City: Maple Valley<br>State: WA<br>Zip_Code: 98038<br>Phone: 425-413-0244<br>Open Hours: monday - friday:  8-9 | saturday:  8-9 | sunday:  8-9
Grocery Outlet,44.25234077,-121.18551741,1619 Sw Odem Medo Road,Redmond,OR,97756,541-548-1662,monday - friday:  7am - 9pm | saturday:  7am - 9pm | sunday:  7am - 8pm,#icon-1685-A52714,Latitude: 44.25234077<br>Longitude: -121.18551741<br>Street: 1619 Sw Odem Medo Road<br>City: Redmond<br>State: OR<br>Zip_Code: 97756<br>Phone: 541-548-1662<br>Open Hours: monday - friday:  7am - 9pm | saturday:  7am - 9pm | sunday:  7am - 8pm
Grocery Outlet,42.43487,-123.298,350 Ne Agness Avenue,Grants Pass,OR,97526,541-476-2245,monday - friday:  8am - 9pm | saturday:  8am - 9pm | sunday:  8am - 9pm,#icon-1685-A52714,Latitude: 42.43487<br>Longitude: -123.298<br>Street: 350 Ne Agness Avenue<br>City: Grants Pass<br>State: OR<br>Zip_Code: 97526<br>Phone: 541-476-2245<br>Open Hours: monday - friday:  8am - 9pm | saturday:  8am - 9pm | sunday:  8am - 9pm
Grocery Outlet,38.5560766,-121.3347499,3615 Bradshaw Road Ste 3615a,Sacramento,CA,95827,916-368-9447,monday - friday:  7am - 10pm | saturday:  7am - 10pm | sunday:  7am - 10pm,#icon-1685-A52714,Latitude: 38.5560766<br>Longitude: -121.3347499<br>Street: 3615 Bradshaw Road Ste 3615a<br>City: Sacramento<br>State: CA<br>Zip_Code: 95827<br>Phone: 916-368-9447<br>Open Hours: monday - friday:  7am - 10pm | saturday:  7am - 10pm | sunday:  7am - 10pm
Grocery Outlet,34.2306995,-118.3672967,8920 Glenoaks Blvd,Sun Valley,CA,91352,818-351-4100,monday - friday:  8am-10pm | saturday:  8am-10pm | sunday:  8am-10pm,#icon-1685-A52714,Latitude: 34.2306995<br>Longitude: -118.3672967<br>Street: 8920 Glenoaks Blvd<br>City: Sun Valley<br>State: CA<br>Zip_Code: 91352<br>Phone: 818-351-4100<br>Open Hours: monday - friday:  8am-10pm | saturday:  8am-10pm | sunday:  8am-10pm
Grocery Outlet,33.873429,-118.3737266,2115 Artesia Blvd,Redondo Beach,CA,90278,424-383-1018,monday - friday:  7am-10pm | saturday:  7am-10pm | sunday:  7am-10pm,#icon-1685-A52714,Latitude: 33.873429<br>Longitude: -118.3737266<br>Street: 2115 Artesia Blvd<br>City: Redondo Beach<br>State: CA<br>Zip_Code: 90278<br>Phone: 424-383-1018<br>Open Hours: monday - friday:  7am-10pm | saturday:  7am-10pm | sunday:  7am-10pm
Grocery Outlet,39.60300106,-75.80320099,801 East Pulaski Highway,Elkton,MD,21921,443-350-9136,monday - friday:  7am - 9pm | saturday:  7am - 9pm | sunday:  7am - 9pm,#icon-1685-A52714,Latitude: 39.60300106<br>Longitude: -75.80320099<br>Street: 801 East Pulaski Highway<br>City: Elkton<br>State: MD<br>Zip_Code: 21921<br>Phone: 443-350-9136<br>Open Hours: monday - friday:  7am - 9pm | saturday:  7am - 9pm | sunday:  7am - 9pm
Grocery Outlet,36.7061002,-121.65338158,1415 N Main Street,Salinas,CA,93906,831-442-3666,monday - friday:  8-10 | saturday:  8-10 | sunday:  8-10,#icon-1685-A52714,Latitude: 36.7061002<br>Longitude: -121.65338158<br>Street: 1415 N Main Street<br>City: Salinas<br>State: CA<br>Zip_Code: 93906<br>Phone: 831-442-3666<br>Open Hours: monday - friday:  8-10 | saturday:  8-10 | sunday:  8-10
Grocery Outlet,38.09884,-122.57106,1535 South Novato Boulevard,Novato,CA,94947,415-898-1779,monday - friday:  8am - 9pm | saturday:  8am - 9pm | sunday:  8am - 9pm,#icon-1685-A52714,Latitude: 38.09884<br>Longitude: -122.57106<br>Street: 1535 South Novato Boulevard<br>City: Novato<br>State: CA<br>Zip_Code: 94947<br>Phone: 415-898-1779<br>Open Hours: monday - friday:  8am - 9pm | saturday:  8am - 9pm | sunday:  8am - 9pm
Grocery Outlet,37.370573,-121.845562,331 North Capitol Ave Suite B,San Jose,CA,95133,408-684-5955,monday - friday:  8am - 9pm | saturday:  8am - 9pm | sunday:  8am - 9pm,#icon-1685-A52714,Latitude: 37.370573<br>Longitude: -121.845562<br>Street: 331 North Capitol Ave Suite B<br>City: San Jose<br>State: CA<br>Zip_Code: 95133<br>Phone: 408-684-5955<br>Open Hours: monday - friday:  8am - 9pm | saturday:  8am - 9pm | sunday:  8am - 9pm
Grocery Outlet,38.099575,-122.25718,401 Marin St,Vallejo,CA,94590,707-648-7041,monday - friday:  8am-9pm | saturday:  8am-9pm | sunday:  8am-9pm,#icon-1685-A52714,Latitude: 38.099575<br>Longitude: -122.25718<br>Street: 401 Marin St<br>City: Vallejo<br>State: CA<br>Zip_Code: 94590<br>Phone: 707-648-7041<br>Open Hours: monday - friday:  8am-9pm | saturday:  8am-9pm | sunday:  8am-9pm
Grocery Outlet,40.57483,-122.35308,2235 Churn Creek Road,Redding,CA,96002,530-221-6138,monday - friday:  8-9 | saturday:  8-9 | sunday:  9-8,#icon-1685-A52714,Latitude: 40.57483<br>Longitude: -122.35308<br>Street: 2235 Churn Creek Road<br>City: Redding<br>State: CA<br>Zip_Code: 96002<br>Phone: 530-221-6138<br>Open Hours: monday - friday:  8-9 | saturday:  8-9 | sunday:  9-8
Grocery Outlet,44.96316,-122.98357,2879 Lancaster Drive Ne,Salem,OR,97305,503-370-8500,monday - friday:  8am - 9pm | saturday:  8am - 9pm | sunday:  8am - 9pm,#icon-1685-A52714,Latitude: 44.96316<br>Longitude: -122.98357<br>Street: 2879 Lancaster Drive Ne<br>City: Salem<br>State: OR<br>Zip_Code: 97305<br>Phone: 503-370-8500<br>Open Hours: monday - friday:  8am - 9pm | saturday:  8am - 9pm | sunday:  8am - 9pm
Grocery Outlet,38.25912,-122.0349,200 Travis Boulevard,Fairfield,CA,94533,707-428-9721,monday - friday:  7am - 9pm | saturday:  7am - 9pm | sunday:  7am - 9pm,#icon-1685-A52714,Latitude: 38.25912<br>Longitude: -122.0349<br>Street: 200 Travis Boulevard<br>City: Fairfield<br>State: CA<br>Zip_Code: 94533<br>Phone: 707-428-9721<br>Open Hours: monday - friday:  7am - 9pm | saturday:  7am - 9pm | sunday:  7am - 9pm
Grocery Outlet,45.34302,-122.59629,878 Molalla Avenue,Oregon City,OR,97045,503-655-7975,monday - friday:  7am - 9pm | saturday:  7am - 9pm | sunday:  7am - 9pm,#icon-1685-A52714,Latitude: 45.34302<br>Longitude: -122.59629<br>Street: 878 Molalla Avenue<br>City: Oregon City<br>State: OR<br>Zip_Code: 97045<br>Phone: 503-655-7975<br>Open Hours: monday - friday:  7am - 9pm | saturday:  7am - 9pm | sunday:  7am - 9pm
Grocery Outlet,39.268733,-119.577023,7 Dayton Village Parkway,Dayton,NV,89403,775-350-7092,monday - friday:  7am - 9pm | saturday:  7am - 9pm | sunday:  7am - 9pm,#icon-1685-A52714,Latitude: 39.268733<br>Longitude: -119.577023<br>Street: 7 Dayton Village Parkway<br>City: Dayton<br>State: NV<br>Zip_Code: 89403<br>Phone: 775-350-7092<br>Open Hours: monday - friday:  7am - 9pm | saturday:  7am - 9pm | sunday:  7am - 9pm
Grocery Outlet,32.9563453,-117.041999,13345 Poway Road,Poway,CA,92064,858-513-0050,monday - friday:  7am - 10pm | saturday:  7am - 10pm | sunday:  7am - 10pm,#icon-1685-A52714,Latitude: 32.9563453<br>Longitude: -117.041999<br>Street: 13345 Poway Road<br>City: Poway<br>State: CA<br>Zip_Code: 92064<br>Phone: 858-513-0050<br>Open Hours: monday - friday:  7am - 10pm | saturday:  7am - 10pm | sunday:  7am - 10pm
Grocery Outlet,40.42004119,-74.17960179,3057 Nj-35,Hazlet,NJ,7730,732-847-3057,monday - friday:  8am - 9pm | saturday:  8am - 9pm | sunday:  8am - 9pm,#icon-1685-A52714,Latitude: 40.42004119<br>Longitude: -74.17960179<br>Street: 3057 Nj-35<br>City: Hazlet<br>State: NJ<br>Zip_Code: 7730<br>Phone: 732-847-3057<br>Open Hours: monday - friday:  8am - 9pm | saturday:  8am - 9pm | sunday:  8am - 9pm
Grocery Outlet,42.31311,-122.85916,35 East Stewart Avenue,Medford,OR,97501,541-773-8740,monday - friday:  8-9 | saturday:  8-9 | sunday:  8-9,#icon-1685-A52714,Latitude: 42.31311<br>Longitude: -122.85916<br>Street: 35 East Stewart Avenue<br>City: Medford<br>State: OR<br>Zip_Code: 97501<br>Phone: 541-773-8740<br>Open Hours: monday - friday:  8-9 | saturday:  8-9 | sunday:  8-9
Grocery Outlet,38.46890094,-121.41565203,7923 E Stockton Boulevard,Sacramento,CA,95823,916-405-6081,monday - friday:  8-9 | saturday:  8-9 | sunday:  8-9,#icon-1685-A52714,Latitude: 38.46890094<br>Longitude: -121.41565203<br>Street: 7923 E Stockton Boulevard<br>City: Sacramento<br>State: CA<br>Zip_Code: 95823<br>Phone: 916-405-6081<br>Open Hours: monday - friday:  8-9 | saturday:  8-9 | sunday:  8-9
Grocery Outlet,40.07301587,-75.03456892,2524 Welsh Road Suite 253,Philadelphia,PA,19152,215-552-2987,monday - friday:  8am - 9pm | saturday:  8am - 9pm | sunday:  8am - 9pm,#icon-1685-A52714,Latitude: 40.07301587<br>Longitude: -75.03456892<br>Street: 2524 Welsh Road Suite 253<br>City: Philadelphia<br>State: PA<br>Zip_Code: 19152<br>Phone: 215-552-2987<br>Open Hours: monday - friday:  8am - 9pm | saturday:  8am - 9pm | sunday:  8am - 9pm
Grocery Outlet,36.213975,-119.346884,170 E Cross Avenue,Tulare,CA,93274,559-684-1953,monday - friday:  8-9 | saturday:  8-9 | sunday:  8-9,#icon-1685-A52714,Latitude: 36.213975<br>Longitude: -119.346884<br>Street: 170 E Cross Avenue<br>City: Tulare<br>State: CA<br>Zip_Code: 93274<br>Phone: 559-684-1953<br>Open Hours: monday - friday:  8-9 | saturday:  8-9 | sunday:  8-9
Grocery Outlet,32.7566149,-117.0802924,4360 54th Street,San Diego,CA,92115,619-764-4555,monday - friday:  8am-9pm | saturday:  8am-9pm | sunday:  8am-9pm,#icon-1685-A52714,Latitude: 32.7566149<br>Longitude: -117.0802924<br>Street: 4360 54th Street<br>City: San Diego<br>State: CA<br>Zip_Code: 92115<br>Phone: 619-764-4555<br>Open Hours: monday - friday:  8am-9pm | saturday:  8am-9pm | sunday:  8am-9pm
Grocery Outlet,40.03392,-76.244826,1951 Lincoln Highway East,Lancaster,PA,17602,717-392-0635,monday - friday:  7am - 9pm | saturday:  7am - 9pm | sunday:  7am - 9pm,#icon-1685-A52714,Latitude: 40.03392<br>Longitude: -76.244826<br>Street: 1951 Lincoln Highway East<br>City: Lancaster<br>State: PA<br>Zip_Code: 17602<br>Phone: 717-392-0635<br>Open Hours: monday - friday:  7am - 9pm | saturday:  7am - 9pm | sunday:  7am - 9pm
Grocery Outlet,33.8310071,-118.0119036,3430 W Lincoln Avenue,Anaheim,CA,92801,714-226-9245,monday - friday:  8am - 10pm | saturday:  8am - 10pm | sunday:  8am - 10pm,#icon-1685-A52714,Latitude: 33.8310071<br>Longitude: -118.0119036<br>Street: 3430 W Lincoln Avenue<br>City: Anaheim<br>State: CA<br>Zip_Code: 92801<br>Phone: 714-226-9245<br>Open Hours: monday - friday:  8am - 10pm | saturday:  8am - 10pm | sunday:  8am - 10pm
Grocery Outlet,33.9187155,-117.995444,15745 Imperial Highway Suite B,La Mirada,CA,90638,562-475-5395,monday - friday:  8am-10pm | saturday:  8am-10pm | sunday:  8am-10pm,#icon-1685-A52714,Latitude: 33.9187155<br>Longitude: -117.995444<br>Street: 15745 Imperial Highway Suite B<br>City: La Mirada<br>State: CA<br>Zip_Code: 90638<br>Phone: 562-475-5395<br>Open Hours: monday - friday:  8am-10pm | saturday:  8am-10pm | sunday:  8am-10pm
Grocery Outlet,43.39167,-124.26337,1385 Newmark Avenue,Coos Bay,OR,97420,541-888-6702,monday - friday:  8-9 | saturday:  8-9 | sunday:  8-8,#icon-1685-A52714,Latitude: 43.39167<br>Longitude: -124.26337<br>Street: 1385 Newmark Avenue<br>City: Coos Bay<br>State: OR<br>Zip_Code: 97420<br>Phone: 541-888-6702<br>Open Hours: monday - friday:  8-9 | saturday:  8-9 | sunday:  8-8
Grocery Outlet,38.573992,-121.485095,1700 Capitol Avenue,Sacramento,CA,95811,916-930-0899,monday - friday:  7am - 10pm | saturday:  7am - 10pm | sunday:  7am - 10pm,#icon-1685-A52714,Latitude: 38.573992<br>Longitude: -121.485095<br>Street: 1700 Capitol Avenue<br>City: Sacramento<br>State: CA<br>Zip_Code: 95811<br>Phone: 916-930-0899<br>Open Hours: monday - friday:  7am - 10pm | saturday:  7am - 10pm | sunday:  7am - 10pm
Grocery Outlet,38.62805,-121.38303,3431 Watt Avenue,Sacramento,CA,95821,916-486-7920,monday - friday:  8am - 9pm | saturday:  8am - 9pm | sunday:  8am - 9pm,#icon-1685-A52714,Latitude: 38.62805<br>Longitude: -121.38303<br>Street: 3431 Watt Avenue<br>City: Sacramento<br>State: CA<br>Zip_Code: 95821<br>Phone: 916-486-7920<br>Open Hours: monday - friday:  8am - 9pm | saturday:  8am - 9pm | sunday:  8am - 9pm
Grocery Outlet,39.390775,-123.348716,1718 S Main Street,Willits,CA,95490,707-456-0400,monday - friday:  8am - 9pm | saturday:  8am - 9pm | sunday:  8am - 9pm,#icon-1685-A52714,Latitude: 39.390775<br>Longitude: -123.348716<br>Street: 1718 S Main Street<br>City: Willits<br>State: CA<br>Zip_Code: 95490<br>Phone: 707-456-0400<br>Open Hours: monday - friday:  8am - 9pm | saturday:  8am - 9pm | sunday:  8am - 9pm
Grocery Outlet,34.0899428,-117.9604229,4249 Maine Avenue,Baldwin Park,CA,91706,626-498-0707,monday - friday:  7am - 10pm | saturday:  7am - 10pm | sunday:  7am - 10pm,#icon-1685-A52714,Latitude: 34.0899428<br>Longitude: -117.9604229<br>Street: 4249 Maine Avenue<br>City: Baldwin Park<br>State: CA<br>Zip_Code: 91706<br>Phone: 626-498-0707<br>Open Hours: monday - friday:  7am - 10pm | saturday:  7am - 10pm | sunday:  7am - 10pm
Grocery Outlet,38.55283,-121.729896,1800 E 8th Street Suite B,Davis,CA,95616,530-757-4430,monday - friday:  8am - 9pm | saturday:  8am - 9pm | sunday:  8am - 9pm,#icon-1685-A52714,Latitude: 38.55283<br>Longitude: -121.729896<br>Street: 1800 E 8th Street Suite B<br>City: Davis<br>State: CA<br>Zip_Code: 95616<br>Phone: 530-757-4430<br>Open Hours: monday - friday:  8am - 9pm | saturday:  8am - 9pm | sunday:  8am - 9pm
Grocery Outlet,34.1275214,-117.8914194,355 N Citrus Avenue,Azusa,CA,91702,626-334-6355,monday - friday:  7am-10pm | saturday:  7am-10pm | sunday:  7am-10pm,#icon-1685-A52714,Latitude: 34.1275214<br>Longitude: -117.8914194<br>Street: 355 N Citrus Avenue<br>City: Azusa<br>State: CA<br>Zip_Code: 91702<br>Phone: 626-334-6355<br>Open Hours: monday - friday:  7am-10pm | saturday:  7am-10pm | sunday:  7am-10pm
Grocery Outlet,44.7836041,-117.8075835,297 Campbell Street,Baker City,OR,97814,541-523-1126,monday - friday:  7am-9pm | saturday:  7am-9pm | sunday:  7am-9pm,#icon-1685-A52714,Latitude: 44.7836041<br>Longitude: -117.8075835<br>Street: 297 Campbell Street<br>City: Baker City<br>State: OR<br>Zip_Code: 97814<br>Phone: 541-523-1126<br>Open Hours: monday - friday:  7am-9pm | saturday:  7am-9pm | sunday:  7am-9pm
Grocery Outlet,33.9037131,-118.2552107,2175 West Rosecrans Avenue,Compton,CA,90222,310-667-5527,monday - friday:  7am-10pm | saturday:  7am-10pm | sunday:  7am-10pm,#icon-1685-A52714,Latitude: 33.9037131<br>Longitude: -118.2552107<br>Street: 2175 West Rosecrans Avenue<br>City: Compton<br>State: CA<br>Zip_Code: 90222<br>Phone: 310-667-5527<br>Open Hours: monday - friday:  7am-10pm | saturday:  7am-10pm | sunday:  7am-10pm
Grocery Outlet,37.270877,-121.907068,1665 Foxworthy Avenue,San Jose,CA,95124,408-440-5920,monday - friday:  8am - 9pm | saturday:  8am - 9pm | sunday:  8am - 9pm,#icon-1685-A52714,Latitude: 37.270877<br>Longitude: -121.907068<br>Street: 1665 Foxworthy Avenue<br>City: San Jose<br>State: CA<br>Zip_Code: 95124<br>Phone: 408-440-5920<br>Open Hours: monday - friday:  8am - 9pm | saturday:  8am - 9pm | sunday:  8am - 9pm
Grocery Outlet,38.59592,-121.28741,2801 Zinfandel Drive,Rancho Cordova,CA,95670,916-858-2808,monday - friday:  7am - 9pm | saturday:  7am - 9pm | sunday:  7am - 8pm,#icon-1685-A52714,Latitude: 38.59592<br>Longitude: -121.28741<br>Street: 2801 Zinfandel Drive<br>City: Rancho Cordova<br>State: CA<br>Zip_Code: 95670<br>Phone: 916-858-2808<br>Open Hours: monday - friday:  7am - 9pm | saturday:  7am - 9pm | sunday:  7am - 8pm
Grocery Outlet,43.52469128,-114.3203462,615 N Main Street,Hailey,ID,83333,208-928-4190,monday - friday:  8am - 9pm | saturday:  8am - 9pm | sunday:  8am - 9pm,#icon-1685-A52714,Latitude: 43.52469128<br>Longitude: -114.3203462<br>Street: 615 N Main Street<br>City: Hailey<br>State: ID<br>Zip_Code: 83333<br>Phone: 208-928-4190<br>Open Hours: monday - friday:  8am - 9pm | saturday:  8am - 9pm | sunday:  8am - 9pm
Grocery Outlet,41.01846864,-80.35299338,1700 Wilmington Road,New Castle,PA,16105,,,#icon-1685-A52714,Latitude: 41.01846864<br>Longitude: -80.35299338<br>Street: 1700 Wilmington Road<br>City: New Castle<br>State: PA<br>Zip_Code: 16105<br>Phone: <br>Open Hours:
Grocery Outlet,33.13423,-117.06135,1516 E Valley Parkway,Escondido,CA,92027,760-658-8970,monday - friday:  8am - 9pm | saturday:  8am - 9pm | sunday:  8am - 9pm,#icon-1685-A52714,Latitude: 33.13423<br>Longitude: -117.06135<br>Street: 1516 E Valley Parkway<br>City: Escondido<br>State: CA<br>Zip_Code: 92027<br>Phone: 760-658-8970<br>Open Hours: monday - friday:  8am - 9pm | saturday:  8am - 9pm | sunday:  8am - 9pm
Grocery Outlet,48.8456105,-122.5774443,1750 Labounty Dr Unit 101,Ferndale,WA,98248,360-922-7350,monday - friday:  8am - 8pm | saturday:  8am - 8pm | sunday:  8am - 8pm,#icon-1685-A52714,Latitude: 48.8456105<br>Longitude: -122.5774443<br>Street: 1750 Labounty Dr Unit 101<br>City: Ferndale<br>State: WA<br>Zip_Code: 98248<br>Phone: 360-922-7350<br>Open Hours: monday - friday:  8am - 8pm | saturday:  8am - 8pm | sunday:  8am - 8pm
Grocery Outlet,45.909123,-122.741018,1325 Lewis River Rd,Woodland,WA,98674,360-841-8375,monday - friday:  8am-9pm | saturday:  8am-9pm | sunday:  8am-9pm,#icon-1685-A52714,Latitude: 45.909123<br>Longitude: -122.741018<br>Street: 1325 Lewis River Rd<br>City: Woodland<br>State: WA<br>Zip_Code: 98674<br>Phone: 360-841-8375<br>Open Hours: monday - friday:  8am-9pm | saturday:  8am-9pm | sunday:  8am-9pm
Grocery Outlet,37.67974,-121.78022,1320 Railroad Avenue,Livermore,CA,94550,925-961-0019,monday - friday:  8am - 9pm | saturday:  8am - 9pm | sunday:  8am - 9pm,#icon-1685-A52714,Latitude: 37.67974<br>Longitude: -121.78022<br>Street: 1320 Railroad Avenue<br>City: Livermore<br>State: CA<br>Zip_Code: 94550<br>Phone: 925-961-0019<br>Open Hours: monday - friday:  8am - 9pm | saturday:  8am - 9pm | sunday:  8am - 9pm
Grocery Outlet,46.67292,-122.97899,1369 Nw Louisiana Avenue,Chehalis,WA,98532,360-767-0139,monday - friday:  8am - 9pm | saturday:  8am - 9pm | sunday:  8am - 9pm,#icon-1685-A52714,Latitude: 46.67292<br>Longitude: -122.97899<br>Street: 1369 Nw Louisiana Avenue<br>City: Chehalis<br>State: WA<br>Zip_Code: 98532<br>Phone: 360-767-0139<br>Open Hours: monday - friday:  8am - 9pm | saturday:  8am - 9pm | sunday:  8am - 9pm
Grocery Outlet,37.30127,-121.85839,2300 Monterey Highway,San Jose,CA,95112,408-292-2132,monday - friday:  8-9 | saturday:  8-9 | sunday:  8-9,#icon-1685-A52714,Latitude: 37.30127<br>Longitude: -121.85839<br>Street: 2300 Monterey Highway<br>City: San Jose<br>State: CA<br>Zip_Code: 95112<br>Phone: 408-292-2132<br>Open Hours: monday - friday:  8-9 | saturday:  8-9 | sunday:  8-9
Grocery Outlet,34.15225126,-118.02595472,165 E Foothill Boulevard,Arcadia,CA,91006,626-239-6939,monday - friday:  7am - 10pm | saturday:  7am - 10pm | sunday:  7am - 10pm,#icon-1685-A52714,Latitude: 34.15225126<br>Longitude: -118.02595472<br>Street: 165 E Foothill Boulevard<br>City: Arcadia<br>State: CA<br>Zip_Code: 91006<br>Phone: 626-239-6939<br>Open Hours: monday - friday:  7am - 10pm | saturday:  7am - 10pm | sunday:  7am - 10pm
Grocery Outlet,47.19943,-121.98964,960 Roosevelt Avenue,Enumclaw,WA,98022,360-825-9142,monday - friday:  8-9 | saturday:  8-9 | sunday:  8-9,#icon-1685-A52714,Latitude: 47.19943<br>Longitude: -121.98964<br>Street: 960 Roosevelt Avenue<br>City: Enumclaw<br>State: WA<br>Zip_Code: 98022<br>Phone: 360-825-9142<br>Open Hours: monday - friday:  8-9 | saturday:  8-9 | sunday:  8-9
Grocery Outlet,48.200286,-122.125104,123 East Burke Ave,Arlington,WA,98223,360-322-6172,monday - friday:  8am-8pm | saturday:  8am-8pm | sunday:  8am-8pm,#icon-1685-A52714,Latitude: 48.200286<br>Longitude: -122.125104<br>Street: 123 East Burke Ave<br>City: Arlington<br>State: WA<br>Zip_Code: 98223<br>Phone: 360-322-6172<br>Open Hours: monday - friday:  8am-8pm | saturday:  8am-8pm | sunday:  8am-8pm
Grocery Outlet,46.05564,-118.34607,910 South 9th Avenue,Walla Walla,WA,99362,509-525-5753,monday - friday:  8-9 | saturday:  8-9 | sunday:  8-9,#icon-1685-A52714,Latitude: 46.05564<br>Longitude: -118.34607<br>Street: 910 South 9th Avenue<br>City: Walla Walla<br>State: WA<br>Zip_Code: 99362<br>Phone: 509-525-5753<br>Open Hours: monday - friday:  8-9 | saturday:  8-9 | sunday:  8-9
Grocery Outlet,43.6680381,-121.505085,51420 Us-97 Suite 200,La Pine,OR,97739,541-876-6336,monday - friday:  8am-9pm | saturday:  8am-9pm | sunday:  8am-9pm,#icon-1685-A52714,Latitude: 43.6680381<br>Longitude: -121.505085<br>Street: 51420 Us-97 Suite 200<br>City: La Pine<br>State: OR<br>Zip_Code: 97739<br>Phone: 541-876-6336<br>Open Hours: monday - friday:  8am-9pm | saturday:  8am-9pm | sunday:  8am-9pm
Grocery Outlet,46.256098,-119.304824,2901 Queensgate Drive,Richland,WA,99352,509-627-6051,monday - friday:  7am - 10pm | saturday:  7am - 10pm | sunday:  7am - 10pm,#icon-1685-A52714,Latitude: 46.256098<br>Longitude: -119.304824<br>Street: 2901 Queensgate Drive<br>City: Richland<br>State: WA<br>Zip_Code: 99352<br>Phone: 509-627-6051<br>Open Hours: monday - friday:  7am - 10pm | saturday:  7am - 10pm | sunday:  7am - 10pm
Grocery Outlet,34.1815613,-118.87454391,25 E Hillcrest Drive,Thousand Oaks,CA,91360,805-370-0511,monday - friday:  7am - 10pm | saturday:  7am - 10pm | sunday:  7am - 10pm,#icon-1685-A52714,Latitude: 34.1815613<br>Longitude: -118.87454391<br>Street: 25 E Hillcrest Drive<br>City: Thousand Oaks<br>State: CA<br>Zip_Code: 91360<br>Phone: 805-370-0511<br>Open Hours: monday - friday:  7am - 10pm | saturday:  7am - 10pm | sunday:  7am - 10pm
Grocery Outlet,33.1809,-117.29513,3508 College Boulevard,Oceanside,CA,92056,760-806-8999,monday - friday:  8am - 9pm | saturday:  8am - 9pm | sunday:  8am - 9pm,#icon-1685-A52714,Latitude: 33.1809<br>Longitude: -117.29513<br>Street: 3508 College Boulevard<br>City: Oceanside<br>State: CA<br>Zip_Code: 92056<br>Phone: 760-806-8999<br>Open Hours: monday - friday:  8am - 9pm | saturday:  8am - 9pm | sunday:  8am - 9pm
Grocery Outlet,47.306053,-119.561529,1460 Sw Basin Street,Ephrata,WA,98823,509-398-8962,monday - friday:  8am - 9pm | saturday:  8am - 9pm | sunday:  8am - 9pm,#icon-1685-A52714,Latitude: 47.306053<br>Longitude: -119.561529<br>Street: 1460 Sw Basin Street<br>City: Ephrata<br>State: WA<br>Zip_Code: 98823<br>Phone: 509-398-8962<br>Open Hours: monday - friday:  8am - 9pm | saturday:  8am - 9pm | sunday:  8am - 9pm
Grocery Outlet,44.62876,-123.08134,1950 14th Avenue Se,Albany,OR,97322,541-791-1588,monday - friday:  8am - 9pm | saturday:  8am - 9pm | sunday:  8am - 9pm,#icon-1685-A52714,Latitude: 44.62876<br>Longitude: -123.08134<br>Street: 1950 14th Avenue Se<br>City: Albany<br>State: OR<br>Zip_Code: 97322<br>Phone: 541-791-1588<br>Open Hours: monday - friday:  8am - 9pm | saturday:  8am - 9pm | sunday:  8am - 9pm
Grocery Outlet,39.606959,-119.2231497,1305 Chisholm Trail,Fernley,NV,89408,775-302-3498,monday - friday:  8am - 9pm | saturday:  8am - 9pm | sunday:  8am - 9pm,#icon-1685-A52714,Latitude: 39.606959<br>Longitude: -119.2231497<br>Street: 1305 Chisholm Trail<br>City: Fernley<br>State: NV<br>Zip_Code: 89408<br>Phone: 775-302-3498<br>Open Hours: monday - friday:  8am - 9pm | saturday:  8am - 9pm | sunday:  8am - 9pm
Grocery Outlet,37.61045876,-120.96839466,1611 E Hatch Road Space B,Modesto,CA,95351,209-416-4275,monday - friday:  7am - 9pm | saturday:  7am - 9pm | sunday:  7am - 9pm,#icon-1685-A52714,Latitude: 37.61045876<br>Longitude: -120.96839466<br>Street: 1611 E Hatch Road Space B<br>City: Modesto<br>State: CA<br>Zip_Code: 95351<br>Phone: 209-416-4275<br>Open Hours: monday - friday:  7am - 9pm | saturday:  7am - 9pm | sunday:  7am - 9pm
Grocery Outlet,47.25549,-122.52361,6425 6th Avenue,Tacoma,WA,98406,253-565-2441,monday - friday:  8am - 9pm | saturday:  8am - 9pm | sunday:  8am - 9pm,#icon-1685-A52714,Latitude: 47.25549<br>Longitude: -122.52361<br>Street: 6425 6th Avenue<br>City: Tacoma<br>State: WA<br>Zip_Code: 98406<br>Phone: 253-565-2441<br>Open Hours: monday - friday:  8am - 9pm | saturday:  8am - 9pm | sunday:  8am - 9pm
Grocery Outlet,33.963838,-118.0332068,13301 Whittier Blvd,Whittier,CA,90602,562-464-0466,monday - friday:  7am-10pm | saturday:  7am-10pm | sunday:  7am-10pm,#icon-1685-A52714,Latitude: 33.963838<br>Longitude: -118.0332068<br>Street: 13301 Whittier Blvd<br>City: Whittier<br>State: CA<br>Zip_Code: 90602<br>Phone: 562-464-0466<br>Open Hours: monday - friday:  7am-10pm | saturday:  7am-10pm | sunday:  7am-10pm
Grocery Outlet,39.95555,-76.6811,1244 Greensprings Drive,York,PA,17402,717-751-0600,monday - friday:  8am - 9pm | saturday:  8am - 9pm | sunday:  8am - 9pm,#icon-1685-A52714,Latitude: 39.95555<br>Longitude: -76.6811<br>Street: 1244 Greensprings Drive<br>City: York<br>State: PA<br>Zip_Code: 17402<br>Phone: 717-751-0600<br>Open Hours: monday - friday:  8am - 9pm | saturday:  8am - 9pm | sunday:  8am - 9pm
Grocery Outlet,38.5097226,-121.5432612,6419 Riverside Boulevard,Sacramento,CA,95831,916-391-2725,monday - friday:  8am - 9pm | saturday:  8am - 9pm | sunday:  8am - 9pm,#icon-1685-A52714,Latitude: 38.5097226<br>Longitude: -121.5432612<br>Street: 6419 Riverside Boulevard<br>City: Sacramento<br>State: CA<br>Zip_Code: 95831<br>Phone: 916-391-2725<br>Open Hours: monday - friday:  8am - 9pm | saturday:  8am - 9pm | sunday:  8am - 9pm
Grocery Outlet,33.7891877,-117.8346594,1803 East Chapman Avenue,Orange,CA,92867,714-919-8100,monday - friday:  8am-10pm | saturday:  8am-10pm | sunday:  8am-10pm,#icon-1685-A52714,Latitude: 33.7891877<br>Longitude: -117.8346594<br>Street: 1803 East Chapman Avenue<br>City: Orange<br>State: CA<br>Zip_Code: 92867<br>Phone: 714-919-8100<br>Open Hours: monday - friday:  8am-10pm | saturday:  8am-10pm | sunday:  8am-10pm
Grocery Outlet,47.446744,-120.330489,1616 North Wenatchee Avenue,Wenatchee,WA,98801,509-663-4477,monday - friday:  8am - 9pm | saturday:  8am - 9pm | sunday:  8am - 9pm,#icon-1685-A52714,Latitude: 47.446744<br>Longitude: -120.330489<br>Street: 1616 North Wenatchee Avenue<br>City: Wenatchee<br>State: WA<br>Zip_Code: 98801<br>Phone: 509-663-4477<br>Open Hours: monday - friday:  8am - 9pm | saturday:  8am - 9pm | sunday:  8am - 9pm
Grocery Outlet,39.36097362,-121.68720184,1550 Hwy 99,Gridley,CA,95948,530-797-9199,monday - friday:  8am - 9pm | saturday:  8am - 9pm | sunday:  8am - 9pm,#icon-1685-A52714,Latitude: 39.36097362<br>Longitude: -121.68720184<br>Street: 1550 Hwy 99<br>City: Gridley<br>State: CA<br>Zip_Code: 95948<br>Phone: 530-797-9199<br>Open Hours: monday - friday:  8am - 9pm | saturday:  8am - 9pm | sunday:  8am - 9pm
Grocery Outlet,37.3758099,-118.3915727,1320 North Main Street,Bishop,CA,93514,760-872-1505,monday - friday:  7am-9pm | saturday:  7am-9pm | sunday:  7am-9pm,#icon-1685-A52714,Latitude: 37.3758099<br>Longitude: -118.3915727<br>Street: 1320 North Main Street<br>City: Bishop<br>State: CA<br>Zip_Code: 93514<br>Phone: 760-872-1505<br>Open Hours: monday - friday:  7am-9pm | saturday:  7am-9pm | sunday:  7am-9pm
Grocery Outlet,33.7748459,-118.17417,1340 E 7th Street,Long Beach,CA,90813,562-349-0393,monday - friday:  7am - 10pm | saturday:  7am - 10pm | sunday:  7am - 10pm,#icon-1685-A52714,Latitude: 33.7748459<br>Longitude: -118.17417<br>Street: 1340 E 7th Street<br>City: Long Beach<br>State: CA<br>Zip_Code: 90813<br>Phone: 562-349-0393<br>Open Hours: monday - friday:  7am - 10pm | saturday:  7am - 10pm | sunday:  7am - 10pm
Grocery Outlet,44.30294,-120.82324,1951 Ne 3rd Street P O Box 1595,Prineville,OR,97754,541-416-1202,monday - friday:  7am - 9pm | saturday:  7am - 9pm | sunday:  7am - 9pm,#icon-1685-A52714,Latitude: 44.30294<br>Longitude: -120.82324<br>Street: 1951 Ne 3rd Street P O Box 1595<br>City: Prineville<br>State: OR<br>Zip_Code: 97754<br>Phone: 541-416-1202<br>Open Hours: monday - friday:  7am - 9pm | saturday:  7am - 9pm | sunday:  7am - 9pm
Grocery Outlet,47.149636,-122.2937571,4423 S Meridian Ste 723,Puyallup,WA,98373,253-604-4364,monday - friday:  7am - 9pm | saturday:  7am - 9pm | sunday:  7am - 9pm,#icon-1685-A52714,Latitude: 47.149636<br>Longitude: -122.2937571<br>Street: 4423 S Meridian Ste 723<br>City: Puyallup<br>State: WA<br>Zip_Code: 98373<br>Phone: 253-604-4364<br>Open Hours: monday - friday:  7am - 9pm | saturday:  7am - 9pm | sunday:  7am - 9pm
Grocery Outlet,47.32377062,-122.35676455,1618 Sw Dash Point Road,Federal Way,WA,98023,253-785-7322,monday - friday:  8am - 9pm | saturday:  8am - 9pm | sunday:  8am - 9pm,#icon-1685-A52714,Latitude: 47.32377062<br>Longitude: -122.35676455<br>Street: 1618 Sw Dash Point Road<br>City: Federal Way<br>State: WA<br>Zip_Code: 98023<br>Phone: 253-785-7322<br>Open Hours: monday - friday:  8am - 9pm | saturday:  8am - 9pm | sunday:  8am - 9pm
Grocery Outlet,37.94539462,-121.69555719,7610 Brentwood Boulevard,Brentwood,CA,94513,925-390-3990,monday - friday:  7am - 10pm | saturday:  7am - 10pm | sunday:  7am - 10pm,#icon-1685-A52714,Latitude: 37.94539462<br>Longitude: -121.69555719<br>Street: 7610 Brentwood Boulevard<br>City: Brentwood<br>State: CA<br>Zip_Code: 94513<br>Phone: 925-390-3990<br>Open Hours: monday - friday:  7am - 10pm | saturday:  7am - 10pm | sunday:  7am - 10pm
Grocery Outlet,39.43219284,-76.79652511,11120 Reisterstown Road,Owings Mills,MD,21117,,,#icon-1685-A52714,Latitude: 39.43219284<br>Longitude: -76.79652511<br>Street: 11120 Reisterstown Road<br>City: Owings Mills<br>State: MD<br>Zip_Code: 21117<br>Phone: <br>Open Hours:
Grocery Outlet,48.688238,-116.316271,6355 Main Street,Bonners Ferry,ID,83805,208-267-2507,monday - friday:  8am - 9pm | saturday:  8am - 9pm | sunday:  8am - 9pm,#icon-1685-A52714,Latitude: 48.688238<br>Longitude: -116.316271<br>Street: 6355 Main Street<br>City: Bonners Ferry<br>State: ID<br>Zip_Code: 83805<br>Phone: 208-267-2507<br>Open Hours: monday - friday:  8am - 9pm | saturday:  8am - 9pm | sunday:  8am - 9pm
Grocery Outlet,40.20642643,-74.69512055,1075 Whitehorse-Mercerville Rd,Trenton,NJ,8610,609-838-0216,monday - friday:  8am - 9pm | saturday:  8am - 9pm | sunday:  8am - 9pm,#icon-1685-A52714,Latitude: 40.20642643<br>Longitude: -74.69512055<br>Street: 1075 Whitehorse-Mercerville Rd<br>City: Trenton<br>State: NJ<br>Zip_Code: 8610<br>Phone: 609-838-0216<br>Open Hours: monday - friday:  8am - 9pm | saturday:  8am - 9pm | sunday:  8am - 9pm
Grocery Outlet,47.70585,-116.79372,410 W Neider Avenue,Coeur D Alene,ID,83814,208-765-3141,monday - friday:  8-9 | saturday:  8-9 | sunday:  8-9,#icon-1685-A52714,Latitude: 47.70585<br>Longitude: -116.79372<br>Street: 410 W Neider Avenue<br>City: Coeur D Alene<br>State: ID<br>Zip_Code: 83814<br>Phone: 208-765-3141<br>Open Hours: monday - friday:  8-9 | saturday:  8-9 | sunday:  8-9
Grocery Outlet,40.08484736,-74.97174559,4016 Woodhaven Road,Philadelphia,PA,19154,267-649-4237,monday - friday:  8am - 9pm | saturday:  8am - 9pm | sunday:  8am - 9pm,#icon-1685-A52714,Latitude: 40.08484736<br>Longitude: -74.97174559<br>Street: 4016 Woodhaven Road<br>City: Philadelphia<br>State: PA<br>Zip_Code: 19154<br>Phone: 267-649-4237<br>Open Hours: monday - friday:  8am - 9pm | saturday:  8am - 9pm | sunday:  8am - 9pm
Grocery Outlet,37.463997,-121.174785,2900 Sperry Avenue,Patterson,CA,95363,209-250-8711,monday - friday:  8am - 10pm | saturday:  8am - 10pm | sunday:  8am - 10pm,#icon-1685-A52714,Latitude: 37.463997<br>Longitude: -121.174785<br>Street: 2900 Sperry Avenue<br>City: Patterson<br>State: CA<br>Zip_Code: 95363<br>Phone: 209-250-8711<br>Open Hours: monday - friday:  8am - 10pm | saturday:  8am - 10pm | sunday:  8am - 10pm
Grocery Outlet,43.5730018,-119.0735712,627 Hwy 20 N,Hines,OR,97738,541-573-1637,monday - friday:  8am-9pm | saturday:  8am-9pm | sunday:  8am-9pm,#icon-1685-A52714,Latitude: 43.5730018<br>Longitude: -119.0735712<br>Street: 627 Hwy 20 N<br>City: Hines<br>State: OR<br>Zip_Code: 97738<br>Phone: 541-573-1637<br>Open Hours: monday - friday:  8am-9pm | saturday:  8am-9pm | sunday:  8am-9pm
Grocery Outlet,34.1850984,-118.130828,2270 Lake Ave,Altadena,CA,91001,626-314-2700,monday - friday:  7am - 10pm | saturday:  7am - 10pm | sunday:  7am - 10pm,#icon-1685-A52714,Latitude: 34.1850984<br>Longitude: -118.130828<br>Street: 2270 Lake Ave<br>City: Altadena<br>State: CA<br>Zip_Code: 91001<br>Phone: 626-314-2700<br>Open Hours: monday - friday:  7am - 10pm | saturday:  7am - 10pm | sunday:  7am - 10pm
Grocery Outlet,37.30487,-120.49276,1125 West Main Street,Merced,CA,95340,209-384-0441,monday - friday:  8am - 9pm | saturday:  8am - 9pm | sunday:  8am - 9pm,#icon-1685-A52714,Latitude: 37.30487<br>Longitude: -120.49276<br>Street: 1125 West Main Street<br>City: Merced<br>State: CA<br>Zip_Code: 95340<br>Phone: 209-384-0441<br>Open Hours: monday - friday:  8am - 9pm | saturday:  8am - 9pm | sunday:  8am - 9pm
Grocery Outlet,37.67092,-121.03127,1800 Prescott Road Suite 8,Modesto,CA,95350,209-523-5349,monday - friday:  7am - 10pm | saturday:  7am - 10pm | sunday:  7am - 10pm,#icon-1685-A52714,Latitude: 37.67092<br>Longitude: -121.03127<br>Street: 1800 Prescott Road Suite 8<br>City: Modesto<br>State: CA<br>Zip_Code: 95350<br>Phone: 209-523-5349<br>Open Hours: monday - friday:  7am - 10pm | saturday:  7am - 10pm | sunday:  7am - 10pm
Grocery Outlet,37.4032345,-122.0097071,1180 N Fair Oaks Avenue,Sunnyvale,CA,94089,408-962-0297,monday - friday:  7-10 | saturday:  7-10 | sunday:  7-10,#icon-1685-A52714,Latitude: 37.4032345<br>Longitude: -122.0097071<br>Street: 1180 N Fair Oaks Avenue<br>City: Sunnyvale<br>State: CA<br>Zip_Code: 94089<br>Phone: 408-962-0297<br>Open Hours: monday - friday:  7-10 | saturday:  7-10 | sunday:  7-10
Grocery Outlet,44.85014815,-123.20663125,1405 Monmouth Street,Independence,OR,97351,503-751-1034,monday - friday:  8am - 9pm | saturday:  8am - 9pm | sunday:  8am - 9pm,#icon-1685-A52714,Latitude: 44.85014815<br>Longitude: -123.20663125<br>Street: 1405 Monmouth Street<br>City: Independence<br>State: OR<br>Zip_Code: 97351<br>Phone: 503-751-1034<br>Open Hours: monday - friday:  8am - 9pm | saturday:  8am - 9pm | sunday:  8am - 9pm
Grocery Outlet,33.8904408,-118.1521195,15719 Downey Ave,Paramount,CA,90723,562-333-4080,monday - friday:  7am - 10pm | saturday:  7am - 10pm | sunday:  7am - 10pm,#icon-1685-A52714,Latitude: 33.8904408<br>Longitude: -118.1521195<br>Street: 15719 Downey Ave<br>City: Paramount<br>State: CA<br>Zip_Code: 90723<br>Phone: 562-333-4080<br>Open Hours: monday - friday:  7am - 10pm | saturday:  7am - 10pm | sunday:  7am - 10pm
Grocery Outlet,40.14654497,-75.31921325,2917 Swede Road,Norristown,PA,19401,484-684-6337,monday - friday:  8am - 9pm | saturday:  8am - 9pm | sunday:  8am - 9pm,#icon-1685-A52714,Latitude: 40.14654497<br>Longitude: -75.31921325<br>Street: 2917 Swede Road<br>City: Norristown<br>State: PA<br>Zip_Code: 19401<br>Phone: 484-684-6337<br>Open Hours: monday - friday:  8am - 9pm | saturday:  8am - 9pm | sunday:  8am - 9pm
Grocery Outlet,35.02446061,-120.47169405,181 S Frontage Road,Nipomo,CA,93444,805-619-7717,monday - friday:  7am - 9pm | saturday:  7am - 9pm | sunday:  7am - 9pm,#icon-1685-A52714,Latitude: 35.02446061<br>Longitude: -120.47169405<br>Street: 181 S Frontage Road<br>City: Nipomo<br>State: CA<br>Zip_Code: 93444<br>Phone: 805-619-7717<br>Open Hours: monday - friday:  7am - 9pm | saturday:  7am - 9pm | sunday:  7am - 9pm
Grocery Outlet,34.06574578,-117.43297656,17040 Slover Avenue,Fontana,CA,92337,,,#icon-1685-A52714,Latitude: 34.06574578<br>Longitude: -117.43297656<br>Street: 17040 Slover Avenue<br>City: Fontana<br>State: CA<br>Zip_Code: 92337<br>Phone: <br>Open Hours:
Grocery Outlet,47.83987057,-122.29768813,17525 Highway 99 Suite E,Lynnwood,WA,98037,425-774-0198,monday - friday:  8am - 9pm | saturday:  8am - 9pm | sunday:  8am - 9pm,#icon-1685-A52714,Latitude: 47.83987057<br>Longitude: -122.29768813<br>Street: 17525 Highway 99 Suite E<br>City: Lynnwood<br>State: WA<br>Zip_Code: 98037<br>Phone: 425-774-0198<br>Open Hours: monday - friday:  8am - 9pm | saturday:  8am - 9pm | sunday:  8am - 9pm
Grocery Outlet,35.33468,-119.07262,6421 Ming Avenue,Bakersfield,CA,93309,661-833-2180,monday - friday:  7am - 10pm | saturday:  7am - 10pm | sunday:  7am - 10pm,#icon-1685-A52714,Latitude: 35.33468<br>Longitude: -119.07262<br>Street: 6421 Ming Avenue<br>City: Bakersfield<br>State: CA<br>Zip_Code: 93309<br>Phone: 661-833-2180<br>Open Hours: monday - friday:  7am - 10pm | saturday:  7am - 10pm | sunday:  7am - 10pm
Grocery Outlet,34.44538333,-118.47216498,19355 Plum Canyon Road,Santa Clarita,CA,91350,661-360-7960,monday - friday:  7am - 9pm | saturday:  7am - 9pm | sunday:  7am - 9pm,#icon-1685-A52714,Latitude: 34.44538333<br>Longitude: -118.47216498<br>Street: 19355 Plum Canyon Road<br>City: Santa Clarita<br>State: CA<br>Zip_Code: 91350<br>Phone: 661-360-7960<br>Open Hours: monday - friday:  7am - 9pm | saturday:  7am - 9pm | sunday:  7am - 9pm
Grocery Outlet,45.693464,-122.668195,9915 Ne Hazel Dell Avenue,Vancouver,WA,98685,360-574-5155,monday - friday:  8am - 9pm | saturday:  8am - 9pm | sunday:  8am - 9pm,#icon-1685-A52714,Latitude: 45.693464<br>Longitude: -122.668195<br>Street: 9915 Ne Hazel Dell Avenue<br>City: Vancouver<br>State: WA<br>Zip_Code: 98685<br>Phone: 360-574-5155<br>Open Hours: monday - friday:  8am - 9pm | saturday:  8am - 9pm | sunday:  8am - 9pm
Grocery Outlet,48.2407003,-122.3573633,26905 92nd Avenue N W,Stanwood,WA,98292,360-572-3300,monday - friday:  8am - 9pm | saturday:  8am - 9pm | sunday:  8am - 9pm,#icon-1685-A52714,Latitude: 48.2407003<br>Longitude: -122.3573633<br>Street: 26905 92nd Avenue N W<br>City: Stanwood<br>State: WA<br>Zip_Code: 98292<br>Phone: 360-572-3300<br>Open Hours: monday - friday:  8am - 9pm | saturday:  8am - 9pm | sunday:  8am - 9pm
Grocery Outlet,43.572748,-116.56771,1215 12th Avenue S,Nampa,ID,83651,208-468-2229,monday - friday:  8am - 9pm | saturday:  8am - 9pm | sunday:  8am - 9pm,#icon-1685-A52714,Latitude: 43.572748<br>Longitude: -116.56771<br>Street: 1215 12th Avenue S<br>City: Nampa<br>State: ID<br>Zip_Code: 83651<br>Phone: 208-468-2229<br>Open Hours: monday - friday:  8am - 9pm | saturday:  8am - 9pm | sunday:  8am - 9pm
Grocery Outlet,45.30077,-122.963005,1510 Portland Road,Newberg,OR,97132,503-538-3224,monday - friday:  8am - 10pm | saturday:  8am - 10pm | sunday:  8am - 10pm,#icon-1685-A52714,Latitude: 45.30077<br>Longitude: -122.963005<br>Street: 1510 Portland Road<br>City: Newberg<br>State: OR<br>Zip_Code: 97132<br>Phone: 503-538-3224<br>Open Hours: monday - friday:  8am - 10pm | saturday:  8am - 10pm | sunday:  8am - 10pm
Grocery Outlet,48.08283,-122.17333,9620-B State Avenue,Marysville,WA,98270,360-659-9909,monday - friday:  8am - 9pm | saturday:  8am - 9pm | sunday:  8am - 9pm,#icon-1685-A52714,Latitude: 48.08283<br>Longitude: -122.17333<br>Street: 9620-B State Avenue<br>City: Marysville<br>State: WA<br>Zip_Code: 98270<br>Phone: 360-659-9909<br>Open Hours: monday - friday:  8am - 9pm | saturday:  8am - 9pm | sunday:  8am - 9pm
Grocery Outlet,37.529682,-121.982973,4949 Stevenson Blvd Suite F,Fremont,CA,94538,510-651-2005,monday - friday:  8am - 10pm | saturday:  8am - 10pm | sunday:  8am - 10pm,#icon-1685-A52714,Latitude: 37.529682<br>Longitude: -121.982973<br>Street: 4949 Stevenson Blvd Suite F<br>City: Fremont<br>State: CA<br>Zip_Code: 94538<br>Phone: 510-651-2005<br>Open Hours: monday - friday:  8am - 10pm | saturday:  8am - 10pm | sunday:  8am - 10pm
Grocery Outlet,47.3676868,-122.3041894,26104 Pacific Hwy S,Kent,WA,98032,206-592-2962,monday - friday:  8am - 8pm | saturday:  8am - 9pm | sunday:  8am - 9pm,#icon-1685-A52714,Latitude: 47.3676868<br>Longitude: -122.3041894<br>Street: 26104 Pacific Hwy S<br>City: Kent<br>State: WA<br>Zip_Code: 98032<br>Phone: 206-592-2962<br>Open Hours: monday - friday:  8am - 8pm | saturday:  8am - 9pm | sunday:  8am - 9pm
Grocery Outlet,41.3985055,-122.3766751,268 Vista Drive,Weed,CA,96094,530-938-4778,monday - friday:  9am - 10pm | saturday:  9am - 10pm | sunday:  9am - 10pm,#icon-1685-A52714,Latitude: 41.3985055<br>Longitude: -122.3766751<br>Street: 268 Vista Drive<br>City: Weed<br>State: CA<br>Zip_Code: 96094<br>Phone: 530-938-4778<br>Open Hours: monday - friday:  9am - 10pm | saturday:  9am - 10pm | sunday:  9am - 10pm
Grocery Outlet,37.975544,-120.37873,685 South Washington Street,Sonora,CA,95370,209-536-1400,monday - friday:  8am - 9pm | saturday:  8am - 9pm | sunday:  9am - 8pm,#icon-1685-A52714,Latitude: 37.975544<br>Longitude: -120.37873<br>Street: 685 South Washington Street<br>City: Sonora<br>State: CA<br>Zip_Code: 95370<br>Phone: 209-536-1400<br>Open Hours: monday - friday:  8am - 9pm | saturday:  8am - 9pm | sunday:  9am - 8pm
Grocery Outlet,37.990356,-122.308184,1460 Fitzgerald Drive,Pinole,CA,94564,510-223-3404,monday - friday:  8-9 | saturday:  8-9 | sunday:  8-9,#icon-1685-A52714,Latitude: 37.990356<br>Longitude: -122.308184<br>Street: 1460 Fitzgerald Drive<br>City: Pinole<br>State: CA<br>Zip_Code: 94564<br>Phone: 510-223-3404<br>Open Hours: monday - friday:  8-9 | saturday:  8-9 | sunday:  8-9
Grocery Outlet,46.0900936,-122.9377447,215 West B Street,Rainier,OR,97048,503-395-2018,monday - friday:  8am-9pm | saturday:  8am-9pm | sunday:  8am-9pm,#icon-1685-A52714,Latitude: 46.0900936<br>Longitude: -122.9377447<br>Street: 215 West B Street<br>City: Rainier<br>State: OR<br>Zip_Code: 97048<br>Phone: 503-395-2018<br>Open Hours: monday - friday:  8am-9pm | saturday:  8am-9pm | sunday:  8am-9pm
Grocery Outlet,33.72077212,-116.39664054,72675 Highway 111,Palm Desert,CA,92260,442-227-2192,monday - friday:  7am - 9pm | saturday:  7am - 9pm | sunday:  7am - 9pm,#icon-1685-A52714,Latitude: 33.72077212<br>Longitude: -116.39664054<br>Street: 72675 Highway 111<br>City: Palm Desert<br>State: CA<br>Zip_Code: 92260<br>Phone: 442-227-2192<br>Open Hours: monday - friday:  7am - 9pm | saturday:  7am - 9pm | sunday:  7am - 9pm
Grocery Outlet,39.740155,-122.200727,1026 South Street,Orland,CA,95963,530-865-4235,monday - friday:  8-9 | saturday:  8-9 | sunday:  8-9,#icon-1685-A52714,Latitude: 39.740155<br>Longitude: -122.200727<br>Street: 1026 South Street<br>City: Orland<br>State: CA<br>Zip_Code: 95963<br>Phone: 530-865-4235<br>Open Hours: monday - friday:  8-9 | saturday:  8-9 | sunday:  8-9
Grocery Outlet,47.64909058,-122.69566386,9451 Silverdale Way Nw,Silverdale,WA,98383,360-516-4140,monday - friday:  8am - 9pm | saturday:  8am - 9pm | sunday:  8am - 8pm,#icon-1685-A52714,Latitude: 47.64909058<br>Longitude: -122.69566386<br>Street: 9451 Silverdale Way Nw<br>City: Silverdale<br>State: WA<br>Zip_Code: 98383<br>Phone: 360-516-4140<br>Open Hours: monday - friday:  8am - 9pm | saturday:  8am - 9pm | sunday:  8am - 8pm
Grocery Outlet,36.9819807,-122.0058152,120 Morrissey Blvd,Santa Cruz,CA,95062,831-425-6533,monday - friday:  8am-9pm | saturday:  8am-9pm | sunday:  8am-9pm,#icon-1685-A52714,Latitude: 36.9819807<br>Longitude: -122.0058152<br>Street: 120 Morrissey Blvd<br>City: Santa Cruz<br>State: CA<br>Zip_Code: 95062<br>Phone: 831-425-6533<br>Open Hours: monday - friday:  8am-9pm | saturday:  8am-9pm | sunday:  8am-9pm
Grocery Outlet,38.800539,-121.293523,6652 Lonetree Boulevard,Rocklin,CA,95765,916-773-1888,monday - friday:  8-9 | saturday:  8-9 | sunday:  8-9,#icon-1685-A52714,Latitude: 38.800539<br>Longitude: -121.293523<br>Street: 6652 Lonetree Boulevard<br>City: Rocklin<br>State: CA<br>Zip_Code: 95765<br>Phone: 916-773-1888<br>Open Hours: monday - friday:  8-9 | saturday:  8-9 | sunday:  8-9
Grocery Outlet,45.51944,-122.98983,354 South First Avenue,Hillsboro,OR,97123,503-693-1100,monday - friday:  8-9 | saturday:  8-9 | sunday:  8-9,#icon-1685-A52714,Latitude: 45.51944<br>Longitude: -122.98983<br>Street: 354 South First Avenue<br>City: Hillsboro<br>State: OR<br>Zip_Code: 97123<br>Phone: 503-693-1100<br>Open Hours: monday - friday:  8-9 | saturday:  8-9 | sunday:  8-9
Grocery Outlet,45.58558,-122.3703,3308 Ne 3rd Avenue,Camas,WA,98607,360-335-0520,monday - friday:  8am - 9pm | saturday:  8am - 9pm | sunday:  8am - 9pm,#icon-1685-A52714,Latitude: 45.58558<br>Longitude: -122.3703<br>Street: 3308 Ne 3rd Avenue<br>City: Camas<br>State: WA<br>Zip_Code: 98607<br>Phone: 360-335-0520<br>Open Hours: monday - friday:  8am - 9pm | saturday:  8am - 9pm | sunday:  8am - 9pm
Grocery Outlet,40.3084522,-75.9847173,4200 Shillington Plaza,Reading,PA,19607,610-775-6507,monday - friday:  8am - 9pm | saturday:  8am - 9pm | sunday:  8am - 9pm,#icon-1685-A52714,Latitude: 40.3084522<br>Longitude: -75.9847173<br>Street: 4200 Shillington Plaza<br>City: Reading<br>State: PA<br>Zip_Code: 19607<br>Phone: 610-775-6507<br>Open Hours: monday - friday:  8am - 9pm | saturday:  8am - 9pm | sunday:  8am - 9pm
Grocery Outlet,44.09218,-123.12664,2060 River Road,Eugene,OR,97404,541-689-1132,monday - friday:  8am - 9pm | saturday:  8am - 9pm | sunday:  8am - 9pm,#icon-1685-A52714,Latitude: 44.09218<br>Longitude: -123.12664<br>Street: 2060 River Road<br>City: Eugene<br>State: OR<br>Zip_Code: 97404<br>Phone: 541-689-1132<br>Open Hours: monday - friday:  8am - 9pm | saturday:  8am - 9pm | sunday:  8am - 9pm
Grocery Outlet,33.74525666,-116.30351463,41800 Washington Street Suite 113b,Indio,CA,92203,442-282-8187,monday - friday:  7am - 9pm | saturday:  7am - 9pm | sunday:  8am - 8pm,#icon-1685-A52714,Latitude: 33.74525666<br>Longitude: -116.30351463<br>Street: 41800 Washington Street Suite 113b<br>City: Indio<br>State: CA<br>Zip_Code: 92203<br>Phone: 442-282-8187<br>Open Hours: monday - friday:  7am - 9pm | saturday:  7am - 9pm | sunday:  8am - 8pm
Grocery Outlet,34.10379228,-118.15202876,1401 Huntington Drive,South Pasadena,CA,91030,626-399-0975,monday - friday:  7am - 10pm | saturday:  7am - 10pm | sunday:  7am - 10pm,#icon-1685-A52714,Latitude: 34.10379228<br>Longitude: -118.15202876<br>Street: 1401 Huntington Drive<br>City: South Pasadena<br>State: CA<br>Zip_Code: 91030<br>Phone: 626-399-0975<br>Open Hours: monday - friday:  7am - 10pm | saturday:  7am - 10pm | sunday:  7am - 10pm
Grocery Outlet,36.91678,-121.768167,1000 Main Street,Watsonville,CA,95076,831-728-6506,monday - friday:  7am - 10pm | saturday:  7am - 10pm | sunday:  7am - 10pm,#icon-1685-A52714,Latitude: 36.91678<br>Longitude: -121.768167<br>Street: 1000 Main Street<br>City: Watsonville<br>State: CA<br>Zip_Code: 95076<br>Phone: 831-728-6506<br>Open Hours: monday - friday:  7am - 10pm | saturday:  7am - 10pm | sunday:  7am - 10pm
Grocery Outlet,36.73517521,-120.058791,14868 West Whitesbridge Avenue,Kerman,CA,93630,559-842-0313,monday - friday:  8am - 9pm | saturday:  8am - 9pm | sunday:  8am - 9pm,#icon-1685-A52714,Latitude: 36.73517521<br>Longitude: -120.058791<br>Street: 14868 West Whitesbridge Avenue<br>City: Kerman<br>State: CA<br>Zip_Code: 93630<br>Phone: 559-842-0313<br>Open Hours: monday - friday:  8am - 9pm | saturday:  8am - 9pm | sunday:  8am - 9pm
Grocery Outlet,32.747158,-116.986295,9805 Campo Road Suite 110,Spring Valley,CA,91977,619-639-6090,monday - friday:  7am - 9pm | saturday:  7am - 9pm | sunday:  7am - 9pm,#icon-1685-A52714,Latitude: 32.747158<br>Longitude: -116.986295<br>Street: 9805 Campo Road Suite 110<br>City: Spring Valley<br>State: CA<br>Zip_Code: 91977<br>Phone: 619-639-6090<br>Open Hours: monday - friday:  7am - 9pm | saturday:  7am - 9pm | sunday:  7am - 9pm
Grocery Outlet,41.75375,-124.19497,1124 - 3rd Street,Crescent City,CA,95531,707-464-3131,monday - friday:  8-8:30 | saturday:  8-8:30 | sunday:  9-8,#icon-1685-A52714,Latitude: 41.75375<br>Longitude: -124.19497<br>Street: 1124 - 3rd Street<br>City: Crescent City<br>State: CA<br>Zip_Code: 95531<br>Phone: 707-464-3131<br>Open Hours: monday - friday:  8-8:30 | saturday:  8-8:30 | sunday:  9-8
Grocery Outlet,38.690456,-121.381681,3643 Elkhorn Boulevard,North Highlands,CA,95660,916-550-1106,monday - friday:  7:30am - 9pm | saturday:  7:30am - 9pm | sunday:  7:30am - 9pm,#icon-1685-A52714,Latitude: 38.690456<br>Longitude: -121.381681<br>Street: 3643 Elkhorn Boulevard<br>City: North Highlands<br>State: CA<br>Zip_Code: 95660<br>Phone: 916-550-1106<br>Open Hours: monday - friday:  7:30am - 9pm | saturday:  7:30am - 9pm | sunday:  7:30am - 9pm
Grocery Outlet,47.16842,-122.13132,18318 Sr 410 E,Bonney Lake,WA,98391,253-299-6999,monday - friday:  8-9 | saturday:  8-9 | sunday:  9-8,#icon-1685-A52714,Latitude: 47.16842<br>Longitude: -122.13132<br>Street: 18318 Sr 410 E<br>City: Bonney Lake<br>State: WA<br>Zip_Code: 98391<br>Phone: 253-299-6999<br>Open Hours: monday - friday:  8-9 | saturday:  8-9 | sunday:  9-8
Grocery Outlet,40.0637585,-76.3607867,2108 Spring Valley Rd,Lancaster,PA,17601,717-209-7060,monday - friday:  7-10 | saturday:  7-10 | sunday:  7-10,#icon-1685-A52714,Latitude: 40.0637585<br>Longitude: -76.3607867<br>Street: 2108 Spring Valley Rd<br>City: Lancaster<br>State: PA<br>Zip_Code: 17601<br>Phone: 717-209-7060<br>Open Hours: monday - friday:  7-10 | saturday:  7-10 | sunday:  7-10
Grocery Outlet,40.1498694,-76.3815129,703 Lancaster Road (Rt 72),Manheim,PA,17545,717-665-7500,monday - friday:  8am - 9pm | saturday:  8am - 9pm | sunday:  8am - 9pm,#icon-1685-A52714,Latitude: 40.1498694<br>Longitude: -76.3815129<br>Street: 703 Lancaster Road (Rt 72)<br>City: Manheim<br>State: PA<br>Zip_Code: 17545<br>Phone: 717-665-7500<br>Open Hours: monday - friday:  8am - 9pm | saturday:  8am - 9pm | sunday:  8am - 9pm
Grocery Outlet,39.16621,-123.21088,1203 North State Street,Ukiah,CA,95482,707-463-2129,monday - friday:  7am - 9pm | saturday:  7am - 9pm | sunday:  7am - 9pm,#icon-1685-A52714,Latitude: 39.16621<br>Longitude: -123.21088<br>Street: 1203 North State Street<br>City: Ukiah<br>State: CA<br>Zip_Code: 95482<br>Phone: 707-463-2129<br>Open Hours: monday - friday:  7am - 9pm | saturday:  7am - 9pm | sunday:  7am - 9pm
Grocery Outlet,36.79415,-119.78908,1825 E Ashlan Avenue Suite A,Fresno,CA,93726,559-226-3663,monday - friday:  8am - 9pm | saturday:  8am - 9pm | sunday:  8am - 9pm,#icon-1685-A52714,Latitude: 36.79415<br>Longitude: -119.78908<br>Street: 1825 E Ashlan Avenue Suite A<br>City: Fresno<br>State: CA<br>Zip_Code: 93726<br>Phone: 559-226-3663<br>Open Hours: monday - friday:  8am - 9pm | saturday:  8am - 9pm | sunday:  8am - 9pm
Grocery Outlet,33.97394299,-117.34939259,3981 Chicago Avenue,Riverside,CA,92507,951-224-8797,monday - friday:  8am - 9pm | saturday:  8am - 9pm | sunday:  8am - 9pm,#icon-1685-A52714,Latitude: 33.97394299<br>Longitude: -117.34939259<br>Street: 3981 Chicago Avenue<br>City: Riverside<br>State: CA<br>Zip_Code: 92507<br>Phone: 951-224-8797<br>Open Hours: monday - friday:  8am - 9pm | saturday:  8am - 9pm | sunday:  8am - 9pm
Grocery Outlet,40.3826426,-75.9275362,3260 North 5th Street,Reading,PA,19605,610-985-0501,monday - friday:  8am - 9pm | saturday:  8am - 9pm | sunday:  8am - 8pm,#icon-1685-A52714,Latitude: 40.3826426<br>Longitude: -75.9275362<br>Street: 3260 North 5th Street<br>City: Reading<br>State: PA<br>Zip_Code: 19605<br>Phone: 610-985-0501<br>Open Hours: monday - friday:  8am - 9pm | saturday:  8am - 9pm | sunday:  8am - 8pm
Grocery Outlet,33.8711332,-117.9068571,120 N Raymond Ave,Fullerton,CA,92831,714-526-4345,monday - friday:  8am-10pm | saturday:  8am-10pm | sunday:  8am-10pm,#icon-1685-A52714,Latitude: 33.8711332<br>Longitude: -117.9068571<br>Street: 120 N Raymond Ave<br>City: Fullerton<br>State: CA<br>Zip_Code: 92831<br>Phone: 714-526-4345<br>Open Hours: monday - friday:  8am-10pm | saturday:  8am-10pm | sunday:  8am-10pm
Grocery Outlet,39.97809713,-75.16955853,2077 Ridge Avenue,Philadelphia,PA,19121,267-886-9460,monday - friday:  8am - 9pm | saturday:  8am - 9pm | sunday:  8am - 9pm,#icon-1685-A52714,Latitude: 39.97809713<br>Longitude: -75.16955853<br>Street: 2077 Ridge Avenue<br>City: Philadelphia<br>State: PA<br>Zip_Code: 19121<br>Phone: 267-886-9460<br>Open Hours: monday - friday:  8am - 9pm | saturday:  8am - 9pm | sunday:  8am - 9pm
Grocery Outlet,37.338398,-121.994078,3520 Homestead Road,Santa Clara,CA,95051,408-249-9046,monday - friday:  8am - 10pm | saturday:  8am - 10pm | sunday:  8am - 10pm,#icon-1685-A52714,Latitude: 37.338398<br>Longitude: -121.994078<br>Street: 3520 Homestead Road<br>City: Santa Clara<br>State: CA<br>Zip_Code: 95051<br>Phone: 408-249-9046<br>Open Hours: monday - friday:  8am - 10pm | saturday:  8am - 10pm | sunday:  8am - 10pm
Grocery Outlet,43.23055695,-123.36452855,780 Nw Garden Valley Boulevard Suite 160,Roseburg,OR,97471,541-672-8440,monday - friday:  7am - 10pm | saturday:  7am - 10pm | sunday:  7am - 10pm,#icon-1685-A52714,Latitude: 43.23055695<br>Longitude: -123.36452855<br>Street: 780 Nw Garden Valley Boulevard Suite 160<br>City: Roseburg<br>State: OR<br>Zip_Code: 97471<br>Phone: 541-672-8440<br>Open Hours: monday - friday:  7am - 10pm | saturday:  7am - 10pm | sunday:  7am - 10pm
Grocery Outlet,45.40216,-122.27457,36701 Highway 26,Sandy,OR,97055,503-668-6950,monday - friday:  8-9 | saturday:  8-9 | sunday:  8-9,#icon-1685-A52714,Latitude: 45.40216<br>Longitude: -122.27457<br>Street: 36701 Highway 26<br>City: Sandy<br>State: OR<br>Zip_Code: 97055<br>Phone: 503-668-6950<br>Open Hours: monday - friday:  8-9 | saturday:  8-9 | sunday:  8-9
Grocery Outlet,39.612236,-119.848244,200 Lemmon Drive Suite 101,Reno,NV,89506,775-870-4544,monday - friday:  7am - 10pm | saturday:  7am - 10pm | sunday:  7am - 10pm,#icon-1685-A52714,Latitude: 39.612236<br>Longitude: -119.848244<br>Street: 200 Lemmon Drive Suite 101<br>City: Reno<br>State: NV<br>Zip_Code: 89506<br>Phone: 775-870-4544<br>Open Hours: monday - friday:  7am - 10pm | saturday:  7am - 10pm | sunday:  7am - 10pm
Grocery Outlet,47.205845,-122.482981,3510 S 56th Street,Tacoma,WA,98409,253-830-5141,monday - friday:  8-9 | saturday:  8-9 | sunday:  8-9,#icon-1685-A52714,Latitude: 47.205845<br>Longitude: -122.482981<br>Street: 3510 S 56th Street<br>City: Tacoma<br>State: WA<br>Zip_Code: 98409<br>Phone: 253-830-5141<br>Open Hours: monday - friday:  8-9 | saturday:  8-9 | sunday:  8-9
Grocery Outlet,39.17420824,-119.74349385,2100 East William Street,Carson City,NV,89701,775-882-6199,monday - friday:  8am - 9pm | saturday:  8am - 9pm | sunday:  8am - 9pm,#icon-1685-A52714,Latitude: 39.17420824<br>Longitude: -119.74349385<br>Street: 2100 East William Street<br>City: Carson City<br>State: NV<br>Zip_Code: 89701<br>Phone: 775-882-6199<br>Open Hours: monday - friday:  8am - 9pm | saturday:  8am - 9pm | sunday:  8am - 9pm
Grocery Outlet,37.3388487,-121.8849036,272 E Santa Clara Street,San Jose,CA,95113,408-477-8350,monday - friday:  7-10 | saturday:  7-10 | sunday:  7-10,#icon-1685-A52714,Latitude: 37.3388487<br>Longitude: -121.8849036<br>Street: 272 E Santa Clara Street<br>City: San Jose<br>State: CA<br>Zip_Code: 95113<br>Phone: 408-477-8350<br>Open Hours: monday - friday:  7-10 | saturday:  7-10 | sunday:  7-10
Grocery Outlet,44.054982,-123.351761,25110 Jeans Road,Veneta,OR,97487,458-207-9186,monday - friday:  8am - 9pm | saturday:  8am - 9pm | sunday:  8am - 9pm,#icon-1685-A52714,Latitude: 44.054982<br>Longitude: -123.351761<br>Street: 25110 Jeans Road<br>City: Veneta<br>State: OR<br>Zip_Code: 97487<br>Phone: 458-207-9186<br>Open Hours: monday - friday:  8am - 9pm | saturday:  8am - 9pm | sunday:  8am - 9pm
Grocery Outlet,38.42355,-121.38902,8517 Bond Rd,Elk Grove,CA,95624,916-714-6088,monday - friday:  7am - 9pm | saturday:  7am - 9pm | sunday:  7am - 9pm,#icon-1685-A52714,Latitude: 38.42355<br>Longitude: -121.38902<br>Street: 8517 Bond Rd<br>City: Elk Grove<br>State: CA<br>Zip_Code: 95624<br>Phone: 916-714-6088<br>Open Hours: monday - friday:  7am - 9pm | saturday:  7am - 9pm | sunday:  7am - 9pm
Grocery Outlet,33.696195,-117.33576,29231 Central Avenue,Lake Elsinore,CA,92532,951-471-6626,monday - friday:  8am-10pm | saturday:  8am-10pm | sunday:  8am-10pm,#icon-1685-A52714,Latitude: 33.696195<br>Longitude: -117.33576<br>Street: 29231 Central Avenue<br>City: Lake Elsinore<br>State: CA<br>Zip_Code: 92532<br>Phone: 951-471-6626<br>Open Hours: monday - friday:  8am-10pm | saturday:  8am-10pm | sunday:  8am-10pm
Grocery Outlet,41.7402354,-122.6325449,121 Montague Rd,Yreka,CA,96097,530-842-7700,monday - friday:  7-9 | saturday:  7-9 | sunday:  7-9,#icon-1685-A52714,Latitude: 41.7402354<br>Longitude: -122.6325449<br>Street: 121 Montague Rd<br>City: Yreka<br>State: CA<br>Zip_Code: 96097<br>Phone: 530-842-7700<br>Open Hours: monday - friday:  7-9 | saturday:  7-9 | sunday:  7-9
Grocery Outlet,37.931575,-122.322824,12010 San Pablo Avenue,Richmond,CA,94805,510-619-2640,monday - friday:  8-9 | saturday:  8-9 | sunday:  8-9,#icon-1685-A52714,Latitude: 37.931575<br>Longitude: -122.322824<br>Street: 12010 San Pablo Avenue<br>City: Richmond<br>State: CA<br>Zip_Code: 94805<br>Phone: 510-619-2640<br>Open Hours: monday - friday:  8-9 | saturday:  8-9 | sunday:  8-9
Grocery Outlet,33.55811122,-117.70977933,27871 La Paz Road,Laguna Niguel,CA,92677,949-464-5775,monday - friday:  7am - 9pm | saturday:  7am - 9pm | sunday:  7am - 9pm,#icon-1685-A52714,Latitude: 33.55811122<br>Longitude: -117.70977933<br>Street: 27871 La Paz Road<br>City: Laguna Niguel<br>State: CA<br>Zip_Code: 92677<br>Phone: 949-464-5775<br>Open Hours: monday - friday:  7am - 9pm | saturday:  7am - 9pm | sunday:  7am - 9pm
Grocery Outlet,47.14005,-119.27836,1177 N Stratford Road,Moses Lake,WA,98837,509-766-7650,monday - friday:  8am - 9pm | saturday:  8am - 9pm | sunday:  8am - 9pm,#icon-1685-A52714,Latitude: 47.14005<br>Longitude: -119.27836<br>Street: 1177 N Stratford Road<br>City: Moses Lake<br>State: WA<br>Zip_Code: 98837<br>Phone: 509-766-7650<br>Open Hours: monday - friday:  8am - 9pm | saturday:  8am - 9pm | sunday:  8am - 9pm
Grocery Outlet,35.6293525,-118.4764042,6415 Lake Isabella Boulevard,Lake Isabella,CA,93240,760-379-0009,monday - friday:  6am - 10pm | saturday:  6am - 10pm | sunday:  6am - 10pm,#icon-1685-A52714,Latitude: 35.6293525<br>Longitude: -118.4764042<br>Street: 6415 Lake Isabella Boulevard<br>City: Lake Isabella<br>State: CA<br>Zip_Code: 93240<br>Phone: 760-379-0009<br>Open Hours: monday - friday:  6am - 10pm | saturday:  6am - 10pm | sunday:  6am - 10pm
Grocery Outlet,42.972459,-123.338601,130 Petite Street Exit 103,Myrtle Creek,OR,97457,541-860-7631,monday - friday:  8am-9pm | saturday:  8am-9pm | sunday:  8am-9pm,#icon-1685-A52714,Latitude: 42.972459<br>Longitude: -123.338601<br>Street: 130 Petite Street Exit 103<br>City: Myrtle Creek<br>State: OR<br>Zip_Code: 97457<br>Phone: 541-860-7631<br>Open Hours: monday - friday:  8am-9pm | saturday:  8am-9pm | sunday:  8am-9pm
Grocery Outlet,33.7203077,-117.9875267,16672 Beach Blvd Suite I,Huntington Beach,CA,92647,714-369-6301,monday - friday:  8am-10pm | saturday:  8am-10pm | sunday:  8am-10pm,#icon-1685-A52714,Latitude: 33.7203077<br>Longitude: -117.9875267<br>Street: 16672 Beach Blvd Suite I<br>City: Huntington Beach<br>State: CA<br>Zip_Code: 92647<br>Phone: 714-369-6301<br>Open Hours: monday - friday:  8am-10pm | saturday:  8am-10pm | sunday:  8am-10pm
Grocery Outlet,37.65432,-120.95654,832 Oakdale Road,Modesto,CA,95355,209-525-9370,monday - friday:  8am - 9pm | saturday:  8am - 9pm | sunday:  8am - 9pm,#icon-1685-A52714,Latitude: 37.65432<br>Longitude: -120.95654<br>Street: 832 Oakdale Road<br>City: Modesto<br>State: CA<br>Zip_Code: 95355<br>Phone: 209-525-9370<br>Open Hours: monday - friday:  8am - 9pm | saturday:  8am - 9pm | sunday:  8am - 9pm
Grocery Outlet,37.645376,-118.965684,37 Old Mammoth Road,Mammoth Lakes,CA,93546,760-934-1510,monday - friday:  7am - 9pm | saturday:  7am - 9pm | sunday:  7am - 9pm,#icon-1685-A52714,Latitude: 37.645376<br>Longitude: -118.965684<br>Street: 37 Old Mammoth Road<br>City: Mammoth Lakes<br>State: CA<br>Zip_Code: 93546<br>Phone: 760-934-1510<br>Open Hours: monday - friday:  7am - 9pm | saturday:  7am - 9pm | sunday:  7am - 9pm
Grocery Outlet,33.6884312,-117.9539221,18920 Brookhurst Street,Fountain Valley,CA,92708,714-500-2295,monday - friday:  7am - 10pm | saturday:  7am - 10pm | sunday:  7am - 10pm,#icon-1685-A52714,Latitude: 33.6884312<br>Longitude: -117.9539221<br>Street: 18920 Brookhurst Street<br>City: Fountain Valley<br>State: CA<br>Zip_Code: 92708<br>Phone: 714-500-2295<br>Open Hours: monday - friday:  7am - 10pm | saturday:  7am - 10pm | sunday:  7am - 10pm
Grocery Outlet,33.9417805,-116.5036459,14677 Palm Drive,Desert Hot Springs,CA,92240,760-428-9700,monday - friday:  7am - 10pm | saturday:  7am - 10pm | sunday:  7am - 10pm,#icon-1685-A52714,Latitude: 33.9417805<br>Longitude: -116.5036459<br>Street: 14677 Palm Drive<br>City: Desert Hot Springs<br>State: CA<br>Zip_Code: 92240<br>Phone: 760-428-9700<br>Open Hours: monday - friday:  7am - 10pm | saturday:  7am - 10pm | sunday:  7am - 10pm
Grocery Outlet,37.28724337,-121.9749046,100 N San Tomas Aquino Road,Campbell,CA,95008,408-540-7866,monday - friday:  8am - 9pm | saturday:  8am - 9pm | sunday:  8am - 9pm,#icon-1685-A52714,Latitude: 37.28724337<br>Longitude: -121.9749046<br>Street: 100 N San Tomas Aquino Road<br>City: Campbell<br>State: CA<br>Zip_Code: 95008<br>Phone: 408-540-7866<br>Open Hours: monday - friday:  8am - 9pm | saturday:  8am - 9pm | sunday:  8am - 9pm
Grocery Outlet,34.107628,-118.028368,140 E Live Oak Avenue,Arcadia,CA,91006,626-734-7334,monday - friday:  8am - 10pm | saturday:  8am - 10pm | sunday:  8am - 10pm,#icon-1685-A52714,Latitude: 34.107628<br>Longitude: -118.028368<br>Street: 140 E Live Oak Avenue<br>City: Arcadia<br>State: CA<br>Zip_Code: 91006<br>Phone: 626-734-7334<br>Open Hours: monday - friday:  8am - 10pm | saturday:  8am - 10pm | sunday:  8am - 10pm
Grocery Outlet,34.108595,-118.196329,5461 N Figueroa Street,Los Angeles,CA,90042,323-739-6285,monday - friday:  7am - 10pm | saturday:  7am - 10pm | sunday:  7am - 10pm,#icon-1685-A52714,Latitude: 34.108595<br>Longitude: -118.196329<br>Street: 5461 N Figueroa Street<br>City: Los Angeles<br>State: CA<br>Zip_Code: 90042<br>Phone: 323-739-6285<br>Open Hours: monday - friday:  7am - 10pm | saturday:  7am - 10pm | sunday:  7am - 10pm
Grocery Outlet,38.1287984,-121.2583307,520 S Cherokee Lane Ste 102,Lodi,CA,95240,209-625-8320,monday - friday:  8am - 9pm | saturday:  8am - 9pm | sunday:  8am - 9pm,#icon-1685-A52714,Latitude: 38.1287984<br>Longitude: -121.2583307<br>Street: 520 S Cherokee Lane Ste 102<br>City: Lodi<br>State: CA<br>Zip_Code: 95240<br>Phone: 209-625-8320<br>Open Hours: monday - friday:  8am - 9pm | saturday:  8am - 9pm | sunday:  8am - 9pm
Grocery Outlet,45.424249,-122.510992,14800 Se Sunnyside Road,Clackamas,OR,97015,503-855-3534,monday - friday:  8am-9pm | saturday:  8am-9pm | sunday:  8am-9pm,#icon-1685-A52714,Latitude: 45.424249<br>Longitude: -122.510992<br>Street: 14800 Se Sunnyside Road<br>City: Clackamas<br>State: OR<br>Zip_Code: 97015<br>Phone: 503-855-3534<br>Open Hours: monday - friday:  8am-9pm | saturday:  8am-9pm | sunday:  8am-9pm
Grocery Outlet,34.093082,-117.66922,176 South Mountain Avenue,Upland,CA,91786,909-949-6155,monday - friday:  8am-10pm | saturday:  8am-10pm | sunday:  8am-10pm,#icon-1685-A52714,Latitude: 34.093082<br>Longitude: -117.66922<br>Street: 176 South Mountain Avenue<br>City: Upland<br>State: CA<br>Zip_Code: 91786<br>Phone: 909-949-6155<br>Open Hours: monday - friday:  8am-10pm | saturday:  8am-10pm | sunday:  8am-10pm
Grocery Outlet,38.73246,-120.77619,1426 Broadway,Placerville,CA,95667,530-642-1533,monday - friday:  7am - 9pm | saturday:  7am - 9pm | sunday:  7am - 9pm,#icon-1685-A52714,Latitude: 38.73246<br>Longitude: -120.77619<br>Street: 1426 Broadway<br>City: Placerville<br>State: CA<br>Zip_Code: 95667<br>Phone: 530-642-1533<br>Open Hours: monday - friday:  7am - 9pm | saturday:  7am - 9pm | sunday:  7am - 9pm
Grocery Outlet,34.2108761,-119.1932747,920 N Ventura Road,Oxnard,CA,93030,805-973-8863,monday - friday:  7am-10pm | saturday:  7am-10pm | sunday:  7am-10pm,#icon-1685-A52714,Latitude: 34.2108761<br>Longitude: -119.1932747<br>Street: 920 N Ventura Road<br>City: Oxnard<br>State: CA<br>Zip_Code: 93030<br>Phone: 805-973-8863<br>Open Hours: monday - friday:  7am-10pm | saturday:  7am-10pm | sunday:  7am-10pm
Grocery Outlet,37.33538,-119.65727,40301 Junction Drive,Oakhurst,CA,93644,559-683-2400,monday - friday:  7am - 9pm | saturday:  7am - 9pm | sunday:  7am - 9pm,#icon-1685-A52714,Latitude: 37.33538<br>Longitude: -119.65727<br>Street: 40301 Junction Drive<br>City: Oakhurst<br>State: CA<br>Zip_Code: 93644<br>Phone: 559-683-2400<br>Open Hours: monday - friday:  7am - 9pm | saturday:  7am - 9pm | sunday:  7am - 9pm
Grocery Outlet,47.500094,-122.180466,2809 Ne Sunset Boulevard,Renton,WA,98056,425-988-2515,monday - friday:  8-10 | saturday:  8-10 | sunday:  8-10,#icon-1685-A52714,Latitude: 47.500094<br>Longitude: -122.180466<br>Street: 2809 Ne Sunset Boulevard<br>City: Renton<br>State: WA<br>Zip_Code: 98056<br>Phone: 425-988-2515<br>Open Hours: monday - friday:  8-10 | saturday:  8-10 | sunday:  8-10
Grocery Outlet,32.7119294,-117.15511322,1002 Market Street,San Diego,CA,92101,619-338-0096,monday - friday:  7am - 11pm | saturday:  7am - 11pm | sunday:  7am - 11pm,#icon-1685-A52714,Latitude: 32.7119294<br>Longitude: -117.15511322<br>Street: 1002 Market Street<br>City: San Diego<br>State: CA<br>Zip_Code: 92101<br>Phone: 619-338-0096<br>Open Hours: monday - friday:  7am - 11pm | saturday:  7am - 11pm | sunday:  7am - 11pm
Grocery Outlet,40.2011444,-75.1208796,1023 West County Line Road,Warminster,PA,18974,215-259-6985,monday - friday:  7am - 9pm | saturday:  7am - 9pm | sunday:  7am - 9pm,#icon-1685-A52714,Latitude: 40.2011444<br>Longitude: -75.1208796<br>Street: 1023 West County Line Road<br>City: Warminster<br>State: PA<br>Zip_Code: 18974<br>Phone: 215-259-6985<br>Open Hours: monday - friday:  7am - 9pm | saturday:  7am - 9pm | sunday:  7am - 9pm
Grocery Outlet,39.500603,-121.562066,1060 Oroville Dam Blvd E,Oroville,CA,95965,530-534-3940,monday - friday:  7am-10pm | saturday:  7am-10pm | sunday:  7am-10pm,#icon-1685-A52714,Latitude: 39.500603<br>Longitude: -121.562066<br>Street: 1060 Oroville Dam Blvd E<br>City: Oroville<br>State: CA<br>Zip_Code: 95965<br>Phone: 530-534-3940<br>Open Hours: monday - friday:  7am-10pm | saturday:  7am-10pm | sunday:  7am-10pm
Grocery Outlet,38.783437,-123.016121,111 Treadway Drive,Cloverdale,CA,95425,707-894-6254,monday - friday:  8am-9pm | saturday:  8am-9pm | sunday:  8am-9pm,#icon-1685-A52714,Latitude: 38.783437<br>Longitude: -123.016121<br>Street: 111 Treadway Drive<br>City: Cloverdale<br>State: CA<br>Zip_Code: 95425<br>Phone: 707-894-6254<br>Open Hours: monday - friday:  8am-9pm | saturday:  8am-9pm | sunday:  8am-9pm
Grocery Outlet,48.4257606,-119.4841306,918 Engh Rd,Omak,WA,98841,509-826-1506,monday - friday:  7am - 9pm | saturday:  7am - 9pm | sunday:  7am - 9pm,#icon-1685-A52714,Latitude: 48.4257606<br>Longitude: -119.4841306<br>Street: 918 Engh Rd<br>City: Omak<br>State: WA<br>Zip_Code: 98841<br>Phone: 509-826-1506<br>Open Hours: monday - friday:  7am - 9pm | saturday:  7am - 9pm | sunday:  7am - 9pm
Grocery Outlet,38.7450143,-121.2748284,424 Roseville Square,Roseville,CA,95678,916-772-2600,monday - friday:  7am - 9pm | saturday:  7am - 9pm | sunday:  7am - 9pm,#icon-1685-A52714,Latitude: 38.7450143<br>Longitude: -121.2748284<br>Street: 424 Roseville Square<br>City: Roseville<br>State: CA<br>Zip_Code: 95678<br>Phone: 916-772-2600<br>Open Hours: monday - friday:  7am - 9pm | saturday:  7am - 9pm | sunday:  7am - 9pm
Grocery Outlet,34.92447,-120.43593,1948 South Broadway,Santa Maria,CA,93454,805-922-0109,monday - friday:  8am - 9pm | saturday:  8am - 9pm | sunday:  9am - 8pm,#icon-1685-A52714,Latitude: 34.92447<br>Longitude: -120.43593<br>Street: 1948 South Broadway<br>City: Santa Maria<br>State: CA<br>Zip_Code: 93454<br>Phone: 805-922-0109<br>Open Hours: monday - friday:  8am - 9pm | saturday:  8am - 9pm | sunday:  9am - 8pm
Grocery Outlet,38.62309692,-121.34705153,5025 Marconi Avenue Suite A,Carmichael,CA,95608,916-692-8110,monday - friday:  7am - 9pm | saturday:  7am - 9pm | sunday:  7am - 9pm,#icon-1685-A52714,Latitude: 38.62309692<br>Longitude: -121.34705153<br>Street: 5025 Marconi Avenue Suite A<br>City: Carmichael<br>State: CA<br>Zip_Code: 95608<br>Phone: 916-692-8110<br>Open Hours: monday - friday:  7am - 9pm | saturday:  7am - 9pm | sunday:  7am - 9pm
Grocery Outlet,36.51591325,-119.55758737,1751 Simpson Street,Kingsburg,CA,93631,559-419-9375,monday - friday:  8am - 9pm | saturday:  8am - 9pm | sunday:  8am - 9pm,#icon-1685-A52714,Latitude: 36.51591325<br>Longitude: -119.55758737<br>Street: 1751 Simpson Street<br>City: Kingsburg<br>State: CA<br>Zip_Code: 93631<br>Phone: 559-419-9375<br>Open Hours: monday - friday:  8am - 9pm | saturday:  8am - 9pm | sunday:  8am - 9pm
Grocery Outlet,37.9485993,-121.9575737,5410 Ygnacio Valley Road,Concord,CA,94521,925-524-0004,monday - friday:  7am - 10pm | saturday:  7am - 10pm | sunday:  7am - 10pm,#icon-1685-A52714,Latitude: 37.9485993<br>Longitude: -121.9575737<br>Street: 5410 Ygnacio Valley Road<br>City: Concord<br>State: CA<br>Zip_Code: 94521<br>Phone: 925-524-0004<br>Open Hours: monday - friday:  7am - 10pm | saturday:  7am - 10pm | sunday:  7am - 10pm
Grocery Outlet,32.754308,-117.222247,3948 W Point Loma Boulevard,San Diego,CA,92110,619-704-1440,monday - friday:  8am - 10pm | saturday:  8am - 10pm | sunday:  8am - 10pm,#icon-1685-A52714,Latitude: 32.754308<br>Longitude: -117.222247<br>Street: 3948 W Point Loma Boulevard<br>City: San Diego<br>State: CA<br>Zip_Code: 92110<br>Phone: 619-704-1440<br>Open Hours: monday - friday:  8am - 10pm | saturday:  8am - 10pm | sunday:  8am - 10pm
Grocery Outlet,34.02919153,-117.91363955,1528 E Amar Road,West Covina,CA,91792,626-723-7877,monday - friday:  8am - 9pm | saturday:  8am - 9pm | sunday:  8am - 9pm,#icon-1685-A52714,Latitude: 34.02919153<br>Longitude: -117.91363955<br>Street: 1528 E Amar Road<br>City: West Covina<br>State: CA<br>Zip_Code: 91792<br>Phone: 626-723-7877<br>Open Hours: monday - friday:  8am - 9pm | saturday:  8am - 9pm | sunday:  8am - 9pm
Grocery Outlet,46.5721,-120.48853,2109 S 1st Street,Yakima,WA,98903,509-452-1777,monday - friday:  8-9 | saturday:  8-9 | sunday:  8-9,#icon-1685-A52714,Latitude: 46.5721<br>Longitude: -120.48853<br>Street: 2109 S 1st Street<br>City: Yakima<br>State: WA<br>Zip_Code: 98903<br>Phone: 509-452-1777<br>Open Hours: monday - friday:  8-9 | saturday:  8-9 | sunday:  8-9
Grocery Outlet,36.41455677,-121.31802732,401 Nestles Road,Soledad,CA,93960,831-315-3467,monday - friday:  7am - 10pm | saturday:  7am - 10pm | sunday:  7am - 10pm,#icon-1685-A52714,Latitude: 36.41455677<br>Longitude: -121.31802732<br>Street: 401 Nestles Road<br>City: Soledad<br>State: CA<br>Zip_Code: 93960<br>Phone: 831-315-3467<br>Open Hours: monday - friday:  7am - 10pm | saturday:  7am - 10pm | sunday:  7am - 10pm
Grocery Outlet,43.7954479,-123.0486233,200 Gateway Boulevard,Cottage Grove,OR,97424,541-942-5400,monday - friday:  8am-9pm | saturday:  8am-9pm | sunday:  9am-8pm,#icon-1685-A52714,Latitude: 43.7954479<br>Longitude: -123.0486233<br>Street: 200 Gateway Boulevard<br>City: Cottage Grove<br>State: OR<br>Zip_Code: 97424<br>Phone: 541-942-5400<br>Open Hours: monday - friday:  8am-9pm | saturday:  8am-9pm | sunday:  9am-8pm
Grocery Outlet,48.4370395,-122.33267373,525 East College Way Suite A1,Mount Vernon,WA,98273,360-428-4770,monday - friday:  8am - 8pm | saturday:  8am - 8pm | sunday:  8am - 8pm,#icon-1685-A52714,Latitude: 48.4370395<br>Longitude: -122.33267373<br>Street: 525 East College Way Suite A1<br>City: Mount Vernon<br>State: WA<br>Zip_Code: 98273<br>Phone: 360-428-4770<br>Open Hours: monday - friday:  8am - 8pm | saturday:  8am - 8pm | sunday:  8am - 8pm
Grocery Outlet,42.20649,-121.737,4333 S 6th Street,Klamath Falls,OR,97603,541-884-0622,monday - friday:  8am - 9pm | saturday:  8am - 9pm | sunday:  8am - 9pm,#icon-1685-A52714,Latitude: 42.20649<br>Longitude: -121.737<br>Street: 4333 S 6th Street<br>City: Klamath Falls<br>State: OR<br>Zip_Code: 97603<br>Phone: 541-884-0622<br>Open Hours: monday - friday:  8am - 9pm | saturday:  8am - 9pm | sunday:  8am - 9pm
Grocery Outlet,35.3118115,-120.8300343,1130 Los Osos Valley Road,Los Osos,CA,93402,805-534-9778,monday - friday:  8am-9pm | saturday:  8am-9pm | sunday:  8am-9pm,#icon-1685-A52714,Latitude: 35.3118115<br>Longitude: -120.8300343<br>Street: 1130 Los Osos Valley Road<br>City: Los Osos<br>State: CA<br>Zip_Code: 93402<br>Phone: 805-534-9778<br>Open Hours: monday - friday:  8am-9pm | saturday:  8am-9pm | sunday:  8am-9pm
Grocery Outlet,47.6416619,-117.561643,10831 W Sr 2 Highway,Airway Heights,WA,99001,509-244-9330,monday - friday:  8am - 9pm | saturday:  8am - 9pm | sunday:  8am - 9pm,#icon-1685-A52714,Latitude: 47.6416619<br>Longitude: -117.561643<br>Street: 10831 W Sr 2 Highway<br>City: Airway Heights<br>State: WA<br>Zip_Code: 99001<br>Phone: 509-244-9330<br>Open Hours: monday - friday:  8am - 9pm | saturday:  8am - 9pm | sunday:  8am - 9pm
Grocery Outlet,37.96722,-121.27327,1060 N Wilson Way,Stockton,CA,95205,209-466-3900,monday - friday:  7am - 9pm | saturday:  7am - 9pm | sunday:  7am - 9pm,#icon-1685-A52714,Latitude: 37.96722<br>Longitude: -121.27327<br>Street: 1060 N Wilson Way<br>City: Stockton<br>State: CA<br>Zip_Code: 95205<br>Phone: 209-466-3900<br>Open Hours: monday - friday:  7am - 9pm | saturday:  7am - 9pm | sunday:  7am - 9pm
Grocery Outlet,34.1682169,-118.3230726,1615 W Verdugo Avenue,Burbank,CA,91506,747-283-1129,monday - friday:  8am-10pm | saturday:  8am-10pm | sunday:  8am-10pm,#icon-1685-A52714,Latitude: 34.1682169<br>Longitude: -118.3230726<br>Street: 1615 W Verdugo Avenue<br>City: Burbank<br>State: CA<br>Zip_Code: 91506<br>Phone: 747-283-1129<br>Open Hours: monday - friday:  8am-10pm | saturday:  8am-10pm | sunday:  8am-10pm
Grocery Outlet,36.809346,-119.857551,3566 W Shaw Avenue,Fresno,CA,93711,559-271-1577,monday - friday:  8am - 9pm | saturday:  8am - 9pm | sunday:  8am - 9pm,#icon-1685-A52714,Latitude: 36.809346<br>Longitude: -119.857551<br>Street: 3566 W Shaw Avenue<br>City: Fresno<br>State: CA<br>Zip_Code: 93711<br>Phone: 559-271-1577<br>Open Hours: monday - friday:  8am - 9pm | saturday:  8am - 9pm | sunday:  8am - 9pm
Grocery Outlet,48.285452,-122.660923,31270 State Route 20 Bldg B,Oak Harbor,WA,98277,360-639-0060,monday - friday:  8am - 9pm | saturday:  8am - 9pm | sunday:  8am - 9pm,#icon-1685-A52714,Latitude: 48.285452<br>Longitude: -122.660923<br>Street: 31270 State Route 20 Bldg B<br>City: Oak Harbor<br>State: WA<br>Zip_Code: 98277<br>Phone: 360-639-0060<br>Open Hours: monday - friday:  8am - 9pm | saturday:  8am - 9pm | sunday:  8am - 9pm
Grocery Outlet,37.74014,-121.43745,825 W 11th Street,Tracy,CA,95376,209-836-2182,monday - friday:  8am - 9pm | saturday:  8am - 9pm | sunday:  8am - 9pm,#icon-1685-A52714,Latitude: 37.74014<br>Longitude: -121.43745<br>Street: 825 W 11th Street<br>City: Tracy<br>State: CA<br>Zip_Code: 95376<br>Phone: 209-836-2182<br>Open Hours: monday - friday:  8am - 9pm | saturday:  8am - 9pm | sunday:  8am - 9pm
Grocery Outlet,39.325852,-120.205834,11213 Donner Pass Road Suite 200,Truckee,CA,96161,530-536-3983,monday - friday:  7am - 10pm | saturday:  7am - 10pm | sunday:  7am - 10pm,#icon-1685-A52714,Latitude: 39.325852<br>Longitude: -120.205834<br>Street: 11213 Donner Pass Road Suite 200<br>City: Truckee<br>State: CA<br>Zip_Code: 96161<br>Phone: 530-536-3983<br>Open Hours: monday - friday:  7am - 10pm | saturday:  7am - 10pm | sunday:  7am - 10pm
Grocery Outlet,39.54627,-119.77086,2020 Oddie Boulevard,Sparks,NV,89431,775-356-7400,monday - friday:  8-9 | saturday:  8-9 | sunday:  8-9,#icon-1685-A52714,Latitude: 39.54627<br>Longitude: -119.77086<br>Street: 2020 Oddie Boulevard<br>City: Sparks<br>State: NV<br>Zip_Code: 89431<br>Phone: 775-356-7400<br>Open Hours: monday - friday:  8-9 | saturday:  8-9 | sunday:  8-9
Grocery Outlet,33.6364445,-117.6823391,22475 El Toro Road,Lake Forest,CA,92630,949-900-8140,monday - friday:  8am-10pm | saturday:  8am-10pm | sunday:  8am-10pm,#icon-1685-A52714,Latitude: 33.6364445<br>Longitude: -117.6823391<br>Street: 22475 El Toro Road<br>City: Lake Forest<br>State: CA<br>Zip_Code: 92630<br>Phone: 949-900-8140<br>Open Hours: monday - friday:  8am-10pm | saturday:  8am-10pm | sunday:  8am-10pm
Grocery Outlet,33.894843,-117.8722893,1820 N Placentia Ave Ste B,Placentia,CA,92870,714-982-5282,monday - friday:  7am - 10pm | saturday:  7am - 10pm | sunday:  7am - 10pm,#icon-1685-A52714,Latitude: 33.894843<br>Longitude: -117.8722893<br>Street: 1820 N Placentia Ave Ste B<br>City: Placentia<br>State: CA<br>Zip_Code: 92870<br>Phone: 714-982-5282<br>Open Hours: monday - friday:  7am - 10pm | saturday:  7am - 10pm | sunday:  7am - 10pm
Grocery Outlet,45.45840909,-122.78577268,8620 Sw Hall Boulevard,Beaverton,OR,97008,503-641-2970,monday - friday:  8-9 | saturday:  8-9 | sunday:  9-7,#icon-1685-A52714,Latitude: 45.45840909<br>Longitude: -122.78577268<br>Street: 8620 Sw Hall Boulevard<br>City: Beaverton<br>State: OR<br>Zip_Code: 97008<br>Phone: 503-641-2970<br>Open Hours: monday - friday:  8-9 | saturday:  8-9 | sunday:  9-7
Grocery Outlet,35.623539,-117.6701607,120 N China Lake Boulevard,Ridgecrest,CA,93555,760-371-7731,monday - friday:  8am - 10pm | saturday:  8am - 10pm | sunday:  8am - 10pm,#icon-1685-A52714,Latitude: 35.623539<br>Longitude: -117.6701607<br>Street: 120 N China Lake Boulevard<br>City: Ridgecrest<br>State: CA<br>Zip_Code: 93555<br>Phone: 760-371-7731<br>Open Hours: monday - friday:  8am - 10pm | saturday:  8am - 10pm | sunday:  8am - 10pm
Grocery Outlet,45.14966192,-122.58907888,120 S Leroy Avenue,Molalla,OR,97038,503-600-0055,monday - friday:  8am - 9pm | saturday:  8am - 9pm | sunday:  8am - 9pm,#icon-1685-A52714,Latitude: 45.14966192<br>Longitude: -122.58907888<br>Street: 120 S Leroy Avenue<br>City: Molalla<br>State: OR<br>Zip_Code: 97038<br>Phone: 503-600-0055<br>Open Hours: monday - friday:  8am - 9pm | saturday:  8am - 9pm | sunday:  8am - 9pm
Grocery Outlet,38.2817162,-122.2898389,1491 W Imola Avenue,Napa,CA,94559,707-294-2054,monday - friday:  7am - 9pm | saturday:  7am - 9pm | sunday:  7am - 9pm,#icon-1685-A52714,Latitude: 38.2817162<br>Longitude: -122.2898389<br>Street: 1491 W Imola Avenue<br>City: Napa<br>State: CA<br>Zip_Code: 94559<br>Phone: 707-294-2054<br>Open Hours: monday - friday:  7am - 9pm | saturday:  7am - 9pm | sunday:  7am - 9pm
Grocery Outlet,47.30659,-122.31351,32945 Pacific Hwy S,Federal Way,WA,98003,253-835-9025,monday - friday:  8am - 8pm | saturday:  8am - 8pm | sunday:  8am - 8pm,#icon-1685-A52714,Latitude: 47.30659<br>Longitude: -122.31351<br>Street: 32945 Pacific Hwy S<br>City: Federal Way<br>State: WA<br>Zip_Code: 98003<br>Phone: 253-835-9025<br>Open Hours: monday - friday:  8am - 8pm | saturday:  8am - 8pm | sunday:  8am - 8pm
Grocery Outlet,46.3196484,-119.9849495,2600 Yakima Valley Highway,Sunnyside,WA,98944,509-515-7185,monday - friday:  8am-9pm | saturday:  8am-9pm | sunday:  8am-9pm,#icon-1685-A52714,Latitude: 46.3196484<br>Longitude: -119.9849495<br>Street: 2600 Yakima Valley Highway<br>City: Sunnyside<br>State: WA<br>Zip_Code: 98944<br>Phone: 509-515-7185<br>Open Hours: monday - friday:  8am-9pm | saturday:  8am-9pm | sunday:  8am-9pm
Grocery Outlet,47.80261971,-122.50122528,10978 Wa-104,Kingston,WA,98346,,,#icon-1685-A52714,Latitude: 47.80261971<br>Longitude: -122.50122528<br>Street: 10978 Wa-104<br>City: Kingston<br>State: WA<br>Zip_Code: 98346<br>Phone: <br>Open Hours:
Grocery Outlet,37.30883,-121.95145,3140 Williams Road,San Jose,CA,95117,408-241-2182,monday - friday:  8-9 | saturday:  8-9 | sunday:  8-9,#icon-1685-A52714,Latitude: 37.30883<br>Longitude: -121.95145<br>Street: 3140 Williams Road<br>City: San Jose<br>State: CA<br>Zip_Code: 95117<br>Phone: 408-241-2182<br>Open Hours: monday - friday:  8-9 | saturday:  8-9 | sunday:  8-9
Grocery Outlet,32.85453237,-116.93235802,9720 Winter Gardens Boulevard,Lakeside,CA,92040,619-353-0261,monday - friday:  7am - 9pm | saturday:  7am - 9pm | sunday:  7am - 9pm,#icon-1685-A52714,Latitude: 32.85453237<br>Longitude: -116.93235802<br>Street: 9720 Winter Gardens Boulevard<br>City: Lakeside<br>State: CA<br>Zip_Code: 92040<br>Phone: 619-353-0261<br>Open Hours: monday - friday:  7am - 9pm | saturday:  7am - 9pm | sunday:  7am - 9pm
Grocery Outlet,38.189987,-120.8284867,50 Jean Street,Valley Springs,CA,95252,209-920-3126,monday - friday:  7am - 9pm | saturday:  7am - 9pm | sunday:  7am - 9pm,#icon-1685-A52714,Latitude: 38.189987<br>Longitude: -120.8284867<br>Street: 50 Jean Street<br>City: Valley Springs<br>State: CA<br>Zip_Code: 95252<br>Phone: 209-920-3126<br>Open Hours: monday - friday:  7am - 9pm | saturday:  7am - 9pm | sunday:  7am - 9pm
Grocery Outlet,35.130227,-120.604492,1574 W Branch Street Suite C,Arroyo Grande,CA,93420,805-668-2076,monday - friday:  7am - 9pm | saturday:  7am - 9pm | sunday:  7am - 9pm,#icon-1685-A52714,Latitude: 35.130227<br>Longitude: -120.604492<br>Street: 1574 W Branch Street Suite C<br>City: Arroyo Grande<br>State: CA<br>Zip_Code: 93420<br>Phone: 805-668-2076<br>Open Hours: monday - friday:  7am - 9pm | saturday:  7am - 9pm | sunday:  7am - 9pm
Grocery Outlet,47.3048,-122.22856,102 Cross Street Se,Auburn,WA,98002,253-333-0442,monday - friday:  8am - 9pm | saturday:  8am - 9pm | sunday:  8am - 9pm,#icon-1685-A52714,Latitude: 47.3048<br>Longitude: -122.22856<br>Street: 102 Cross Street Se<br>City: Auburn<br>State: WA<br>Zip_Code: 98002<br>Phone: 253-333-0442<br>Open Hours: monday - friday:  8am - 9pm | saturday:  8am - 9pm | sunday:  8am - 9pm
Grocery Outlet,38.57778,-121.5477,845 Harbor Boulevard,West Sacramento,CA,95691,916-372-6575,monday - friday:  7am - 9pm | saturday:  7am - 9pm | sunday:  7am - 9pm,#icon-1685-A52714,Latitude: 38.57778<br>Longitude: -121.5477<br>Street: 845 Harbor Boulevard<br>City: West Sacramento<br>State: CA<br>Zip_Code: 95691<br>Phone: 916-372-6575<br>Open Hours: monday - friday:  7am - 9pm | saturday:  7am - 9pm | sunday:  7am - 9pm
Grocery Outlet,48.5363306,-117.9058745,980 S Main Street,Colville,WA,99114,509-685-7255,monday - friday:  7am-9pm | saturday:  7am-9pm | sunday:  7am-9pm,#icon-1685-A52714,Latitude: 48.5363306<br>Longitude: -117.9058745<br>Street: 980 S Main Street<br>City: Colville<br>State: WA<br>Zip_Code: 99114<br>Phone: 509-685-7255<br>Open Hours: monday - friday:  7am-9pm | saturday:  7am-9pm | sunday:  7am-9pm
Grocery Outlet,48.75182,-122.47206,1600 Ellis Street,Bellingham,WA,98225,360-650-9655,monday - friday:  8am - 9pm | saturday:  8am - 9pm | sunday:  8am - 8pm,#icon-1685-A52714,Latitude: 48.75182<br>Longitude: -122.47206<br>Street: 1600 Ellis Street<br>City: Bellingham<br>State: WA<br>Zip_Code: 98225<br>Phone: 360-650-9655<br>Open Hours: monday - friday:  8am - 9pm | saturday:  8am - 9pm | sunday:  8am - 8pm
Grocery Outlet,39.1579278,-122.1424804,435 Vada Court,Williams,CA,95987,530-473-5105,monday - friday:  7am-10pm | saturday:  7am-10pm | sunday:  7am-10pm,#icon-1685-A52714,Latitude: 39.1579278<br>Longitude: -122.1424804<br>Street: 435 Vada Court<br>City: Williams<br>State: CA<br>Zip_Code: 95987<br>Phone: 530-473-5105<br>Open Hours: monday - friday:  7am-10pm | saturday:  7am-10pm | sunday:  7am-10pm
Grocery Outlet,33.8185664,-118.0728466,8145 E Wardlow Road,Long Beach,CA,90808,562-588-9473,monday - friday:  7am - 9:30pm | saturday:  7am - 9:30pm | sunday:  7am - 9:30pm,#icon-1685-A52714,Latitude: 33.8185664<br>Longitude: -118.0728466<br>Street: 8145 E Wardlow Road<br>City: Long Beach<br>State: CA<br>Zip_Code: 90808<br>Phone: 562-588-9473<br>Open Hours: monday - friday:  7am - 9:30pm | saturday:  7am - 9:30pm | sunday:  7am - 9:30pm
Grocery Outlet,47.6572062,-117.2422148,12115 E Sprague Ave,Spokane,WA,99206,509-703-7185,monday - friday:  8am - 9pm | saturday:  8am - 9pm | sunday:  8am - 9pm,#icon-1685-A52714,Latitude: 47.6572062<br>Longitude: -117.2422148<br>Street: 12115 E Sprague Ave<br>City: Spokane<br>State: WA<br>Zip_Code: 99206<br>Phone: 509-703-7185<br>Open Hours: monday - friday:  8am - 9pm | saturday:  8am - 9pm | sunday:  8am - 9pm
Grocery Outlet,37.68234,-122.06487,22660 Vermont Street,Hayward,CA,94541,510-881-8020,monday - friday:  8am - 9pm | saturday:  8am - 9pm | sunday:  8am - 9pm,#icon-1685-A52714,Latitude: 37.68234<br>Longitude: -122.06487<br>Street: 22660 Vermont Street<br>City: Hayward<br>State: CA<br>Zip_Code: 94541<br>Phone: 510-881-8020<br>Open Hours: monday - friday:  8am - 9pm | saturday:  8am - 9pm | sunday:  8am - 9pm
Grocery Outlet,41.02338528,-80.65227657,317 Boardman Poland Road,Youngstown,OH,44512,,,#icon-1685-A52714,Latitude: 41.02338528<br>Longitude: -80.65227657<br>Street: 317 Boardman Poland Road<br>City: Youngstown<br>State: OH<br>Zip_Code: 44512<br>Phone: <br>Open Hours:
Grocery Outlet,40.60668362,-75.4916538,1401 Allen Street Suite 9,Allentown,PA,18102,484-860-3052,monday - friday:  8am - 9pm | saturday:  8am - 9pm | sunday:  8am - 9pm,#icon-1685-A52714,Latitude: 40.60668362<br>Longitude: -75.4916538<br>Street: 1401 Allen Street Suite 9<br>City: Allentown<br>State: PA<br>Zip_Code: 18102<br>Phone: 484-860-3052<br>Open Hours: monday - friday:  8am - 9pm | saturday:  8am - 9pm | sunday:  8am - 9pm
Grocery Outlet,45.50314,-122.538802,12102 Se Division Street,Portland,OR,97266,503-802-6072,monday - friday:  8am - 9pm | saturday:  8am - 9pm | sunday:  8am - 9pm,#icon-1685-A52714,Latitude: 45.50314<br>Longitude: -122.538802<br>Street: 12102 Se Division Street<br>City: Portland<br>State: OR<br>Zip_Code: 97266<br>Phone: 503-802-6072<br>Open Hours: monday - friday:  8am - 9pm | saturday:  8am - 9pm | sunday:  8am - 9pm
Grocery Outlet,47.04645,-122.92748,2100 Harrison Avenue Nw,Olympia,WA,98502,360-570-9449,monday - friday:  8-9 | saturday:  8-9 | sunday:  8-8,#icon-1685-A52714,Latitude: 47.04645<br>Longitude: -122.92748<br>Street: 2100 Harrison Avenue Nw<br>City: Olympia<br>State: WA<br>Zip_Code: 98502<br>Phone: 360-570-9449<br>Open Hours: monday - friday:  8-9 | saturday:  8-9 | sunday:  8-8
Grocery Outlet,38.41435314,-75.56416092,2653 N Salisbury Boulevard,Salisbury,MD,21801,443-859-8598,monday - friday:  8am - 9pm | saturday:  8am - 9pm | sunday:  8am - 9pm,#icon-1685-A52714,Latitude: 38.41435314<br>Longitude: -75.56416092<br>Street: 2653 N Salisbury Boulevard<br>City: Salisbury<br>State: MD<br>Zip_Code: 21801<br>Phone: 443-859-8598<br>Open Hours: monday - friday:  8am - 9pm | saturday:  8am - 9pm | sunday:  8am - 9pm
Grocery Outlet,38.3471776,-120.77357277,9 No State Highway 49-88,Jackson,CA,95642,209-257-0722,monday - friday:  8-9 | saturday:  8-9 | sunday:  8-9,#icon-1685-A52714,Latitude: 38.3471776<br>Longitude: -120.77357277<br>Street: 9 No State Highway 49-88<br>City: Jackson<br>State: CA<br>Zip_Code: 95642<br>Phone: 209-257-0722<br>Open Hours: monday - friday:  8-9 | saturday:  8-9 | sunday:  8-9
Grocery Outlet,33.73845,-118.005962,15412 Goldenwest Street,Westminster,CA,92683,714-892-8922,monday - friday:  8am -10pm | saturday:  8am -10pm | sunday:  8am -10pm,#icon-1685-A52714,Latitude: 33.73845<br>Longitude: -118.005962<br>Street: 15412 Goldenwest Street<br>City: Westminster<br>State: CA<br>Zip_Code: 92683<br>Phone: 714-892-8922<br>Open Hours: monday - friday:  8am -10pm | saturday:  8am -10pm | sunday:  8am -10pm
Grocery Outlet,35.3695284,-119.1273118,11200 Brimhall Road,Bakersfield,CA,93312,661-695-6977,monday - friday:  8am-9pm | saturday:  8am-9pm | sunday:  8am-9pm,#icon-1685-A52714,Latitude: 35.3695284<br>Longitude: -119.1273118<br>Street: 11200 Brimhall Road<br>City: Bakersfield<br>State: CA<br>Zip_Code: 93312<br>Phone: 661-695-6977<br>Open Hours: monday - friday:  8am-9pm | saturday:  8am-9pm | sunday:  8am-9pm
Grocery Outlet,45.39784203,-122.74800673,16920 Sw 72nd Avenue,Portland,OR,97224,503-419-6297,monday - friday:  8am - 9pm | saturday:  8am - 9pm | sunday:  8am - 9pm,#icon-1685-A52714,Latitude: 45.39784203<br>Longitude: -122.74800673<br>Street: 16920 Sw 72nd Avenue<br>City: Portland<br>State: OR<br>Zip_Code: 97224<br>Phone: 503-419-6297<br>Open Hours: monday - friday:  8am - 9pm | saturday:  8am - 9pm | sunday:  8am - 9pm
Grocery Outlet,34.222721,-118.606007,8230 Topanga Canyon Boulevard,Canoga Park,CA,91304,818-440-0795,monday - friday:  7am - 10pm | saturday:  7am - 10pm | sunday:  7am - 10pm,#icon-1685-A52714,Latitude: 34.222721<br>Longitude: -118.606007<br>Street: 8230 Topanga Canyon Boulevard<br>City: Canoga Park<br>State: CA<br>Zip_Code: 91304<br>Phone: 818-440-0795<br>Open Hours: monday - friday:  7am - 10pm | saturday:  7am - 10pm | sunday:  7am - 10pm
Grocery Outlet,37.96134,-122.34593,2079 23rd Street,San Pablo,CA,94806,510-965-1020,monday - friday:  8-9 | saturday:  8-9 | sunday:  8-9,#icon-1685-A52714,Latitude: 37.96134<br>Longitude: -122.34593<br>Street: 2079 23rd Street<br>City: San Pablo<br>State: CA<br>Zip_Code: 94806<br>Phone: 510-965-1020<br>Open Hours: monday - friday:  8-9 | saturday:  8-9 | sunday:  8-9
Grocery Outlet,36.621279,-121.840867,1523 Fremont Boulevard,Seaside,CA,93955,831-583-9133,monday - friday:  8am - 9pm | saturday:  8am - 9pm | sunday:  8am - 9pm,#icon-1685-A52714,Latitude: 36.621279<br>Longitude: -121.840867<br>Street: 1523 Fremont Boulevard<br>City: Seaside<br>State: CA<br>Zip_Code: 93955<br>Phone: 831-583-9133<br>Open Hours: monday - friday:  8am - 9pm | saturday:  8am - 9pm | sunday:  8am - 9pm
Grocery Outlet,47.1914512,-122.4100018,1410 E 72nd Street,Tacoma,WA,98404,253-327-1586,monday - friday:  8am-9pm | saturday:  8am-9pm | sunday:  8am-9pm,#icon-1685-A52714,Latitude: 47.1914512<br>Longitude: -122.4100018<br>Street: 1410 E 72nd Street<br>City: Tacoma<br>State: WA<br>Zip_Code: 98404<br>Phone: 253-327-1586<br>Open Hours: monday - friday:  8am-9pm | saturday:  8am-9pm | sunday:  8am-9pm
Grocery Outlet,37.00227,-121.561944,333 E 10th Street,Gilroy,CA,95020,408-848-2700,monday - friday:  8-9 | saturday:  8-9 | sunday:  8-9,#icon-1685-A52714,Latitude: 37.00227<br>Longitude: -121.561944<br>Street: 333 E 10th Street<br>City: Gilroy<br>State: CA<br>Zip_Code: 95020<br>Phone: 408-848-2700<br>Open Hours: monday - friday:  8-9 | saturday:  8-9 | sunday:  8-9
Grocery Outlet,33.5979,-117.239944,24060 Clinton Keith Road,Wildomar,CA,92595,951-894-1227,monday - friday:  8am - 9pm | saturday:  8am - 9pm | sunday:  8am - 9pm,#icon-1685-A52714,Latitude: 33.5979<br>Longitude: -117.239944<br>Street: 24060 Clinton Keith Road<br>City: Wildomar<br>State: CA<br>Zip_Code: 92595<br>Phone: 951-894-1227<br>Open Hours: monday - friday:  8am - 9pm | saturday:  8am - 9pm | sunday:  8am - 9pm
Grocery Outlet,39.9354047,-120.9108491,1715 East Main Street,Quincy,CA,95971,530-283-2706,monday - friday:  8am - 9pm | saturday:  8am - 9pm | sunday:  8am - 9pm,#icon-1685-A52714,Latitude: 39.9354047<br>Longitude: -120.9108491<br>Street: 1715 East Main Street<br>City: Quincy<br>State: CA<br>Zip_Code: 95971<br>Phone: 530-283-2706<br>Open Hours: monday - friday:  8am - 9pm | saturday:  8am - 9pm | sunday:  8am - 9pm
Grocery Outlet,44.6413471,-124.0540243,721 N Coast Hwy,Newport,OR,97365,541-272-5207,monday - friday:  8am - 9pm | saturday:  8am - 9pm | sunday:  8am - 9pm,#icon-1685-A52714,Latitude: 44.6413471<br>Longitude: -124.0540243<br>Street: 721 N Coast Hwy<br>City: Newport<br>State: OR<br>Zip_Code: 97365<br>Phone: 541-272-5207<br>Open Hours: monday - friday:  8am - 9pm | saturday:  8am - 9pm | sunday:  8am - 9pm
Grocery Outlet,43.47666091,-111.98518523,2455 East 25th Street,Idaho Falls,ID,83404,208-534-5755,monday - friday:  8am - 9pm | saturday:  8am - 9pm | sunday:  8am - 9pm,#icon-1685-A52714,Latitude: 43.47666091<br>Longitude: -111.98518523<br>Street: 2455 East 25th Street<br>City: Idaho Falls<br>State: ID<br>Zip_Code: 83404<br>Phone: 208-534-5755<br>Open Hours: monday - friday:  8am - 9pm | saturday:  8am - 9pm | sunday:  8am - 9pm
Grocery Outlet,37.227351,-121.774303,7076 Santa Teresa Blvd,San Jose,CA,95139,669-234-3465,monday - friday:  8am - 10pm | saturday:  8am - 10pm | sunday:  8am - 10pm,#icon-1685-A52714,Latitude: 37.227351<br>Longitude: -121.774303<br>Street: 7076 Santa Teresa Blvd<br>City: San Jose<br>State: CA<br>Zip_Code: 95139<br>Phone: 669-234-3465<br>Open Hours: monday - friday:  8am - 10pm | saturday:  8am - 10pm | sunday:  8am - 10pm
Grocery Outlet,33.8184474,-116.5471102,350 S Palm Canyon Dr,Palm Springs,CA,92262,760-548-0629,monday - friday:  7am - 9pm | saturday:  7am - 9pm | sunday:  7am - 9pm,#icon-1685-A52714,Latitude: 33.8184474<br>Longitude: -116.5471102<br>Street: 350 S Palm Canyon Dr<br>City: Palm Springs<br>State: CA<br>Zip_Code: 92262<br>Phone: 760-548-0629<br>Open Hours: monday - friday:  7am - 9pm | saturday:  7am - 9pm | sunday:  7am - 9pm
Grocery Outlet,32.5496573,-117.0368497,444 E San Ysidro Blvd,San Ysidro,CA,92173,619-428-3688,monday - friday:  7am-10pm | saturday:  7am-10pm | sunday:  7am-10pm,#icon-1685-A52714,Latitude: 32.5496573<br>Longitude: -117.0368497<br>Street: 444 E San Ysidro Blvd<br>City: San Ysidro<br>State: CA<br>Zip_Code: 92173<br>Phone: 619-428-3688<br>Open Hours: monday - friday:  7am-10pm | saturday:  7am-10pm | sunday:  7am-10pm
Grocery Outlet,39.908661,-75.273748,1130 Chester Pike,Sharon Hill,PA,19079,610-200-4606,monday - friday:  8am - 9pm | saturday:  8am - 9pm | sunday:  8am - 9pm,#icon-1685-A52714,Latitude: 39.908661<br>Longitude: -75.273748<br>Street: 1130 Chester Pike<br>City: Sharon Hill<br>State: PA<br>Zip_Code: 19079<br>Phone: 610-200-4606<br>Open Hours: monday - friday:  8am - 9pm | saturday:  8am - 9pm | sunday:  8am - 9pm
Grocery Outlet,34.1390244,-117.9765096,1322 Huntington Drive,Duarte,CA,91010,626-531-7334,monday - friday:  8am-10pm | saturday:  8am-10pm | sunday:  8am-10pm,#icon-1685-A52714,Latitude: 34.1390244<br>Longitude: -117.9765096<br>Street: 1322 Huntington Drive<br>City: Duarte<br>State: CA<br>Zip_Code: 91010<br>Phone: 626-531-7334<br>Open Hours: monday - friday:  8am-10pm | saturday:  8am-10pm | sunday:  8am-10pm
Grocery Outlet,34.638964,-120.454931,316 E Ocean Avenue,Lompoc,CA,93436,805-740-2800,monday - friday:  7-10 | saturday:  7-10 | sunday:  7-10,#icon-1685-A52714,Latitude: 34.638964<br>Longitude: -120.454931<br>Street: 316 E Ocean Avenue<br>City: Lompoc<br>State: CA<br>Zip_Code: 93436<br>Phone: 805-740-2800<br>Open Hours: monday - friday:  7-10 | saturday:  7-10 | sunday:  7-10
Grocery Outlet,37.753297,-122.41585,1245 South Van Ness Avenue,San Francisco,CA,94110,415-872-7170,monday - friday:  8am - 9pm | saturday:  8am - 9pm | sunday:  8am - 9pm,#icon-1685-A52714,Latitude: 37.753297<br>Longitude: -122.41585<br>Street: 1245 South Van Ness Avenue<br>City: San Francisco<br>State: CA<br>Zip_Code: 94110<br>Phone: 415-872-7170<br>Open Hours: monday - friday:  8am - 9pm | saturday:  8am - 9pm | sunday:  8am - 9pm
Grocery Outlet,34.124058,-116.4167805,57200 29 Palms Highway,Yucca Valley,CA,92284,760-228-1892,monday - friday:  8am-10pm | saturday:  8am-10pm | sunday:  8am-9pm,#icon-1685-A52714,Latitude: 34.124058<br>Longitude: -116.4167805<br>Street: 57200 29 Palms Highway<br>City: Yucca Valley<br>State: CA<br>Zip_Code: 92284<br>Phone: 760-228-1892<br>Open Hours: monday - friday:  8am-10pm | saturday:  8am-10pm | sunday:  8am-9pm
Grocery Outlet,37.4281961,-121.9102305,215 W Calaveras Boulevard,Milpitas,CA,95035,408-586-8205,monday - friday:  8-10 | saturday:  8-10 | sunday:  8-10,#icon-1685-A52714,Latitude: 37.4281961<br>Longitude: -121.9102305<br>Street: 215 W Calaveras Boulevard<br>City: Milpitas<br>State: CA<br>Zip_Code: 95035<br>Phone: 408-586-8205<br>Open Hours: monday - friday:  8-10 | saturday:  8-10 | sunday:  8-10
Grocery Outlet,38.44461,-122.70414,1116 4th St,Santa Rosa,CA,95404,707-566-0530,monday - friday:  7-10 | saturday:  7-10 | sunday:  7-10,#icon-1685-A52714,Latitude: 38.44461<br>Longitude: -122.70414<br>Street: 1116 4th St<br>City: Santa Rosa<br>State: CA<br>Zip_Code: 95404<br>Phone: 707-566-0530<br>Open Hours: monday - friday:  7-10 | saturday:  7-10 | sunday:  7-10
Grocery Outlet,38.367283,-121.959184,130 Nut Tree Parkway,Vacaville,CA,95687,707-447-1791,monday - friday:  8am - 9pm | saturday:  8am - 9pm | sunday:  8am - 9pm,#icon-1685-A52714,Latitude: 38.367283<br>Longitude: -121.959184<br>Street: 130 Nut Tree Parkway<br>City: Vacaville<br>State: CA<br>Zip_Code: 95687<br>Phone: 707-447-1791<br>Open Hours: monday - friday:  8am - 9pm | saturday:  8am - 9pm | sunday:  8am - 9pm
Grocery Outlet,37.71817,-122.14757,2179 E 14th Street,San Leandro,CA,94577,510-895-3605,monday - friday:  7am - 9pm | saturday:  7am - 9pm | sunday:  7am - 9pm,#icon-1685-A52714,Latitude: 37.71817<br>Longitude: -122.14757<br>Street: 2179 E 14th Street<br>City: San Leandro<br>State: CA<br>Zip_Code: 94577<br>Phone: 510-895-3605<br>Open Hours: monday - friday:  7am - 9pm | saturday:  7am - 9pm | sunday:  7am - 9pm
Grocery Outlet,40.3195658,-76.5657619,66 N Londonderry Sq Ste 300,Palmyra,PA,17078,717-473-5164,monday - friday:  8am-9pm | saturday:  8am-9pm | sunday:  8am-9pm,#icon-1685-A52714,Latitude: 40.3195658<br>Longitude: -76.5657619<br>Street: 66 N Londonderry Sq Ste 300<br>City: Palmyra<br>State: PA<br>Zip_Code: 17078<br>Phone: 717-473-5164<br>Open Hours: monday - friday:  8am-9pm | saturday:  8am-9pm | sunday:  8am-9pm
Grocery Outlet,37.99792,-121.847657,3160 Buchanan Rd,Antioch,CA,94509,925-776-5722,monday - friday:  8am - 9pm | saturday:  8am - 9pm | sunday:  8am - 9pm,#icon-1685-A52714,Latitude: 37.99792<br>Longitude: -121.847657<br>Street: 3160 Buchanan Rd<br>City: Antioch<br>State: CA<br>Zip_Code: 94509<br>Phone: 925-776-5722<br>Open Hours: monday - friday:  8am - 9pm | saturday:  8am - 9pm | sunday:  8am - 9pm
Grocery Outlet,40.5891563,-75.5588192,4628b Broadway,Allentown,PA,18104,484-223-2900,monday - friday:  8-9 | saturday:  8-9 | sunday:  8-9,#icon-1685-A52714,Latitude: 40.5891563<br>Longitude: -75.5588192<br>Street: 4628b Broadway<br>City: Allentown<br>State: PA<br>Zip_Code: 18104<br>Phone: 484-223-2900<br>Open Hours: monday - friday:  8-9 | saturday:  8-9 | sunday:  8-9
Grocery Outlet,34.0806231,-118.072223,9026 East Valley Blvd,Rosemead,CA,91770,626-782-7828,monday - friday:  8am - 10pm | saturday:  8am - 10pm | sunday:  8am - 10pm,#icon-1685-A52714,Latitude: 34.0806231<br>Longitude: -118.072223<br>Street: 9026 East Valley Blvd<br>City: Rosemead<br>State: CA<br>Zip_Code: 91770<br>Phone: 626-782-7828<br>Open Hours: monday - friday:  8am - 10pm | saturday:  8am - 10pm | sunday:  8am - 10pm
Grocery Outlet,47.949222,-122.214465,5209 Evergreen Way,Everett,WA,98203,425-512-9282,monday - friday:  8am - 9pm | saturday:  8am - 9pm | sunday:  8am - 9pm,#icon-1685-A52714,Latitude: 47.949222<br>Longitude: -122.214465<br>Street: 5209 Evergreen Way<br>City: Everett<br>State: WA<br>Zip_Code: 98203<br>Phone: 425-512-9282<br>Open Hours: monday - friday:  8am - 9pm | saturday:  8am - 9pm | sunday:  8am - 9pm
Grocery Outlet,47.6171,-122.1315,15625 Ne 8th Street,Bellevue,WA,98008,425-633-1640,monday - friday:  8-9 | saturday:  8-9 | sunday:  8-9,#icon-1685-A52714,Latitude: 47.6171<br>Longitude: -122.1315<br>Street: 15625 Ne 8th Street<br>City: Bellevue<br>State: WA<br>Zip_Code: 98008<br>Phone: 425-633-1640<br>Open Hours: monday - friday:  8-9 | saturday:  8-9 | sunday:  8-9
Grocery Outlet,37.665783,-122.452989,125 Hickey Boulevard,South San Francisco,CA,94080,650-550-1100,monday - friday:  8-9 | saturday:  8-9 | sunday:  8-9,#icon-1685-A52714,Latitude: 37.665783<br>Longitude: -122.452989<br>Street: 125 Hickey Boulevard<br>City: South San Francisco<br>State: CA<br>Zip_Code: 94080<br>Phone: 650-550-1100<br>Open Hours: monday - friday:  8-9 | saturday:  8-9 | sunday:  8-9
Grocery Outlet,32.7917633,-117.0800701,5185 Waring Road Suite A,San Diego,CA,92120,619-764-4595,monday - friday:  8am - 9pm | saturday:  8am - 9pm | sunday:  8am - 9pm,#icon-1685-A52714,Latitude: 32.7917633<br>Longitude: -117.0800701<br>Street: 5185 Waring Road Suite A<br>City: San Diego<br>State: CA<br>Zip_Code: 92120<br>Phone: 619-764-4595<br>Open Hours: monday - friday:  8am - 9pm | saturday:  8am - 9pm | sunday:  8am - 9pm
Grocery Outlet,38.6794335,-121.2289992,8835 Greenback Lane,Orangevale,CA,95662,916-293-9901,monday - friday:  8am-9pm | saturday:  8am-9pm | sunday:  8am-9pm,#icon-1685-A52714,Latitude: 38.6794335<br>Longitude: -121.2289992<br>Street: 8835 Greenback Lane<br>City: Orangevale<br>State: CA<br>Zip_Code: 95662<br>Phone: 916-293-9901<br>Open Hours: monday - friday:  8am-9pm | saturday:  8am-9pm | sunday:  8am-9pm
Grocery Outlet,33.3724358,-117.2524332,1101 S Main Avenue,Fallbrook,CA,92028,760-645-6108,monday - friday:  8am-9pm | saturday:  8am-9pm | sunday:  8am-9pm,#icon-1685-A52714,Latitude: 33.3724358<br>Longitude: -117.2524332<br>Street: 1101 S Main Avenue<br>City: Fallbrook<br>State: CA<br>Zip_Code: 92028<br>Phone: 760-645-6108<br>Open Hours: monday - friday:  8am-9pm | saturday:  8am-9pm | sunday:  8am-9pm
Grocery Outlet,34.03302,-117.315172,22441 Barton Road,Grand Terrace,CA,92313,909-370-1001,monday - friday:  8am - 9pm | saturday:  8am - 9pm | sunday:  8am - 9pm,#icon-1685-A52714,Latitude: 34.03302<br>Longitude: -117.315172<br>Street: 22441 Barton Road<br>City: Grand Terrace<br>State: CA<br>Zip_Code: 92313<br>Phone: 909-370-1001<br>Open Hours: monday - friday:  8am - 9pm | saturday:  8am - 9pm | sunday:  8am - 9pm
Grocery Outlet,39.9827974,-76.7354756,1500 North George Street Ste13,York,PA,17404,717-900-1865,monday - friday:  8am - 9pm | saturday:  8am - 9pm | sunday:  8am - 9pm,#icon-1685-A52714,Latitude: 39.9827974<br>Longitude: -76.7354756<br>Street: 1500 North George Street Ste13<br>City: York<br>State: PA<br>Zip_Code: 17404<br>Phone: 717-900-1865<br>Open Hours: monday - friday:  8am - 9pm | saturday:  8am - 9pm | sunday:  8am - 9pm
Grocery Outlet,38.52697303,-122.78807803,6400 Hembree Lane Suite 100,Windsor,CA,95492,707-620-2030,monday - friday:  7am - 9pm | saturday:  7am - 9pm | sunday:  7am - 9pm,#icon-1685-A52714,Latitude: 38.52697303<br>Longitude: -122.78807803<br>Street: 6400 Hembree Lane Suite 100<br>City: Windsor<br>State: CA<br>Zip_Code: 95492<br>Phone: 707-620-2030<br>Open Hours: monday - friday:  7am - 9pm | saturday:  7am - 9pm | sunday:  7am - 9pm
Grocery Outlet,47.496734,-122.248345,11656 68th Avenue S,Seattle,WA,98178,425-728-1870,monday - friday:  8-10 | saturday:  8-10 | sunday:  8-10,#icon-1685-A52714,Latitude: 47.496734<br>Longitude: -122.248345<br>Street: 11656 68th Avenue S<br>City: Seattle<br>State: WA<br>Zip_Code: 98178<br>Phone: 425-728-1870<br>Open Hours: monday - friday:  8-10 | saturday:  8-10 | sunday:  8-10
Grocery Outlet,37.48626,-122.22505,1833 Broadway St,Redwood City,CA,94063,650-364-7406,monday - friday:  8am - 10pm | saturday:  8am - 10pm | sunday:  8am - 10pm,#icon-1685-A52714,Latitude: 37.48626<br>Longitude: -122.22505<br>Street: 1833 Broadway St<br>City: Redwood City<br>State: CA<br>Zip_Code: 94063<br>Phone: 650-364-7406<br>Open Hours: monday - friday:  8am - 10pm | saturday:  8am - 10pm | sunday:  8am - 10pm
Grocery Outlet,39.5776358,-119.7207759,1300 Disc Drive,Sparks,NV,89436,775-683-9906,monday - friday:  7am - 10pm | saturday:  7am - 10pm | sunday:  7am - 10pm,#icon-1685-A52714,Latitude: 39.5776358<br>Longitude: -119.7207759<br>Street: 1300 Disc Drive<br>City: Sparks<br>State: NV<br>Zip_Code: 89436<br>Phone: 775-683-9906<br>Open Hours: monday - friday:  7am - 10pm | saturday:  7am - 10pm | sunday:  7am - 10pm
Grocery Outlet,33.9038513,-118.0855821,14027 Pioneer Blvd,Norwalk,CA,90650,562-584-4216,monday - friday:  8am - 9pm | saturday:  8am - 9pm | sunday:  8am - 9pm,#icon-1685-A52714,Latitude: 33.9038513<br>Longitude: -118.0855821<br>Street: 14027 Pioneer Blvd<br>City: Norwalk<br>State: CA<br>Zip_Code: 90650<br>Phone: 562-584-4216<br>Open Hours: monday - friday:  8am - 9pm | saturday:  8am - 9pm | sunday:  8am - 9pm
Grocery Outlet,33.938004,-117.552585,1428 Sixth Street,Norco,CA,92860,951-444-6443,monday - friday:  8am - 9pm | saturday:  8am - 9pm | sunday:  8am - 9pm,#icon-1685-A52714,Latitude: 33.938004<br>Longitude: -117.552585<br>Street: 1428 Sixth Street<br>City: Norco<br>State: CA<br>Zip_Code: 92860<br>Phone: 951-444-6443<br>Open Hours: monday - friday:  8am - 9pm | saturday:  8am - 9pm | sunday:  8am - 9pm
Grocery Outlet,33.922494,-116.950214,1575 E 2nd Street,Beaumont,CA,92223,951-439-0070,monday - friday:  8am - 9pm | saturday:  8am - 9pm | sunday:  8am - 9pm,#icon-1685-A52714,Latitude: 33.922494<br>Longitude: -116.950214<br>Street: 1575 E 2nd Street<br>City: Beaumont<br>State: CA<br>Zip_Code: 92223<br>Phone: 951-439-0070<br>Open Hours: monday - friday:  8am - 9pm | saturday:  8am - 9pm | sunday:  8am - 9pm
Grocery Outlet,40.23494561,-75.28982502,561 S Broad Street,Lansdale,PA,19446,267-421-5724,monday - friday:  8am - 9pm | saturday:  8am - 9pm | sunday:  8am - 9pm,#icon-1685-A52714,Latitude: 40.23494561<br>Longitude: -75.28982502<br>Street: 561 S Broad Street<br>City: Lansdale<br>State: PA<br>Zip_Code: 19446<br>Phone: 267-421-5724<br>Open Hours: monday - friday:  8am - 9pm | saturday:  8am - 9pm | sunday:  8am - 9pm
Grocery Outlet,35.4112523,-119.0468229,1121 Olive Drive,Bakersfield,CA,93308,661-679-4667,monday - friday:  8am - 9pm | saturday:  8am - 9pm | sunday:  8am - 9pm,#icon-1685-A52714,Latitude: 35.4112523<br>Longitude: -119.0468229<br>Street: 1121 Olive Drive<br>City: Bakersfield<br>State: CA<br>Zip_Code: 93308<br>Phone: 661-679-4667<br>Open Hours: monday - friday:  8am - 9pm | saturday:  8am - 9pm | sunday:  8am - 9pm
Grocery Outlet,45.468205,-122.590181,7120 Se Flavel Street,Portland,OR,97206,503-445-0425,monday - friday:  8am - 9pm | saturday:  8am - 9pm | sunday:  8am - 9pm,#icon-1685-A52714,Latitude: 45.468205<br>Longitude: -122.590181<br>Street: 7120 Se Flavel Street<br>City: Portland<br>State: OR<br>Zip_Code: 97206<br>Phone: 503-445-0425<br>Open Hours: monday - friday:  8am - 9pm | saturday:  8am - 9pm | sunday:  8am - 9pm
Grocery Outlet,42.90670087,-112.45867286,1732 Hurley Drive,Pocatello,ID,83202,208-425-2870,monday - friday:  8am - 9pm | saturday:  8am - 9pm | sunday:  8am - 9pm,#icon-1685-A52714,Latitude: 42.90670087<br>Longitude: -112.45867286<br>Street: 1732 Hurley Drive<br>City: Pocatello<br>State: ID<br>Zip_Code: 83202<br>Phone: 208-425-2870<br>Open Hours: monday - friday:  8am - 9pm | saturday:  8am - 9pm | sunday:  8am - 9pm
Grocery Outlet,32.9110053,-117.1480308,8145 Mira Mesa Blvd Suite 3,San Diego,CA,92126,858-444-3810,monday - friday:  7am - 10pm | saturday:  7am - 10pm | sunday:  7am - 10pm,#icon-1685-A52714,Latitude: 32.9110053<br>Longitude: -117.1480308<br>Street: 8145 Mira Mesa Blvd Suite 3<br>City: San Diego<br>State: CA<br>Zip_Code: 92126<br>Phone: 858-444-3810<br>Open Hours: monday - friday:  7am - 10pm | saturday:  7am - 10pm | sunday:  7am - 10pm
Grocery Outlet,37.4926688,-120.8641499,1330 W Main Street,Turlock,CA,95380,209-656-6600,monday - friday:  7am-9pm | saturday:  7am-9pm | sunday:  7am-9pm,#icon-1685-A52714,Latitude: 37.4926688<br>Longitude: -120.8641499<br>Street: 1330 W Main Street<br>City: Turlock<br>State: CA<br>Zip_Code: 95380<br>Phone: 209-656-6600<br>Open Hours: monday - friday:  7am-9pm | saturday:  7am-9pm | sunday:  7am-9pm
Grocery Outlet,34.236597,-119.04029,2249 Las Posas Road,Camarillo,CA,93010,805-384-3258,monday - friday:  7-10 | saturday:  7-10 | sunday:  7-10,#icon-1685-A52714,Latitude: 34.236597<br>Longitude: -119.04029<br>Street: 2249 Las Posas Road<br>City: Camarillo<br>State: CA<br>Zip_Code: 93010<br>Phone: 805-384-3258<br>Open Hours: monday - friday:  7-10 | saturday:  7-10 | sunday:  7-10
Grocery Outlet,40.05019753,-75.18530543,25 W Hortter Street Unit B,Philadelphia,PA,19119,215-844-2768,monday - friday:  8am - 9pm | saturday:  8am - 9pm | sunday:  8am - 9pm,#icon-1685-A52714,Latitude: 40.05019753<br>Longitude: -75.18530543<br>Street: 25 W Hortter Street Unit B<br>City: Philadelphia<br>State: PA<br>Zip_Code: 19119<br>Phone: 215-844-2768<br>Open Hours: monday - friday:  8am - 9pm | saturday:  8am - 9pm | sunday:  8am - 9pm
Grocery Outlet,42.1489353,-123.6532635,330 S Redwood Highway,Cave Junction,OR,97523,541-592-2767,monday - friday:  8am-9pm | saturday:  8am-9pm | sunday:  8am-9pm,#icon-1685-A52714,Latitude: 42.1489353<br>Longitude: -123.6532635<br>Street: 330 S Redwood Highway<br>City: Cave Junction<br>State: OR<br>Zip_Code: 97523<br>Phone: 541-592-2767<br>Open Hours: monday - friday:  8am-9pm | saturday:  8am-9pm | sunday:  8am-9pm
Grocery Outlet,42.4246075,-122.8509568,7571 Highway 62 Bldg 1,White City,OR,97503,541-879-3096,monday - friday:  7am - 10pm | saturday:  7am - 10pm | sunday:  7am - 10pm,#icon-1685-A52714,Latitude: 42.4246075<br>Longitude: -122.8509568<br>Street: 7571 Highway 62 Bldg 1<br>City: White City<br>State: OR<br>Zip_Code: 97503<br>Phone: 541-879-3096<br>Open Hours: monday - friday:  7am - 10pm | saturday:  7am - 10pm | sunday:  7am - 10pm
Grocery Outlet,34.1294351,-118.0725238,7260 Rosemead Blvd,San Gabriel,CA,91775,626-656-6520,monday - friday:  8am-10pm | saturday:  8am-10pm | sunday:  8am-10pm,#icon-1685-A52714,Latitude: 34.1294351<br>Longitude: -118.0725238<br>Street: 7260 Rosemead Blvd<br>City: San Gabriel<br>State: CA<br>Zip_Code: 91775<br>Phone: 626-656-6520<br>Open Hours: monday - friday:  8am-10pm | saturday:  8am-10pm | sunday:  8am-10pm
Grocery Outlet,40.21686952,-76.98243219,5280 Simpson Ferry Road,Mechanicsburg,PA,17050,717-590-7401,monday - friday:  8am - 9pm | saturday:  8am - 9pm | sunday:  8am - 9pm,#icon-1685-A52714,Latitude: 40.21686952<br>Longitude: -76.98243219<br>Street: 5280 Simpson Ferry Road<br>City: Mechanicsburg<br>State: PA<br>Zip_Code: 17050<br>Phone: 717-590-7401<br>Open Hours: monday - friday:  8am - 9pm | saturday:  8am - 9pm | sunday:  8am - 9pm
Grocery Outlet,33.983163,-117.717088,4022 Chino Hills Parkway,Chino Hills,CA,91709,909-606-9196,monday - friday:  8am - 9pm | saturday:  8am - 9pm | sunday:  8am - 9pm,#icon-1685-A52714,Latitude: 33.983163<br>Longitude: -117.717088<br>Street: 4022 Chino Hills Parkway<br>City: Chino Hills<br>State: CA<br>Zip_Code: 91709<br>Phone: 909-606-9196<br>Open Hours: monday - friday:  8am - 9pm | saturday:  8am - 9pm | sunday:  8am - 9pm
Grocery Outlet,40.0948686,-76.1113288,685 West Main Street,New Holland,PA,17557,717-354-8600,monday - friday:  8-9 | saturday:  8-9 | sunday:  8-9,#icon-1685-A52714,Latitude: 40.0948686<br>Longitude: -76.1113288<br>Street: 685 West Main Street<br>City: New Holland<br>State: PA<br>Zip_Code: 17557<br>Phone: 717-354-8600<br>Open Hours: monday - friday:  8-9 | saturday:  8-9 | sunday:  8-9
Grocery Outlet,32.7985662,-116.9360845,350 N 2nd Street,El Cajon,CA,92021,619-440-4885,monday - friday:  8am - 10pm | saturday:  8am - 10pm | sunday:  8am - 10pm,#icon-1685-A52714,Latitude: 32.7985662<br>Longitude: -116.9360845<br>Street: 350 N 2nd Street<br>City: El Cajon<br>State: CA<br>Zip_Code: 92021<br>Phone: 619-440-4885<br>Open Hours: monday - friday:  8am - 10pm | saturday:  8am - 10pm | sunday:  8am - 10pm
Grocery Outlet,32.7923321,-115.57069072,1537 W Main Street,El Centro,CA,92243,760-592-4464,monday - friday:  8am - 9 pm | saturday:  8am - 9 pm | sunday:  8am - 9 pm,#icon-1685-A52714,Latitude: 32.7923321<br>Longitude: -115.57069072<br>Street: 1537 W Main Street<br>City: El Centro<br>State: CA<br>Zip_Code: 92243<br>Phone: 760-592-4464<br>Open Hours: monday - friday:  8am - 9 pm | saturday:  8am - 9 pm | sunday:  8am - 9 pm
Grocery Outlet,45.47128558,-123.84332878,2055 Main Avenue N,Tillamook,OR,97141,503-354-5298,monday - friday:  6am - 9pm | saturday:  6am - 9pm | sunday:  6am - 9pm,#icon-1685-A52714,Latitude: 45.47128558<br>Longitude: -123.84332878<br>Street: 2055 Main Avenue N<br>City: Tillamook<br>State: OR<br>Zip_Code: 97141<br>Phone: 503-354-5298<br>Open Hours: monday - friday:  6am - 9pm | saturday:  6am - 9pm | sunday:  6am - 9pm
Grocery Outlet,47.504215,-117.564225,2533 1st Street,Cheney,WA,99004,509-559-3171,monday - friday:  7am - 9pm | saturday:  7am - 9pm | sunday:  7am - 9pm,#icon-1685-A52714,Latitude: 47.504215<br>Longitude: -117.564225<br>Street: 2533 1st Street<br>City: Cheney<br>State: WA<br>Zip_Code: 99004<br>Phone: 509-559-3171<br>Open Hours: monday - friday:  7am - 9pm | saturday:  7am - 9pm | sunday:  7am - 9pm
Grocery Outlet,33.57538509,-117.17973361,39573 Los Alamos Road,Murrieta,CA,92563,951-249-9955,monday - friday:  8am - 10pm | saturday:  8am - 10pm | sunday:  8am - 10pm,#icon-1685-A52714,Latitude: 33.57538509<br>Longitude: -117.17973361<br>Street: 39573 Los Alamos Road<br>City: Murrieta<br>State: CA<br>Zip_Code: 92563<br>Phone: 951-249-9955<br>Open Hours: monday - friday:  8am - 10pm | saturday:  8am - 10pm | sunday:  8am - 10pm
Grocery Outlet,37.81743,-122.26294,2900 Broadway,Oakland,CA,94611,510-465-5649,monday - friday:  7am - 10pm | saturday:  7am - 10pm | sunday:  7am - 10pm,#icon-1685-A52714,Latitude: 37.81743<br>Longitude: -122.26294<br>Street: 2900 Broadway<br>City: Oakland<br>State: CA<br>Zip_Code: 94611<br>Phone: 510-465-5649<br>Open Hours: monday - friday:  7am - 10pm | saturday:  7am - 10pm | sunday:  7am - 10pm
Grocery Outlet,39.2473663,-119.96276656,770 Mays Boulevard Suite 2,Incline Village,NV,89451,,,#icon-1685-A52714,Latitude: 39.2473663<br>Longitude: -119.96276656<br>Street: 770 Mays Boulevard Suite 2<br>City: Incline Village<br>State: NV<br>Zip_Code: 89451<br>Phone: <br>Open Hours:
Grocery Outlet,37.5946004,-122.5066801,5550 Coast Highway,Pacifica,CA,94044,650-355-5100,monday - friday:  8am - 9pm | saturday:  8am - 9pm | sunday:  8am - 9pm,#icon-1685-A52714,Latitude: 37.5946004<br>Longitude: -122.5066801<br>Street: 5550 Coast Highway<br>City: Pacifica<br>State: CA<br>Zip_Code: 94044<br>Phone: 650-355-5100<br>Open Hours: monday - friday:  8am - 9pm | saturday:  8am - 9pm | sunday:  8am - 9pm
Grocery Outlet,47.75625,-122.236266,7800 Ne Bothell Way Suite 140,Kenmore,WA,98028,425-481-1345,monday - friday:  8-9 | saturday:  8-9 | sunday:  8-9,#icon-1685-A52714,Latitude: 47.75625<br>Longitude: -122.236266<br>Street: 7800 Ne Bothell Way Suite 140<br>City: Kenmore<br>State: WA<br>Zip_Code: 98028<br>Phone: 425-481-1345<br>Open Hours: monday - friday:  8-9 | saturday:  8-9 | sunday:  8-9
Grocery Outlet,33.8096124,-118.1066515,6436 East Spring Street,Long Beach,CA,90815,562-425-5550,monday - friday:  7am - 9pm | saturday:  7am - 9pm | sunday:  7am - 9pm,#icon-1685-A52714,Latitude: 33.8096124<br>Longitude: -118.1066515<br>Street: 6436 East Spring Street<br>City: Long Beach<br>State: CA<br>Zip_Code: 90815<br>Phone: 562-425-5550<br>Open Hours: monday - friday:  7am - 9pm | saturday:  7am - 9pm | sunday:  7am - 9pm
Grocery Outlet,34.069922,-117.554238,4420 Ontario Mills Parkway,Ontario,CA,91764,909-204-4100,monday - friday:  8am-9pm | saturday:  8am-9pm | sunday:  8am-9pm,#icon-1685-A52714,Latitude: 34.069922<br>Longitude: -117.554238<br>Street: 4420 Ontario Mills Parkway<br>City: Ontario<br>State: CA<br>Zip_Code: 91764<br>Phone: 909-204-4100<br>Open Hours: monday - friday:  8am-9pm | saturday:  8am-9pm | sunday:  8am-9pm
Grocery Outlet,47.693153,-122.376528,8700 15th Avenue Nw,Seattle,WA,98117,206-782-1079,monday - friday:  8-10 | saturday:  8-10 | sunday:  8-10,#icon-1685-A52714,Latitude: 47.693153<br>Longitude: -122.376528<br>Street: 8700 15th Avenue Nw<br>City: Seattle<br>State: WA<br>Zip_Code: 98117<br>Phone: 206-782-1079<br>Open Hours: monday - friday:  8-10 | saturday:  8-10 | sunday:  8-10
Grocery Outlet,39.62812913,-77.76330008,1713 Massey Boulevard Ste 104,Hagerstown,MD,21740,301-800-7333,monday - friday:  8am - 9pm | saturday:  8am - 9pm | sunday:  8am - 9pm,#icon-1685-A52714,Latitude: 39.62812913<br>Longitude: -77.76330008<br>Street: 1713 Massey Boulevard Ste 104<br>City: Hagerstown<br>State: MD<br>Zip_Code: 21740<br>Phone: 301-800-7333<br>Open Hours: monday - friday:  8am - 9pm | saturday:  8am - 9pm | sunday:  8am - 9pm
Grocery Outlet,33.80388707,-118.18853748,300 East Willow Street,Long Beach,CA,90806,562-426-3204,monday - friday:  8am - 10pm | saturday:  8am - 10pm | sunday:  8am - 10pm,#icon-1685-A52714,Latitude: 33.80388707<br>Longitude: -118.18853748<br>Street: 300 East Willow Street<br>City: Long Beach<br>State: CA<br>Zip_Code: 90806<br>Phone: 562-426-3204<br>Open Hours: monday - friday:  8am - 10pm | saturday:  8am - 10pm | sunday:  8am - 10pm
Grocery Outlet,45.50591,-122.46101,2925 Nw Division Street,Gresham,OR,97030,503-492-2044,monday - friday:  8-9 | saturday:  8-9 | sunday:  8-9,#icon-1685-A52714,Latitude: 45.50591<br>Longitude: -122.46101<br>Street: 2925 Nw Division Street<br>City: Gresham<br>State: OR<br>Zip_Code: 97030<br>Phone: 503-492-2044<br>Open Hours: monday - friday:  8-9 | saturday:  8-9 | sunday:  8-9
Grocery Outlet,33.9358912,-117.4063589,3550 Madison Street,Riverside,CA,92504,951-406-1252,monday - friday:  8am - 10pm | saturday:  8am - 10pm | sunday:  8am - 10pm,#icon-1685-A52714,Latitude: 33.9358912<br>Longitude: -117.4063589<br>Street: 3550 Madison Street<br>City: Riverside<br>State: CA<br>Zip_Code: 92504<br>Phone: 951-406-1252<br>Open Hours: monday - friday:  8am - 10pm | saturday:  8am - 10pm | sunday:  8am - 10pm
Grocery Outlet,48.00033789,-122.10656058,303 91st Avenue Ne Suite B,Lake Stevens,WA,98258,425-322-4539,monday - friday:  8am - 10pm | saturday:  8am - 10pm | sunday:  8am - 10pm,#icon-1685-A52714,Latitude: 48.00033789<br>Longitude: -122.10656058<br>Street: 303 91st Avenue Ne Suite B<br>City: Lake Stevens<br>State: WA<br>Zip_Code: 98258<br>Phone: 425-322-4539<br>Open Hours: monday - friday:  8am - 10pm | saturday:  8am - 10pm | sunday:  8am - 10pm
Grocery Outlet,37.36088385,-120.60386432,1093 Bellevue Road,Atwater,CA,95301,209-635-5982,monday - friday:  8am - 9pm | saturday:  8am - 9pm | sunday:  8am - 9pm,#icon-1685-A52714,Latitude: 37.36088385<br>Longitude: -120.60386432<br>Street: 1093 Bellevue Road<br>City: Atwater<br>State: CA<br>Zip_Code: 95301<br>Phone: 209-635-5982<br>Open Hours: monday - friday:  8am - 9pm | saturday:  8am - 9pm | sunday:  8am - 9pm
Grocery Outlet,40.7997,-124.17453,625 Commercial Street,Eureka,CA,95501,707-442-5802,monday - friday:  8-9 | saturday:  8-9 | sunday:  8-9,#icon-1685-A52714,Latitude: 40.7997<br>Longitude: -124.17453<br>Street: 625 Commercial Street<br>City: Eureka<br>State: CA<br>Zip_Code: 95501<br>Phone: 707-442-5802<br>Open Hours: monday - friday:  8-9 | saturday:  8-9 | sunday:  8-9
Grocery Outlet,35.2581701,-120.6903283,1314 Madonna Road,San Luis Obispo,CA,93405,805-594-1314,monday - friday:  7am - 10pm | saturday:  7am - 10pm | sunday:  7am - 10pm,#icon-1685-A52714,Latitude: 35.2581701<br>Longitude: -120.6903283<br>Street: 1314 Madonna Road<br>City: San Luis Obispo<br>State: CA<br>Zip_Code: 93405<br>Phone: 805-594-1314<br>Open Hours: monday - friday:  7am - 10pm | saturday:  7am - 10pm | sunday:  7am - 10pm
Grocery Outlet,37.6193824,-122.0374059,31049 Mission Blvd,Hayward,CA,94544,510-400-9524,monday - friday:  8am - 9pm | saturday:  8am - 9pm | sunday:  8am - 9pm,#icon-1685-A52714,Latitude: 37.6193824<br>Longitude: -122.0374059<br>Street: 31049 Mission Blvd<br>City: Hayward<br>State: CA<br>Zip_Code: 94544<br>Phone: 510-400-9524<br>Open Hours: monday - friday:  8am - 9pm | saturday:  8am - 9pm | sunday:  8am - 9pm
Grocery Outlet,37.79876,-121.19403,1391 E Yosemite Avenue,Manteca,CA,95336,209-239-4295,monday - friday:  8-9 | saturday:  8-9 | sunday:  8-9,#icon-1685-A52714,Latitude: 37.79876<br>Longitude: -121.19403<br>Street: 1391 E Yosemite Avenue<br>City: Manteca<br>State: CA<br>Zip_Code: 95336<br>Phone: 209-239-4295<br>Open Hours: monday - friday:  8-9 | saturday:  8-9 | sunday:  8-9
Grocery Outlet,39.9888792,-75.7889254,1851 E Lincoln Highway,Coatesville,PA,19320,610-466-1400,monday - friday:  8-9 | saturday:  8-9 | sunday:  8-9,#icon-1685-A52714,Latitude: 39.9888792<br>Longitude: -75.7889254<br>Street: 1851 E Lincoln Highway<br>City: Coatesville<br>State: PA<br>Zip_Code: 19320<br>Phone: 610-466-1400<br>Open Hours: monday - friday:  8-9 | saturday:  8-9 | sunday:  8-9
Grocery Outlet,40.164481,-122.227521,580 S Main Street,Red Bluff,CA,96080,530-529-2130,monday - friday:  7am-9pm | saturday:  7am-9pm | sunday:  7am-9pm,#icon-1685-A52714,Latitude: 40.164481<br>Longitude: -122.227521<br>Street: 580 S Main Street<br>City: Red Bluff<br>State: CA<br>Zip_Code: 96080<br>Phone: 530-529-2130<br>Open Hours: monday - friday:  7am-9pm | saturday:  7am-9pm | sunday:  7am-9pm
Grocery Outlet,33.9392002,-118.1326596,8320 Firestone Blvd,Downey,CA,90241,562-231-2333,monday - friday:  8am-10pm | saturday:  8am-10pm | sunday:  8am-10pm,#icon-1685-A52714,Latitude: 33.9392002<br>Longitude: -118.1326596<br>Street: 8320 Firestone Blvd<br>City: Downey<br>State: CA<br>Zip_Code: 90241<br>Phone: 562-231-2333<br>Open Hours: monday - friday:  8am-10pm | saturday:  8am-10pm | sunday:  8am-10pm
Grocery Outlet,40.680161,-75.245821,2451 Nazareth Road Suite 12,Easton,PA,18045,610-438-1652,monday - friday:  8am-9pm | saturday:  8am-9pm | sunday:  8am-9pm,#icon-1685-A52714,Latitude: 40.680161<br>Longitude: -75.245821<br>Street: 2451 Nazareth Road Suite 12<br>City: Easton<br>State: PA<br>Zip_Code: 18045<br>Phone: 610-438-1652<br>Open Hours: monday - friday:  8am-9pm | saturday:  8am-9pm | sunday:  8am-9pm
Grocery Outlet,46.38664,-116.98464,117 Thain Road,Lewiston,ID,83501,208-746-1003,monday - friday:  8am - 9pm | saturday:  8am - 9pm | sunday:  8am - 9pm,#icon-1685-A52714,Latitude: 46.38664<br>Longitude: -116.98464<br>Street: 117 Thain Road<br>City: Lewiston<br>State: ID<br>Zip_Code: 83501<br>Phone: 208-746-1003<br>Open Hours: monday - friday:  8am - 9pm | saturday:  8am - 9pm | sunday:  8am - 9pm
Grocery Outlet,38.92086,-119.99219,2358 Lake Tahoe Boulevard,South Lake Tahoe,CA,96150,530-542-1077,monday - friday:  7am - 10pm | saturday:  7am - 10pm | sunday:  7am - 10pm,#icon-1685-A52714,Latitude: 38.92086<br>Longitude: -119.99219<br>Street: 2358 Lake Tahoe Boulevard<br>City: South Lake Tahoe<br>State: CA<br>Zip_Code: 96150<br>Phone: 530-542-1077<br>Open Hours: monday - friday:  7am - 10pm | saturday:  7am - 10pm | sunday:  7am - 10pm
Grocery Outlet,45.60648,-121.2007,1300 West 6th Street,The Dalles,OR,97058,541-506-5055,monday - friday:  7am - 9pm | saturday:  7am - 9pm | sunday:  7am - 9pm,#icon-1685-A52714,Latitude: 45.60648<br>Longitude: -121.2007<br>Street: 1300 West 6th Street<br>City: The Dalles<br>State: OR<br>Zip_Code: 97058<br>Phone: 541-506-5055<br>Open Hours: monday - friday:  7am - 9pm | saturday:  7am - 9pm | sunday:  7am - 9pm
Grocery Outlet,34.2808678,-118.8891911,425 Los Angeles Ave,Moorpark,CA,93021,805-517-1922,monday - friday:  7am-10pm | saturday:  7am-10pm | sunday:  7am-10pm,#icon-1685-A52714,Latitude: 34.2808678<br>Longitude: -118.8891911<br>Street: 425 Los Angeles Ave<br>City: Moorpark<br>State: CA<br>Zip_Code: 93021<br>Phone: 805-517-1922<br>Open Hours: monday - friday:  7am-10pm | saturday:  7am-10pm | sunday:  7am-10pm
Grocery Outlet,47.85810833,-121.96666482,405 Butler Avenue,Monroe,WA,98272,360-794-4519,monday - friday:  8-9 | saturday:  8-9 | sunday:  8-9,#icon-1685-A52714,Latitude: 47.85810833<br>Longitude: -121.96666482<br>Street: 405 Butler Avenue<br>City: Monroe<br>State: WA<br>Zip_Code: 98272<br>Phone: 360-794-4519<br>Open Hours: monday - friday:  8-9 | saturday:  8-9 | sunday:  8-9
Grocery Outlet,47.532666,-122.622089,1730 Se Mile Hill Dr Ste 110,Port Orchard,WA,98366,360-519-3680,monday - friday:  8am - 8pm | saturday:  8am - 8pm | sunday:  8am - 8pm,#icon-1685-A52714,Latitude: 47.532666<br>Longitude: -122.622089<br>Street: 1730 Se Mile Hill Dr Ste 110<br>City: Port Orchard<br>State: WA<br>Zip_Code: 98366<br>Phone: 360-519-3680<br>Open Hours: monday - friday:  8am - 8pm | saturday:  8am - 8pm | sunday:  8am - 8pm
Grocery Outlet,36.30923,-119.31394,2323 S Mooney Boulevard,Visalia,CA,93277,559-739-2953,monday - friday:  8am - 9pm | saturday:  8am - 9pm | sunday:  8am - 9pm,#icon-1685-A52714,Latitude: 36.30923<br>Longitude: -119.31394<br>Street: 2323 S Mooney Boulevard<br>City: Visalia<br>State: CA<br>Zip_Code: 93277<br>Phone: 559-739-2953<br>Open Hours: monday - friday:  8am - 9pm | saturday:  8am - 9pm | sunday:  8am - 9pm
Grocery Outlet,45.53603,-122.61742,4420 Ne Hancock Street,Portland,OR,97213,503-282-5248,monday - friday:  8am - 9pm | saturday:  8am - 9pm | sunday:  8am - 9pm,#icon-1685-A52714,Latitude: 45.53603<br>Longitude: -122.61742<br>Street: 4420 Ne Hancock Street<br>City: Portland<br>State: OR<br>Zip_Code: 97213<br>Phone: 503-282-5248<br>Open Hours: monday - friday:  8am - 9pm | saturday:  8am - 9pm | sunday:  8am - 9pm
Grocery Outlet,45.64199,-122.61361,5800 Ne Fourth Plain Blvd,Vancouver,WA,98661,360-695-9257,monday - friday:  8-9 | saturday:  8-9 | sunday:  8-8,#icon-1685-A52714,Latitude: 45.64199<br>Longitude: -122.61361<br>Street: 5800 Ne Fourth Plain Blvd<br>City: Vancouver<br>State: WA<br>Zip_Code: 98661<br>Phone: 360-695-9257<br>Open Hours: monday - friday:  8-9 | saturday:  8-9 | sunday:  8-8
Grocery Outlet,45.406102,-122.797271,15705 Sw 116th Avenue,Portland,OR,97224,503-968-8991,monday - friday:  8-10 | saturday:  8-10 | sunday:  8-10,#icon-1685-A52714,Latitude: 45.406102<br>Longitude: -122.797271<br>Street: 15705 Sw 116th Avenue<br>City: Portland<br>State: OR<br>Zip_Code: 97224<br>Phone: 503-968-8991<br>Open Hours: monday - friday:  8-10 | saturday:  8-10 | sunday:  8-10
Grocery Outlet,45.6675285,-118.8043647,1810 Sw Court Avenue,Pendleton,OR,97801,541-429-4210,monday - friday:  8am - 8pm | saturday:  8am - 8pm | sunday:  8am - 8pm,#icon-1685-A52714,Latitude: 45.6675285<br>Longitude: -118.8043647<br>Street: 1810 Sw Court Avenue<br>City: Pendleton<br>State: OR<br>Zip_Code: 97801<br>Phone: 541-429-4210<br>Open Hours: monday - friday:  8am - 8pm | saturday:  8am - 8pm | sunday:  8am - 8pm
Grocery Outlet,44.04502,-123.0056,160 S 14th St,Springfield,OR,97477,541-726-1306,monday - friday:  8-9 | saturday:  8-9 | sunday:  8-9,#icon-1685-A52714,Latitude: 44.04502<br>Longitude: -123.0056<br>Street: 160 S 14th St<br>City: Springfield<br>State: OR<br>Zip_Code: 97477<br>Phone: 541-726-1306<br>Open Hours: monday - friday:  8-9 | saturday:  8-9 | sunday:  8-9
Grocery Outlet,34.86429551,-118.17716532,2550 Rosamond Boulevard,Rosamond,CA,93560,661-235-0600,monday - friday:  8am - 9pm | saturday:  8am - 9pm | sunday:  8am - 9pm,#icon-1685-A52714,Latitude: 34.86429551<br>Longitude: -118.17716532<br>Street: 2550 Rosamond Boulevard<br>City: Rosamond<br>State: CA<br>Zip_Code: 93560<br>Phone: 661-235-0600<br>Open Hours: monday - friday:  8am - 9pm | saturday:  8am - 9pm | sunday:  8am - 9pm
Grocery Outlet,36.68781,-121.79787,215 Reservation Road Marina Village Center,Marina,CA,93933,831-384-4411,monday - friday:  8am - 9pm | saturday:  8am - 9pm | sunday:  8am - 9pm,#icon-1685-A52714,Latitude: 36.68781<br>Longitude: -121.79787<br>Street: 215 Reservation Road Marina Village Center<br>City: Marina<br>State: CA<br>Zip_Code: 93933<br>Phone: 831-384-4411<br>Open Hours: monday - friday:  8am - 9pm | saturday:  8am - 9pm | sunday:  8am - 9pm
Grocery Outlet,40.5829046,-122.4258674,3685 Eureka Way,Redding,CA,96001,530-768-1379,monday - friday:  8am-9pm | saturday:  8am-9pm | sunday:  9am-9pm,#icon-1685-A52714,Latitude: 40.5829046<br>Longitude: -122.4258674<br>Street: 3685 Eureka Way<br>City: Redding<br>State: CA<br>Zip_Code: 96001<br>Phone: 530-768-1379<br>Open Hours: monday - friday:  8am-9pm | saturday:  8am-9pm | sunday:  9am-9pm
Grocery Outlet,34.2708543,-119.1708422,9372 Telephone Road,Ventura,CA,93004,805-303-6282,monday - friday:  6am-10pm | saturday:  6am-10pm | sunday:  6am-10pm,#icon-1685-A52714,Latitude: 34.2708543<br>Longitude: -119.1708422<br>Street: 9372 Telephone Road<br>City: Ventura<br>State: CA<br>Zip_Code: 93004<br>Phone: 805-303-6282<br>Open Hours: monday - friday:  6am-10pm | saturday:  6am-10pm | sunday:  6am-10pm
Grocery Outlet,38.67729,-121.75865,1366 E Main Street,Woodland,CA,95776,530-662-1891,monday - friday:  8-9 | saturday:  8-9 | sunday:  8-9,#icon-1685-A52714,Latitude: 38.67729<br>Longitude: -121.75865<br>Street: 1366 E Main Street<br>City: Woodland<br>State: CA<br>Zip_Code: 95776<br>Phone: 530-662-1891<br>Open Hours: monday - friday:  8-9 | saturday:  8-9 | sunday:  8-9
Grocery Outlet,39.75672,-121.8468,2157 Pillsbury Road,Chico,CA,95926,530-345-2666,monday - friday:  7am - 9pm | saturday:  8am - 9pm | sunday:  8am - 9pm,#icon-1685-A52714,Latitude: 39.75672<br>Longitude: -121.8468<br>Street: 2157 Pillsbury Road<br>City: Chico<br>State: CA<br>Zip_Code: 95926<br>Phone: 530-345-2666<br>Open Hours: monday - friday:  7am - 9pm | saturday:  8am - 9pm | sunday:  8am - 9pm
Grocery Outlet,38.96181,-122.63339,14806 Olympic Drive,Clearlake,CA,95422,707-994-4475,monday - friday:  7-9 | saturday:  7-9 | sunday:  7-9,#icon-1685-A52714,Latitude: 38.96181<br>Longitude: -122.63339<br>Street: 14806 Olympic Drive<br>City: Clearlake<br>State: CA<br>Zip_Code: 95422<br>Phone: 707-994-4475<br>Open Hours: monday - friday:  7-9 | saturday:  7-9 | sunday:  7-9
Grocery Outlet,33.74764,-116.95684,1470 East Florida Avenue,Hemet,CA,92544,951-766-8819,monday - friday:  7am - 9pm | saturday:  7am - 9pm | sunday:  7am - 9pm,#icon-1685-A52714,Latitude: 33.74764<br>Longitude: -116.95684<br>Street: 1470 East Florida Avenue<br>City: Hemet<br>State: CA<br>Zip_Code: 92544<br>Phone: 951-766-8819<br>Open Hours: monday - friday:  7am - 9pm | saturday:  7am - 9pm | sunday:  7am - 9pm
Grocery Outlet,45.75162,-122.88003,52115 Sw Chinook Way,Scappoose,OR,97056,503-543-2776,monday - friday:  8-9 | saturday:  8-9 | sunday:  8-9,#icon-1685-A52714,Latitude: 45.75162<br>Longitude: -122.88003<br>Street: 52115 Sw Chinook Way<br>City: Scappoose<br>State: OR<br>Zip_Code: 97056<br>Phone: 503-543-2776<br>Open Hours: monday - friday:  8-9 | saturday:  8-9 | sunday:  8-9
Grocery Outlet,35.601985,-119.344383,1650 Highway 46,Wasco,CA,93280,661-438-5111,monday - friday:  7am - 9pm | saturday:  7am - 9pm | sunday:  7am - 9pm,#icon-1685-A52714,Latitude: 35.601985<br>Longitude: -119.344383<br>Street: 1650 Highway 46<br>City: Wasco<br>State: CA<br>Zip_Code: 93280<br>Phone: 661-438-5111<br>Open Hours: monday - friday:  7am - 9pm | saturday:  7am - 9pm | sunday:  7am - 9pm
Grocery Outlet,45.40817,-122.62448,15810 Se Mcloughlin Boulevard,Portland,OR,97267,503-652-8515,monday - friday:  8am - 9pm | saturday:  8am - 9pm | sunday:  8am - 9pm,#icon-1685-A52714,Latitude: 45.40817<br>Longitude: -122.62448<br>Street: 15810 Se Mcloughlin Boulevard<br>City: Portland<br>State: OR<br>Zip_Code: 97267<br>Phone: 503-652-8515<br>Open Hours: monday - friday:  8am - 9pm | saturday:  8am - 9pm | sunday:  8am - 9pm
Grocery Outlet,34.39491596,-118.92729499,1108 Ventura Street,Fillmore,CA,93015,805-727-8996,monday - friday:  7am - 10pm | saturday:  7am - 10pm | sunday:  7am - 10pm,#icon-1685-A52714,Latitude: 34.39491596<br>Longitude: -118.92729499<br>Street: 1108 Ventura Street<br>City: Fillmore<br>State: CA<br>Zip_Code: 93015<br>Phone: 805-727-8996<br>Open Hours: monday - friday:  7am - 10pm | saturday:  7am - 10pm | sunday:  7am - 10pm
Grocery Outlet,44.58603506,-123.25932788,1755 Nw 9th Street Suite 110,Corvallis,OR,97330,541-752-3045,monday - friday:  8am-10pm | saturday:  8am-10pm | sunday:  8am-10pm,#icon-1685-A52714,Latitude: 44.58603506<br>Longitude: -123.25932788<br>Street: 1755 Nw 9th Street Suite 110<br>City: Corvallis<br>State: OR<br>Zip_Code: 97330<br>Phone: 541-752-3045<br>Open Hours: monday - friday:  8am-10pm | saturday:  8am-10pm | sunday:  8am-10pm
Grocery Outlet,48.10533045,-123.37736227,2823 Highway 101,Port Angeles,WA,98362,360-504-2094,monday - friday:  8am - 9pm | saturday:  8am - 9pm | sunday:  8am - 9pm,#icon-1685-A52714,Latitude: 48.10533045<br>Longitude: -123.37736227<br>Street: 2823 Highway 101<br>City: Port Angeles<br>State: WA<br>Zip_Code: 98362<br>Phone: 360-504-2094<br>Open Hours: monday - friday:  8am - 9pm | saturday:  8am - 9pm | sunday:  8am - 9pm
Grocery Outlet,33.747409,-116.995888,3200 W Florida Avenue,Hemet,CA,92545,951-484-3136,monday - friday:  8am - 9pm | saturday:  8am - 9pm | sunday:  8am - 9pm,#icon-1685-A52714,Latitude: 33.747409<br>Longitude: -116.995888<br>Street: 3200 W Florida Avenue<br>City: Hemet<br>State: CA<br>Zip_Code: 92545<br>Phone: 951-484-3136<br>Open Hours: monday - friday:  8am - 9pm | saturday:  8am - 9pm | sunday:  8am - 9pm
Grocery Outlet,39.821669,-76.998245,1150 Carlisle Street,Hanover,PA,17331,717-634-2982,monday - friday:  8am - 9pm | saturday:  8am - 9pm | sunday:  8am - 9pm,#icon-1685-A52714,Latitude: 39.821669<br>Longitude: -76.998245<br>Street: 1150 Carlisle Street<br>City: Hanover<br>State: PA<br>Zip_Code: 17331<br>Phone: 717-634-2982<br>Open Hours: monday - friday:  8am - 9pm | saturday:  8am - 9pm | sunday:  8am - 9pm
Grocery Outlet,38.6104517,-121.4494051,2308 Del Paso Blvd,Sacramento,CA,95815,916-561-2355,monday - friday:  8am-9pm | saturday:  8am-9pm | sunday:  8am-9pm,#icon-1685-A52714,Latitude: 38.6104517<br>Longitude: -121.4494051<br>Street: 2308 Del Paso Blvd<br>City: Sacramento<br>State: CA<br>Zip_Code: 95815<br>Phone: 916-561-2355<br>Open Hours: monday - friday:  8am-9pm | saturday:  8am-9pm | sunday:  8am-9pm
Grocery Outlet,40.41572,-120.64993,1616 Main Street,Susanville,CA,96130,530-251-2581,monday - friday:  8-9 | saturday:  8-9 | sunday:  8-9,#icon-1685-A52714,Latitude: 40.41572<br>Longitude: -120.64993<br>Street: 1616 Main Street<br>City: Susanville<br>State: CA<br>Zip_Code: 96130<br>Phone: 530-251-2581<br>Open Hours: monday - friday:  8-9 | saturday:  8-9 | sunday:  8-9
Grocery Outlet,47.72879,-117.40872,7810 N Division Street,Spokane,WA,99208,509-484-4850,monday - friday:  8am - 9pm | saturday:  8am - 9pm | sunday:  8am - 9pm,#icon-1685-A52714,Latitude: 47.72879<br>Longitude: -117.40872<br>Street: 7810 N Division Street<br>City: Spokane<br>State: WA<br>Zip_Code: 99208<br>Phone: 509-484-4850<br>Open Hours: monday - friday:  8am - 9pm | saturday:  8am - 9pm | sunday:  8am - 9pm
Grocery Outlet,38.67153,-121.16267,671 East Bidwell,Folsom,CA,95630,916-986-9131,monday - friday:  7am - 10pm | saturday:  7am - 10pm | sunday:  7am - 10pm,#icon-1685-A52714,Latitude: 38.67153<br>Longitude: -121.16267<br>Street: 671 East Bidwell<br>City: Folsom<br>State: CA<br>Zip_Code: 95630<br>Phone: 916-986-9131<br>Open Hours: monday - friday:  7am - 10pm | saturday:  7am - 10pm | sunday:  7am - 10pm
Grocery Outlet,39.2272,-121.03396,616 Sutton Way,Grass Valley,CA,95945,530-477-6961,monday - friday:  7-9 | saturday:  7-9 | sunday:  7-9,#icon-1685-A52714,Latitude: 39.2272<br>Longitude: -121.03396<br>Street: 616 Sutton Way<br>City: Grass Valley<br>State: CA<br>Zip_Code: 95945<br>Phone: 530-477-6961<br>Open Hours: monday - friday:  7-9 | saturday:  7-9 | sunday:  7-9
Grocery Outlet,45.6689727,-122.55019682,11808 Ne Fourth Plain Blvd,Vancouver,WA,98682,360-314-2052,monday - friday:  8am - 9pm | saturday:  8am - 9pm | sunday:  8am - 8pm,#icon-1685-A52714,Latitude: 45.6689727<br>Longitude: -122.55019682<br>Street: 11808 Ne Fourth Plain Blvd<br>City: Vancouver<br>State: WA<br>Zip_Code: 98682<br>Phone: 360-314-2052<br>Open Hours: monday - friday:  8am - 9pm | saturday:  8am - 9pm | sunday:  8am - 8pm
Grocery Outlet,37.7797423,-122.4874174,6333 Geary Boulevard,San Francisco,CA,94121,415-876-5576,monday - friday:  8am - 10pm | saturday:  8am - 10pm | sunday:  8am - 10pm,#icon-1685-A52714,Latitude: 37.7797423<br>Longitude: -122.4874174<br>Street: 6333 Geary Boulevard<br>City: San Francisco<br>State: CA<br>Zip_Code: 94121<br>Phone: 415-876-5576<br>Open Hours: monday - friday:  8am - 10pm | saturday:  8am - 10pm | sunday:  8am - 10pm
Grocery Outlet,33.929485,-118.3242093,2810 W Imperial Highway,Inglewood,CA,90303,323-451-3070,monday - friday:  7am-9pm | saturday:  7am-9pm | sunday:  7am-9pm,#icon-1685-A52714,Latitude: 33.929485<br>Longitude: -118.3242093<br>Street: 2810 W Imperial Highway<br>City: Inglewood<br>State: CA<br>Zip_Code: 90303<br>Phone: 323-451-3070<br>Open Hours: monday - friday:  7am-9pm | saturday:  7am-9pm | sunday:  7am-9pm
Grocery Outlet,38.697702,-121.002432,3040 Green Valley Road,Shingle Springs,CA,95682,,,#icon-1685-A52714,Latitude: 38.697702<br>Longitude: -121.002432<br>Street: 3040 Green Valley Road<br>City: Shingle Springs<br>State: CA<br>Zip_Code: 95682<br>Phone: <br>Open Hours:
Grocery Outlet,34.13550796,-116.09740363,71722 29 Palms Highway,Twentynine Palms,CA,92277,760-800-2488,monday - friday:  8am - 10pm | saturday:  8am - 10pm | sunday:  8am - 9pm,#icon-1685-A52714,Latitude: 34.13550796<br>Longitude: -116.09740363<br>Street: 71722 29 Palms Highway<br>City: Twentynine Palms<br>State: CA<br>Zip_Code: 92277<br>Phone: 760-800-2488<br>Open Hours: monday - friday:  8am - 10pm | saturday:  8am - 10pm | sunday:  8am - 9pm
Grocery Outlet,38.346897,-122.710648,6335 Commerce Boulevard,Rohnert Park,CA,94928,707-588-9485,monday - friday:  7-10 | saturday:  7-10 | sunday:  7-10,#icon-1685-A52714,Latitude: 38.346897<br>Longitude: -122.710648<br>Street: 6335 Commerce Boulevard<br>City: Rohnert Park<br>State: CA<br>Zip_Code: 94928<br>Phone: 707-588-9485<br>Open Hours: monday - friday:  7-10 | saturday:  7-10 | sunday:  7-10
Grocery Outlet,47.90599039,-122.24010321,10115 Evergreen Way,Everett,WA,98204,425-353-6224,monday - friday:  8am - 9pm | saturday:  8am - 9pm | sunday:  8am - 9pm,#icon-1685-A52714,Latitude: 47.90599039<br>Longitude: -122.24010321<br>Street: 10115 Evergreen Way<br>City: Everett<br>State: WA<br>Zip_Code: 98204<br>Phone: 425-353-6224<br>Open Hours: monday - friday:  8am - 9pm | saturday:  8am - 9pm | sunday:  8am - 9pm
Grocery Outlet,33.67923885,-116.29698513,50929 Washington Street,La Quinta,CA,92253,760-771-8489,monday - friday:  7am - 9pm | saturday:  7am - 9pm | sunday:  7am - 9pm,#icon-1685-A52714,Latitude: 33.67923885<br>Longitude: -116.29698513<br>Street: 50929 Washington Street<br>City: La Quinta<br>State: CA<br>Zip_Code: 92253<br>Phone: 760-771-8489<br>Open Hours: monday - friday:  7am - 9pm | saturday:  7am - 9pm | sunday:  7am - 9pm
Grocery Outlet,43.6349977,-116.6457899,4907 Cleveland Blvd,Caldwell,ID,83605,208-459-1099,monday - friday:  8am - 10pm | saturday:  8am - 10pm | sunday:  8am - 10pm,#icon-1685-A52714,Latitude: 43.6349977<br>Longitude: -116.6457899<br>Street: 4907 Cleveland Blvd<br>City: Caldwell<br>State: ID<br>Zip_Code: 83605<br>Phone: 208-459-1099<br>Open Hours: monday - friday:  8am - 10pm | saturday:  8am - 10pm | sunday:  8am - 10pm
Grocery Outlet,33.14833,-117.19921,125 S Rancho Santa Fe Road,San Marcos,CA,92078,760-571-5855,monday - friday:  8am - 9pm | saturday:  8am - 9pm | sunday:  8am - 9pm,#icon-1685-A52714,Latitude: 33.14833<br>Longitude: -117.19921<br>Street: 125 S Rancho Santa Fe Road<br>City: San Marcos<br>State: CA<br>Zip_Code: 92078<br>Phone: 760-571-5855<br>Open Hours: monday - friday:  8am - 9pm | saturday:  8am - 9pm | sunday:  8am - 9pm
Grocery Outlet,42.5631,-114.43769,2318 Addison Avenue East,Twin Falls,ID,83301,208-734-0293,monday - friday:  8am - 9pm | saturday:  8am - 9pm | sunday:  8am - 9pm,#icon-1685-A52714,Latitude: 42.5631<br>Longitude: -114.43769<br>Street: 2318 Addison Avenue East<br>City: Twin Falls<br>State: ID<br>Zip_Code: 83301<br>Phone: 208-734-0293<br>Open Hours: monday - friday:  8am - 9pm | saturday:  8am - 9pm | sunday:  8am - 9pm
Grocery Outlet,47.61204,-122.29623,1126 Martin Luther King Jr Way,Seattle,WA,98122,206-302-1005,monday - friday:  8-10 | saturday:  8-10 | sunday:  8-10,#icon-1685-A52714,Latitude: 47.61204<br>Longitude: -122.29623<br>Street: 1126 Martin Luther King Jr Way<br>City: Seattle<br>State: WA<br>Zip_Code: 98122<br>Phone: 206-302-1005<br>Open Hours: monday - friday:  8-10 | saturday:  8-10 | sunday:  8-10
Grocery Outlet,39.97868577,-75.13779988,1801 North American Street,Philadelphia,PA,19122,267-715-0402,monday - friday:  8am - 9pm | saturday:  8am - 9pm | sunday:  8am - 9pm,#icon-1685-A52714,Latitude: 39.97868577<br>Longitude: -75.13779988<br>Street: 1801 North American Street<br>City: Philadelphia<br>State: PA<br>Zip_Code: 19122<br>Phone: 267-715-0402<br>Open Hours: monday - friday:  8am - 9pm | saturday:  8am - 9pm | sunday:  8am - 9pm
Grocery Outlet,36.751406,-119.71905,5175 E Belmont Avenue,Fresno,CA,93727,559-252-2856,monday - friday:  8am - 9:30pm | saturday:  8am - 9:30pm | sunday:  8am - 9:30pm,#icon-1685-A52714,Latitude: 36.751406<br>Longitude: -119.71905<br>Street: 5175 E Belmont Avenue<br>City: Fresno<br>State: CA<br>Zip_Code: 93727<br>Phone: 559-252-2856<br>Open Hours: monday - friday:  8am - 9:30pm | saturday:  8am - 9:30pm | sunday:  8am - 9:30pm
Grocery Outlet,34.4375348,-119.7262193,2840 De La Vina Street,Santa Barbara,CA,93105,805-324-5124,monday - friday:  7am-10pm | saturday:  7am-10pm | sunday:  7am-10pm,#icon-1685-A52714,Latitude: 34.4375348<br>Longitude: -119.7262193<br>Street: 2840 De La Vina Street<br>City: Santa Barbara<br>State: CA<br>Zip_Code: 93105<br>Phone: 805-324-5124<br>Open Hours: monday - friday:  7am-10pm | saturday:  7am-10pm | sunday:  7am-10pm
Grocery Outlet,39.48808,-119.78909,3800 S Kietzke Lane 130,Reno,NV,89502,775-826-7688,monday - friday:  8-9 | saturday:  8-9 | sunday:  8-9,#icon-1685-A52714,Latitude: 39.48808<br>Longitude: -119.78909<br>Street: 3800 S Kietzke Lane 130<br>City: Reno<br>State: NV<br>Zip_Code: 89502<br>Phone: 775-826-7688<br>Open Hours: monday - friday:  8-9 | saturday:  8-9 | sunday:  8-9
Grocery Outlet,38.79248589,-122.5635172,18657 Oak Meadow Drive,Hidden Valley Lake,CA,95467,707-355-4534,monday - friday:  6am - 11pm | saturday:  6am - 11pm | sunday:  6am - 11pm,#icon-1685-A52714,Latitude: 38.79248589<br>Longitude: -122.5635172<br>Street: 18657 Oak Meadow Drive<br>City: Hidden Valley Lake<br>State: CA<br>Zip_Code: 95467<br>Phone: 707-355-4534<br>Open Hours: monday - friday:  6am - 11pm | saturday:  6am - 11pm | sunday:  6am - 11pm
Grocery Outlet,46.14633,-122.92827,920 Ocean Beach Hwy,Longview,WA,98632,360-577-3663,monday - friday:  8-9:30 | saturday:  8-9:30 | sunday:  8-9:30,#icon-1685-A52714,Latitude: 46.14633<br>Longitude: -122.92827<br>Street: 920 Ocean Beach Hwy<br>City: Longview<br>State: WA<br>Zip_Code: 98632<br>Phone: 360-577-3663<br>Open Hours: monday - friday:  8-9:30 | saturday:  8-9:30 | sunday:  8-9:30
Grocery Outlet,46.20576,-119.13614,1325 West 4th Avenue,Kennewick,WA,99336,509-586-6306,monday - friday:  8am - 9pm | saturday:  8am - 9pm | sunday:  8am - 9pm,#icon-1685-A52714,Latitude: 46.20576<br>Longitude: -119.13614<br>Street: 1325 West 4th Avenue<br>City: Kennewick<br>State: WA<br>Zip_Code: 99336<br>Phone: 509-586-6306<br>Open Hours: monday - friday:  8am - 9pm | saturday:  8am - 9pm | sunday:  8am - 9pm
Grocery Outlet,44.04341,-121.30247,694-B Se Third Street,Bend,OR,97702,541-389-3095,monday - friday:  7am - 9pm | saturday:  7am - 9pm | sunday:  7am - 9pm,#icon-1685-A52714,Latitude: 44.04341<br>Longitude: -121.30247<br>Street: 694-B Se Third Street<br>City: Bend<br>State: OR<br>Zip_Code: 97702<br>Phone: 541-389-3095<br>Open Hours: monday - friday:  7am - 9pm | saturday:  7am - 9pm | sunday:  7am - 9pm
Grocery Outlet,32.96527859,-115.54921761,315 Panno Drive,Brawley,CA,92227,442-202-6085,monday - friday:  8am - 10pm | saturday:  8am - 10pm | sunday:  8am - 10pm,#icon-1685-A52714,Latitude: 32.96527859<br>Longitude: -115.54921761<br>Street: 315 Panno Drive<br>City: Brawley<br>State: CA<br>Zip_Code: 92227<br>Phone: 442-202-6085<br>Open Hours: monday - friday:  8am - 10pm | saturday:  8am - 10pm | sunday:  8am - 10pm
Grocery Outlet,36.7078343,-119.577929,2664 Jensen Avenue,Sanger,CA,93657,559-399-3083,monday - friday:  8am - 9pm | saturday:  8am - 9pm | sunday:  8am - 9pm,#icon-1685-A52714,Latitude: 36.7078343<br>Longitude: -119.577929<br>Street: 2664 Jensen Avenue<br>City: Sanger<br>State: CA<br>Zip_Code: 93657<br>Phone: 559-399-3083<br>Open Hours: monday - friday:  8am - 9pm | saturday:  8am - 9pm | sunday:  8am - 9pm
Grocery Outlet,38.23667,-122.63809,80 E Washington,Petaluma,CA,94952,707-763-2700,monday - friday:  7am - 9pm | saturday:  7am - 9pm | sunday:  7am - 9pm,#icon-1685-A52714,Latitude: 38.23667<br>Longitude: -122.63809<br>Street: 80 E Washington<br>City: Petaluma<br>State: CA<br>Zip_Code: 94952<br>Phone: 707-763-2700<br>Open Hours: monday - friday:  7am - 9pm | saturday:  7am - 9pm | sunday:  7am - 9pm
Grocery Outlet,34.24823499,-118.5804808,9805 Mason Avenue,Chatsworth,CA,91311,747-237-7136,monday - friday:  7am - 10pm | saturday:  7am - 10pm | sunday:  7am - 9pm,#icon-1685-A52714,Latitude: 34.24823499<br>Longitude: -118.5804808<br>Street: 9805 Mason Avenue<br>City: Chatsworth<br>State: CA<br>Zip_Code: 91311<br>Phone: 747-237-7136<br>Open Hours: monday - friday:  7am - 10pm | saturday:  7am - 10pm | sunday:  7am - 9pm
Grocery Outlet,34.47279822,-117.2929182,12220 Hesperia Road Suite A,Victorville,CA,92395,760-780-0377,monday - friday:  8am - 10pm | saturday:  8am - 10pm | sunday:  8am - 10pm,#icon-1685-A52714,Latitude: 34.47279822<br>Longitude: -117.2929182<br>Street: 12220 Hesperia Road Suite A<br>City: Victorville<br>State: CA<br>Zip_Code: 92395<br>Phone: 760-780-0377<br>Open Hours: monday - friday:  8am - 10pm | saturday:  8am - 10pm | sunday:  8am - 10pm
Grocery Outlet,34.1336694,-117.3936326,1145 West Renaissance Parkway,Rialto,CA,92376,909-667-5245,monday - friday:  8am - 10pm | saturday:  8am - 10pm | sunday:  8am - 10pm,#icon-1685-A52714,Latitude: 34.1336694<br>Longitude: -117.3936326<br>Street: 1145 West Renaissance Parkway<br>City: Rialto<br>State: CA<br>Zip_Code: 92376<br>Phone: 909-667-5245<br>Open Hours: monday - friday:  8am - 10pm | saturday:  8am - 10pm | sunday:  8am - 10pm
Grocery Outlet,33.20051796,-117.36796119,1527 Mission Avenue,Oceanside,CA,92057,760-696-9900,monday - friday:  7am - 10pm | saturday:  7am - 10pm | sunday:  7am - 10pm,#icon-1685-A52714,Latitude: 33.20051796<br>Longitude: -117.36796119<br>Street: 1527 Mission Avenue<br>City: Oceanside<br>State: CA<br>Zip_Code: 92057<br>Phone: 760-696-9900<br>Open Hours: monday - friday:  7am - 10pm | saturday:  7am - 10pm | sunday:  7am - 10pm
Grocery Outlet,32.5839444,-117.1130849,881 Palm Avenue,Imperial Beach,CA,91932,619-862-2042,monday - friday:  8am - 9:30pm | saturday:  8am - 9:30pm | sunday:  8am - 9:30pm,#icon-1685-A52714,Latitude: 32.5839444<br>Longitude: -117.1130849<br>Street: 881 Palm Avenue<br>City: Imperial Beach<br>State: CA<br>Zip_Code: 91932<br>Phone: 619-862-2042<br>Open Hours: monday - friday:  8am - 9:30pm | saturday:  8am - 9:30pm | sunday:  8am - 9:30pm
Grocery Outlet,45.529411,-122.867457,1355 Nw 185th Avenue,Beaverton,OR,97006,503-531-3660,monday - friday:  8am - 10pm | saturday:  8am - 10pm | sunday:  8am - 10pm,#icon-1685-A52714,Latitude: 45.529411<br>Longitude: -122.867457<br>Street: 1355 Nw 185th Avenue<br>City: Beaverton<br>State: OR<br>Zip_Code: 97006<br>Phone: 503-531-3660<br>Open Hours: monday - friday:  8am - 10pm | saturday:  8am - 10pm | sunday:  8am - 10pm
Grocery Outlet,38.612662,-121.499216,1630 W El Camino Avenue,Sacramento,CA,95833,916-923-9879,monday - friday:  8am - 9pm | saturday:  8am - 9pm | sunday:  8am - 9pm,#icon-1685-A52714,Latitude: 38.612662<br>Longitude: -121.499216<br>Street: 1630 W El Camino Avenue<br>City: Sacramento<br>State: CA<br>Zip_Code: 95833<br>Phone: 916-923-9879<br>Open Hours: monday - friday:  8am - 9pm | saturday:  8am - 9pm | sunday:  8am - 9pm
Grocery Outlet,47.652996,-117.43643,1617 West 3rd Avenue,Spokane,WA,99201,509-624-4222,monday - friday:  8am - 9pm | saturday:  8am - 9pm | sunday:  8am - 9pm,#icon-1685-A52714,Latitude: 47.652996<br>Longitude: -117.43643<br>Street: 1617 West 3rd Avenue<br>City: Spokane<br>State: WA<br>Zip_Code: 99201<br>Phone: 509-624-4222<br>Open Hours: monday - friday:  8am - 9pm | saturday:  8am - 9pm | sunday:  8am - 9pm
Grocery Outlet,44.5219637,-122.9058441,2540 S Santiam Highway,Lebanon,OR,97355,541-258-8800,monday - friday:  7am - 9pm | saturday:  7am - 9pm | sunday:  7am - 9pm,#icon-1685-A52714,Latitude: 44.5219637<br>Longitude: -122.9058441<br>Street: 2540 S Santiam Highway<br>City: Lebanon<br>State: OR<br>Zip_Code: 97355<br>Phone: 541-258-8800<br>Open Hours: monday - friday:  7am - 9pm | saturday:  7am - 9pm | sunday:  7am - 9pm
Grocery Outlet,44.79733,-122.81501,1815 West Ida Street,Stayton,OR,97383,503-769-3110,monday - friday:  8-9 | saturday:  8-9 | sunday:  8-9,#icon-1685-A52714,Latitude: 44.79733<br>Longitude: -122.81501<br>Street: 1815 West Ida Street<br>City: Stayton<br>State: OR<br>Zip_Code: 97383<br>Phone: 503-769-3110<br>Open Hours: monday - friday:  8-9 | saturday:  8-9 | sunday:  8-9
Grocery Outlet,45.22362,-123.19378,568 Ne Highway 99w,Mcminnville,OR,97128,503-434-4490,monday - friday:  8am - 9pm | saturday:  8am - 9pm | sunday:  8am - 9pm,#icon-1685-A52714,Latitude: 45.22362<br>Longitude: -123.19378<br>Street: 568 Ne Highway 99w<br>City: Mcminnville<br>State: OR<br>Zip_Code: 97128<br>Phone: 503-434-4490<br>Open Hours: monday - friday:  8am - 9pm | saturday:  8am - 9pm | sunday:  8am - 9pm
Grocery Outlet,34.2005787,-118.5650738,19718 Sherman Way,Winnetka,CA,91306,747-226-1899,monday - friday:  7am - 10pm | saturday:  7am - 10pm | sunday:  7am - 9pm,#icon-1685-A52714,Latitude: 34.2005787<br>Longitude: -118.5650738<br>Street: 19718 Sherman Way<br>City: Winnetka<br>State: CA<br>Zip_Code: 91306<br>Phone: 747-226-1899<br>Open Hours: monday - friday:  7am - 10pm | saturday:  7am - 10pm | sunday:  7am - 9pm
Grocery Outlet,36.04195736,-115.19267672,3890 Blue Diamond Road Suite B,Las Vegas,NV,89139,702-952-3931,monday - friday:  8am - 9pm | saturday:  8am - 9pm | sunday:  8am - 9pm,#icon-1685-A52714,Latitude: 36.04195736<br>Longitude: -115.19267672<br>Street: 3890 Blue Diamond Road Suite B<br>City: Las Vegas<br>State: NV<br>Zip_Code: 89139<br>Phone: 702-952-3931<br>Open Hours: monday - friday:  8am - 9pm | saturday:  8am - 9pm | sunday:  8am - 9pm
Grocery Outlet,39.91864114,-75.18153299,2017 West Oregon Avenue,Philadelphia,PA,19145,267-519-8553,monday - friday:  8am - 9pm | saturday:  8am - 9pm | sunday:  8am - 9pm,#icon-1685-A52714,Latitude: 39.91864114<br>Longitude: -75.18153299<br>Street: 2017 West Oregon Avenue<br>City: Philadelphia<br>State: PA<br>Zip_Code: 19145<br>Phone: 267-519-8553<br>Open Hours: monday - friday:  8am - 9pm | saturday:  8am - 9pm | sunday:  8am - 9pm
Grocery Outlet,44.02481,-117.0016,2670 Southwest 4th Avenue,Ontario,OR,97914,541-889-3738,monday - friday:  8am to 9pm | saturday:  8am to 9pm | sunday:  8am to 9pm,#icon-1685-A52714,Latitude: 44.02481<br>Longitude: -117.0016<br>Street: 2670 Southwest 4th Avenue<br>City: Ontario<br>State: OR<br>Zip_Code: 97914<br>Phone: 541-889-3738<br>Open Hours: monday - friday:  8am to 9pm | saturday:  8am to 9pm | sunday:  8am to 9pm
Grocery Outlet,37.776692,-122.274925,730 Buena Vista Avenue,Alameda,CA,94501,510-239-4439,monday - friday:  8am - 10pm | saturday:  8am - 10pm | sunday:  8am - 10pm,#icon-1685-A52714,Latitude: 37.776692<br>Longitude: -122.274925<br>Street: 730 Buena Vista Avenue<br>City: Alameda<br>State: CA<br>Zip_Code: 94501<br>Phone: 510-239-4439<br>Open Hours: monday - friday:  8am - 10pm | saturday:  8am - 10pm | sunday:  8am - 10pm
Grocery Outlet,37.960097,-122.507642,75 Bellam Boulevard Suite A,San Rafael,CA,94901,415-747-8636,monday - friday:  8am - 9pm | saturday:  8am - 9pm | sunday:  8am - 9pm,#icon-1685-A52714,Latitude: 37.960097<br>Longitude: -122.507642<br>Street: 75 Bellam Boulevard Suite A<br>City: San Rafael<br>State: CA<br>Zip_Code: 94901<br>Phone: 415-747-8636<br>Open Hours: monday - friday:  8am - 9pm | saturday:  8am - 9pm | sunday:  8am - 9pm
Grocery Outlet,46.999092,-120.545397,705 North Ruby Street,Ellensburg,WA,98926,509-933-2385,monday - friday:  7-10 | saturday:  7-10 | sunday:  7-10,#icon-1685-A52714,Latitude: 46.999092<br>Longitude: -120.545397<br>Street: 705 North Ruby Street<br>City: Ellensburg<br>State: WA<br>Zip_Code: 98926<br>Phone: 509-933-2385<br>Open Hours: monday - friday:  7-10 | saturday:  7-10 | sunday:  7-10
Grocery Outlet,45.33307,-118.02372,11301 Island Avenue,La Grande,OR,97850,541-963-6666,monday - friday:  8-9 | saturday:  8-9 | sunday:  8-9,#icon-1685-A52714,Latitude: 45.33307<br>Longitude: -118.02372<br>Street: 11301 Island Avenue<br>City: La Grande<br>State: OR<br>Zip_Code: 97850<br>Phone: 541-963-6666<br>Open Hours: monday - friday:  8-9 | saturday:  8-9 | sunday:  8-9
Grocery Outlet,38.553007,-121.425541,6720 Folsom Boulevard,Sacramento,CA,95819,916-400-3057,monday - friday:  7am - 9pm | saturday:  7am - 9pm | sunday:  7am - 9pm,#icon-1685-A52714,Latitude: 38.553007<br>Longitude: -121.425541<br>Street: 6720 Folsom Boulevard<br>City: Sacramento<br>State: CA<br>Zip_Code: 95819<br>Phone: 916-400-3057<br>Open Hours: monday - friday:  7am - 9pm | saturday:  7am - 9pm | sunday:  7am - 9pm
Grocery Outlet,44.6136815,-121.1342007,1537 Sw Hwy 97,Madras,OR,97741,541-475-0188,monday - friday:  7am - 9pm | saturday:  7am - 9pm | sunday:  7am - 9pm,#icon-1685-A52714,Latitude: 44.6136815<br>Longitude: -121.1342007<br>Street: 1537 Sw Hwy 97<br>City: Madras<br>State: OR<br>Zip_Code: 97741<br>Phone: 541-475-0188<br>Open Hours: monday - friday:  7am - 9pm | saturday:  7am - 9pm | sunday:  7am - 9pm
Grocery Outlet,38.9362349,-119.7373136,1329 Us Highway 395n Ste12-3,Gardnerville,NV,89410,775-783-0017,monday - friday:  8am-9pm | saturday:  8am-9pm | sunday:  8am-9pm,#icon-1685-A52714,Latitude: 38.9362349<br>Longitude: -119.7373136<br>Street: 1329 Us Highway 395n Ste12-3<br>City: Gardnerville<br>State: NV<br>Zip_Code: 89410<br>Phone: 775-783-0017<br>Open Hours: monday - friday:  8am-9pm | saturday:  8am-9pm | sunday:  8am-9pm
Grocery Outlet,36.35889038,-119.63829019,2576 North 10th Ave,Hanford,CA,93230,559-589-8433,monday - friday:  7am - 9pm | saturday:  7am - 9pm | sunday:  7am - 9pm,#icon-1685-A52714,Latitude: 36.35889038<br>Longitude: -119.63829019<br>Street: 2576 North 10th Ave<br>City: Hanford<br>State: CA<br>Zip_Code: 93230<br>Phone: 559-589-8433<br>Open Hours: monday - friday:  7am - 9pm | saturday:  7am - 9pm | sunday:  7am - 9pm
Grocery Outlet,46.97333,-123.85076,2715 Pacific Avenue,Aberdeen,WA,98520,360-538-1153,monday - friday:  8-9 | saturday:  8-9 | sunday:  9-8,#icon-1685-A52714,Latitude: 46.97333<br>Longitude: -123.85076<br>Street: 2715 Pacific Avenue<br>City: Aberdeen<br>State: WA<br>Zip_Code: 98520<br>Phone: 360-538-1153<br>Open Hours: monday - friday:  8-9 | saturday:  8-9 | sunday:  9-8
Grocery Outlet,33.63007182,-117.09126975,35958 Winchester Road,Winchester,CA,92596,951-923-4028,monday - friday:  8am - 9pm | saturday:  8am - 9pm | sunday:  8am - 9pm,#icon-1685-A52714,Latitude: 33.63007182<br>Longitude: -117.09126975<br>Street: 35958 Winchester Road<br>City: Winchester<br>State: CA<br>Zip_Code: 92596<br>Phone: 951-923-4028<br>Open Hours: monday - friday:  8am - 9pm | saturday:  8am - 9pm | sunday:  8am - 9pm
Grocery Outlet,36.739596,-119.781313,2820 Tulare Street,Fresno,CA,93721,559-499-1400,monday - friday:  8am - 9pm | saturday:  8am - 9pm | sunday:  8am - 9pm,#icon-1685-A52714,Latitude: 36.739596<br>Longitude: -119.781313<br>Street: 2820 Tulare Street<br>City: Fresno<br>State: CA<br>Zip_Code: 93721<br>Phone: 559-499-1400<br>Open Hours: monday - friday:  8am - 9pm | saturday:  8am - 9pm | sunday:  8am - 9pm
Grocery Outlet,44.9344,-124.0225,4157 Nw Highway 101 Suite 101 Lighthouse Square Shopping Ctr,Lincoln City,OR,97367,541-994-6828,monday - friday:  8am - 9pm | saturday:  8am - 9pm | sunday:  8am - 9pm,#icon-1685-A52714,Latitude: 44.9344<br>Longitude: -124.0225<br>Street: 4157 Nw Highway 101 Suite 101 Lighthouse Square Shopping Ctr<br>City: Lincoln City<br>State: OR<br>Zip_Code: 97367<br>Phone: 541-994-6828<br>Open Hours: monday - friday:  8am - 9pm | saturday:  8am - 9pm | sunday:  8am - 9pm
Grocery Outlet,40.32046487,-76.42531909,1301 Quentin Road,Lebanon,PA,17042,717-450-7877,monday - friday:  8am - 9pm | saturday:  8am - 9pm | sunday:  8am - 9pm,#icon-1685-A52714,Latitude: 40.32046487<br>Longitude: -76.42531909<br>Street: 1301 Quentin Road<br>City: Lebanon<br>State: PA<br>Zip_Code: 17042<br>Phone: 717-450-7877<br>Open Hours: monday - friday:  8am - 9pm | saturday:  8am - 9pm | sunday:  8am - 9pm
Grocery Outlet,45.5588711,-122.5521203,10721 Ne Sandy Blvd,Portland,OR,97220,971-255-0459,monday - friday:  7am-9pm | saturday:  7am-9pm | sunday:  7am-9pm,#icon-1685-A52714,Latitude: 45.5588711<br>Longitude: -122.5521203<br>Street: 10721 Ne Sandy Blvd<br>City: Portland<br>State: OR<br>Zip_Code: 97220<br>Phone: 971-255-0459<br>Open Hours: monday - friday:  7am-9pm | saturday:  7am-9pm | sunday:  7am-9pm
Grocery Outlet,43.5891292,-116.2683863,6969 W Overland Rd,Boise,ID,83709,208-323-5321,monday - friday:  8am - 9pm | saturday:  8am - 9pm | sunday:  8am - 9pm,#icon-1685-A52714,Latitude: 43.5891292<br>Longitude: -116.2683863<br>Street: 6969 W Overland Rd<br>City: Boise<br>State: ID<br>Zip_Code: 83709<br>Phone: 208-323-5321<br>Open Hours: monday - friday:  8am - 9pm | saturday:  8am - 9pm | sunday:  8am - 9pm
Grocery Outlet,44.231504,-123.204388,94582 Highway 99 East,Junction City,OR,97448,541-234-2794,monday - friday:  8am-9pm | saturday:  8am-9pm | sunday:  8am-9pm,#icon-1685-A52714,Latitude: 44.231504<br>Longitude: -123.204388<br>Street: 94582 Highway 99 East<br>City: Junction City<br>State: OR<br>Zip_Code: 97448<br>Phone: 541-234-2794<br>Open Hours: monday - friday:  8am-9pm | saturday:  8am-9pm | sunday:  8am-9pm
Grocery Outlet,45.85378367,-122.82757929,205 Brayden Street,Saint Helens,OR,97051,503-410-5533,monday - friday:  8am - 9pm | saturday:  8am - 9pm | sunday:  8am - 9pm,#icon-1685-A52714,Latitude: 45.85378367<br>Longitude: -122.82757929<br>Street: 205 Brayden Street<br>City: Saint Helens<br>State: OR<br>Zip_Code: 97051<br>Phone: 503-410-5533<br>Open Hours: monday - friday:  8am - 9pm | saturday:  8am - 9pm | sunday:  8am - 9pm
Grocery Outlet,45.985624,-123.931025,825 Avenue N,Seaside,OR,97138,503-741-3143,monday - friday:  8am - 9pm | saturday:  8am - 9pm | sunday:  8am - 9pm,#icon-1685-A52714,Latitude: 45.985624<br>Longitude: -123.931025<br>Street: 825 Avenue N<br>City: Seaside<br>State: OR<br>Zip_Code: 97138<br>Phone: 503-741-3143<br>Open Hours: monday - friday:  8am - 9pm | saturday:  8am - 9pm | sunday:  8am - 9pm
Grocery Outlet,39.28719923,-76.76197826,6510 Baltimore National Pike,Catonsville,MD,21228,410-878-6225,monday - friday:  8am - 9pm | saturday:  8am - 9pm | sunday:  8am - 9pm,#icon-1685-A52714,Latitude: 39.28719923<br>Longitude: -76.76197826<br>Street: 6510 Baltimore National Pike<br>City: Catonsville<br>State: MD<br>Zip_Code: 21228<br>Phone: 410-878-6225<br>Open Hours: monday - friday:  8am - 9pm | saturday:  8am - 9pm | sunday:  8am - 9pm
Grocery Outlet,41.494547,-120.5500345,603west 12th Street,Alturas,CA,96101,530-233-1127,monday - friday:  7am-9pm | saturday:  7am-9pm | sunday:  7am-9pm,#icon-1685-A52714,Latitude: 41.494547<br>Longitude: -120.5500345<br>Street: 603west 12th Street<br>City: Alturas<br>State: CA<br>Zip_Code: 96101<br>Phone: 530-233-1127<br>Open Hours: monday - friday:  7am-9pm | saturday:  7am-9pm | sunday:  7am-9pm
Grocery Outlet,43.13444498,-115.66627132,155 City View Drive,Mountain Home,ID,83647,208-943-0333,monday - friday:  8am - 9pm | saturday:  8am - 9pm | sunday:  8am - 9pm,#icon-1685-A52714,Latitude: 43.13444498<br>Longitude: -115.66627132<br>Street: 155 City View Drive<br>City: Mountain Home<br>State: ID<br>Zip_Code: 83647<br>Phone: 208-943-0333<br>Open Hours: monday - friday:  8am - 9pm | saturday:  8am - 9pm | sunday:  8am - 9pm
Grocery Outlet,36.802249,-121.665607,7925 San Miguel Canyon Road,Salinas,CA,93907,831-789-9366,monday - friday:  7am - 10pm | saturday:  7am - 10pm | sunday:  7am - 10pm,#icon-1685-A52714,Latitude: 36.802249<br>Longitude: -121.665607<br>Street: 7925 San Miguel Canyon Road<br>City: Salinas<br>State: CA<br>Zip_Code: 93907<br>Phone: 831-789-9366<br>Open Hours: monday - friday:  7am - 10pm | saturday:  7am - 10pm | sunday:  7am - 10pm
Grocery Outlet,34.0325439,-117.6498702,2275 South Euclid Ave,Ontario,CA,91762,909-391-9111,monday - friday:  8am-10pm | saturday:  8am-10pm | sunday:  8am-10pm,#icon-1685-A52714,Latitude: 34.0325439<br>Longitude: -117.6498702<br>Street: 2275 South Euclid Ave<br>City: Ontario<br>State: CA<br>Zip_Code: 91762<br>Phone: 909-391-9111<br>Open Hours: monday - friday:  8am-10pm | saturday:  8am-10pm | sunday:  8am-10pm
Grocery Outlet,43.984777,-124.099197,2066 Hywy 101,Florence,OR,97439,541-997-0343,monday - friday:  8-9 | saturday:  8-9 | sunday:  8-9,#icon-1685-A52714,Latitude: 43.984777<br>Longitude: -124.099197<br>Street: 2066 Hywy 101<br>City: Florence<br>State: OR<br>Zip_Code: 97439<br>Phone: 541-997-0343<br>Open Hours: monday - friday:  8-9 | saturday:  8-9 | sunday:  8-9
Grocery Outlet,38.306146,-122.306238,3385 Solano Avenue,Napa,CA,94558,707-819-2850,monday - friday:  7am - 9pm | saturday:  7am - 9pm | sunday:  7am - 9pm,#icon-1685-A52714,Latitude: 38.306146<br>Longitude: -122.306238<br>Street: 3385 Solano Avenue<br>City: Napa<br>State: CA<br>Zip_Code: 94558<br>Phone: 707-819-2850<br>Open Hours: monday - friday:  7am - 9pm | saturday:  7am - 9pm | sunday:  7am - 9pm
Grocery Outlet,38.90476,-121.07564,414 Grass Valley Hwy,Auburn,CA,95603,530-885-0250,monday - friday:  8am - 9pm | saturday:  8am - 9pm | sunday:  8am - 9pm,#icon-1685-A52714,Latitude: 38.90476<br>Longitude: -121.07564<br>Street: 414 Grass Valley Hwy<br>City: Auburn<br>State: CA<br>Zip_Code: 95603<br>Phone: 530-885-0250<br>Open Hours: monday - friday:  8am - 9pm | saturday:  8am - 9pm | sunday:  8am - 9pm
Grocery Outlet,37.7310484,-122.4090782,1390 Silver Avenue,San Francisco,CA,94134,415-825-5678,monday - friday:  8am-9pm | saturday:  8am-9pm | sunday:  8am-9pm,#icon-1685-A52714,Latitude: 37.7310484<br>Longitude: -122.4090782<br>Street: 1390 Silver Avenue<br>City: San Francisco<br>State: CA<br>Zip_Code: 94134<br>Phone: 415-825-5678<br>Open Hours: monday - friday:  8am-9pm | saturday:  8am-9pm | sunday:  8am-9pm
Grocery Outlet,40.963119,-117.734666,880 Hanson Street,Winnemucca,NV,89445,775-375-3030,monday - friday:  6am - 9pm | saturday:  6am - 9pm | sunday:  6am - 9pm,#icon-1685-A52714,Latitude: 40.963119<br>Longitude: -117.734666<br>Street: 880 Hanson Street<br>City: Winnemucca<br>State: NV<br>Zip_Code: 89445<br>Phone: 775-375-3030<br>Open Hours: monday - friday:  6am - 9pm | saturday:  6am - 9pm | sunday:  6am - 9pm
Grocery Outlet,32.65351,-117.08921,3446 Highland Avenue,National City,CA,91950,619-420-7134,monday - friday:  8am - 9pm | saturday:  8am - 9pm | sunday:  8am - 9pm,#icon-1685-A52714,Latitude: 32.65351<br>Longitude: -117.08921<br>Street: 3446 Highland Avenue<br>City: National City<br>State: CA<br>Zip_Code: 91950<br>Phone: 619-420-7134<br>Open Hours: monday - friday:  8am - 9pm | saturday:  8am - 9pm | sunday:  8am - 9pm
Grocery Outlet,44.98313574,-124.00785349,2429 Nw Us 101,Lincoln City,OR,97367,541-994-6828,monday - friday:  8am - 9pm | saturday:  8am - 9pm | sunday:  8am - 9pm,#icon-1685-A52714,Latitude: 44.98313574<br>Longitude: -124.00785349<br>Street: 2429 Nw Us 101<br>City: Lincoln City<br>State: OR<br>Zip_Code: 97367<br>Phone: 541-994-6828<br>Open Hours: monday - friday:  8am - 9pm | saturday:  8am - 9pm | sunday:  8am - 9pm
Grocery Outlet,39.1423117,-121.6505675,1721 Colusa Avenue,Yuba City,CA,95993,530-674-5231,monday - friday:  7am - 10pm | saturday:  7am - 10pm | sunday:  7am - 10pm,#icon-1685-A52714,Latitude: 39.1423117<br>Longitude: -121.6505675<br>Street: 1721 Colusa Avenue<br>City: Yuba City<br>State: CA<br>Zip_Code: 95993<br>Phone: 530-674-5231<br>Open Hours: monday - friday:  7am - 10pm | saturday:  7am - 10pm | sunday:  7am - 10pm
Grocery Outlet,38.467809,-121.822044,2400 N First Street,Dixon,CA,95620,707-676-5556,monday - friday:  8am - 9pm | saturday:  8am - 9pm | sunday:  8am - 9pm,#icon-1685-A52714,Latitude: 38.467809<br>Longitude: -121.822044<br>Street: 2400 N First Street<br>City: Dixon<br>State: CA<br>Zip_Code: 95620<br>Phone: 707-676-5556<br>Open Hours: monday - friday:  8am - 9pm | saturday:  8am - 9pm | sunday:  8am - 9pm
Grocery Outlet,36.0657672,-119.017612,50 W Olive Ave,Porterville,CA,93257,559-781-1788,monday - friday:  7am - 9pm | saturday:  7am - 9pm | sunday:  7am - 9pm,#icon-1685-A52714,Latitude: 36.0657672<br>Longitude: -119.017612<br>Street: 50 W Olive Ave<br>City: Porterville<br>State: CA<br>Zip_Code: 93257<br>Phone: 559-781-1788<br>Open Hours: monday - friday:  7am - 9pm | saturday:  7am - 9pm | sunday:  7am - 9pm
Grocery Outlet,33.6774914,-117.7994219,4730 Barranca Pkwy Suite 4730,Irvine,CA,92604,949-732-3876,monday - friday:  7am-10pm | saturday:  7am-10pm | sunday:  7am-10pm,#icon-1685-A52714,Latitude: 33.6774914<br>Longitude: -117.7994219<br>Street: 4730 Barranca Pkwy Suite 4730<br>City: Irvine<br>State: CA<br>Zip_Code: 92604<br>Phone: 949-732-3876<br>Open Hours: monday - friday:  7am-10pm | saturday:  7am-10pm | sunday:  7am-10pm
Grocery Outlet,37.4189847,-122.1246253,3445 Alma Street,Palo Alto,CA,94306,650-561-4394,monday - friday:  8am - 10pm | saturday:  8am - 10pm | sunday:  8am - 10pm,#icon-1685-A52714,Latitude: 37.4189847<br>Longitude: -122.1246253<br>Street: 3445 Alma Street<br>City: Palo Alto<br>State: CA<br>Zip_Code: 94306<br>Phone: 650-561-4394<br>Open Hours: monday - friday:  8am - 10pm | saturday:  8am - 10pm | sunday:  8am - 10pm
Grocery Outlet,34.0397621,-117.9977554,520 Workman MIll Road,La Puente,CA,91746,626-626-8500,monday - friday:  7am-10pm | saturday:  7am-10pm | sunday:  7am-10pm,#icon-1685-A52714,Latitude: 34.0397621<br>Longitude: -117.9977554<br>Street: 520 Workman MIll Road<br>City: La Puente<br>State: CA<br>Zip_Code: 91746<br>Phone: 626-626-8500<br>Open Hours: monday - friday:  7am-10pm | saturday:  7am-10pm | sunday:  7am-10pm
Grocery Outlet,37.7417259,-122.40528518,355 Bayshore Boulevard,San Francisco,CA,94124,415-276-2797,monday - friday:  8am - 9pm | saturday:  8am - 9pm | sunday:  8am - 9pm,#icon-1685-A52714,Latitude: 37.7417259<br>Longitude: -122.40528518<br>Street: 355 Bayshore Boulevard<br>City: San Francisco<br>State: CA<br>Zip_Code: 94124<br>Phone: 415-276-2797<br>Open Hours: monday - friday:  8am - 9pm | saturday:  8am - 9pm | sunday:  8am - 9pm
Grocery Outlet,39.7626709,-121.62107906,6800 Skyway Road,Paradise,CA,95969,530-413-9499,monday - friday:  8am - 9pm | saturday:  8am - 9pm | sunday:  8am - 9pm,#icon-1685-A52714,Latitude: 39.7626709<br>Longitude: -121.62107906<br>Street: 6800 Skyway Road<br>City: Paradise<br>State: CA<br>Zip_Code: 95969<br>Phone: 530-413-9499<br>Open Hours: monday - friday:  8am - 9pm | saturday:  8am - 9pm | sunday:  8am - 9pm
Grocery Outlet,40.9340366,-124.1003436,1581 Central Ave,Mckinleyville,CA,95519,707-630-4281,monday - friday:  8am - 9pm | saturday:  8am - 9pm | sunday:  8am - 9pm,#icon-1685-A52714,Latitude: 40.9340366<br>Longitude: -124.1003436<br>Street: 1581 Central Ave<br>City: Mckinleyville<br>State: CA<br>Zip_Code: 95519<br>Phone: 707-630-4281<br>Open Hours: monday - friday:  8am - 9pm | saturday:  8am - 9pm | sunday:  8am - 9pm
Grocery Outlet,47.665896,-122.166115,6625 132nd Avenue Ne,Kirkland,WA,98033,425-896-8385,monday - friday:  8am-9pm | saturday:  8am-9pm | sunday:  8am-9pm,#icon-1685-A52714,Latitude: 47.665896<br>Longitude: -122.166115<br>Street: 6625 132nd Avenue Ne<br>City: Kirkland<br>State: WA<br>Zip_Code: 98033<br>Phone: 425-896-8385<br>Open Hours: monday - friday:  8am-9pm | saturday:  8am-9pm | sunday:  8am-9pm
Grocery Outlet,47.05538,-122.7654,8221 Martin Way E,Olympia,WA,98516,360-456-3939,monday - friday:  8am -9pm | saturday:  8am -9pm | sunday:  8am -8pm,#icon-1685-A52714,Latitude: 47.05538<br>Longitude: -122.7654<br>Street: 8221 Martin Way E<br>City: Olympia<br>State: WA<br>Zip_Code: 98516<br>Phone: 360-456-3939<br>Open Hours: monday - friday:  8am -9pm | saturday:  8am -9pm | sunday:  8am -8pm
Grocery Outlet,46.717001,-117.179304,1450 S Grand Avenue,Pullman,WA,99163,509-336-2274,monday - friday:  8am - 9pm | saturday:  8am - 9pm | sunday:  8am - 9pm,#icon-1685-A52714,Latitude: 46.717001<br>Longitude: -117.179304<br>Street: 1450 S Grand Avenue<br>City: Pullman<br>State: WA<br>Zip_Code: 99163<br>Phone: 509-336-2274<br>Open Hours: monday - friday:  8am - 9pm | saturday:  8am - 9pm | sunday:  8am - 9pm
Grocery Outlet,37.6872665,-122.1313082,15590 Hesperian Boulevard,San Lorenzo,CA,94580,510-397-1734,monday - friday:  7am - 9pm | saturday:  7am - 9pm | sunday:  7am - 9pm,#icon-1685-A52714,Latitude: 37.6872665<br>Longitude: -122.1313082<br>Street: 15590 Hesperian Boulevard<br>City: San Lorenzo<br>State: CA<br>Zip_Code: 94580<br>Phone: 510-397-1734<br>Open Hours: monday - friday:  7am - 9pm | saturday:  7am - 9pm | sunday:  7am - 9pm
Grocery Outlet,40.4366529,-122.2890183,1981 Highway 273,Anderson,CA,96007,530-776-6966,monday - friday:  8am-9pm | saturday:  8am-9pm | sunday:  8am-9pm,#icon-1685-A52714,Latitude: 40.4366529<br>Longitude: -122.2890183<br>Street: 1981 Highway 273<br>City: Anderson<br>State: CA<br>Zip_Code: 96007<br>Phone: 530-776-6966<br>Open Hours: monday - friday:  8am-9pm | saturday:  8am-9pm | sunday:  8am-9pm
Grocery Outlet,37.66207111,-121.85608827,3550 Bernal Avenue Suite 105,Pleasanton,CA,94566,925-398-8649,monday - friday:  8am - 9pm | saturday:  8am - 9pm | sunday:  8am - 9pm,#icon-1685-A52714,Latitude: 37.66207111<br>Longitude: -121.85608827<br>Street: 3550 Bernal Avenue Suite 105<br>City: Pleasanton<br>State: CA<br>Zip_Code: 94566<br>Phone: 925-398-8649<br>Open Hours: monday - friday:  8am - 9pm | saturday:  8am - 9pm | sunday:  8am - 9pm
Grocery Outlet,40.4451687,-75.3604921,70 N West End Boulevard,Quakertown,PA,18951,267-490-5195,monday - friday:  8am-9pm | saturday:  8am-9pm | sunday:  8am-9pm,#icon-1685-A52714,Latitude: 40.4451687<br>Longitude: -75.3604921<br>Street: 70 N West End Boulevard<br>City: Quakertown<br>State: PA<br>Zip_Code: 18951<br>Phone: 267-490-5195<br>Open Hours: monday - friday:  8am-9pm | saturday:  8am-9pm | sunday:  8am-9pm
Grocery Outlet,40.577391,-124.1465292,1085 S Fortuna Blvd,Fortuna,CA,95540,707-725-7010,monday - friday:  8am-9pm | saturday:  8am-9pm | sunday:  8am-9pm,#icon-1685-A52714,Latitude: 40.577391<br>Longitude: -124.1465292<br>Street: 1085 S Fortuna Blvd<br>City: Fortuna<br>State: CA<br>Zip_Code: 95540<br>Phone: 707-725-7010<br>Open Hours: monday - friday:  8am-9pm | saturday:  8am-9pm | sunday:  8am-9pm
Grocery Outlet,35.643788,-120.687885,2800 Riverside Ave Ste 102,Paso Robles,CA,93446,805-369-2230,monday - friday:  8am-9pm | saturday:  8am-9pm | sunday:  8am-9pm,#icon-1685-A52714,Latitude: 35.643788<br>Longitude: -120.687885<br>Street: 2800 Riverside Ave Ste 102<br>City: Paso Robles<br>State: CA<br>Zip_Code: 93446<br>Phone: 805-369-2230<br>Open Hours: monday - friday:  8am-9pm | saturday:  8am-9pm | sunday:  8am-9pm
Grocery Outlet,48.933184,-122.487905,144 Bay Lyn Drive,Lynden,WA,98264,360-526-2989,monday - friday:  7am-10pm | saturday:  7am-10pm | sunday:  7am-10pm,#icon-1685-A52714,Latitude: 48.933184<br>Longitude: -122.487905<br>Street: 144 Bay Lyn Drive<br>City: Lynden<br>State: WA<br>Zip_Code: 98264<br>Phone: 360-526-2989<br>Open Hours: monday - friday:  7am-10pm | saturday:  7am-10pm | sunday:  7am-10pm
Grocery Outlet,37.95338,-122.06023,1671 Contra Costa Boulevard,Pleasant Hill,CA,94523,925-676-3660,monday - friday:  7am - 9pm | saturday:  7am - 9pm | sunday:  7am - 9pm,#icon-1685-A52714,Latitude: 37.95338<br>Longitude: -122.06023<br>Street: 1671 Contra Costa Boulevard<br>City: Pleasant Hill<br>State: CA<br>Zip_Code: 94523<br>Phone: 925-676-3660<br>Open Hours: monday - friday:  7am - 9pm | saturday:  7am - 9pm | sunday:  7am - 9pm
Grocery Outlet,46.601124,-120.5869,5801 Summitview Avenue Suite C,Yakima,WA,98908,509-571-1390,monday - friday:  8am - 9pm | saturday:  8am - 9pm | sunday:  8am - 9pm,#icon-1685-A52714,Latitude: 46.601124<br>Longitude: -120.5869<br>Street: 5801 Summitview Avenue Suite C<br>City: Yakima<br>State: WA<br>Zip_Code: 98908<br>Phone: 509-571-1390<br>Open Hours: monday - friday:  8am - 9pm | saturday:  8am - 9pm | sunday:  8am - 9pm
Grocery Outlet,38.0105681,-121.3201437,6618 Pacific Ave,Stockton,CA,95207,209-951-2200,monday - friday:  8am-9pm | saturday:  8am-9pm | sunday:  8am-9pm,#icon-1685-A52714,Latitude: 38.0105681<br>Longitude: -121.3201437<br>Street: 6618 Pacific Ave<br>City: Stockton<br>State: CA<br>Zip_Code: 95207<br>Phone: 209-951-2200<br>Open Hours: monday - friday:  8am-9pm | saturday:  8am-9pm | sunday:  8am-9pm
Grocery Outlet,47.387925,-122.200845,23910 104th Avenue Se,Kent,WA,98031,253-856-1057,monday - friday:  8-9 | saturday:  8-9 | sunday:  8-9,#icon-1685-A52714,Latitude: 47.387925<br>Longitude: -122.200845<br>Street: 23910 104th Avenue Se<br>City: Kent<br>State: WA<br>Zip_Code: 98031<br>Phone: 253-856-1057<br>Open Hours: monday - friday:  8-9 | saturday:  8-9 | sunday:  8-9
Grocery Outlet,37.9978247,-121.7181346,3110 Main Street,Oakley,CA,94561,925-684-7439,monday - friday:  8am-10pm | saturday:  8am-10pm | sunday:  8am-10pm,#icon-1685-A52714,Latitude: 37.9978247<br>Longitude: -121.7181346<br>Street: 3110 Main Street<br>City: Oakley<br>State: CA<br>Zip_Code: 94561<br>Phone: 925-684-7439<br>Open Hours: monday - friday:  8am-10pm | saturday:  8am-10pm | sunday:  8am-10pm
Grocery Outlet,34.0536557,-118.2627848,1120 West 6th Street Ste 103,Los Angeles,CA,90017,213-372-5003,monday - friday:  7am-11pm | saturday:  7am-11pm | sunday:  7am-11pm,#icon-1685-A52714,Latitude: 34.0536557<br>Longitude: -118.2627848<br>Street: 1120 West 6th Street Ste 103<br>City: Los Angeles<br>State: CA<br>Zip_Code: 90017<br>Phone: 213-372-5003<br>Open Hours: monday - friday:  7am-11pm | saturday:  7am-11pm | sunday:  7am-11pm
Grocery Outlet,45.844642,-119.290217,1875 N 1st Street Suite E,Hermiston,OR,97838,541-701-0428,monday - friday:  8am - 9pm | saturday:  8am - 9pm | sunday:  8am - 9pm,#icon-1685-A52714,Latitude: 45.844642<br>Longitude: -119.290217<br>Street: 1875 N 1st Street Suite E<br>City: Hermiston<br>State: OR<br>Zip_Code: 97838<br>Phone: 541-701-0428<br>Open Hours: monday - friday:  8am - 9pm | saturday:  8am - 9pm | sunday:  8am - 9pm
Grocery Outlet,47.721103,-122.295881,3020 Ne 127th Street,Seattle,WA,98125,206-971-0192,monday - friday:  8am - 9pm | saturday:  8am - 9pm | sunday:  8am - 9pm,#icon-1685-A52714,Latitude: 47.721103<br>Longitude: -122.295881<br>Street: 3020 Ne 127th Street<br>City: Seattle<br>State: WA<br>Zip_Code: 98125<br>Phone: 206-971-0192<br>Open Hours: monday - friday:  8am - 9pm | saturday:  8am - 9pm | sunday:  8am - 9pm
Grocery Outlet,36.80992,-119.70036,1848 Clovis Avenue,Clovis,CA,93612,559-297-8369,monday - friday:  8am - 9pm | saturday:  8am - 9pm | sunday:  8am - 9pm,#icon-1685-A52714,Latitude: 36.80992<br>Longitude: -119.70036<br>Street: 1848 Clovis Avenue<br>City: Clovis<br>State: CA<br>Zip_Code: 93612<br>Phone: 559-297-8369<br>Open Hours: monday - friday:  8am - 9pm | saturday:  8am - 9pm | sunday:  8am - 9pm
Grocery Outlet,43.61981,-116.25045,5544 W Fairview Avenue,Boise,ID,83706,208-376-2953,monday - friday:  8-8 | saturday:  8-8 | sunday:  9-7,#icon-1685-A52714,Latitude: 43.61981<br>Longitude: -116.25045<br>Street: 5544 W Fairview Avenue<br>City: Boise<br>State: ID<br>Zip_Code: 83706<br>Phone: 208-376-2953<br>Open Hours: monday - friday:  8-8 | saturday:  8-8 | sunday:  9-7
Grocery Outlet,44.94907,-123.03621,299 D Street Ne,Salem,OR,97301,503-581-1728,monday - friday:  8-9 | saturday:  8-9 | sunday:  8-9,#icon-1685-A52714,Latitude: 44.94907<br>Longitude: -123.03621<br>Street: 299 D Street Ne<br>City: Salem<br>State: OR<br>Zip_Code: 97301<br>Phone: 503-581-1728<br>Open Hours: monday - friday:  8-9 | saturday:  8-9 | sunday:  8-9
Grocery Outlet,37.53937,-122.03431,36601 Newark Boulevard Ste 25,Newark,CA,94560,510-791-5124,monday - friday:  8am - 9pm | saturday:  8am - 9pm | sunday:  8am - 9pm,#icon-1685-A52714,Latitude: 37.53937<br>Longitude: -122.03431<br>Street: 36601 Newark Boulevard Ste 25<br>City: Newark<br>State: CA<br>Zip_Code: 94560<br>Phone: 510-791-5124<br>Open Hours: monday - friday:  8am - 9pm | saturday:  8am - 9pm | sunday:  8am - 9pm
Grocery Outlet,40.01195233,-74.9586982,4004 Us 130 Suite 9,Riverside,NJ,8075,856-255-5081,monday - friday:  8am - 9pm | saturday:  8am - 9pm | sunday:  8am - 9pm,#icon-1685-A52714,Latitude: 40.01195233<br>Longitude: -74.9586982<br>Street: 4004 Us 130 Suite 9<br>City: Riverside<br>State: NJ<br>Zip_Code: 8075<br>Phone: 856-255-5081<br>Open Hours: monday - friday:  8am - 9pm | saturday:  8am - 9pm | sunday:  8am - 9pm
Grocery Outlet,38.68135,-121.32607,6059 Greenback Lane,Citrus Heights,CA,95621,916-729-3600,monday - friday:  8am - 9pm | saturday:  8am - 9pm | sunday:  8am - 9pm,#icon-1685-A52714,Latitude: 38.68135<br>Longitude: -121.32607<br>Street: 6059 Greenback Lane<br>City: Citrus Heights<br>State: CA<br>Zip_Code: 95621<br>Phone: 916-729-3600<br>Open Hours: monday - friday:  8am - 9pm | saturday:  8am - 9pm | sunday:  8am - 9pm
Grocery Outlet,36.3139577,-119.7821118,1160 N Lemoore Avenue,Lemoore,CA,93245,559-423-5118,monday - friday:  8am - 9pm | saturday:  8am - 9pm | sunday:  8am - 9pm,#icon-1685-A52714,Latitude: 36.3139577<br>Longitude: -119.7821118<br>Street: 1160 N Lemoore Avenue<br>City: Lemoore<br>State: CA<br>Zip_Code: 93245<br>Phone: 559-423-5118<br>Open Hours: monday - friday:  8am - 9pm | saturday:  8am - 9pm | sunday:  8am - 9pm
Grocery Outlet,40.2229991,-76.8586297,110 Old York Rd,New Cumberland,PA,17070,717-317-9197,monday - friday:  8am-9pm | saturday:  8am-9pm | sunday:  8am-9pm,#icon-1685-A52714,Latitude: 40.2229991<br>Longitude: -76.8586297<br>Street: 110 Old York Rd<br>City: New Cumberland<br>State: PA<br>Zip_Code: 17070<br>Phone: 717-317-9197<br>Open Hours: monday - friday:  8am-9pm | saturday:  8am-9pm | sunday:  8am-9pm
Grocery Outlet,47.59677,-122.62947,3445 Wheaton Way,Bremerton,WA,98310,360-627-8553,monday - friday:  8am - 9pm | saturday:  8am - 9pm | sunday:  8am - 9pm,#icon-1685-A52714,Latitude: 47.59677<br>Longitude: -122.62947<br>Street: 3445 Wheaton Way<br>City: Bremerton<br>State: WA<br>Zip_Code: 98310<br>Phone: 360-627-8553<br>Open Hours: monday - friday:  8am - 9pm | saturday:  8am - 9pm | sunday:  8am - 9pm
Grocery Outlet,33.82951322,-116.45879032,30025 Date Palm Drive,Cathedral City,CA,92234,760-202-7940,monday - friday:  8am - 9pm | saturday:  8am - 9pm | sunday:  8am - 9pm,#icon-1685-A52714,Latitude: 33.82951322<br>Longitude: -116.45879032<br>Street: 30025 Date Palm Drive<br>City: Cathedral City<br>State: CA<br>Zip_Code: 92234<br>Phone: 760-202-7940<br>Open Hours: monday - friday:  8am - 9pm | saturday:  8am - 9pm | sunday:  8am - 9pm
Grocery Outlet,42.055623,-124.292562,906 Chetco Avenue,Brookings,OR,97415,541-412-7264,monday - friday:  8am - 9pm | saturday:  8am - 9pm | sunday:  9am - 8pm,#icon-1685-A52714,Latitude: 42.055623<br>Longitude: -124.292562<br>Street: 906 Chetco Avenue<br>City: Brookings<br>State: OR<br>Zip_Code: 97415<br>Phone: 541-412-7264<br>Open Hours: monday - friday:  8am - 9pm | saturday:  8am - 9pm | sunday:  9am - 8pm
Grocery Outlet,39.02866,-122.91607,1155 South Main Street,Lakeport,CA,95453,707-263-0316,monday - friday:  7-9 | saturday:  7-9 | sunday:  9-8,#icon-1685-A52714,Latitude: 39.02866<br>Longitude: -122.91607<br>Street: 1155 South Main Street<br>City: Lakeport<br>State: CA<br>Zip_Code: 95453<br>Phone: 707-263-0316<br>Open Hours: monday - friday:  7-9 | saturday:  7-9 | sunday:  9-8
Grocery Outlet,35.512986,-120.697384,2100 El Camino Real,Atascadero,CA,93422,805-466-3346,monday - friday:  8-9 | saturday:  8-9 | sunday:  8-9,#icon-1685-A52714,Latitude: 35.512986<br>Longitude: -120.697384<br>Street: 2100 El Camino Real<br>City: Atascadero<br>State: CA<br>Zip_Code: 93422<br>Phone: 805-466-3346<br>Open Hours: monday - friday:  8-9 | saturday:  8-9 | sunday:  8-9
Grocery Outlet,37.64736,-122.08871,426 West Harder Road,Hayward,CA,94544,510-723-3336,monday - friday:  7am - 9pm | saturday:  7am - 9pm | sunday:  7am - 9pm,#icon-1685-A52714,Latitude: 37.64736<br>Longitude: -122.08871<br>Street: 426 West Harder Road<br>City: Hayward<br>State: CA<br>Zip_Code: 94544<br>Phone: 510-723-3336<br>Open Hours: monday - friday:  7am - 9pm | saturday:  7am - 9pm | sunday:  7am - 9pm
Grocery Outlet,39.9252896,-77.6074148,1695 Lincoln Way E Ste 2,Chambersburg,PA,17202,717-496-8485,monday - friday:  8am-9pm | saturday:  8am-9pm | sunday:  8am-9pm,#icon-1685-A52714,Latitude: 39.9252896<br>Longitude: -77.6074148<br>Street: 1695 Lincoln Way E Ste 2<br>City: Chambersburg<br>State: PA<br>Zip_Code: 17202<br>Phone: 717-496-8485<br>Open Hours: monday - friday:  8am-9pm | saturday:  8am-9pm | sunday:  8am-9pm
Grocery Outlet,35.14052543,-119.46484683,877 Supply Row,Taft,CA,93268,661-422-5055,monday - friday:  8am - 9pm | saturday:  8am - 9pm | sunday:  8am - 9pm,#icon-1685-A52714,Latitude: 35.14052543<br>Longitude: -119.46484683<br>Street: 877 Supply Row<br>City: Taft<br>State: CA<br>Zip_Code: 93268<br>Phone: 661-422-5055<br>Open Hours: monday - friday:  8am - 9pm | saturday:  8am - 9pm | sunday:  8am - 9pm
Grocery Outlet,46.6650733,-120.5214685,800 North Park Ctr,Selah,WA,98942,509-697-3434,monday - friday:  7am - 9pm | saturday:  7am - 9pm | sunday:  7am - 9pm,#icon-1685-A52714,Latitude: 46.6650733<br>Longitude: -120.5214685<br>Street: 800 North Park Ctr<br>City: Selah<br>State: WA<br>Zip_Code: 98942<br>Phone: 509-697-3434<br>Open Hours: monday - friday:  7am - 9pm | saturday:  7am - 9pm | sunday:  7am - 9pm
Grocery Outlet,47.24799832,-122.29585459,900 Meridian Avenue East Suite 36,Milton,WA,98354,253-281-4740,monday - friday:  8am - 9pm | saturday:  8am - 9pm | sunday:  8am - 9pm,#icon-1685-A52714,Latitude: 47.24799832<br>Longitude: -122.29585459<br>Street: 900 Meridian Avenue East Suite 36<br>City: Milton<br>State: WA<br>Zip_Code: 98354<br>Phone: 253-281-4740<br>Open Hours: monday - friday:  8am - 9pm | saturday:  8am - 9pm | sunday:  8am - 9pm
Grocery Outlet,47.54568306,-116.17490146,20 Nearing Way,Smelterville,ID,83868,208-784-6009,monday - friday:  8am - 9pm | saturday:  8am - 9pm | sunday:  8am - 9pm,#icon-1685-A52714,Latitude: 47.54568306<br>Longitude: -116.17490146<br>Street: 20 Nearing Way<br>City: Smelterville<br>State: ID<br>Zip_Code: 83868<br>Phone: 208-784-6009<br>Open Hours: monday - friday:  8am - 9pm | saturday:  8am - 9pm | sunday:  8am - 9pm
Grocery Outlet,33.7495385,-117.809756,12932 Newport Ave Suite 20,Tustin,CA,92780,657-247-0470,monday - friday:  8am - 10pm | saturday:  8am - 10pm | sunday:  8am - 10pm,#icon-1685-A52714,Latitude: 33.7495385<br>Longitude: -117.809756<br>Street: 12932 Newport Ave Suite 20<br>City: Tustin<br>State: CA<br>Zip_Code: 92780<br>Phone: 657-247-0470<br>Open Hours: monday - friday:  8am - 10pm | saturday:  8am - 10pm | sunday:  8am - 10pm
Grocery Outlet,33.8585873,-118.1170605,5615 Woodruff Avenue,Lakewood,CA,90713,562-920-2900,monday - friday:  8am - 10pm | saturday:  8am - 10pm | sunday:  8am - 10pm,#icon-1685-A52714,Latitude: 33.8585873<br>Longitude: -118.1170605<br>Street: 5615 Woodruff Avenue<br>City: Lakewood<br>State: CA<br>Zip_Code: 90713<br>Phone: 562-920-2900<br>Open Hours: monday - friday:  8am - 10pm | saturday:  8am - 10pm | sunday:  8am - 10pm
Grocery Outlet,43.1214321,-123.4155199,151 Nw Douglas Blvd,Winston,OR,97496,541-679-7000,monday - friday:  8am-9pm | saturday:  8am-9pm | sunday:  8am-9pm,#icon-1685-A52714,Latitude: 43.1214321<br>Longitude: -123.4155199<br>Street: 151 Nw Douglas Blvd<br>City: Winston<br>State: OR<br>Zip_Code: 97496<br>Phone: 541-679-7000<br>Open Hours: monday - friday:  8am-9pm | saturday:  8am-9pm | sunday:  8am-9pm
Grocery Outlet,33.6406299,-117.9198165,1835 Newport Blvd Suite C140,Costa Mesa,CA,92627,949-642-5800,monday - friday:  9am - 9pm | saturday:  9am - 9pm | sunday:  9am - 9pm,#icon-1685-A52714,Latitude: 33.6406299<br>Longitude: -117.9198165<br>Street: 1835 Newport Blvd Suite C140<br>City: Costa Mesa<br>State: CA<br>Zip_Code: 92627<br>Phone: 949-642-5800<br>Open Hours: monday - friday:  9am - 9pm | saturday:  9am - 9pm | sunday:  9am - 9pm
Grocery Outlet,40.9092295,-121.6371839,37505 Hwy 299 East,Burney,CA,96013,530-335-5526,monday - friday:  7am - 10pm | saturday:  7am - 10pm | sunday:  7am - 10pm,#icon-1685-A52714,Latitude: 40.9092295<br>Longitude: -121.6371839<br>Street: 37505 Hwy 299 East<br>City: Burney<br>State: CA<br>Zip_Code: 96013<br>Phone: 530-335-5526<br>Open Hours: monday - friday:  7am - 10pm | saturday:  7am - 10pm | sunday:  7am - 10pm
Grocery Outlet,46.9366924,-122.5966334,1000 East Yelm Avenue,Yelm,WA,98597,360-400-0488,monday - friday:  7am - 9pm | saturday:  7am - 9pm | sunday:  7am - 9pm,#icon-1685-A52714,Latitude: 46.9366924<br>Longitude: -122.5966334<br>Street: 1000 East Yelm Avenue<br>City: Yelm<br>State: WA<br>Zip_Code: 98597<br>Phone: 360-400-0488<br>Open Hours: monday - friday:  7am - 9pm | saturday:  7am - 9pm | sunday:  7am - 9pm
Grocery Outlet,47.46691,-122.33597,236 Sw 152nd Street,Seattle,WA,98166,206-241-6005,monday - friday:  8am - 9pm | saturday:  8am - 9pm | sunday:  8am - 9pm,#icon-1685-A52714,Latitude: 47.46691<br>Longitude: -122.33597<br>Street: 236 Sw 152nd Street<br>City: Seattle<br>State: WA<br>Zip_Code: 98166<br>Phone: 206-241-6005<br>Open Hours: monday - friday:  8am - 9pm | saturday:  8am - 9pm | sunday:  8am - 9pm
Grocery Outlet,37.05537875,-120.83600795,1337 E Pacheco Boulevard Suite A,Los Banos,CA,93635,209-710-4165,monday - friday:  8am - 9pm | saturday:  8am - 9pm | sunday:  8am - 9pm,#icon-1685-A52714,Latitude: 37.05537875<br>Longitude: -120.83600795<br>Street: 1337 E Pacheco Boulevard Suite A<br>City: Los Banos<br>State: CA<br>Zip_Code: 93635<br>Phone: 209-710-4165<br>Open Hours: monday - friday:  8am - 9pm | saturday:  8am - 9pm | sunday:  8am - 9pm
Grocery Outlet,45.58889,-122.745639,7741 N Lombard,Portland,OR,97203,503-688-5565,monday - friday:  8am - 9pm | saturday:  8am - 9pm | sunday:  8am - 9pm,#icon-1685-A52714,Latitude: 45.58889<br>Longitude: -122.745639<br>Street: 7741 N Lombard<br>City: Portland<br>State: OR<br>Zip_Code: 97203<br>Phone: 503-688-5565<br>Open Hours: monday - friday:  8am - 9pm | saturday:  8am - 9pm | sunday:  8am - 9pm
Grocery Outlet,34.2780354,-118.7372235,2974 Cochran St Units K And L,Simi Valley,CA,93065,805-624-4300,monday - friday:  7am-9pm | saturday:  7am-9pm | sunday:  7am-9pm,#icon-1685-A52714,Latitude: 34.2780354<br>Longitude: -118.7372235<br>Street: 2974 Cochran St Units K And L<br>City: Simi Valley<br>State: CA<br>Zip_Code: 93065<br>Phone: 805-624-4300<br>Open Hours: monday - friday:  7am-9pm | saturday:  7am-9pm | sunday:  7am-9pm
Grocery Outlet,47.409561,-120.287145,315 Valley Mall Parkway 315,East Wenatchee,WA,98802,509-470-8477,monday - friday:  8am - 9pm | saturday:  8am - 9pm | sunday:  8am - 9pm,#icon-1685-A52714,Latitude: 47.409561<br>Longitude: -120.287145<br>Street: 315 Valley Mall Parkway 315<br>City: East Wenatchee<br>State: WA<br>Zip_Code: 98802<br>Phone: 509-470-8477<br>Open Hours: monday - friday:  8am - 9pm | saturday:  8am - 9pm | sunday:  8am - 9pm
Grocery Outlet,46.28059,-119.18743,5710 Road 68 Suite 103,Pasco,WA,99301,509-492-4564,monday - friday:  8am - 10pm | saturday:  8am - 10pm | sunday:  8am - 10pm,#icon-1685-A52714,Latitude: 46.28059<br>Longitude: -119.18743<br>Street: 5710 Road 68 Suite 103<br>City: Pasco<br>State: WA<br>Zip_Code: 99301<br>Phone: 509-492-4564<br>Open Hours: monday - friday:  8am - 10pm | saturday:  8am - 10pm | sunday:  8am - 10pm
Grocery Outlet,44.9293068,-123.3200132,258 W Ellendale Avenue,Dallas,OR,97338,503-751-1951,monday - friday:  8am-9pm | saturday:  8am-9pm | sunday:  8am-9pm,#icon-1685-A52714,Latitude: 44.9293068<br>Longitude: -123.3200132<br>Street: 258 W Ellendale Avenue<br>City: Dallas<br>State: OR<br>Zip_Code: 97338<br>Phone: 503-751-1951<br>Open Hours: monday - friday:  8am-9pm | saturday:  8am-9pm | sunday:  8am-9pm
Grocery Outlet,33.9403361,-117.9687019,2001 W Whittier Blvd,La Habra,CA,90631,562-691-7744,monday - friday:  7am - 10pm | saturday:  7am - 10pm | sunday:  7am - 10pm,#icon-1685-A52714,Latitude: 33.9403361<br>Longitude: -117.9687019<br>Street: 2001 W Whittier Blvd<br>City: La Habra<br>State: CA<br>Zip_Code: 90631<br>Phone: 562-691-7744<br>Open Hours: monday - friday:  7am - 10pm | saturday:  7am - 10pm | sunday:  7am - 10pm
Grocery Outlet,37.7762736,-120.8527639,808 N Yosemite Avenue,Oakdale,CA,95361,209-848-1778,monday - friday:  7-10 | saturday:  7-10 | sunday:  7-10,#icon-1685-A52714,Latitude: 37.7762736<br>Longitude: -120.8527639<br>Street: 808 N Yosemite Avenue<br>City: Oakdale<br>State: CA<br>Zip_Code: 95361<br>Phone: 209-848-1778<br>Open Hours: monday - friday:  7-10 | saturday:  7-10 | sunday:  7-10
Grocery Outlet,39.43507819,-76.31378188,1901 Pulaski Highway,Edgewood,MD,21040,410-417-9799,monday - friday:  8am - 9pm | saturday:  8am - 9pm | sunday:  8am - 9pm,#icon-1685-A52714,Latitude: 39.43507819<br>Longitude: -76.31378188<br>Street: 1901 Pulaski Highway<br>City: Edgewood<br>State: MD<br>Zip_Code: 21040<br>Phone: 410-417-9799<br>Open Hours: monday - friday:  8am - 9pm | saturday:  8am - 9pm | sunday:  8am - 9pm
Grocery Outlet,36.8401494,-121.3928687,550 Tres Pinos Road,Hollister,CA,95023,831-313-1567,monday - friday:  8am-10pm | saturday:  8am-10pm | sunday:  8am-10pm,#icon-1685-A52714,Latitude: 36.8401494<br>Longitude: -121.3928687<br>Street: 550 Tres Pinos Road<br>City: Hollister<br>State: CA<br>Zip_Code: 95023<br>Phone: 831-313-1567<br>Open Hours: monday - friday:  8am-10pm | saturday:  8am-10pm | sunday:  8am-10pm
Grocery Outlet,38.11149,-122.2279,66 Admiral Callaghan Lane,Vallejo,CA,94591,707-644-6581,monday - friday:  7-9 | saturday:  7-9 | sunday:  7-9,#icon-1685-A52714,Latitude: 38.11149<br>Longitude: -122.2279<br>Street: 66 Admiral Callaghan Lane<br>City: Vallejo<br>State: CA<br>Zip_Code: 94591<br>Phone: 707-644-6581<br>Open Hours: monday - friday:  7-9 | saturday:  7-9 | sunday:  7-9
Grocery Outlet,36.9745335,-120.0795044,1930 W Cleveland Avenue,Madera,CA,93637,559-673-4400,monday - friday:  7am - 9pm | saturday:  7am - 9pm | sunday:  7am - 9pm,#icon-1685-A52714,Latitude: 36.9745335<br>Longitude: -120.0795044<br>Street: 1930 W Cleveland Avenue<br>City: Madera<br>State: CA<br>Zip_Code: 93637<br>Phone: 559-673-4400<br>Open Hours: monday - friday:  7am - 9pm | saturday:  7am - 9pm | sunday:  7am - 9pm
Grocery Outlet,32.6050622,-117.0663757,1340 3rd Avenue,Chula Vista,CA,91911,619-427-4270,monday - friday:  7am - 10pm | saturday:  7am - 10pm | sunday:  7am - 10pm,#icon-1685-A52714,Latitude: 32.6050622<br>Longitude: -117.0663757<br>Street: 1340 3rd Avenue<br>City: Chula Vista<br>State: CA<br>Zip_Code: 91911<br>Phone: 619-427-4270<br>Open Hours: monday - friday:  7am - 10pm | saturday:  7am - 10pm | sunday:  7am - 10pm
Grocery Outlet,32.837482,-116.984538,9759 Mission Gorge Rd,Santee,CA,92071,619-258-2577,monday - friday:  8am - 10pm | saturday:  8am - 10pm | sunday:  8am - 10pm,#icon-1685-A52714,Latitude: 32.837482<br>Longitude: -116.984538<br>Street: 9759 Mission Gorge Rd<br>City: Santee<br>State: CA<br>Zip_Code: 92071<br>Phone: 619-258-2577<br>Open Hours: monday - friday:  8am - 10pm | saturday:  8am - 10pm | sunday:  8am - 10pm
