"location_id","retailer","domain_name","banner","polaris_banner_name","operating_status","address","city","state","zip_code","country","timezone","local_page","distance_miles","pickup_available","dug_available","delivery_available","non_migrated_store","first_found_from_zip"
"1813","Carrs","Carrs","","carrsqc","ACTIVE","1501 Huffman Rd","Anchorage","AK","99515","US","America/Anchorage","https://local.carrsqc.com/ak/anchorage/1501-huffman-rd.html","7.59","True","True","True","False","99501"
"1805","Carrs","Carrs","","carrsqc","ACTIVE","1650 W Northern Lights Blvd","Anchorage","AK","99517","US","America/Anchorage","https://local.carrsqc.com/ak/anchorage/1650-w-northern-lights-blvd.html","2.76","True","True","True","False","99501"
"2628","Carrs","Carrs","","carrsqc","ACTIVE","1725 Abbott Rd","Anchorage","AK","99507","US","America/Anchorage","https://local.carrsqc.com/ak/anchorage/1725-abbott-rd.html","5.32","True","True","True","False","99501"
"720","Carrs","Carrs","","carrsqc","ACTIVE","2920 Seward Hwy","Anchorage","AK","99503","US","America/Anchorage","https://local.carrsqc.com/ak/anchorage/2920-seward-hwy.html","1.87","True","True","True","False","99501"
"1812","Carrs","Carrs","","carrsqc","ACTIVE","4000 W Dimond Blvd","Anchorage","AK","99502","US","America/Anchorage","https://local.carrsqc.com/ak/anchorage/4000-w-dimond-blvd.html","6.66","True","True","True","False","99501"
"1809","Carrs","Carrs","","carrsqc","ACTIVE","5600 Debarr Rd","Anchorage","AK","99504","US","America/Anchorage","https://local.carrsqc.com/ak/anchorage/5600-debarr-rd.html","2.55","True","True","True","False","99501"
"1817","Carrs","Carrs","","carrsqc","ACTIVE","7731 E Northern Lights Blvd","Anchorage","AK","99504","US","America/Anchorage","https://local.carrsqc.com/ak/anchorage/7731-e-northern-lights-blvd.html","4.1","True","True","True","False","99501"
"1807","Carrs","Carrs","","carrsqc","ACTIVE","11409 Business Park Blvd","Eagle River","AK","99577","US","America/Anchorage","https://local.carrsqc.com/ak/eagle-river/11409-business-park-blvd.html","11.77","True","True","True","False","99501"
"1739","Carrs","Carrs","","carrsqc","ACTIVE","664 E Palmer-Wasilla Hwy","Palmer","AK","99645","US","America/Anchorage","https://local.carrsqc.com/ak/palmer/664-e-palmer-wasilla-hwy.html","35.51","True","True","True","False","99501"
"1811","Carrs","Carrs","","carrsqc","ACTIVE","595 E Parks Hwy","Wasilla","AK","99654","US","America/Anchorage","https://local.carrsqc.com/ak/wasilla/595-e-parks-hwy.html","28.67","True","True","True","False","99501"
"1839","Eagle","Eagle","","carrsqc","ACTIVE","147 Hightower Rd","Girdwood","AK","99587","US","America/Anchorage","https://local.safeway.com/safeway/ak/girdwood/147-hightower-rd.html","29.79","True","True","False","False","99501"
"1835","Eagle","Eagle","","carrsqc","ACTIVE","415 Bering St","Nome","AK","99762","US","America/Anchorage","https://local.safeway.com/safeway/ak/nome/415-bering-st.html","503.46","True","True","False","False","99709"
"4819","Market Center","Market Center","","safeway","ACTIVE","210 Baranof St","Sitka","AK","99835","US","America/Anchorage","http://local.safeway.com/index.html","92.71","False","False","False","False","99801"
"3410","Safeway","Safeway","","safeway","ACTIVE","30 College Rd","Fairbanks","AK","99701","US","America/Anchorage","https://local.safeway.com/safeway/ak/fairbanks/30-college-rd.html","260.13","True","True","True","False","99501"
"2754","Safeway","Safeway","","safeway","ACTIVE","3627 Airport Way","Fairbanks","AK","99709","US","America/Anchorage","https://local.safeway.com/safeway/ak/fairbanks/3627-airport-way.html","258.21","True","True","True","False","99501"
"1832","Safeway","Safeway","","safeway","ACTIVE","90 Sterling Hwy","Homer","AK","99603","US","America/Anchorage","https://local.safeway.com/safeway/ak/homer/90-sterling-hwy.html","123.2","True","True","True","False","99501"
"1820","Safeway","Safeway","","safeway","ACTIVE","3033 Vintage Blvd","Juneau","AK","99801","US","America/Anchorage","https://local.safeway.com/safeway/ak/juneau/3033-vintage-blvd.html","7.94","True","True","True","False","99801"
"1808","Safeway","Safeway","","safeway","ACTIVE","10576 Kenai Spur Hwy","Kenai","AK","99611","US","America/Anchorage","https://local.safeway.com/safeway/ak/kenai/10576-kenai-spur-hwy.html","65.31","True","True","False","False","99501"
"1818","Safeway","Safeway","","safeway","ACTIVE","2417 Tongass Ave","Ketchikan","AK","99901","US","America/Anchorage","https://local.safeway.com/safeway/ak/ketchikan/2417-tongass-ave.html","229.19","True","True","False","False","99801"
"1090","Safeway","Safeway","","safeway","ACTIVE","2685 Mill Bay Rd","Kodiak","AK","99615","US","America/Anchorage","https://local.safeway.com/safeway/ak/kodiak/2685-mill-bay-rd.html","251.71","True","True","False","False","99501"
"1821","Safeway","Safeway","","safeway","ACTIVE","301 N Santa Claus Ln","North Pole","AK","99705","US","America/Anchorage","https://local.safeway.com/safeway/ak/north-pole/301-n-santa-claus-ln.html","256.98","True","True","True","False","99501"
"2728","Safeway","Safeway","","safeway","ACTIVE","1907 Seward Hwy","Seward","AK","99664","US","America/Anchorage","https://local.safeway.com/safeway/ak/seward/1907-seward-hwy.html","76.88","True","True","False","False","99501"
"548","Safeway","Safeway","","safeway","ACTIVE","44428 Sterling Hwy","Soldotna","AK","99669","US","America/Anchorage","https://local.safeway.com/safeway/ak/soldotna/44428-sterling-hwy.html","65.38","True","True","False","False","99501"
"1833","Safeway","Safeway","","safeway","ACTIVE","1313 Meals St","Valdez","AK","99686","US","America/Anchorage","https://local.safeway.com/safeway/ak/valdez/1313-meals-st.html","116.91","True","True","False","False","99501"
"4818","SeaMart","SeaMart","","safeway","ACTIVE","1867 Halibut Point Road","Sitka","AK","99835","US","America/Anchorage","http://local.safeway.com/index.html","92.23","True","True","False","False","99801"
"611","Albertsons","Albertsons","","albertsons","ACTIVE","3710 State Line Ave","Texarkana","AR","71854","US","America/Chicago","https://local.albertsons.com/ar/texarkana/3710-state-line-ave.html","9.06","True","True","True","False","71854"
"1221","Albertsons","Albertsons","","albertsons","ACTIVE","2935 E Riggs Rd","Chandler","AZ","85249","US","America/Phoenix","https://local.albertsons.com/az/chandler/2935-e-riggs-rd.html","15.04","True","True","True","False","85048"
"981","Albertsons","Albertsons","","albertsons","ACTIVE","3145 S Alma School Rd","Chandler","AZ","85248","US","America/Phoenix","https://local.albertsons.com/az/chandler/3145-s-alma-school-rd.html","8.65","True","True","True","False","85044"
"2997","Albertsons","Albertsons","","albertsons","ACTIVE","4060 W Ray Rd","Chandler","AZ","85226","US","America/Phoenix","https://local.albertsons.com/az/chandler/4060-w-ray-rd.html","8.04","True","True","True","False","85042"
"23","Albertsons","Albertsons","","albertsons","ACTIVE","861 E Warner Rd","Gilbert","AZ","85296","US","America/Phoenix","https://local.albertsons.com/az/gilbert/861-e-warner-rd.html","12.54","True","True","True","False","85044"
"3941","Albertsons","Albertsons","","albertsons","ACTIVE","5040 W Cactus Rd","Glendale","AZ","85304","US","America/Phoenix","https://local.albertsons.com/az/glendale/5040-w-cactus-rd.html","11.65","True","True","True","False","85001"
"3204","Albertsons","Albertsons","","albertsons","ACTIVE","1980 Mcculloch Blvd","Lake Havasu City","AZ","86403","US","America/Phoenix","https://local.albertsons.com/az/lake-havasu-city/1980-mcculloch-blvd.html","124.07","True","True","True","False","85364"
"3926","Albertsons","Albertsons","","albertsons","ACTIVE","12970 W Indian School Rd","Litchfield Park","AZ","85340","US","America/Phoenix","https://local.albertsons.com/az/litchfield-park/12970-w-indian-school-rd.html","146.19","True","True","True","False","85364"
"980","Albertsons","Albertsons","","albertsons","ACTIVE","1951 W Baseline Rd","Mesa","AZ","85202","US","America/Phoenix","https://local.albertsons.com/az/mesa/1951-w-baseline-rd.html","8.8","True","True","True","False","85251"
"3989","Albertsons","Albertsons","","albertsons","ACTIVE","2727 N Power Rd","Mesa","AZ","85215","US","America/Phoenix","https://local.albertsons.com/az/mesa/2727-n-power-rd.html","9.68","True","True","True","False","85201"
"958","Albertsons","Albertsons","","albertsons","ACTIVE","325 S Power Rd","Mesa","AZ","85206","US","America/Phoenix","https://local.albertsons.com/az/mesa/325-s-power-rd.html","9.52","True","True","True","False","85201"
"1948","Albertsons","Albertsons","","albertsons","ACTIVE","441 N Val Vista Dr","Mesa","AZ","85213","US","America/Phoenix","https://local.albertsons.com/az/mesa/441-n-val-vista-dr.html","9.67","True","True","True","False","85257"
"1002","Albertsons","Albertsons","","albertsons","ACTIVE","9243 E Baseline Rd","Mesa","AZ","85209","US","America/Phoenix","https://local.albertsons.com/az/mesa/9243-e-baseline-rd.html","9.3","True","True","True","False","85213"
"991","Albertsons","Albertsons","","albertsons","ACTIVE","8240 W Deer Valley Rd","Peoria","AZ","85382","US","America/Phoenix","https://local.albertsons.com/az/peoria/8240-w-deer-valley-rd.html","7.4","True","True","True","False","85304"
"1971","Albertsons","Albertsons","","albertsons","ACTIVE","8950 W Bell Rd","Peoria","AZ","85382","US","America/Phoenix","https://local.albertsons.com/az/peoria/8950-w-bell-rd.html","10.74","True","True","True","False","85021"
"2985","Albertsons","Albertsons","","albertsons","ACTIVE","18411 N Cave Creek Rd","Phoenix","AZ","85032","US","America/Phoenix","https://local.albertsons.com/az/phoenix/18411-n-cave-creek-rd.html","10.58","True","True","True","False","85013"
"25","Albertsons","Albertsons","","albertsons","ACTIVE","21001 N Tatum Blvd Suite 76","Phoenix","AZ","85050","US","America/Phoenix","https://local.albertsons.com/az/phoenix/21001-n-tatum-blvd-suite-76.html","9.33","True","True","True","False","85020"
"4","Albertsons","Albertsons","","albertsons","ACTIVE","3130 W Carefree Hwy","Phoenix","AZ","85086","US","America/Phoenix","https://local.albertsons.com/az/phoenix/3130-w-carefree-hwy.html","109.94","True","True","True","False","86001"
"2952","Albertsons","Albertsons","","albertsons","ACTIVE","8035 N 19th Ave","Phoenix","AZ","85021","US","America/Phoenix","https://local.albertsons.com/az/phoenix/8035-n-19th-ave.html","7.41","True","True","True","False","85001"
"197","Albertsons","Albertsons","","albertsons","ACTIVE","11475 E Via Linda","Scottsdale","AZ","85259","US","America/Phoenix","https://local.albertsons.com/az/scottsdale/11475-e-via-linda.html","8.07","True","True","True","False","85251"
"2955","Albertsons","Albertsons","","albertsons","ACTIVE","2785 N Scottsdale Rd","Scottsdale","AZ","85257","US","America/Phoenix","https://local.albertsons.com/az/scottsdale/2785-n-scottsdale-rd.html","8.66","True","True","True","False","85001"
"966","Albertsons","Albertsons","","albertsons","ACTIVE","6965 N Hayden Rd","Scottsdale","AZ","85250","US","America/Phoenix","https://local.albertsons.com/az/scottsdale/6965-n-hayden-rd.html","11.23","True","True","True","False","85001"
"977","Albertsons","Albertsons","","albertsons","ACTIVE","14551 W Grand Ave","Surprise","AZ","85374","US","America/Phoenix","https://local.albertsons.com/az/surprise/14551-w-grand-ave.html","148.63","True","True","True","False","85364"
"3203","Albertsons","Albertsons","","albertsons","ACTIVE","1350 N Silverbell Rd","Tucson","AZ","85745","US","America/Phoenix","https://local.albertsons.com/az/tucson/1350-n-silverbell-rd.html","37.13","True","True","True","False","85602"
"961","Albertsons","Albertsons","","albertsons","ACTIVE","2854 N Campbell Ave","Tucson","AZ","85719","US","America/Phoenix","https://local.albertsons.com/az/tucson/2854-n-campbell-ave.html","63.14","True","True","True","False","85635"
"2988","Albertsons","Albertsons","","albertsons","ACTIVE","5085 N La Canada Dr","Tucson","AZ","85704","US","America/Phoenix","https://local.albertsons.com/az/tucson/5085-n-la-canada-dr.html","37.6","True","True","True","False","85602"
"963","Albertsons","Albertsons","","albertsons","ACTIVE","6600 E Grant Rd","Tucson","AZ","85715","US","America/Phoenix","https://local.albertsons.com/az/tucson/6600-e-grant-rd.html","59.07","True","True","True","False","85635"
"960","Albertsons","Albertsons","","albertsons","ACTIVE","7300 N La Cholla Blvd","Tucson","AZ","85741","US","America/Phoenix","https://local.albertsons.com/az/tucson/7300-n-la-cholla-blvd.html","22.54","True","True","True","False","85747"
"3931","Albertsons","Albertsons","","albertsons","ACTIVE","2378 W 24th St","Yuma","AZ","85364","US","America/Phoenix","https://local.albertsons.com/az/yuma/2378-w-24th-st.html","2.28","True","True","True","False","85364"
"2951","Albertsons","Albertsons","","albertsons","ACTIVE","252 W 32nd St","Yuma","AZ","85364","US","America/Phoenix","https://local.albertsons.com/az/yuma/252-w-32nd-st.html","4.11","True","True","True","False","85364"
"253","Safeway","Safeway","","safeway","ACTIVE","3185 W Apache Trail","Apache Junction","AZ","85120","US","America/Phoenix","https://local.safeway.com/safeway/az/apache-junction/3185-w-apache-trail.html","57.45","True","True","True","False","85541"
"1275","Safeway","Safeway","","safeway","ACTIVE","599 W 4th St","Benson","AZ","85602","US","America/Phoenix","https://local.safeway.com/safeway/az/benson/599-w-4th-st.html","26.88","True","True","True","False","85635"
"261","Safeway","Safeway","","safeway","ACTIVE","101 Naco Hwy","Bisbee","AZ","85603","US","America/Phoenix","https://local.safeway.com/safeway/az/bisbee/101-naco-hwy.html","21.68","True","True","False","False","85635"
"248","Safeway","Safeway","","safeway","ACTIVE","1751 Hwy 95","Bullhead City","AZ","86442","US","America/Phoenix","https://local.safeway.com/safeway/az/bullhead-city/1751-hwy-95.html","46.56","True","True","True","False","86403"
"1706","Safeway","Safeway","","safeway","ACTIVE","1637 N Trekell Rd","Casa Grande","AZ","85122","US","America/Phoenix","https://local.safeway.com/safeway/az/casa-grande/1637-n-trekell-rd.html","32.12","True","True","True","False","85132"
"1543","Safeway","Safeway","","safeway","ACTIVE","29834 N Cave Creek Rd","Cave Creek","AZ","85331","US","America/Phoenix","https://local.safeway.com/safeway/az/cave-creek/29834-n-cave-creek-rd.html","111.64","True","True","True","False","86001"
"1605","Safeway","Safeway","","safeway","ACTIVE","1060 E Ray Rd","Chandler","AZ","85225","US","America/Phoenix","https://local.safeway.com/safeway/az/chandler/1060-e-ray-rd.html","9.58","True","True","True","False","85044"
"1604","Safeway","Safeway","","safeway","ACTIVE","1159 W Chandler Blvd","Chandler","AZ","85224","US","America/Phoenix","https://local.safeway.com/safeway/az/chandler/1159-w-chandler-blvd.html","11.16","True","True","True","False","85042"
"1566","Safeway","Safeway","","safeway","ACTIVE","4970 S Alma School Rd","Chandler","AZ","85248","US","America/Phoenix","https://local.safeway.com/safeway/az/chandler/4970-s-alma-school-rd.html","9.54","True","True","True","False","85044"
"1747","Safeway","Safeway","","safeway","ACTIVE","1031 N US Hwy 89","Chino Valley","AZ","86323","US","America/Phoenix","https://local.safeway.com/safeway/az/chino-valley/1031-n-us-hwy-89.html","56.98","True","True","False","False","86001"
"1732","Safeway","Safeway","","safeway","ACTIVE","1449 N Arizona Blvd","Coolidge","AZ","85128","US","America/Phoenix","https://local.safeway.com/safeway/az/coolidge/1449-n-arizona-blvd.html","16.06","True","True","True","False","85142"
"2052","Safeway","Safeway","","safeway","ACTIVE","1635 E Cottonwood St","Cottonwood","AZ","86326","US","America/Phoenix","https://local.safeway.com/safeway/az/cottonwood/1635-e-cottonwood-st.html","45.96","True","True","True","False","86001"
"2028","Safeway","Safeway","","safeway","ACTIVE","1201 S Plaza Way","Flagstaff","AZ","86001","US","America/Phoenix","https://local.safeway.com/safeway/az/flagstaff/1201-s-plaza-way.html","13.06","True","True","False","False","86001"
"1225","Safeway","Safeway","","safeway","ACTIVE","1500 E Cedar Ave","Flagstaff","AZ","86004","US","America/Phoenix","https://local.safeway.com/safeway/az/flagstaff/1500-e-cedar-ave.html","12.52","True","True","True","False","86001"
"270","Safeway","Safeway","","safeway","ACTIVE","4910 N Hwy 89","Flagstaff","AZ","86004","US","America/Phoenix","https://local.safeway.com/safeway/az/flagstaff/4910-n-hwy-89.html","13.91","True","True","True","False","86001"
"2835","Safeway","Safeway","","safeway","ACTIVE","3325 N Hunt Hwy","Florence","AZ","85132","US","America/Phoenix","https://local.safeway.com/safeway/az/florence/3325-n-hunt-hwy.html","117.52","True","True","True","False","85935"
"1474","Safeway","Safeway","","safeway","ACTIVE","4823 S Hwy 95","Fort Mohave","AZ","86426","US","America/Phoenix","https://local.safeway.com/safeway/az/fort-mohave/4823-s-hwy-95.html","39.89","True","True","True","False","86403"
"1291","Safeway","Safeway","","safeway","ACTIVE","13733 Fountain Hills Blvd","Fountain Hills","AZ","85268","US","America/Phoenix","https://local.safeway.com/safeway/az/fountain-hills/13733-fountain-hills-blvd.html","9.5","True","True","True","False","85260"
"343","Safeway","Safeway","","safeway","ACTIVE","3960 S Val Vista Dr","Gilbert","AZ","85297","US","America/Phoenix","https://local.safeway.com/safeway/az/gilbert/3960-s-val-vista-dr.html","11.03","True","True","True","False","85284"
"1748","Safeway","Safeway","","safeway","ACTIVE","5137 E Baseline Rd","Gilbert","AZ","85234","US","America/Phoenix","https://local.safeway.com/safeway/az/gilbert/5137-e-baseline-rd.html","7.98","True","True","True","False","85201"
"1534","Safeway","Safeway","","safeway","ACTIVE","90 S Val Vista Dr","Gilbert","AZ","85296","US","America/Phoenix","https://local.safeway.com/safeway/az/gilbert/90-s-val-vista-dr.html","10.27","True","True","True","False","85284"
"1510","Safeway","Safeway","","safeway","ACTIVE","20205 N 67th Ave #100","Glendale","AZ","85308","US","America/Phoenix","https://local.safeway.com/safeway/az/glendale/20205-n-67th-ave-100.html","9.72","True","True","True","False","85021"
"2821","Safeway","Safeway","","safeway","ACTIVE","3800 W Happy Valley Rd","Glendale","AZ","85310","US","America/Phoenix","https://local.safeway.com/safeway/az/glendale/3800-w-happy-valley-rd.html","7.62","True","True","True","False","85022"
"3187","Safeway","Safeway","","safeway","ACTIVE","240 S Hill St","Globe","AZ","85501","US","America/Phoenix","https://local.safeway.com/safeway/az/globe/240-s-hill-st.html","69.75","True","True","False","False","85552"
"1511","Safeway","Safeway","","safeway","ACTIVE","14175 W Indian School Rd","Goodyear","AZ","85395","US","America/Phoenix","https://local.safeway.com/safeway/az/goodyear/14175-w-indian-school-rd.html","144.52","True","True","True","False","85364"
"2618","Safeway","Safeway","","safeway","ACTIVE","440 N Estrella Pkwy","Goodyear","AZ","85338","US","America/Phoenix","https://local.safeway.com/safeway/az/goodyear/440-n-estrella-pkwy.html","142.08","True","True","True","False","85364"
"3151","Safeway","Safeway","","safeway","ACTIVE","9890 S Estrella Pkwy","Goodyear","AZ","85338","US","America/Phoenix","https://local.safeway.com/safeway/az/goodyear/9890-s-estrella-pkwy.html","138.06","True","True","True","False","85364"
"1771","Safeway","Safeway","","safeway","ACTIVE","1305 W Duval Mine Rd","Green Valley","AZ","85614","US","America/Phoenix","https://local.safeway.com/safeway/az/green-valley/1305-w-duval-mine-rd.html","50.75","True","True","True","False","85635"
"2044","Safeway","Safeway","","safeway","ACTIVE","260 W Continental Rd","Green Valley","AZ","85622","US","America/Phoenix","https://local.safeway.com/safeway/az/green-valley/260-w-continental-rd.html","49.66","True","True","True","False","85635"
"3189","Safeway","Safeway","","safeway","ACTIVE","702 W Hopi Dr","Holbrook","AZ","86025","US","America/Phoenix","https://local.safeway.com/safeway/az/holbrook/702-w-hopi-dr.html","95.57","True","True","True","False","86001"
"2017","Safeway","Safeway","","safeway","ACTIVE","3125 Stockton Hill Rd","Kingman","AZ","86401","US","America/Phoenix","https://local.safeway.com/safeway/az/kingman/3125-stockton-hill-rd.html","53.83","True","True","True","False","86403"
"1887","Safeway","Safeway","","safeway","ACTIVE","3970 Stockton Hill Rd","Kingman","AZ","86409","US","America/Phoenix","https://local.safeway.com/safeway/az/kingman/3970-stockton-hill-rd.html","55.4","True","True","True","False","86403"
"216","Safeway","Safeway","","safeway","ACTIVE","1650 Mcculloch Blvd N","Lake Havasu City","AZ","86403","US","America/Phoenix","https://local.safeway.com/safeway/az/lake-havasu-city/1650-mcculloch-blvd-n.html","123.86","True","True","False","False","85364"
"2709","Safeway","Safeway","","safeway","ACTIVE","5035 W Baseline Rd","Laveen","AZ","85339","US","America/Phoenix","https://local.safeway.com/safeway/az/laveen/5035-w-baseline-rd.html","7.53","True","True","True","False","85001"
"247","Safeway","Safeway","","safeway","ACTIVE","1225 W Guadalupe","Mesa","AZ","85202","US","America/Phoenix","https://local.safeway.com/safeway/az/mesa/1225-w-guadalupe.html","10.05","True","True","True","False","85251"
"2644","Safeway","Safeway","","safeway","ACTIVE","1855 N Power Rd","Mesa","AZ","85205","US","America/Phoenix","https://local.safeway.com/safeway/az/mesa/1855-n-power-rd.html","9.46","True","True","True","False","85201"
"1717","Safeway","Safeway","","safeway","ACTIVE","1902 W Main St","Mesa","AZ","85201","US","America/Phoenix","https://local.safeway.com/safeway/az/mesa/1902-w-main-st.html","11.61","True","True","True","False","85001"
"1637","Safeway","Safeway","","safeway","ACTIVE","3622 E Southern Ave","Mesa","AZ","85206","US","America/Phoenix","https://local.safeway.com/safeway/az/mesa/3622-e-southern-ave.html","10.46","True","True","True","False","85257"
"2922","Safeway","Safeway","","safeway","ACTIVE","4316 S Signal Butte Rd","Mesa","AZ","85212","US","America/Phoenix","https://local.safeway.com/safeway/az/mesa/4316-s-signal-butte-rd.html","6.99","True","True","True","False","85206"
"1229","Safeway","Safeway","","safeway","ACTIVE","465 W Mariposa Rd","Nogales","AZ","85621","US","America/Phoenix","https://local.safeway.com/safeway/az/nogales/465-w-mariposa-rd.html","45.71","True","True","True","False","85635"
"1521","Safeway","Safeway","","safeway","ACTIVE","12122 N Rancho Vistoso Blvd","Oro Valley","AZ","85755","US","America/Phoenix","https://local.safeway.com/safeway/az/oro-valley/12122-n-rancho-vistoso-blvd.html","53.4","True","True","True","False","85643"
"249","Safeway","Safeway","","safeway","ACTIVE","650 Elm St","Page","AZ","86040","US","America/Phoenix","https://local.safeway.com/safeway/az/page/650-elm-st.html","108.9","True","True","True","False","86001"
"2075","Safeway","Safeway","","safeway","ACTIVE","121 W Riverside Dr","Parker","AZ","85344","US","America/Phoenix","https://local.safeway.com/safeway/az/parker/121-w-riverside-dr.html","102.89","True","True","True","False","85364"
"1536","Safeway","Safeway","","safeway","ACTIVE","401 State Route 260","Payson","AZ","85541","US","America/Phoenix","https://local.safeway.com/safeway/az/payson/401-state-route-260.html","81.53","True","True","True","False","86001"
"1662","Safeway","Safeway","","safeway","ACTIVE","10641 W Olive Ave","Peoria","AZ","85345","US","America/Phoenix","https://local.safeway.com/safeway/az/peoria/10641-w-olive-ave.html","150.63","True","True","True","False","85364"
"1841","Safeway","Safeway","","safeway","ACTIVE","12320 N 83rd Ave","Peoria","AZ","85381","US","America/Phoenix","https://local.safeway.com/safeway/az/peoria/12320-n-83rd-ave.html","10.76","True","True","True","False","85013"
"2799","Safeway","Safeway","","safeway","ACTIVE","28455 N Vistancia Blvd","Peoria","AZ","85383","US","America/Phoenix","https://local.safeway.com/safeway/az/peoria/28455-n-vistancia-blvd.html","154.09","True","True","True","False","85364"
"72","Safeway","Safeway","","safeway","ACTIVE","8010 W Happy Valley Rd","Peoria","AZ","85383","US","America/Phoenix","https://local.safeway.com/safeway/az/peoria/8010-w-happy-valley-rd.html","9.02","True","True","True","False","85304"
"1980","Safeway","Safeway","","safeway","ACTIVE","1334 E Chandler Blvd","Phoenix","AZ","85048","US","America/Phoenix","https://local.safeway.com/safeway/az/phoenix/1334-e-chandler-blvd.html","9.94","True","True","True","False","85001"
"1979","Safeway","Safeway","","safeway","ACTIVE","13440 N 7th St","Phoenix","AZ","85022","US","America/Phoenix","https://local.safeway.com/safeway/az/phoenix/13440-n-7th-st.html","11.0","True","True","True","False","85001"
"2042","Safeway","Safeway","","safeway","ACTIVE","3132 E Camelback Rd","Phoenix","AZ","85016","US","America/Phoenix","https://local.safeway.com/safeway/az/phoenix/3132-e-camelback-rd.html","5.32","True","True","True","False","85001"
"2651","Safeway","Safeway","","safeway","ACTIVE","340 E Mcdowell Rd","Phoenix","AZ","85004","US","America/Phoenix","https://local.safeway.com/safeway/az/phoenix/340-e-mcdowell-rd.html","1.13","True","True","True","False","85001"
"240","Safeway","Safeway","","safeway","ACTIVE","3450 W Bell Rd","Phoenix","AZ","85053","US","America/Phoenix","https://local.safeway.com/safeway/az/phoenix/3450-w-bell-rd.html","9.57","True","True","True","False","85013"
"3334","Safeway","Safeway","","safeway","ACTIVE","3655 W Anthem Way","Phoenix","AZ","85086","US","America/Phoenix","https://local.safeway.com/safeway/az/phoenix/3655-w-anthem-way.html","105.65","True","True","True","False","86001"
"1201","Safeway","Safeway","","safeway","ACTIVE","4005 E Chandler Blvd","Phoenix","AZ","85048","US","America/Phoenix","https://local.safeway.com/safeway/az/phoenix/4005-e-chandler-blvd.html","11.02","True","True","True","False","85001"
"752","Safeway","Safeway","","safeway","ACTIVE","4747 E Elliot Rd","Phoenix","AZ","85044","US","America/Phoenix","https://local.safeway.com/safeway/az/phoenix/4747-e-elliot-rd.html","8.71","True","True","True","False","85001"
"2097","Safeway","Safeway","","safeway","ACTIVE","4747 E Greenway Rd","Phoenix","AZ","85032","US","America/Phoenix","https://local.safeway.com/safeway/az/phoenix/4747-e-greenway-rd.html","9.29","True","True","True","False","85251"
"2716","Safeway","Safeway","","safeway","ACTIVE","4750 E Indian School Rd","Phoenix","AZ","85018","US","America/Phoenix","https://local.safeway.com/safeway/az/phoenix/4750-e-indian-school-rd.html","6.14","True","True","True","False","85001"
"1654","Safeway","Safeway","","safeway","ACTIVE","4811 N 83rd Ave","Phoenix","AZ","85033","US","America/Phoenix","https://local.safeway.com/safeway/az/phoenix/4811-n-83rd-ave.html","10.35","True","True","True","False","85001"
"174","Safeway","Safeway","","safeway","ACTIVE","520 W Osborn Rd","Phoenix","AZ","85013","US","America/Phoenix","https://local.safeway.com/safeway/az/phoenix/520-w-osborn-rd.html","2.75","True","True","True","False","85001"
"413","Safeway","Safeway","","safeway","ACTIVE","550 E Bell Rd","Phoenix","AZ","85022","US","America/Phoenix","https://local.safeway.com/safeway/az/phoenix/550-e-bell-rd.html","9.31","True","True","True","False","85013"
"1591","Safeway","Safeway","","safeway","ACTIVE","6202 S 16th St","Phoenix","AZ","85042","US","America/Phoenix","https://local.safeway.com/safeway/az/phoenix/6202-s-16th-st.html","4.29","True","True","True","False","85001"
"1515","Safeway","Safeway","","safeway","ACTIVE","810 E Glendale Ave","Phoenix","AZ","85020","US","America/Phoenix","https://local.safeway.com/safeway/az/phoenix/810-e-glendale-ave.html","6.21","True","True","True","False","85001"
"2069","Safeway","Safeway","","safeway","ACTIVE","20 W White Mountain Blvd","Pinetop-Lakeside","AZ","85935","US","America/Phoenix","https://local.safeway.com/safeway/az/pinetop-lakeside/20-w-white-mountain-blvd.html","120.43","True","True","True","False","86004"
"245","Safeway","Safeway","","safeway","ACTIVE","1044 Willow Creek Rd","Prescott","AZ","86301","US","America/Phoenix","https://local.safeway.com/safeway/az/prescott/1044-willow-creek-rd.html","68.81","True","True","False","False","86001"
"274","Safeway","Safeway","","safeway","ACTIVE","450 White Spar Rd","Prescott","AZ","86303","US","America/Phoenix","https://local.safeway.com/safeway/az/prescott/450-white-spar-rd.html","70.2","True","True","True","False","86001"
"1055","Safeway","Safeway","","safeway","ACTIVE","7720 E Hwy 69","Prescott Valley","AZ","86314","US","America/Phoenix","https://local.safeway.com/safeway/az/prescott-valley/7720-e-hwy-69.html","62.44","True","True","True","False","86001"
"1819","Safeway","Safeway","","safeway","ACTIVE","18495 E Queen Creek Rd","Queen Creek","AZ","85142","US","America/Phoenix","https://local.safeway.com/safeway/az/queen-creek/18495-e-queen-creek-rd.html","9.08","True","True","True","False","85206"
"209","Safeway","Safeway","","safeway","ACTIVE","22983 E Riggs Rd","Queen Creek","AZ","85142","US","America/Phoenix","https://local.safeway.com/safeway/az/queen-creek/22983-e-riggs-rd.html","13.54","True","True","True","False","85249"
"3173","Safeway","Safeway","","safeway","ACTIVE","40950 N Ironwood Rd","San Tan Valley","AZ","85140","US","America/Phoenix","https://local.safeway.com/safeway/az/san-tan-valley/40950-n-ironwood-rd.html","12.71","True","True","True","False","85206"
"2032","Safeway","Safeway","","safeway","ACTIVE","10773 N Scottsdale Rd","Scottsdale","AZ","85254","US","America/Phoenix","https://local.safeway.com/safeway/az/scottsdale/10773-n-scottsdale-rd.html","5.92","True","True","True","False","85251"
"1549","Safeway","Safeway","","safeway","ACTIVE","14696 N Frank Lloyd Wright Blvd","Scottsdale","AZ","85260","US","America/Phoenix","https://local.safeway.com/safeway/az/scottsdale/14696-n-frank-lloyd-wright-blvd.html","8.79","True","True","True","False","85251"
"1663","Safeway","Safeway","","safeway","ACTIVE","20901 N Pima Rd","Scottsdale","AZ","85255","US","America/Phoenix","https://local.safeway.com/safeway/az/scottsdale/20901-n-pima-rd.html","10.49","True","True","True","False","85250"
"1253","Safeway","Safeway","","safeway","ACTIVE","23565 N Scottsdale Rd","Scottsdale","AZ","85255","US","America/Phoenix","https://local.safeway.com/safeway/az/scottsdale/23565-n-scottsdale-rd.html","115.23","True","True","True","False","86001"
"1849","Safeway","Safeway","","safeway","ACTIVE","32551 N Scottsdale Rd","Scottsdale","AZ","85266","US","America/Phoenix","https://local.safeway.com/safeway/az/scottsdale/32551-n-scottsdale-rd.html","109.64","True","True","True","False","86001"
"1750","Safeway","Safeway","","safeway","ACTIVE","6501 E Greenway Pkwy Bldg 4","Scottsdale","AZ","85254","US","America/Phoenix","https://local.safeway.com/safeway/az/scottsdale/6501-e-greenway-pkwy-bldg-4.html","8.74","True","True","True","False","85251"
"1491","Safeway","Safeway","","safeway","ACTIVE","7920 E Chaparral Rd","Scottsdale","AZ","85250","US","America/Phoenix","https://local.safeway.com/safeway/az/scottsdale/7920-e-chaparral-rd.html","10.13","True","True","True","False","85001"
"1207","Safeway","Safeway","","safeway","ACTIVE","2300 W Hwy 89A","Sedona","AZ","86336","US","America/Phoenix","https://local.safeway.com/safeway/az/sedona/2300-w-hwy-89a.html","34.37","True","True","True","False","86001"
"1733","Safeway","Safeway","","safeway","ACTIVE","900 W Deuce Of Clubs","Show Low","AZ","85901","US","America/Phoenix","https://local.safeway.com/safeway/az/show-low/900-w-deuce-of-clubs.html","111.36","True","True","True","False","86004"
"2083","Safeway","Safeway","","safeway","ACTIVE","2190 E Fry Blvd","Sierra Vista","AZ","85635","US","America/Phoenix","https://local.safeway.com/safeway/az/sierra-vista/2190-e-fry-blvd.html","4.53","True","True","True","False","85635"
"2076","Safeway","Safeway","","safeway","ACTIVE","203 S Mountain Ave","Springerville","AZ","85938","US","America/Phoenix","https://local.safeway.com/safeway/az/springerville/203-s-mountain-ave.html","48.4","True","True","True","False","85901"
"236","Safeway","Safeway","","safeway","ACTIVE","10926 W Bell Rd","Sun City","AZ","85351","US","America/Phoenix","https://local.safeway.com/safeway/az/sun-city/10926-w-bell-rd.html","152.49","True","True","True","False","85364"
"2054","Safeway","Safeway","","safeway","ACTIVE","13503 Camino Del Sol","Sun City West","AZ","85375","US","America/Phoenix","https://local.safeway.com/safeway/az/sun-city-west/13503-camino-del-sol.html","149.94","True","True","True","False","85364"
"2699","Safeway","Safeway","","safeway","ACTIVE","13828 W Waddell Rd","Surprise","AZ","85379","US","America/Phoenix","https://local.safeway.com/safeway/az/surprise/13828-w-waddell-rd.html","148.28","True","True","True","False","85364"
"1997","Safeway","Safeway","","safeway","ACTIVE","17049 W Bell Rd","Surprise","AZ","85374","US","America/Phoenix","https://local.safeway.com/safeway/az/surprise/17049-w-bell-rd.html","145.51","True","True","True","False","85364"
"48","Safeway","Safeway","","safeway","ACTIVE","17230 W Peoria","Surprise","AZ","85388","US","America/Phoenix","https://local.safeway.com/safeway/az/surprise/17230-w-peoria.html","143.69","True","True","True","False","85364"
"1535","Safeway","Safeway","","safeway","ACTIVE","1515 E Elliot Rd","Tempe","AZ","85284","US","America/Phoenix","https://local.safeway.com/safeway/az/tempe/1515-e-elliot-rd.html","11.46","True","True","True","False","85001"
"1487","Safeway","Safeway","","safeway","ACTIVE","926 E Broadway Rd","Tempe","AZ","85282","US","America/Phoenix","https://local.safeway.com/safeway/az/tempe/926-e-broadway-rd.html","8.84","True","True","True","False","85001"
"2648","Safeway","Safeway","","safeway","ACTIVE","2125 W Hwy 70","Thatcher","AZ","85552","US","America/Phoenix","https://local.safeway.com/safeway/az/thatcher/2125-w-hwy-70.html","33.77","True","True","True","False","85643"
"3322","Safeway","Safeway","","safeway","ACTIVE","10380 E Broadway Blvd","Tucson","AZ","85748","US","America/Phoenix","https://local.safeway.com/safeway/az/tucson/10380-e-broadway-blvd.html","54.61","True","True","True","False","85635"
"255","Safeway","Safeway","","safeway","ACTIVE","1551 W St Marys Rd","Tucson","AZ","85745","US","America/Phoenix","https://local.safeway.com/safeway/az/tucson/1551-w-st-marys-rd.html","63.91","True","True","True","False","85635"
"2060","Safeway","Safeway","","safeway","ACTIVE","1767 E Prince Rd","Tucson","AZ","85719","US","America/Phoenix","https://local.safeway.com/safeway/az/tucson/1767-e-prince-rd.html","84.05","True","True","True","False","85603"
"1684","Safeway","Safeway","","safeway","ACTIVE","1940 E Broadway Blvd","Tucson","AZ","85719","US","America/Phoenix","https://local.safeway.com/safeway/az/tucson/1940-e-broadway-blvd.html","61.24","True","True","True","False","85635"
"1983","Safeway","Safeway","","safeway","ACTIVE","2140 W Grant Rd","Tucson","AZ","85745","US","America/Phoenix","https://local.safeway.com/safeway/az/tucson/2140-w-grant-rd.html","37.78","True","True","True","False","85602"
"267","Safeway","Safeway","","safeway","ACTIVE","2940 W Valencia Rd","Tucson","AZ","85746","US","America/Phoenix","https://local.safeway.com/safeway/az/tucson/2940-w-valencia-rd.html","61.14","True","True","True","False","85635"
"250","Safeway","Safeway","","safeway","ACTIVE","4752 E Sunrise Dr","Tucson","AZ","85718","US","America/Phoenix","https://local.safeway.com/safeway/az/tucson/4752-e-sunrise-dr.html","63.72","True","True","True","False","85635"
"1874","Safeway","Safeway","","safeway","ACTIVE","6360 E Golf Links Rd","Tucson","AZ","85730","US","America/Phoenix","https://local.safeway.com/safeway/az/tucson/6360-e-golf-links-rd.html","56.23","True","True","True","False","85635"
"1255","Safeway","Safeway","","safeway","ACTIVE","7110 N Oracle Rd","Tucson","AZ","85704","US","America/Phoenix","https://local.safeway.com/safeway/az/tucson/7110-n-oracle-rd.html","37.17","True","True","True","False","85602"
"1988","Safeway","Safeway","","safeway","ACTIVE","7177 E Tanque Verde Rd","Tucson","AZ","85715","US","America/Phoenix","https://local.safeway.com/safeway/az/tucson/7177-e-tanque-verde-rd.html","58.82","True","True","True","False","85635"
"1986","Safeway","Safeway","","safeway","ACTIVE","9050 E Valencia Rd","Tucson","AZ","85747","US","America/Phoenix","https://local.safeway.com/safeway/az/tucson/9050-e-valencia-rd.html","50.29","True","True","True","False","85635"
"1749","Safeway","Safeway","","safeway","ACTIVE","9100 N Silverbell Rd","Tucson","AZ","85743","US","America/Phoenix","https://local.safeway.com/safeway/az/tucson/9100-n-silverbell-rd.html","13.87","True","True","True","False","85719"
"1984","Safeway","Safeway","","safeway","ACTIVE","9125 E Tanque Verde","Tucson","AZ","85749","US","America/Phoenix","https://local.safeway.com/safeway/az/tucson/9125-e-tanque-verde.html","57.7","True","True","True","False","85635"
"1989","Safeway","Safeway","","safeway","ACTIVE","9460 E Golf Links Rd","Tucson","AZ","85730","US","America/Phoenix","https://local.safeway.com/safeway/az/tucson/9460-e-golf-links-rd.html","53.74","True","True","True","False","85635"
"2809","Safeway","Safeway","","safeway","ACTIVE","13380 E Mary Ann Cleveland Way","Vail","AZ","85641","US","America/Phoenix","https://local.safeway.com/safeway/az/vail/13380-e-mary-ann-cleveland-way.html","43.26","True","True","True","False","85635"
"1584","Safeway","Safeway","","safeway","ACTIVE","1999 W Wickenburg Way","Wickenburg","AZ","85390","US","America/Phoenix","https://local.safeway.com/safeway/az/wickenburg/1999-w-wickenburg-way.html","140.34","True","True","True","False","85364"
"272","Safeway","Safeway","","safeway","ACTIVE","650 N Bisbee Ave","Willcox","AZ","85643","US","America/Phoenix","https://local.safeway.com/safeway/az/willcox/650-n-bisbee-ave.html","51.44","True","True","True","False","85635"
"1639","Safeway","Safeway","","safeway","ACTIVE","637 W Route 66","Williams","AZ","86046","US","America/Phoenix","https://local.safeway.com/safeway/az/williams/637-w-route-66.html","25.64","True","True","True","False","86001"
"239","Safeway","Safeway","","safeway","ACTIVE","1601 N Park Dr","Winslow","AZ","86047","US","America/Phoenix","https://local.safeway.com/safeway/az/winslow/1601-n-park-dr.html","64.06","True","True","False","False","86001"
"2543","Albertsons","Albertsons","","albertsons","","2400 W Commonwealth Ave","Alhambra","CA","91803","US","America/Los_Angeles","https://local.albertsons.com/ca/alhambra/2400-w-commonwealth-ave.html","8.7","True","True","True","False","91001"
"704","Albertsons","Albertsons","","albertsons","","2955 Alpine Blvd","Alpine","CA","91901","US","America/Los_Angeles","https://local.albertsons.com/ca/alpine/2955-alpine-blvd.html","68.87","True","True","True","False","92231"
"194","Albertsons","Albertsons","","albertsons","","810 S State College Blvd","Anaheim","CA","92806","US","America/Los_Angeles","https://local.albertsons.com/ca/anaheim/810-s-state-college-blvd.html","7.18","True","True","True","False","90620"
"3513","Albertsons","Albertsons","","albertsons","","20261 Hwy 18","Apple Valley","CA","92307","US","America/Los_Angeles","https://local.albertsons.com/ca/apple-valley/20261-hwy-18.html","27.44","True","True","True","False","92346"
"561","Albertsons","Albertsons","","albertsons","","298 E Live Oak Ave","Arcadia","CA","91006","US","America/Los_Angeles","https://local.albertsons.com/ca/arcadia/298-e-live-oak-ave.html","9.16","True","True","True","False","91001"
"377","Albertsons","Albertsons","","albertsons","","13045 Rosedale Hwy","Bakersfield","CA","93314","US","America/Los_Angeles","https://local.albertsons.com/ca/bakersfield/13045-rosedale-hwy.html","82.42","True","True","True","False","93401"
"336","Albertsons","Albertsons","","albertsons","","1520 Brundage Ln","Bakersfield","CA","93304","US","America/Los_Angeles","https://local.albertsons.com/ca/bakersfield/1520-brundage-ln.html","73.12","True","True","True","False","93230"
"358","Albertsons","Albertsons","","albertsons","","2691 Mt Vernon Ave","Bakersfield","CA","93306","US","America/Los_Angeles","https://local.albertsons.com/ca/bakersfield/2691-mt-vernon-ave.html","72.22","True","True","True","False","93230"
"3129","Albertsons","Albertsons","","albertsons","","3500 Panama Ln","Bakersfield","CA","93313","US","America/Los_Angeles","https://local.albertsons.com/ca/bakersfield/3500-panama-ln.html","76.16","True","True","True","False","93230"
"1398","Albertsons","Albertsons","","albertsons","","6045 Coffee Rd","Bakersfield","CA","93308","US","America/Los_Angeles","https://local.albertsons.com/ca/bakersfield/6045-coffee-rd.html","67.58","True","True","True","False","93230"
"3364","Albertsons","Albertsons","","albertsons","","7900 White Ln","Bakersfield","CA","93309","US","America/Los_Angeles","https://local.albertsons.com/ca/bakersfield/7900-white-ln.html","73.55","True","True","True","False","93230"
"3172","Albertsons","Albertsons","","albertsons","","8200 E Stockdale Hwy","Bakersfield","CA","93311","US","America/Los_Angeles","https://local.albertsons.com/ca/bakersfield/8200-e-stockdale-hwy.html","71.16","True","True","True","False","93230"
"3512","Albertsons","Albertsons","","albertsons","","300 S Highland Springs Ave #7","Banning","CA","92220","US","America/Los_Angeles","https://local.albertsons.com/ca/banning/300-s-highland-springs-ave-7.html","20.68","True","True","True","False","92346"
"3587","Albertsons","Albertsons","","albertsons","","840 E Hobson Way","Blythe","CA","92225","US","America/Los_Angeles","https://local.albertsons.com/ca/blythe/840-e-hobson-way.html","82.96","True","True","True","False","92243"
"2141","Albertsons","Albertsons","","albertsons","","2500 E Imperial Hwy","Brea","CA","92821","US","America/Los_Angeles","https://local.albertsons.com/ca/brea/2500-e-imperial-hwy.html","8.71","True","True","True","False","91709"
"3324","Albertsons","Albertsons","","albertsons","","222 E Hwy 246","Buellton","CA","93427","US","America/Los_Angeles","https://local.albertsons.com/ca/buellton/222-e-hwy-246.html","49.72","True","True","True","False","93401"
"1105","Albertsons","Albertsons","","albertsons","","8880 Valley View St","Buena Park","CA","90620","US","America/Los_Angeles","https://local.albertsons.com/ca/buena-park/8880-valley-view-st.html","1.03","True","True","True","False","90620"
"1335","Albertsons","Albertsons","","albertsons","","26521 Agoura Rd","Calabasas","CA","91302","US","America/Los_Angeles","https://local.albertsons.com/ca/calabasas/26521-agoura-rd.html","14.71","True","True","True","False","93021"
"355","Albertsons","Albertsons","","albertsons","","1018 Casitas Pass Rd","Carpinteria","CA","93013","US","America/Los_Angeles","https://local.albertsons.com/ca/carpinteria/1018-casitas-pass-rd.html","80.49","True","True","True","False","93433"
"3859","Albertsons","Albertsons","","albertsons","","200 E Sepulveda Blvd","Carson","CA","90745","US","America/Los_Angeles","https://local.albertsons.com/ca/carson/200-e-sepulveda-blvd.html","8.66","True","True","True","False","90250"
"524","Albertsons","Albertsons","","albertsons","","12013 Central Ave","Chino","CA","91710","US","America/Los_Angeles","https://local.albertsons.com/ca/chino/12013-central-ave.html","8.14","True","True","True","False","91701"
"3592","Albertsons","Albertsons","","albertsons","","15970 Los Serranos Country Club Dr","Chino Hills","CA","91709","US","America/Los_Angeles","https://local.albertsons.com/ca/chino-hills/15970-los-serranos-country-club-dr.html","12.92","True","True","True","False","91701"
"2515","Albertsons","Albertsons","","albertsons","","3255 Grand Ave","Chino Hills","CA","91709","US","America/Los_Angeles","https://local.albertsons.com/ca/chino-hills/3255-grand-ave.html","11.6","True","True","True","False","91701"
"757","Albertsons","Albertsons","","albertsons","","720 3rd Ave","Chula Vista","CA","91910","US","America/Los_Angeles","https://local.albertsons.com/ca/chula-vista/720-3rd-ave.html","1.17","True","True","True","False","91910"
"728","Albertsons","Albertsons","","albertsons","","260 W Foothill Pkwy","Corona","CA","92882","US","America/Los_Angeles","https://local.albertsons.com/ca/corona/260-w-foothill-pkwy.html","13.25","True","True","True","False","91761"
"1641","Albertsons","Albertsons","","albertsons","","7070 Archibald Ave","Corona","CA","92880","US","America/Los_Angeles","https://local.albertsons.com/ca/corona/7070-archibald-ave.html","12.25","True","True","True","False","91701"
"2558","Albertsons","Albertsons","","albertsons","","33601 Del Obispo St","Dana Point","CA","92629","US","America/Los_Angeles","https://local.albertsons.com/ca/dana-point/33601-del-obispo-st.html","0.98","True","True","True","False","92629"
"3554","Albertsons","Albertsons","","albertsons","","1235 S Diamond Bar Blvd","Diamond Bar","CA","91765","US","America/Los_Angeles","https://local.albertsons.com/ca/diamond-bar/1235-s-diamond-bar-blvd.html","13.19","True","True","True","False","91010"
"140","Albertsons","Albertsons","","albertsons","","7676 Firestone Blvd","Downey","CA","90241","US","America/Los_Angeles","https://local.albertsons.com/ca/downey/7676-firestone-blvd.html","6.11","True","True","True","False","90001"
"3202","Albertsons","Albertsons","","albertsons","","1608 Broadway St","El Cajon","CA","92021","US","America/Los_Angeles","https://local.albertsons.com/ca/el-cajon/1608-broadway-st.html","78.46","True","True","True","False","92231"
"2783","Albertsons","Albertsons","","albertsons","","2899 Jamacha Rd","El Cajon","CA","92019","US","America/Los_Angeles","https://local.albertsons.com/ca/el-cajon/2899-jamacha-rd.html","79.11","True","True","True","False","92231"
"4713","Albertsons","Albertsons","","albertsons","","1509 E Valley Pkwy","Escondido","CA","92027","US","America/Los_Angeles","https://local.albertsons.com/ca/escondido/1509-e-valley-pkwy.html","2.91","True","True","True","False","92025"
"1705","Albertsons","Albertsons","","albertsons","","1570 W Valley Pkwy","Escondido","CA","92029","US","America/Los_Angeles","https://local.albertsons.com/ca/escondido/1570-w-valley-pkwy.html","12.64","True","True","True","False","92008"
"4786","Albertsons","Albertsons","","albertsons","","1133 S Mission Rd","Fallbrook","CA","92028","US","America/Los_Angeles","https://local.albertsons.com/ca/fallbrook/1133-s-mission-rd.html","19.23","True","True","True","False","92672"
"1157","Albertsons","Albertsons","","albertsons","","16061 Brookhurst St","Fountain Valley","CA","92708","US","America/Los_Angeles","https://local.albertsons.com/ca/fountain-valley/16061-brookhurst-st.html","8.51","True","True","True","False","90620"
"170","Albertsons","Albertsons","","albertsons","","18579 Brookhurst","Fountain Valley","CA","92708","US","America/Los_Angeles","https://local.albertsons.com/ca/fountain-valley/18579-brookhurst.html","7.73","True","True","True","False","92612"
"819","Albertsons","Albertsons","","albertsons","","1930 N Placentia Ave","Fullerton","CA","92831","US","America/Los_Angeles","https://local.albertsons.com/ca/fullerton/1930-n-placentia-ave.html","9.69","True","True","True","False","91709"
"1165","Albertsons","Albertsons","","albertsons","","2291 W Malvern Ave","Fullerton","CA","92833","US","America/Los_Angeles","https://local.albertsons.com/ca/fullerton/2291-w-malvern-ave.html","9.69","True","True","True","False","90601"
"108","Albertsons","Albertsons","","albertsons","","1735 W Artesia Blvd","Gardena","CA","90248","US","America/Los_Angeles","https://local.albertsons.com/ca/gardena/1735-w-artesia-blvd.html","7.49","True","True","True","False","90001"
"601","Albertsons","Albertsons","","albertsons","","133 W Route 66","Glendora","CA","91740","US","America/Los_Angeles","https://local.albertsons.com/ca/glendora/133-w-route-66.html","9.17","True","True","True","False","91006"
"357","Albertsons","Albertsons","","albertsons","","5801 Calle Real","Goleta","CA","93117","US","America/Los_Angeles","https://local.albertsons.com/ca/goleta/5801-calle-real.html","70.81","True","True","False","False","93401"
"354","Albertsons","Albertsons","","albertsons","","7127 Hollister Ave #27","Goleta","CA","93117","US","America/Los_Angeles","https://local.albertsons.com/ca/goleta/7127-hollister-ave-27.html","69.8","True","True","True","False","93401"
"2303","Albertsons","Albertsons","","albertsons","","7201 Boulder Ave","Highland","CA","92346","US","America/Los_Angeles","https://local.albertsons.com/ca/highland/7201-boulder-ave.html","8.94","True","True","True","False","92324"
"802","Albertsons","Albertsons","","albertsons","","16600 Bolsa Chica St","Huntington Beach","CA","92649","US","America/Los_Angeles","https://local.albertsons.com/ca/huntington-beach/16600-bolsa-chica-st.html","8.58","True","True","True","False","90620"
"724","Albertsons","Albertsons","","albertsons","","19640 Beach Blvd","Huntington Beach","CA","92648","US","America/Los_Angeles","https://local.albertsons.com/ca/huntington-beach/19640-beach-blvd.html","9.23","True","True","True","False","92612"
"110","Albertsons","Albertsons","","albertsons","","7201 Yorktown Ave","Huntington Beach","CA","92648","US","America/Los_Angeles","https://local.albertsons.com/ca/huntington-beach/7201-yorktown-ave.html","5.5","True","True","True","False","92626"
"2591","Albertsons","Albertsons","","albertsons","","14201 Jeffrey Rd","Irvine","CA","92620","US","America/Los_Angeles","https://local.albertsons.com/ca/irvine/14201-jeffrey-rd.html","4.41","True","True","True","False","92612"
"597","Albertsons","Albertsons","","albertsons","","4541 Campus Dr","Irvine","CA","92612","US","America/Los_Angeles","https://local.albertsons.com/ca/irvine/4541-campus-dr.html","0.64","True","True","True","False","92612"
"527","Albertsons","Albertsons","","albertsons","","6601 Quail Hill Pkwy","Irvine","CA","92603","US","America/Los_Angeles","https://local.albertsons.com/ca/irvine/6601-quail-hill-pkwy.html","2.89","True","True","True","False","92612"
"158","Albertsons","Albertsons","","albertsons","","1800 W Whittier Blvd","La Habra","CA","90631","US","America/Los_Angeles","https://local.albertsons.com/ca/la-habra/1800-w-whittier-blvd.html","6.05","True","True","True","False","90601"
"710","Albertsons","Albertsons","","albertsons","","8920 Fletcher Pkwy","La Mesa","CA","91942","US","America/Los_Angeles","https://local.albertsons.com/ca/la-mesa/8920-fletcher-pkwy.html","83.25","True","True","True","False","92231"
"148","Albertsons","Albertsons","","albertsons","","15200 Rosecrans Ave","La Mirada","CA","90638","US","America/Los_Angeles","https://local.albertsons.com/ca/la-mirada/15200-rosecrans-ave.html","10.83","True","True","True","False","90201"
"552","Albertsons","Albertsons","","albertsons","","27702 Crown Valley Pkwy Suite B","Ladera Ranch","CA","92694","US","America/Los_Angeles","https://local.albertsons.com/ca/ladera-ranch/27702-crown-valley-pkwy-suite-b.html","9.25","True","True","True","False","92618"
"2556","Albertsons","Albertsons","","albertsons","","29941 Alicia Pkwy","Laguna Niguel","CA","92677","US","America/Los_Angeles","https://local.albertsons.com/ca/laguna-niguel/29941-alicia-pkwy.html","9.64","True","True","True","False","92618"
"208","Albertsons","Albertsons","","albertsons","","30241 Golden Lantern","Laguna Niguel","CA","92677","US","America/Los_Angeles","https://local.albertsons.com/ca/laguna-niguel/30241-golden-lantern.html","3.83","True","True","True","False","92629"
"798","Albertsons","Albertsons","","albertsons","","30901 Riverside Dr","Lake Elsinore","CA","92530","US","America/Los_Angeles","https://local.albertsons.com/ca/lake-elsinore/30901-riverside-dr.html","16.85","True","True","True","False","92675"
"3526","Albertsons","Albertsons","","albertsons","","24251 Muirlands Blvd","Lake Forest","CA","92630","US","America/Los_Angeles","https://local.albertsons.com/ca/lake-forest/24251-muirlands-blvd.html","7.28","True","True","True","False","92612"
"738","Albertsons","Albertsons","","albertsons","","9560 Winter Gardens Blvd","Lakeside","CA","92040","US","America/Los_Angeles","https://local.albertsons.com/ca/lakeside/9560-winter-gardens-blvd.html","79.54","True","True","True","False","92231"
"191","Albertsons","Albertsons","","albertsons","","5015 Del Amo Blvd","Lakewood","CA","90712","US","America/Los_Angeles","https://local.albertsons.com/ca/lakewood/5015-del-amo-blvd.html","10.63","True","True","True","False","90001"
"1322","Albertsons","Albertsons","","albertsons","","43543 20th St W","Lancaster","CA","93534","US","America/Los_Angeles","https://local.albertsons.com/ca/lancaster/43543-20th-st-w.html","68.92","True","True","True","False","93301"
"707","Albertsons","Albertsons","","albertsons","","7090 Broadway","Lemon Grove","CA","91945","US","America/Los_Angeles","https://local.albertsons.com/ca/lemon-grove/7090-broadway.html","7.35","True","True","True","False","91910"
"3171","Albertsons","Albertsons","","albertsons","","1500 N H St","Lompoc","CA","93436","US","America/Los_Angeles","https://local.albertsons.com/ca/lompoc/1500-n-h-st.html","41.13","True","True","True","False","93401"
"132","Albertsons","Albertsons","","albertsons","","101 E Willow St","Long Beach","CA","90806","US","America/Los_Angeles","https://local.albertsons.com/ca/long-beach/101-e-willow-st.html","11.18","True","True","True","False","90201"
"387","Albertsons","Albertsons","","albertsons","","2035 Hillhurst Ave","Los Angeles","CA","90027","US","America/Los_Angeles","https://local.albertsons.com/ca/los-angeles/2035-hillhurst-ave.html","9.16","True","True","True","False","91352"
"4131","Albertsons","Albertsons","","albertsons","","3901 Crenshaw Blvd","Los Angeles","CA","90008","US","America/Los_Angeles","https://local.albertsons.com/ca/los-angeles/3901-crenshaw-blvd.html","9.42","True","True","True","False","91602"
"2549","Albertsons","Albertsons","","albertsons","","23072 Alicia Pkwy","Mission Viejo","CA","92692","US","America/Los_Angeles","https://local.albertsons.com/ca/mission-viejo/23072-alicia-pkwy.html","7.01","True","True","True","False","92618"
"1181","Albertsons","Albertsons","","albertsons","","2469 Via Campo St","Montebello","CA","90640","US","America/Los_Angeles","https://local.albertsons.com/ca/montebello/2469-via-campo-st.html","12.4","True","True","True","False","91001"
"1345","Albertsons","Albertsons","","albertsons","","730 Quintana Rd","Morro Bay","CA","93442","US","America/Los_Angeles","https://local.albertsons.com/ca/morro-bay/730-quintana-rd.html","16.32","True","True","True","False","93401"
"609","Albertsons","Albertsons","","albertsons","","28047 Scott Rd","Murrieta","CA","92563","US","America/Los_Angeles","https://local.albertsons.com/ca/murrieta/28047-scott-rd.html","12.4","True","True","True","False","92530"
"734","Albertsons","Albertsons","","albertsons","","39140 Winchester Rd","Murrieta","CA","92563","US","America/Los_Angeles","https://local.albertsons.com/ca/murrieta/39140-winchester-rd.html","15.46","True","True","True","False","92530"
"2743","Albertsons","Albertsons","","albertsons","","41000 California Oaks Rd","Murrieta","CA","92562","US","America/Los_Angeles","https://local.albertsons.com/ca/murrieta/41000-california-oaks-rd.html","11.58","True","True","True","False","92530"
"391","Albertsons","Albertsons","","albertsons","","541 S Reino Rd","Newbury Park","CA","91320","US","America/Los_Angeles","https://local.albertsons.com/ca/newbury-park/541-s-reino-rd.html","19.77","True","True","True","False","93001"
"359","Albertsons","Albertsons","","albertsons","","9022 Balboa Blvd","Northridge","CA","91325","US","America/Los_Angeles","https://local.albertsons.com/ca/northridge/9022-balboa-blvd.html","12.23","True","True","True","False","93063"
"733","Albertsons","Albertsons","","albertsons","","3450 Marron Rd","Oceanside","CA","92056","US","America/Los_Angeles","https://local.albertsons.com/ca/oceanside/3450-marron-rd.html","21.34","True","True","True","False","92590"
"2767","Albertsons","Albertsons","","albertsons","","3925 Mission Ave","Oceanside","CA","92058","US","America/Los_Angeles","https://local.albertsons.com/ca/oceanside/3925-mission-ave.html","19.91","True","True","True","False","92672"
"740","Albertsons","Albertsons","","albertsons","","4150 Oceanside Blvd","Oceanside","CA","92056","US","America/Los_Angeles","https://local.albertsons.com/ca/oceanside/4150-oceanside-blvd.html","26.64","True","True","True","False","92563"
"1585","Albertsons","Albertsons","","albertsons","","4550 E Chapman Ave","Orange","CA","92869","US","America/Los_Angeles","https://local.albertsons.com/ca/orange/4550-e-chapman-ave.html","8.95","True","True","True","False","92612"
"2551","Albertsons","Albertsons","","albertsons","","8440 E Chapman Ave","Orange","CA","92869","US","America/Los_Angeles","https://local.albertsons.com/ca/orange/8440-e-chapman-ave.html","11.81","True","True","True","False","91709"
"3534","Albertsons","Albertsons","","albertsons","","940 N Tustin Ave","Orange","CA","92867","US","America/Los_Angeles","https://local.albertsons.com/ca/orange/940-n-tustin-ave.html","4.15","True","True","True","False","92701"
"1394","Albertsons","Albertsons","","albertsons","","1120 E Clark Ave","Orcutt","CA","93455","US","America/Los_Angeles","https://local.albertsons.com/ca/orcutt/1120-e-clark-ave.html","28.31","True","True","True","False","93401"
"567","Albertsons","Albertsons","","albertsons","","42095 Washington St","Palm Desert","CA","92211","US","America/Los_Angeles","https://local.albertsons.com/ca/palm-desert/42095-washington-st.html","5.38","True","True","True","False","92201"
"3559","Albertsons","Albertsons","","albertsons","","74590 Hwy 111","Palm Desert","CA","92260","US","America/Los_Angeles","https://local.albertsons.com/ca/palm-desert/74590-hwy-111.html","8.38","True","True","True","False","92201"
"1569","Albertsons","Albertsons","","albertsons","","1751 N Sunrise Way #1","Palm Springs","CA","92262","US","America/Los_Angeles","https://local.albertsons.com/ca/palm-springs/1751-n-sunrise-way-1.html","27.81","True","True","True","False","92543"
"1333","Albertsons","Albertsons","","albertsons","","38727 Tierra Subida Ave","Palmdale","CA","93551","US","America/Los_Angeles","https://local.albertsons.com/ca/palmdale/38727-tierra-subida-ave.html","12.26","True","True","True","False","91390"
"314","Albertsons","Albertsons","","albertsons","","189 Niblick Rd","Paso Robles","CA","93446","US","America/Los_Angeles","https://local.albertsons.com/ca/paso-robles/189-niblick-rd.html","26.1","True","True","True","False","93401"
"725","Albertsons","Albertsons","","albertsons","","1459 Main St","Ramona","CA","92065","US","America/Los_Angeles","https://local.albertsons.com/ca/ramona/1459-main-st.html","79.31","True","True","True","False","92231"
"3520","Albertsons","Albertsons","","albertsons","","11358 Kenyon Way","Rancho Cucamonga","CA","91701","US","America/Los_Angeles","https://local.albertsons.com/ca/rancho-cucamonga/11358-kenyon-way.html","3.26","True","True","True","False","91701"
"3177","Albertsons","Albertsons","","albertsons","","8850 Foothill Blvd","Rancho Cucamonga","CA","91730","US","America/Los_Angeles","https://local.albertsons.com/ca/rancho-cucamonga/8850-foothill-blvd.html","1.91","True","True","True","False","91701"
"2586","Albertsons","Albertsons","","albertsons","","40101 Monterey Ave","Rancho Mirage","CA","92270","US","America/Los_Angeles","https://local.albertsons.com/ca/rancho-mirage/40101-monterey-ave.html","10.45","True","True","True","False","92201"
"1319","Albertsons","Albertsons","","albertsons","","450 E Cypress Ave","Redlands","CA","92373","US","America/Los_Angeles","https://local.albertsons.com/ca/redlands/450-e-cypress-ave.html","8.9","True","True","True","False","92324"
"2305","Albertsons","Albertsons","","albertsons","","19307 Saticoy St","Reseda","CA","91335","US","America/Los_Angeles","https://local.albertsons.com/ca/reseda/19307-saticoy-st.html","9.97","True","True","True","False","93063"
"1376","Albertsons","Albertsons","","albertsons","","1301 N Norma St","Ridgecrest","CA","93555","US","America/Los_Angeles","https://local.albertsons.com/ca/ridgecrest/1301-n-norma-st.html","80.41","True","True","True","False","93257"
"331","Albertsons","Albertsons","","albertsons","","927 S China Lake Blvd","Ridgecrest","CA","93555","US","America/Los_Angeles","https://local.albertsons.com/ca/ridgecrest/927-s-china-lake-blvd.html","81.7","True","True","True","False","93257"
"2572","Albertsons","Albertsons","","albertsons","","2975 Van Buren Blvd","Riverside","CA","92503","US","America/Los_Angeles","https://local.albertsons.com/ca/riverside/2975-van-buren-blvd.html","15.46","True","True","True","False","91730"
"2514","Albertsons","Albertsons","","albertsons","","8938 Trautwein Rd","Riverside","CA","92508","US","America/Los_Angeles","https://local.albertsons.com/ca/riverside/8938-trautwein-rd.html","12.36","True","True","True","False","92879"
"1337","Albertsons","Albertsons","","albertsons","","2547 Rosamond","Rosamond","CA","93560","US","America/Los_Angeles","https://local.albertsons.com/ca/rosamond/2547-rosamond.html","59.68","True","True","True","False","93301"
"2509","Albertsons","Albertsons","","albertsons","","804 Avenida Pico","San Clemente","CA","92673","US","America/Los_Angeles","https://local.albertsons.com/ca/san-clemente/804-avenida-pico.html","5.43","True","True","True","False","92629"
"3179","Albertsons","Albertsons","","albertsons","","12475 Rancho Bernardo Rd","San Diego","CA","92128","US","America/Los_Angeles","https://local.albertsons.com/ca/san-diego/12475-rancho-bernardo-rd.html","5.08","True","True","True","False","92025"
"745","Albertsons","Albertsons","","albertsons","","655 14th St","San Diego","CA","92101","US","America/Los_Angeles","https://local.albertsons.com/ca/san-diego/655-14th-st.html","7.29","True","True","True","False","91910"
"2785","Albertsons","Albertsons","","albertsons","","8650 Lake Murray Blvd","San Diego","CA","92119","US","America/Los_Angeles","https://local.albertsons.com/ca/san-diego/8650-lake-murray-blvd.html","83.79","True","True","True","False","92231"
"594","Albertsons","Albertsons","","albertsons","","220 E Bonita Ave","San Dimas","CA","91773","US","America/Los_Angeles","https://local.albertsons.com/ca/san-dimas/220-e-bonita-ave.html","12.68","True","True","True","False","91006"
"708","Albertsons","Albertsons","","albertsons","","151 Woodland Pkwy","San Marcos","CA","92069","US","America/Los_Angeles","https://local.albertsons.com/ca/san-marcos/151-woodland-pkwy.html","10.55","True","True","True","False","92008"
"750","Albertsons","Albertsons","","albertsons","","1571 San Elijo Rd S","San Marcos","CA","92078","US","America/Los_Angeles","https://local.albertsons.com/ca/san-marcos/1571-san-elijo-rd-s.html","7.64","True","True","True","False","92008"
"711","Albertsons","Albertsons","","albertsons","","1929 W San Marcos Blvd","San Marcos","CA","92078","US","America/Los_Angeles","https://local.albertsons.com/ca/san-marcos/1929-w-san-marcos-blvd.html","6.38","True","True","True","False","92008"
"699","Albertsons","Albertsons","","albertsons","","28090 S Western Ave","San Pedro","CA","90732","US","America/Los_Angeles","https://local.albertsons.com/ca/san-pedro/28090-s-western-ave.html","10.52","True","True","True","False","90250"
"598","Albertsons","Albertsons","","albertsons","","2000 E 17th St","Santa Ana","CA","92705","US","America/Los_Angeles","https://local.albertsons.com/ca/santa-ana/2000-e-17th-st.html","6.92","True","True","True","False","92612"
"1348","Albertsons","Albertsons","","albertsons","","2320 S Broadway","Santa Maria","CA","93454","US","America/Los_Angeles","https://local.albertsons.com/ca/santa-maria/2320-s-broadway.html","24.42","True","True","True","False","93401"
"1360","Albertsons","Albertsons","","albertsons","","27631 W Bouquet Canyon Rd","Saugus","CA","91350","US","America/Los_Angeles","https://local.albertsons.com/ca/saugus/27631-w-bouquet-canyon-rd.html","71.26","True","True","True","False","93301"
"393","Albertsons","Albertsons","","albertsons","","1268 Madera Rd","Simi Valley","CA","93065","US","America/Los_Angeles","https://local.albertsons.com/ca/simi-valley/1268-madera-rd.html","24.47","True","True","True","False","93003"
"758","Albertsons","Albertsons","","albertsons","","543 Sweetwater Rd","Spring Valley","CA","91977","US","America/Los_Angeles","https://local.albertsons.com/ca/spring-valley/543-sweetwater-rd.html","83.18","True","True","True","False","92231"
"723","Albertsons","Albertsons","","albertsons","","9831 Campo Rd","Spring Valley","CA","91977","US","America/Los_Angeles","https://local.albertsons.com/ca/spring-valley/9831-campo-rd.html","81.84","True","True","True","False","92231"
"1382","Albertsons","Albertsons","","albertsons","","1044 W Kern St","Taft","CA","93268","US","America/Los_Angeles","https://local.albertsons.com/ca/taft/1044-w-kern-st.html","64.28","True","True","True","False","93401"
"1347","Albertsons","Albertsons","","albertsons","","775 S Tucker Rd","Tehachapi","CA","93561","US","America/Los_Angeles","https://local.albertsons.com/ca/tehachapi/775-s-tucker-rd.html","71.9","True","True","True","False","93257"
"4706","Albertsons","Albertsons","","albertsons","","30530 Rancho California Rd","Temecula","CA","92591","US","America/Los_Angeles","https://local.albertsons.com/ca/temecula/30530-rancho-california-rd.html","17.34","True","True","True","False","92530"
"753","Albertsons","Albertsons","","albertsons","","31960 Temecula Pkwy","Temecula","CA","92592","US","America/Los_Angeles","https://local.albertsons.com/ca/temecula/31960-temecula-pkwy.html","16.55","True","True","True","False","92543"
"3175","Albertsons","Albertsons","","albertsons","","6240 Foothill Blvd","Tujunga","CA","91042","US","America/Los_Angeles","https://local.albertsons.com/ca/tujunga/6240-foothill-blvd.html","10.1","True","True","True","False","91340"
"3574","Albertsons","Albertsons","","albertsons","","13270 Newport Ave","Tustin","CA","92780","US","America/Los_Angeles","https://local.albertsons.com/ca/tustin/13270-newport-ave.html","6.04","True","True","True","False","92612"
"599","Albertsons","Albertsons","","albertsons","","1910 N Campus Ave","Upland","CA","91784","US","America/Los_Angeles","https://local.albertsons.com/ca/upland/1910-n-campus-ave.html","1.38","True","True","True","False","91701"
"3301","Albertsons","Albertsons","","albertsons","","23850 Copperhill Dr","Valencia","CA","91354","US","America/Los_Angeles","https://local.albertsons.com/ca/valencia/23850-copperhill-dr.html","69.11","True","True","True","False","93301"
"3201","Albertsons","Albertsons","","albertsons","","1301 E Vista Way","Vista","CA","92084","US","America/Los_Angeles","https://local.albertsons.com/ca/vista/1301-e-vista-way.html","25.16","True","True","True","False","92563"
"3797","Albertsons","Albertsons","","albertsons","","1601 S Melrose Dr","Vista","CA","92081","US","America/Los_Angeles","https://local.albertsons.com/ca/vista/1601-s-melrose-dr.html","21.64","True","True","True","False","92590"
"4145","Albertsons","Albertsons","","albertsons","","6755 Westminster Blvd","Westminster","CA","92683","US","America/Los_Angeles","https://local.albertsons.com/ca/westminster/6755-westminster-blvd.html","5.65","True","True","True","False","90620"
"735","Albertsons","Albertsons","","albertsons","","23893 Clinton Keith Rd","Wildomar","CA","92595","US","America/Los_Angeles","https://local.albertsons.com/ca/wildomar/23893-clinton-keith-rd.html","8.81","True","True","True","False","92530"
"2453","Andronico's Community Markets","Andronico's Community Markets","","andronicos","","1550 Shattuck Ave","Berkeley","CA","94709","US","America/Los_Angeles","https://local.andronicos.com/ca/berkeley/1550-shattuck-ave.html","7.47","True","True","False","False","94501"
"2451","Andronico's Community Markets","Andronico's Community Markets","","andronicos","","1850 Solano Ave","Berkeley","CA","94707","US","America/Los_Angeles","https://local.andronicos.com/ca/berkeley/1850-solano-ave.html","13.29","True","True","False","False","94901"
"2454","Andronico's Community Markets","Andronico's Community Markets","","andronicos","","690 Fremont Ave","Los Altos","CA","94024","US","America/Los_Angeles","https://local.andronicos.com/ca/los-altos/690-fremont-ave.html","7.6","True","True","False","False","94025"
"173","Andronico's Community Markets","Andronico's Community Markets","","andronicos","","900 Lighthouse Ave","Monterey","CA","93940","US","America/Los_Angeles","https://local.andronicos.com/ca/monterey/900-lighthouse-ave.html","38.75","True","True","False","False","95023"
"2455","Andronico's Community Markets","Andronico's Community Markets","","andronicos","","100 Center Blvd","San Anselmo","CA","94960","US","America/Los_Angeles","https://local.andronicos.com/ca/san-anselmo/100-center-blvd.html","3.36","True","True","False","False","94901"
"2452","Andronico's Community Markets","Andronico's Community Markets","","andronicos","","1200 Irving St","San Francisco","CA","94122","US","America/Los_Angeles","https://local.andronicos.com/ca/san-francisco/1200-irving-st.html","14.01","True","True","False","False","94901"
"3066","Andronico's Community Markets","Andronico's Community Markets","","andronicos","","375 32nd Ave","San Francisco","CA","94121","US","America/Los_Angeles","https://local.andronicos.com/ca/san-francisco/375-32nd-ave.html","12.66","True","True","False","False","94901"
"3125","Pak 'N Save Foods","Pak 'N Save Foods","","safeway","","3889 San Pablo Ave","Emeryville","CA","94608","US","America/Los_Angeles","https://local.safeway.com/pak-n-save/ca/emeryville/3889-san-pablo-ave.html","4.03","True","True","True","False","94501"
"3111","Pak 'N Save Foods","Pak 'N Save Foods","","safeway","","555 Floresta Blvd","San Leandro","CA","94578","US","America/Los_Angeles","https://local.safeway.com/pak-n-save/ca/san-leandro/555-floresta-blvd.html","12.25","True","True","True","False","94536"
"3237","Pavilions","Pavilions","","pavilions","","9467 W Olympic Blvd","Beverly Hills","CA","90212","US","America/Los_Angeles","https://local.pavilions.com/ca/beverly-hills/9467-w-olympic-blvd.html","11.09","True","True","True","False","91356"
"2214","Pavilions","Pavilions","","pavilions","","1110 W Alameda Ave","Burbank","CA","91506","US","America/Los_Angeles","https://local.pavilions.com/ca/burbank/1110-w-alameda-ave.html","11.32","True","True","True","False","91340"
"2724","Pavilions","Pavilions","","pavilions","","3439 Via Montebello","Carlsbad","CA","92009","US","America/Los_Angeles","https://local.pavilions.com/ca/carlsbad/3439-via-montebello.html","6.58","True","True","True","False","92008"
"2212","Pavilions","Pavilions","","pavilions","","11030 Jefferson Blvd","Culver City","CA","90230","US","America/Los_Angeles","https://local.pavilions.com/ca/culver-city/11030-jefferson-blvd.html","8.64","True","True","True","False","90001"
"2110","Pavilions","Pavilions","","pavilions","","715 Pier Ave","Hermosa Beach","CA","90254","US","America/Los_Angeles","https://local.pavilions.com/ca/hermosa-beach/715-pier-ave.html","9.88","True","True","True","False","90066"
"2412","Pavilions","Pavilions","","pavilions","","3901 Portola Pkwy","Irvine","CA","92602","US","America/Los_Angeles","https://local.pavilions.com/ca/irvine/3901-portola-pkwy.html","6.54","True","True","True","False","92612"
"2323","Pavilions","Pavilions","","pavilions","","7544 Girard Ave","La Jolla","CA","92037","US","America/Los_Angeles","https://local.pavilions.com/ca/la-jolla/7544-girard-ave.html","1.39","True","True","True","False","92037"
"2089","Pavilions","Pavilions","","pavilions","","600 N Pacific Coast Hwy","Laguna Beach","CA","92651","US","America/Los_Angeles","https://local.pavilions.com/ca/laguna-beach/600-n-pacific-coast-hwy.html","8.03","True","True","True","False","92612"
"2508","Pavilions","Pavilions","","pavilions","","27320 Alicia Pkwy","Laguna Niguel","CA","92677","US","America/Los_Angeles","https://local.pavilions.com/ca/laguna-niguel/27320-alicia-pkwy.html","7.17","True","True","True","False","92618"
"2229","Pavilions","Pavilions","","pavilions","","727 N Vine St","Los Angeles","CA","90038","US","America/Los_Angeles","https://local.pavilions.com/ca/los-angeles/727-n-vine-st.html","10.17","True","True","True","False","91352"
"2813","Pavilions","Pavilions","","pavilions","","29211 Heathercliff Rd","Malibu","CA","90265","US","America/Los_Angeles","https://local.pavilions.com/ca/malibu/29211-heathercliff-rd.html","20.55","True","True","True","False","93033"
"2105","Pavilions","Pavilions","","pavilions","","4365 Glencoe Ave","Marina Del Rey","CA","90292","US","America/Los_Angeles","https://local.pavilions.com/ca/marina-del-rey/4365-glencoe-ave.html","7.21","True","True","True","False","90019"
"2210","Pavilions","Pavilions","","pavilions","","26022 Marguerite Pkwy","Mission Viejo","CA","92692","US","America/Los_Angeles","https://local.pavilions.com/ca/mission-viejo/26022-marguerite-pkwy.html","7.6","True","True","True","False","92618"
"2101","Pavilions","Pavilions","","pavilions","","1040 Coast Village Rd","Montecito","CA","93108","US","America/Los_Angeles","https://local.pavilions.com/ca/montecito/1040-coast-village-rd.html","78.24","True","True","True","False","93401"
"2235","Pavilions","Pavilions","","pavilions","","1000 Bayside Dr","Newport Beach","CA","92660","US","America/Los_Angeles","https://local.pavilions.com/ca/newport-beach/1000-bayside-dr.html","4.96","True","True","True","False","92612"
"1912","Pavilions","Pavilions","","pavilions","","2660 San Miguel Dr","Newport Beach","CA","92660","US","America/Los_Angeles","https://local.pavilions.com/ca/newport-beach/2660-san-miguel-dr.html","2.52","True","True","True","False","92612"
"3005","Pavilions","Pavilions","","pavilions","","3100 W Balboa Blvd","Newport Beach","CA","92663","US","America/Los_Angeles","https://local.pavilions.com/ca/newport-beach/3100-w-balboa-blvd.html","6.67","True","True","True","False","92612"
"1911","Pavilions","Pavilions","","pavilions","","21181 Newport Coast Dr","Newport Coast","CA","92657","US","America/Los_Angeles","https://local.pavilions.com/ca/newport-coast/21181-newport-coast-dr.html","3.6","True","True","True","False","92612"
"2233","Pavilions","Pavilions","","pavilions","","7 Peninsula Ctr","Palos Verdes Peninsula","CA","90274","US","America/Los_Angeles","https://local.pavilions.com/ca/palos-verdes-peninsula/7-peninsula-ctr.html","9.61","True","True","True","False","90250"
"2224","Pavilions","Pavilions","","pavilions","","845 E California St","Pasadena","CA","91106","US","America/Los_Angeles","https://local.pavilions.com/ca/pasadena/845-e-california-st.html","10.3","False","False","True","False","91501"
"2217","Pavilions","Pavilions","","pavilions","","22451 Antonio Pkwy","Rancho Santa Margarita","CA","92688","US","America/Los_Angeles","https://local.pavilions.com/ca/rancho-santa-margarita/22451-antonio-pkwy.html","9.28","True","True","True","False","92618"
"4563","Pavilions","Pavilions","","pavilions","","989 Avenida Pico","San Clemente","CA","92673","US","America/Los_Angeles","https://local.pavilions.com/ca/san-clemente/989-avenida-pico.html","5.77","True","True","True","False","92629"
"2119","Pavilions","Pavilions","","pavilions","","3850 Valley Centre Dr","San Diego","CA","92130","US","America/Los_Angeles","https://local.pavilions.com/ca/san-diego/3850-valley-centre-dr.html","8.27","True","True","True","False","92024"
"2784","Pavilions","Pavilions","","pavilions","","515 W Washington St","San Diego","CA","92103","US","America/Los_Angeles","https://local.pavilions.com/ca/san-diego/515-w-washington-st.html","9.86","True","True","True","False","91910"
"2231","Pavilions","Pavilions","","pavilions","","820 Montana Ave","Santa Monica","CA","90403","US","America/Los_Angeles","https://local.pavilions.com/ca/santa-monica/820-montana-ave.html","12.35","True","True","True","False","91335"
"2803","Pavilions","Pavilions","","pavilions","","1101 Pacific Coast Hwy","Seal Beach","CA","90740","US","America/Los_Angeles","https://local.pavilions.com/ca/seal-beach/1101-pacific-coast-hwy.html","8.48","True","True","True","False","90620"
"2989","Pavilions","Pavilions","","pavilions","","14845 Ventura Blvd","Sherman Oaks","CA","91403","US","America/Los_Angeles","https://local.pavilions.com/ca/sherman-oaks/14845-ventura-blvd.html","7.61","True","True","True","False","91306"
"2228","Pavilions","Pavilions","","pavilions","","1213 Fair Oaks Ave","South Pasadena","CA","91030","US","America/Los_Angeles","https://local.pavilions.com/ca/south-pasadena/1213-fair-oaks-ave.html","10.34","True","True","True","False","91501"
"2215","Pavilions","Pavilions","","pavilions","","1135 Lindero Canyon Rd","Thousand Oaks","CA","91362","US","America/Los_Angeles","https://local.pavilions.com/ca/thousand-oaks/1135-lindero-canyon-rd.html","17.07","True","True","True","False","93010"
"2225","Pavilions","Pavilions","","pavilions","","6534 Platt Ave","West Hills","CA","91307","US","America/Los_Angeles","https://local.pavilions.com/ca/west-hills/6534-platt-ave.html","15.61","True","True","True","False","93021"
"2739","Pavilions","Pavilions","","pavilions","","8969 Santa Monica Blvd","West Hollywood","CA","90069","US","America/Los_Angeles","https://local.pavilions.com/ca/west-hollywood/8969-santa-monica-blvd.html","12.02","True","True","True","False","91335"
"2708","Safeway","Safeway","","safeway","","2227 S Shore Ctr","Alameda","CA","94501","US","America/Los_Angeles","https://local.safeway.com/safeway/ca/alameda/2227-s-shore-ctr.html","1.98","True","True","True","False","94501"
"3281","Safeway","Safeway","","safeway","","2600 5th St","Alameda","CA","94501","US","America/Los_Angeles","https://local.safeway.com/safeway/ca/alameda/2600-5th-st.html","0.99","True","True","True","False","94501"
"951","Safeway","Safeway","","safeway","","867 Island Dr","Alameda","CA","94502","US","America/Los_Angeles","https://local.safeway.com/safeway/ca/alameda/867-island-dr.html","3.29","True","True","True","False","94501"
"962","Safeway","Safeway","","safeway","","200 Alamo Plaza","Alamo","CA","94507","US","America/Los_Angeles","https://local.safeway.com/safeway/ca/alamo/200-alamo-plaza.html","9.72","True","True","True","False","94552"
"676","Safeway","Safeway","","safeway","","1500 Solano Ave","Albany","CA","94707","US","America/Los_Angeles","https://local.safeway.com/safeway/ca/albany/1500-solano-ave.html","12.89","True","True","True","False","94901"
"1883","Safeway","Safeway","","safeway","","103 American Canyon Rd","American Canyon","CA","94503","US","America/Los_Angeles","https://local.safeway.com/safeway/ca/american-canyon/103-american-canyon-rd.html","18.11","True","True","True","False","94954"
"273","Safeway","Safeway","","safeway","","2601 Balls Ferry Rd","Anderson","CA","96007","US","America/Los_Angeles","https://local.safeway.com/safeway/ca/anderson/2601-balls-ferry-rd.html","11.09","True","True","True","False","96001"
"1259","Safeway","Safeway","","safeway","","3365 Deer Valley Rd","Antioch","CA","94531","US","America/Los_Angeles","https://local.safeway.com/safeway/ca/antioch/3365-deer-valley-rd.html","27.82","True","True","True","False","95620"
"640","Safeway","Safeway","","safeway","","16 Rancho Del Mar","Aptos","CA","95003","US","America/Los_Angeles","https://local.safeway.com/safeway/ca/aptos/16-rancho-del-mar.html","33.5","True","True","True","False","95023"
"793","Safeway","Safeway","","safeway","","600 F St","Arcata","CA","95521","US","America/Los_Angeles","https://local.safeway.com/safeway/ca/arcata/600-f-st.html","87.93","True","True","True","False","96001"
"3122","Safeway","Safeway","","safeway","","2550 Bell Rd","Auburn","CA","95603","US","America/Los_Angeles","https://local.safeway.com/safeway/ca/auburn/2550-bell-rd.html","65.78","True","True","True","False","95928"
"1138","Safeway","Safeway","","safeway","","1100 El Camino","Belmont","CA","94002","US","America/Los_Angeles","https://local.safeway.com/safeway/ca/belmont/1100-el-camino.html","6.09","True","True","True","False","94010"
"668","Safeway","Safeway","","safeway","","2100 Ralston Ave","Belmont","CA","94002","US","America/Los_Angeles","https://local.safeway.com/safeway/ca/belmont/2100-ralston-ave.html","5.54","True","True","True","False","94010"
"774","Safeway","Safeway","","safeway","","50 Solano Square","Benicia","CA","94510","US","America/Los_Angeles","https://local.safeway.com/safeway/ca/benicia/50-solano-square.html","19.8","True","True","True","False","94558"
"691","Safeway","Safeway","","safeway","","1444 Shattuck Place","Berkeley","CA","94709","US","America/Los_Angeles","https://local.safeway.com/safeway/ca/berkeley/1444-shattuck-place.html","14.0","True","True","True","False","94901"
"1234","Safeway","Safeway","","safeway","","1125 2nd St","Brentwood","CA","94513","US","America/Los_Angeles","https://local.safeway.com/safeway/ca/brentwood/1125-2nd-st.html","20.2","True","True","True","False","95242"
"2621","Safeway","Safeway","","safeway","","3110 Balfour Rd","Brentwood","CA","94513","US","America/Los_Angeles","https://local.safeway.com/safeway/ca/brentwood/3110-balfour-rd.html","21.67","True","True","True","False","95242"
"1547","Safeway","Safeway","","safeway","","1450 Howard Ave","Burlingame","CA","94010","US","America/Los_Angeles","https://local.safeway.com/safeway/ca/burlingame/1450-howard-ave.html","1.18","True","True","True","False","94010"
"4178","Safeway","Safeway","","safeway","","37264 Main St","Burney","CA","96013","US","America/Los_Angeles","https://local.safeway.com/safeway/ca/burney/37264-main-st.html","48.2","True","True","False","False","96001"
"1618","Safeway","Safeway","","safeway","","3380 Coach Ln","Cameron Park","CA","95682","US","America/Los_Angeles","https://local.safeway.com/safeway/ca/cameron-park/3380-coach-ln.html","60.76","True","True","True","False","96161"
"1293","Safeway","Safeway","","safeway","","2341 S Winchester Blvd","Campbell","CA","95008","US","America/Los_Angeles","https://local.safeway.com/safeway/ca/campbell/2341-s-winchester-blvd.html","2.32","True","True","True","False","95124"
"3241","Safeway","Safeway","","safeway","","950 W Hamilton Ave","Campbell","CA","95008","US","America/Los_Angeles","https://local.safeway.com/safeway/ca/campbell/950-w-hamilton-ave.html","8.87","True","True","True","False","94040"
"706","Safeway","Safeway","","safeway","","104 Mid Valley Center","Carmel","CA","93923","US","America/Los_Angeles","https://local.safeway.com/safeway/ca/carmel/104-mid-valley-center.html","38.73","True","True","True","False","95023"
"2669","Safeway","Safeway","","safeway","","5 Crossroads Blvd","Carmel","CA","93923","US","America/Los_Angeles","https://local.safeway.com/safeway/ca/carmel/5-crossroads-blvd.html","5.65","True","True","True","False","93940"
"1560","Safeway","Safeway","","safeway","","4040 Manzanita Ave","Carmichael","CA","95608","US","America/Los_Angeles","https://local.safeway.com/safeway/ca/carmichael/4040-manzanita-ave.html","9.86","True","True","True","False","95814"
"768","Safeway","Safeway","","safeway","","20629 Redwood Rd","Castro Valley","CA","94546","US","America/Los_Angeles","https://local.safeway.com/safeway/ca/castro-valley/20629-redwood-rd.html","9.93","True","True","True","False","94536"
"3010","Safeway","Safeway","","safeway","","4015 E Castro Valley Blvd","Castro Valley","CA","94552","US","America/Los_Angeles","https://local.safeway.com/safeway/ca/castro-valley/4015-e-castro-valley-blvd.html","9.38","True","True","True","False","94536"
"256","Safeway","Safeway","","safeway","","1016 W Sacramento Ave","Chico","CA","95926","US","America/Los_Angeles","https://local.safeway.com/safeway/ca/chico/1016-w-sacramento-ave.html","64.58","True","True","False","False","96001"
"1125","Safeway","Safeway","","safeway","","1366 East Ave","Chico","CA","95926","US","America/Los_Angeles","https://local.safeway.com/safeway/ca/chico/1366-east-ave.html","63.76","True","True","True","False","96001"
"1651","Safeway","Safeway","","safeway","","720 Mangrove Ave","Chico","CA","95926","US","America/Los_Angeles","https://local.safeway.com/safeway/ca/chico/720-mangrove-ave.html","65.0","True","True","True","False","96001"
"1531","Safeway","Safeway","","safeway","","7301 Greenback Ln","Citrus Heights","CA","95621","US","America/Los_Angeles","https://local.safeway.com/safeway/ca/citrus-heights/7301-greenback-ln.html","40.45","True","True","True","False","95901"
"1195","Safeway","Safeway","","safeway","","5431 Clayton Rd","Clayton","CA","94517","US","America/Los_Angeles","https://local.safeway.com/safeway/ca/clayton/5431-clayton-rd.html","31.39","True","True","True","False","95242"
"984","Safeway","Safeway","","safeway","","14922 Olympic Dr","Clearlake","CA","95422","US","America/Los_Angeles","https://local.safeway.com/safeway/ca/clearlake/14922-olympic-dr.html","109.77","True","True","True","False","96001"
"955","Safeway","Safeway","","safeway","","2600 Willow Pass Rd","Concord","CA","94519","US","America/Los_Angeles","https://local.safeway.com/safeway/ca/concord/2600-willow-pass-rd.html","18.33","True","True","True","False","94513"
"1192","Safeway","Safeway","","safeway","","4309 Clayton Rd","Concord","CA","94521","US","America/Los_Angeles","https://local.safeway.com/safeway/ca/concord/4309-clayton-rd.html","10.87","True","True","True","False","94506"
"2295","Safeway","Safeway","","safeway","","600 Edith St","Corning","CA","96021","US","America/Los_Angeles","https://local.safeway.com/safeway/ca/corning/600-edith-st.html","44.73","True","True","False","False","96001"
"2318","Safeway","Safeway","","safeway","","137 Corte Madera Town Ctr","Corte Madera","CA","94925","US","America/Los_Angeles","https://local.safeway.com/safeway/ca/corte-madera/137-corte-madera-town-ctr.html","2.69","True","True","True","False","94901"
"954","Safeway","Safeway","","safeway","","475 M St","Crescent City","CA","95531","US","America/Los_Angeles","https://local.safeway.com/safeway/ca/crescent-city/475-m-st.html","65.26","True","True","True","False","95501"
"3251","Safeway","Safeway","","safeway","","20620 W Homestead Rd","Cupertino","CA","95014","US","America/Los_Angeles","https://local.safeway.com/safeway/ca/cupertino/20620-w-homestead-rd.html","4.09","True","True","True","False","94040"
"3031","Safeway","Safeway","","safeway","","601 Westlake Ctr","Daly City","CA","94015","US","America/Los_Angeles","https://local.safeway.com/safeway/ca/daly-city/601-westlake-ctr.html","4.84","True","True","True","False","94110"
"1211","Safeway","Safeway","","safeway","","3496 Camino Tassajara","Danville","CA","94506","US","America/Los_Angeles","https://local.safeway.com/safeway/ca/danville/3496-camino-tassajara.html","11.03","True","True","True","False","94566"
"1205","Safeway","Safeway","","safeway","","1451 W Covell Blvd","Davis","CA","95616","US","America/Los_Angeles","https://local.safeway.com/safeway/ca/davis/1451-w-covell-blvd.html","14.79","True","True","True","False","95814"
"1561","Safeway","Safeway","","safeway","","2121 Cowell Blvd","Davis","CA","95618","US","America/Los_Angeles","https://local.safeway.com/safeway/ca/davis/2121-cowell-blvd.html","12.81","True","True","True","False","95814"
"2841","Safeway","Safeway","","safeway","","815 Canyon Del Rey Blvd","Del Rey Oaks","CA","93940","US","America/Los_Angeles","https://local.safeway.com/safeway/ca/del-rey-oaks/815-canyon-del-rey-blvd.html","37.07","True","True","True","False","95023"
"1917","Safeway","Safeway","","safeway","","14840 Hwy 4","Discovery Bay","CA","94505","US","America/Los_Angeles","https://local.safeway.com/safeway/ca/discovery-bay/14840-hwy-4.html","76.25","True","True","True","False","95340"
"1258","Safeway","Safeway","","safeway","","1235 Stratford Ave","Dixon","CA","95620","US","America/Los_Angeles","https://local.safeway.com/safeway/ca/dixon/1235-stratford-ave.html","7.11","True","True","True","False","95616"
"1932","Safeway","Safeway","","safeway","","4440 Tassajara Rd","Dublin","CA","94568","US","America/Los_Angeles","https://local.safeway.com/safeway/ca/dublin/4440-tassajara-rd.html","12.16","True","True","True","False","94536"
"1953","Safeway","Safeway","","safeway","","7499 Dublin Blvd","Dublin","CA","94568","US","America/Los_Angeles","https://local.safeway.com/safeway/ca/dublin/7499-dublin-blvd.html","10.68","True","True","True","False","94536"
"2940","Safeway","Safeway","","safeway","","11450 San Pablo Ave","El Cerrito","CA","94530","US","America/Los_Angeles","https://local.safeway.com/safeway/ca/el-cerrito/11450-san-pablo-ave.html","10.66","True","True","True","False","94901"
"2683","Safeway","Safeway","","safeway","","2207 Francisco Dr","El Dorado Hills","CA","95762","US","America/Los_Angeles","https://local.safeway.com/safeway/ca/el-dorado-hills/2207-francisco-dr.html","13.99","True","True","True","False","95670"
"748","Safeway","Safeway","","safeway","","3383 Bass Lake Rd","El Dorado Hills","CA","95762","US","America/Los_Angeles","https://local.safeway.com/safeway/ca/el-dorado-hills/3383-bass-lake-rd.html","61.97","True","True","True","False","96161"
"94","Safeway","Safeway","","safeway","","10050 Bruceville Rd","Elk Grove","CA","95757","US","America/Los_Angeles","https://local.safeway.com/safeway/ca/elk-grove/10050-bruceville-rd.html","13.78","True","True","True","False","95814"
"1647","Safeway","Safeway","","safeway","","5021 Laguna Blvd","Elk Grove","CA","95758","US","America/Los_Angeles","https://local.safeway.com/safeway/ca/elk-grove/5021-laguna-blvd.html","11.24","True","True","True","False","95814"
"2908","Safeway","Safeway","","safeway","","2555 Harris St","Eureka","CA","95503","US","America/Los_Angeles","https://local.safeway.com/safeway/ca/eureka/2555-harris-st.html","89.49","True","True","True","False","96001"
"1895","Safeway","Safeway","","safeway","","5450 Dewey Dr","Fair Oaks","CA","95628","US","America/Los_Angeles","https://local.safeway.com/safeway/ca/fair-oaks/5450-dewey-dr.html","41.24","True","True","True","False","95901"
"1846","Safeway","Safeway","","safeway","","8925 Madison Ave","Fair Oaks","CA","95628","US","America/Los_Angeles","https://local.safeway.com/safeway/ca/fair-oaks/8925-madison-ave.html","42.65","True","True","True","False","95901"
"1127","Safeway","Safeway","","safeway","","2401 Waterman Dr","Fairfield","CA","94534","US","America/Los_Angeles","https://local.safeway.com/safeway/ca/fairfield/2401-waterman-dr.html","24.26","True","True","True","False","95616"
"1722","Safeway","Safeway","","safeway","","5051 Business Ctr Dr","Fairfield","CA","94534","US","America/Los_Angeles","https://local.safeway.com/safeway/ca/fairfield/5051-business-ctr-dr.html","23.65","True","True","True","False","95620"
"786","Safeway","Safeway","","safeway","","6255 Graham Hill Rd","Felton","CA","95018","US","America/Los_Angeles","https://local.safeway.com/safeway/ca/felton/6255-graham-hill-rd.html","3.99","True","True","True","False","95060"
"1794","Safeway","Safeway","","safeway","","1850 Prairie City Rd","Folsom","CA","95630","US","America/Los_Angeles","https://local.safeway.com/safeway/ca/folsom/1850-prairie-city-rd.html","19.56","True","True","True","False","95823"
"978","Safeway","Safeway","","safeway","","660 S Main St","Fort Bragg","CA","95437","US","America/Los_Angeles","https://local.safeway.com/safeway/ca/fort-bragg/660-s-main-st.html","104.75","True","True","True","False","96001"
"975","Safeway","Safeway","","safeway","","701 S Fortuna Blvd","Fortuna","CA","95540","US","America/Los_Angeles","https://local.safeway.com/safeway/ca/fortuna/701-s-fortuna-blvd.html","88.49","True","True","True","False","96001"
"999","Safeway","Safeway","","safeway","","921 E Hillsdale Blvd","Foster City","CA","94404","US","America/Los_Angeles","https://local.safeway.com/safeway/ca/foster-city/921-e-hillsdale-blvd.html","5.08","True","True","True","False","94010"
"2840","Safeway","Safeway","","safeway","","2010 Freedom Blvd","Freedom","CA","95019","US","America/Los_Angeles","https://local.safeway.com/safeway/ca/freedom/2010-freedom-blvd.html","25.9","True","True","True","False","95023"
"993","Safeway","Safeway","","safeway","","3902 Washington Blvd","Fremont","CA","94538","US","America/Los_Angeles","https://local.safeway.com/safeway/ca/fremont/3902-washington-blvd.html","3.42","True","True","True","False","94536"
"309","Safeway","Safeway","","safeway","","39100 Argonaut Way","Fremont","CA","94538","US","America/Los_Angeles","https://local.safeway.com/safeway/ca/fremont/39100-argonaut-way.html","1.53","True","True","True","False","94536"
"1931","Safeway","Safeway","","safeway","","46848 Mission Blvd","Fremont","CA","94539","US","America/Los_Angeles","https://local.safeway.com/safeway/ca/fremont/46848-mission-blvd.html","6.65","True","True","True","False","94536"
"1505","Safeway","Safeway","","safeway","","905 First St","Gilroy","CA","95020","US","America/Los_Angeles","https://local.safeway.com/safeway/ca/gilroy/905-first-st.html","17.06","True","True","True","False","95023"
"111","Safeway","Safeway","","safeway","","105 Neal St","Grass Valley","CA","95945","US","America/Los_Angeles","https://local.safeway.com/safeway/ca/grass-valley/105-neal-st.html","53.19","True","True","True","False","95928"
"2842","Safeway","Safeway","","safeway","","867 Sutton Way","Grass Valley","CA","95945","US","America/Los_Angeles","https://local.safeway.com/safeway/ca/grass-valley/867-sutton-way.html","53.63","True","True","True","False","95928"
"2287","Safeway","Safeway","","safeway","","1596 St Hwy 99","Gridley","CA","95948","US","America/Los_Angeles","https://local.safeway.com/safeway/ca/gridley/1596-st-hwy-99.html","91.5","True","True","False","False","96001"
"950","Safeway","Safeway","","safeway","","16405 Hwy 116","Guerneville","CA","95446","US","America/Los_Angeles","https://local.safeway.com/safeway/ca/guerneville/16405-hwy-116.html","75.34","True","True","True","False","95437"
"308","Safeway","Safeway","","safeway","","70 Cabrillo Hwy","Half Moon Bay","CA","94019","US","America/Los_Angeles","https://local.safeway.com/safeway/ca/half-moon-bay/70-cabrillo-hwy.html","7.83","True","True","True","False","94010"
"971","Safeway","Safeway","","safeway","","22280 Foothill Blvd","Hayward","CA","94541","US","America/Los_Angeles","https://local.safeway.com/safeway/ca/hayward/22280-foothill-blvd.html","9.11","True","True","True","False","94536"
"998","Safeway","Safeway","","safeway","","1115 Vine St","Healdsburg","CA","95448","US","America/Los_Angeles","https://local.safeway.com/safeway/ca/healdsburg/1115-vine-st.html","166.83","True","True","True","False","95501"
"2874","Safeway","Safeway","","safeway","","4080 San Pablo Ave","Hercules","CA","94547","US","America/Los_Angeles","https://local.safeway.com/safeway/ca/hercules/4080-san-pablo-ave.html","13.09","True","True","False","False","94901"
"1757","Safeway","Safeway","","safeway","","591 Tres Pinos Rd","Hollister","CA","95023","US","America/Los_Angeles","https://local.safeway.com/safeway/ca/hollister/591-tres-pinos-rd.html","6.87","True","True","True","False","95023"
"2778","Safeway","Safeway","","safeway","","12110 Industry Blvd","Jackson","CA","95642","US","America/Los_Angeles","https://local.safeway.com/safeway/ca/jackson/12110-industry-blvd.html","73.91","True","True","True","False","95340"
"1232","Safeway","Safeway","","safeway","","530 Canal St","King City","CA","93930","US","America/Los_Angeles","https://local.safeway.com/safeway/ca/king-city/530-canal-st.html","72.85","True","True","True","False","93401"
"1592","Safeway","Safeway","","safeway","","7815 N Lake Blvd","Kings Beach","CA","96143","US","America/Los_Angeles","https://local.safeway.com/safeway/ca/kings-beach/7815-n-lake-blvd.html","10.15","True","True","True","False","96161"
"783","Safeway","Safeway","","safeway","","3540 Mt Diablo Blvd","Lafayette","CA","94549","US","America/Los_Angeles","https://local.safeway.com/safeway/ca/lafayette/3540-mt-diablo-blvd.html","6.13","True","True","True","False","94611"
"983","Safeway","Safeway","","safeway","","1071 11th St","Lakeport","CA","95453","US","America/Los_Angeles","https://local.safeway.com/safeway/ca/lakeport/1071-11th-st.html","106.35","True","True","True","False","96001"
"1761","Safeway","Safeway","","safeway","","67 Lincoln Blvd","Lincoln","CA","95648","US","America/Los_Angeles","https://local.safeway.com/safeway/ca/lincoln/67-lincoln-blvd.html","63.96","True","True","True","False","95928"
"910","Safeway","Safeway","","safeway","","1554 First St","Livermore","CA","94550","US","America/Los_Angeles","https://local.safeway.com/safeway/ca/livermore/1554-first-st.html","5.57","True","True","True","False","94566"
"1257","Safeway","Safeway","","safeway","","4495 First St","Livermore","CA","94551","US","America/Los_Angeles","https://local.safeway.com/safeway/ca/livermore/4495-first-st.html","7.7","True","True","True","False","94566"
"1648","Safeway","Safeway","","safeway","","2449 W Kettleman Ln","Lodi","CA","95242","US","America/Los_Angeles","https://local.safeway.com/safeway/ca/lodi/2449-w-kettleman-ln.html","22.2","True","True","True","False","95758"
"2814","Safeway","Safeway","","safeway","","160 1st St","Los Altos","CA","94022","US","America/Los_Angeles","https://local.safeway.com/safeway/ca/los-altos/160-1st-st.html","5.87","True","True","True","False","94025"
"742","Safeway","Safeway","","safeway","","1500 Pollard Rd","Los Gatos","CA","95032","US","America/Los_Angeles","https://local.safeway.com/safeway/ca/los-gatos/1500-pollard-rd.html","3.63","True","True","True","False","95124"
"1245","Safeway","Safeway","","safeway","","15549 Union Ave","Los Gatos","CA","95032","US","America/Los_Angeles","https://local.safeway.com/safeway/ca/los-gatos/15549-union-ave.html","1.33","True","True","True","False","95124"
"2815","Safeway","Safeway","","safeway","","470 N Santa Cruz Ave","Los Gatos","CA","95030","US","America/Los_Angeles","https://local.safeway.com/safeway/ca/los-gatos/470-n-santa-cruz-ave.html","3.8","True","True","True","False","95124"
"3124","Safeway","Safeway","","safeway","","1187 S Main St","Manteca","CA","95337","US","America/Los_Angeles","https://local.safeway.com/safeway/ca/manteca/1187-s-main-st.html","82.09","True","True","True","False","93637"
"939","Safeway","Safeway","","safeway","","3334 Alhambra Ave","Martinez","CA","94553","US","America/Los_Angeles","https://local.safeway.com/safeway/ca/martinez/3334-alhambra-ave.html","23.73","True","True","True","False","94558"
"972","Safeway","Safeway","","safeway","","6688 Alhambra Ave","Martinez","CA","94553","US","America/Los_Angeles","https://local.safeway.com/safeway/ca/martinez/6688-alhambra-ave.html","9.65","True","True","True","False","94547"
"1640","Safeway","Safeway","","safeway","","1503 City Ctr Rd","Mckinleyville","CA","95519","US","America/Los_Angeles","https://local.safeway.com/safeway/ca/mckinleyville/1503-city-ctr-rd.html","90.35","True","True","True","False","96001"
"1709","Safeway","Safeway","","safeway","","325 S Sharon Park Dr","Menlo Park","CA","94025","US","America/Los_Angeles","https://local.safeway.com/safeway/ca/menlo-park/325-s-sharon-park-dr.html","1.96","True","True","True","False","94025"
"2719","Safeway","Safeway","","safeway","","525 El Camino Real","Menlo Park","CA","94025","US","America/Los_Angeles","https://local.safeway.com/safeway/ca/menlo-park/525-el-camino-real.html","12.41","True","True","True","False","94536"
"788","Safeway","Safeway","","safeway","","1 Camino Alto","Mill Valley","CA","94941","US","America/Los_Angeles","https://local.safeway.com/safeway/ca/mill-valley/1-camino-alto.html","5.14","True","True","True","False","94901"
"2718","Safeway","Safeway","","safeway","","800 Redwood Hwy Frontage Rd #110","Mill Valley","CA","94941","US","America/Los_Angeles","https://local.safeway.com/safeway/ca/mill-valley/800-redwood-hwy-frontage-rd-110.html","4.6","True","True","True","False","94901"
"2878","Safeway","Safeway","","safeway","","525 El Camino Real","Millbrae","CA","94030","US","America/Los_Angeles","https://local.safeway.com/safeway/ca/millbrae/525-el-camino-real.html","2.82","True","True","True","False","94010"
"1879","Safeway","Safeway","","safeway","","555 E Calaveras Blvd","Milpitas","CA","95035","US","America/Los_Angeles","https://local.safeway.com/safeway/ca/milpitas/555-e-calaveras-blvd.html","10.66","True","True","True","False","94536"
"1661","Safeway","Safeway","","safeway","","2001 Mchenry Ave Suite C","Modesto","CA","95350","US","America/Los_Angeles","https://local.safeway.com/safeway/ca/modesto/2001-mchenry-ave-suite-c.html","92.36","True","True","True","False","93612"
"969","Safeway","Safeway","","safeway","","1355 Moraga Way","Moraga","CA","94556","US","America/Los_Angeles","https://local.safeway.com/safeway/ca/moraga/1355-moraga-way.html","4.07","True","True","True","False","94611"
"1891","Safeway","Safeway","","safeway","","235 Tennant Station","Morgan Hill","CA","95037","US","America/Los_Angeles","https://local.safeway.com/safeway/ca/morgan-hill/235-tennant-station.html","22.96","True","True","True","False","95023"
"1455","Safeway","Safeway","","safeway","","840 E Dunne Ave","Morgan Hill","CA","95037","US","America/Los_Angeles","https://local.safeway.com/safeway/ca/morgan-hill/840-e-dunne-ave.html","23.51","True","True","True","False","95023"
"55","Safeway","Safeway","","safeway","","19555 S Mountain House Pkwy","Mountain House","CA","95391","US","America/Los_Angeles","https://local.safeway.com/safeway/ca/mountain-house/19555-s-mountain-house-pkwy.html","68.51","True","True","True","False","95340"
"1108","Safeway","Safeway","","safeway","","1750 Miramonte Ave","Mountain View","CA","94040","US","America/Los_Angeles","https://local.safeway.com/safeway/ca/mountain-view/1750-miramonte-ave.html","11.39","True","True","True","False","94538"
"705","Safeway","Safeway","","safeway","","570 N Shoreline Blvd","Mountain View","CA","94043","US","America/Los_Angeles","https://local.safeway.com/safeway/ca/mountain-view/570-n-shoreline-blvd.html","11.88","True","True","True","False","94536"
"3403","Safeway","Safeway","","safeway","","580 N Rengstorff Ave","Mountain View","CA","94043","US","America/Los_Angeles","https://local.safeway.com/safeway/ca/mountain-view/580-n-rengstorff-ave.html","11.68","True","True","True","False","94536"
"2948","Safeway","Safeway","","safeway","","645 San Antonio Rd","Mountain View","CA","94040","US","America/Los_Angeles","https://local.safeway.com/safeway/ca/mountain-view/645-san-antonio-rd.html","10.76","True","True","True","False","94538"
"2449","Safeway","Safeway","","safeway","","3375 Jefferson St","Napa","CA","94558","US","America/Los_Angeles","https://local.safeway.com/safeway/ca/napa/3375-jefferson-st.html","15.49","True","True","True","False","94954"
"1224","Safeway","Safeway","","safeway","","5877 Jarvis Ave","Newark","CA","94560","US","America/Los_Angeles","https://local.safeway.com/safeway/ca/newark/5877-jarvis-ave.html","2.65","True","True","True","False","94536"
"2828","Safeway","Safeway","","safeway","","5720 Nave Dr","Novato","CA","94949","US","America/Los_Angeles","https://local.safeway.com/safeway/ca/novato/5720-nave-dr.html","6.91","True","True","True","False","94901"
"979","Safeway","Safeway","","safeway","","900 Diablo Ave","Novato","CA","94947","US","America/Los_Angeles","https://local.safeway.com/safeway/ca/novato/900-diablo-ave.html","10.28","True","True","True","False","94901"
"654","Safeway","Safeway","","safeway","","2096 Mountain Blvd","Oakland","CA","94611","US","America/Los_Angeles","https://local.safeway.com/safeway/ca/oakland/2096-mountain-blvd.html","5.5","True","True","True","False","94501"
"908","Safeway","Safeway","","safeway","","3550 Fruitvale Ave","Oakland","CA","94602","US","America/Los_Angeles","https://local.safeway.com/safeway/ca/oakland/3550-fruitvale-ave.html","4.21","True","True","True","False","94501"
"1119","Safeway","Safeway","","safeway","","3747 Grand Ave","Oakland","CA","94610","US","America/Los_Angeles","https://local.safeway.com/safeway/ca/oakland/3747-grand-ave.html","3.77","True","True","True","False","94501"
"638","Safeway","Safeway","","safeway","","4100 Redwood Rd","Oakland","CA","94619","US","America/Los_Angeles","https://local.safeway.com/safeway/ca/oakland/4100-redwood-rd.html","5.78","True","True","True","False","94501"
"3132","Safeway","Safeway","","safeway","","5100 Broadway","Oakland","CA","94611","US","America/Los_Angeles","https://local.safeway.com/safeway/ca/oakland/5100-broadway.html","4.77","True","True","True","False","94501"
"2870","Safeway","Safeway","","safeway","","6310 College Ave","Oakland","CA","94618","US","America/Los_Angeles","https://local.safeway.com/safeway/ca/oakland/6310-college-ave.html","5.73","True","True","True","False","94501"
"2657","Safeway","Safeway","","safeway","","998 Laurel Rd","Oakley","CA","94561","US","America/Los_Angeles","https://local.safeway.com/safeway/ca/oakley/998-laurel-rd.html","28.19","True","True","True","False","95620"
"967","Safeway","Safeway","","safeway","","2 Camino Sobrante","Orinda","CA","94563","US","America/Los_Angeles","https://local.safeway.com/safeway/ca/orinda/2-camino-sobrante.html","3.53","True","True","True","False","94611"
"761","Safeway","Safeway","","safeway","","1212 Forest Ave","Pacific Grove","CA","93950","US","America/Los_Angeles","https://local.safeway.com/safeway/ca/pacific-grove/1212-forest-ave.html","40.05","True","True","True","False","95023"
"3008","Safeway","Safeway","","safeway","","12 Manor Plz","Pacifica","CA","94044","US","America/Los_Angeles","https://local.safeway.com/safeway/ca/pacifica/12-manor-plz.html","7.91","True","True","True","False","94110"
"304","Safeway","Safeway","","safeway","","1380 Linda Mar Shopping Center","Pacifica","CA","94044","US","America/Los_Angeles","https://local.safeway.com/safeway/ca/pacifica/1380-linda-mar-shopping-center.html","7.65","True","True","True","False","94010"
"2843","Safeway","Safeway","","safeway","","709 Hickey Blvd","Pacifica","CA","94044","US","America/Los_Angeles","https://local.safeway.com/safeway/ca/pacifica/709-hickey-blvd.html","6.86","True","True","True","False","94110"
"1682","Safeway","Safeway","","safeway","","2811 Middlefield Rd","Palo Alto","CA","94306","US","America/Los_Angeles","https://local.safeway.com/safeway/ca/palo-alto/2811-middlefield-rd.html","11.32","True","True","True","False","94536"
"3011","Safeway","Safeway","","safeway","","389 S Mcdowell Blvd","Petaluma","CA","94954","US","America/Los_Angeles","https://local.safeway.com/safeway/ca/petaluma/389-s-mcdowell-blvd.html","2.74","True","True","True","False","94954"
"2456","Safeway","Safeway","","safeway","","701 Sonoma Mountain Pkwy","Petaluma","CA","94954","US","America/Los_Angeles","https://local.safeway.com/safeway/ca/petaluma/701-sonoma-mountain-pkwy.html","3.98","True","True","True","False","94954"
"1215","Safeway","Safeway","","safeway","","660 Bailey Rd","Pittsburg","CA","94565","US","America/Los_Angeles","https://local.safeway.com/safeway/ca/pittsburg/660-bailey-rd.html","27.61","True","True","True","False","95620"
"1724","Safeway","Safeway","","safeway","","3955 Missouri Flat Rd","Placerville","CA","95667","US","America/Los_Angeles","https://local.safeway.com/safeway/ca/placerville/3955-missouri-flat-rd.html","53.07","True","True","True","False","96161"
"1541","Safeway","Safeway","","safeway","","1978 Contra Costa Blvd","Pleasant Hill","CA","94523","US","America/Los_Angeles","https://local.safeway.com/safeway/ca/pleasant-hill/1978-contra-costa-blvd.html","11.71","True","True","True","False","94547"
"928","Safeway","Safeway","","safeway","","600 Patterson Blvd","Pleasant Hill","CA","94523","US","America/Los_Angeles","https://local.safeway.com/safeway/ca/pleasant-hill/600-patterson-blvd.html","11.39","True","True","True","False","94547"
"2941","Safeway","Safeway","","safeway","","707 Contra Costa Blvd","Pleasant Hill","CA","94523","US","America/Los_Angeles","https://local.safeway.com/safeway/ca/pleasant-hill/707-contra-costa-blvd.html","11.08","True","True","True","False","94547"
"1502","Safeway","Safeway","","safeway","","1701 Santa Rita Rd","Pleasanton","CA","94566","US","America/Los_Angeles","https://local.safeway.com/safeway/ca/pleasanton/1701-santa-rita-rd.html","10.45","True","True","True","False","94536"
"2856","Safeway","Safeway","","safeway","","6790 Bernal Ave","Pleasanton","CA","94566","US","America/Los_Angeles","https://local.safeway.com/safeway/ca/pleasanton/6790-bernal-ave.html","8.56","True","True","True","False","94536"
"1825","Safeway","Safeway","","safeway","","6498 Pony Express Trail","Pollock Pines","CA","95726","US","America/Los_Angeles","https://local.safeway.com/safeway/ca/pollock-pines/6498-pony-express-trail.html","42.36","True","True","True","False","96161"
"1204","Safeway","Safeway","","safeway","","17539 Vierra Canyon Rd","Prunedale","CA","93907","US","America/Los_Angeles","https://local.safeway.com/safeway/ca/prunedale/17539-vierra-canyon-rd.html","21.41","True","True","True","False","95023"
"262","Safeway","Safeway","","safeway","","20 E Main St","Quincy","CA","95971","US","America/Los_Angeles","https://local.safeway.com/safeway/ca/quincy/20-e-main-st.html","90.78","True","True","False","False","96001"
"1746","Safeway","Safeway","","safeway","","10635 Folsom Blvd","Rancho Cordova","CA","95670","US","America/Los_Angeles","https://local.safeway.com/safeway/ca/rancho-cordova/10635-folsom-blvd.html","10.9","True","True","True","False","95814"
"1826","Safeway","Safeway","","safeway","","1070 E Cypress Ave","Redding","CA","96002","US","America/Los_Angeles","https://local.safeway.com/safeway/ca/redding/1070-e-cypress-ave.html","6.13","True","True","True","False","96001"
"1954","Safeway","Safeway","","safeway","","2275 Pine St","Redding","CA","96001","US","America/Los_Angeles","https://local.safeway.com/safeway/ca/redding/2275-pine-st.html","4.61","True","True","True","False","96001"
"305","Safeway","Safeway","","safeway","","1071 El Camino Real","Redwood City","CA","94063","US","America/Los_Angeles","https://local.safeway.com/safeway/ca/redwood-city/1071-el-camino-real.html","9.49","True","True","True","False","94010"
"747","Safeway","Safeway","","safeway","","850 Woodside Rd","Redwood City","CA","94061","US","America/Los_Angeles","https://local.safeway.com/safeway/ca/redwood-city/850-woodside-rd.html","10.55","True","True","True","False","94010"
"1866","Safeway","Safeway","","safeway","","2220 Sunset Blvd","Rocklin","CA","95765","US","America/Los_Angeles","https://local.safeway.com/safeway/ca/rocklin/2220-sunset-blvd.html","69.1","True","True","True","False","95928"
"2286","Safeway","Safeway","","safeway","","4805 Granite Dr","Rocklin","CA","95677","US","America/Los_Angeles","https://local.safeway.com/safeway/ca/rocklin/4805-granite-dr.html","71.14","True","True","True","False","95928"
"918","Safeway","Safeway","","safeway","","6340 Commerce Blvd","Rohnert Park","CA","94928","US","America/Los_Angeles","https://local.safeway.com/safeway/ca/rohnert-park/6340-commerce-blvd.html","10.18","True","True","True","False","94954"
"1890","Safeway","Safeway","","safeway","","1080 Pleasant Grove Blvd","Roseville","CA","95678","US","America/Los_Angeles","https://local.safeway.com/safeway/ca/roseville/1080-pleasant-grove-blvd.html","70.31","True","True","True","False","95928"
"2695","Safeway","Safeway","","safeway","","1770 Pleasant Grove Blvd","Roseville","CA","95747","US","America/Los_Angeles","https://local.safeway.com/safeway/ca/roseville/1770-pleasant-grove-blvd.html","69.56","True","True","True","False","95928"
"1617","Safeway","Safeway","","safeway","","8640 Sierra College Blvd","Roseville","CA","95661","US","America/Los_Angeles","https://local.safeway.com/safeway/ca/roseville/8640-sierra-college-blvd.html","37.61","True","True","True","False","95901"
"2620","Safeway","Safeway","","safeway","","9045 Woodcreek Oaks Blvd","Roseville","CA","95747","US","America/Los_Angeles","https://local.safeway.com/safeway/ca/roseville/9045-woodcreek-oaks-blvd.html","68.41","True","True","True","False","95928"
"1899","Safeway","Safeway","","safeway","","989 Sunrise Ave","Roseville","CA","95661","US","America/Los_Angeles","https://local.safeway.com/safeway/ca/roseville/989-sunrise-ave.html","73.68","True","True","True","False","95928"
"2242","Safeway","Safeway","","safeway","","1025 Alhambra Blvd","Sacramento","CA","95816","US","America/Los_Angeles","https://local.safeway.com/safeway/ca/sacramento/1025-alhambra-blvd.html","1.77","True","True","True","False","95814"
"2684","Safeway","Safeway","","safeway","","1814 19th St","Sacramento","CA","95811","US","America/Los_Angeles","https://local.safeway.com/safeway/ca/sacramento/1814-19th-st.html","1.1","True","True","True","False","95814"
"2697","Safeway","Safeway","","safeway","","2851 Del Paso Rd","Sacramento","CA","95835","US","America/Los_Angeles","https://local.safeway.com/safeway/ca/sacramento/2851-del-paso-rd.html","40.24","True","True","True","False","95901"
"1530","Safeway","Safeway","","safeway","","3320 Arden Way","Sacramento","CA","95825","US","America/Los_Angeles","https://local.safeway.com/safeway/ca/sacramento/3320-arden-way.html","5.87","True","True","True","False","95814"
"3013","Safeway","Safeway","","safeway","","3680 Crocker Dr","Sacramento","CA","95818","US","America/Los_Angeles","https://local.safeway.com/safeway/ca/sacramento/3680-crocker-dr.html","2.94","True","True","True","False","95814"
"190","Safeway","Safeway","","safeway","","424 Howe Ave","Sacramento","CA","95825","US","America/Los_Angeles","https://local.safeway.com/safeway/ca/sacramento/424-howe-ave.html","4.42","True","True","True","False","95814"
"2263","Safeway","Safeway","","safeway","","5345 Elkhorn Blvd","Sacramento","CA","95842","US","America/Los_Angeles","https://local.safeway.com/safeway/ca/sacramento/5345-elkhorn-blvd.html","39.37","True","True","True","False","95901"
"1289","Safeway","Safeway","","safeway","","8377 Elk Grove Florin Rd","Sacramento","CA","95829","US","America/Los_Angeles","https://local.safeway.com/safeway/ca/sacramento/8377-elk-grove-florin-rd.html","11.18","True","True","True","False","95814"
"2605","Safeway","Safeway","","safeway","","1026 Hunt Ave","Saint Helena","CA","94574","US","America/Los_Angeles","https://local.safeway.com/safeway/ca/saint-helena/1026-hunt-ave.html","18.74","True","True","True","False","94954"
"2654","Safeway","Safeway","","safeway","","1516 Constitution Blvd","Salinas","CA","93905","US","America/Los_Angeles","https://local.safeway.com/safeway/ca/salinas/1516-constitution-blvd.html","22.72","True","True","True","False","95023"
"1110","Safeway","Safeway","","safeway","","1546 N Main St","Salinas","CA","93906","US","America/Los_Angeles","https://local.safeway.com/safeway/ca/salinas/1546-n-main-st.html","23.51","True","True","True","False","95023"
"1723","Safeway","Safeway","","safeway","","838 Sir Francis Drake","San Anselmo","CA","94960","US","America/Los_Angeles","https://local.safeway.com/safeway/ca/san-anselmo/838-sir-francis-drake.html","3.49","True","True","True","False","94901"
"4601","Safeway","Safeway","","safeway","","145 Jackson St","San Francisco","CA","94111","US","America/Los_Angeles","https://local.safeway.com/safeway/ca/san-francisco/145-jackson-st.html","12.96","True","True","True","False","94901"
"1711","Safeway","Safeway","","safeway","","15 Marina Blvd","San Francisco","CA","94123","US","America/Los_Angeles","https://local.safeway.com/safeway/ca/san-francisco/15-marina-blvd.html","11.76","True","True","True","False","94901"
"1507","Safeway","Safeway","","safeway","","2020 Market St","San Francisco","CA","94114","US","America/Los_Angeles","https://local.safeway.com/safeway/ca/san-francisco/2020-market-st.html","7.96","True","True","True","False","94501"
"1490","Safeway","Safeway","","safeway","","2300 16th St Unit 203","San Francisco","CA","94103","US","America/Los_Angeles","https://local.safeway.com/safeway/ca/san-francisco/2300-16th-st-unit-203.html","6.87","True","True","True","False","94501"
"985","Safeway","Safeway","","safeway","","2350 Noriega St","San Francisco","CA","94122","US","America/Los_Angeles","https://local.safeway.com/safeway/ca/san-francisco/2350-noriega-st.html","3.87","True","True","True","False","94110"
"2606","Safeway","Safeway","","safeway","","298 King St","San Francisco","CA","94107","US","America/Los_Angeles","https://local.safeway.com/safeway/ca/san-francisco/298-king-st.html","6.12","True","True","True","False","94501"
"739","Safeway","Safeway","","safeway","","3350 Mission St","San Francisco","CA","94110","US","America/Los_Angeles","https://local.safeway.com/safeway/ca/san-francisco/3350-mission-st.html","7.9","True","True","True","False","94501"
"964","Safeway","Safeway","","safeway","","4950 Mission St","San Francisco","CA","94112","US","America/Los_Angeles","https://local.safeway.com/safeway/ca/san-francisco/4950-mission-st.html","2.28","True","True","True","False","94110"
"667","Safeway","Safeway","","safeway","","5290 Diamond Heights Blvd","San Francisco","CA","94131","US","America/Los_Angeles","https://local.safeway.com/safeway/ca/san-francisco/5290-diamond-heights-blvd.html","1.18","True","True","True","False","94110"
"759","Safeway","Safeway","","safeway","","625 Monterey Blvd","San Francisco","CA","94127","US","America/Los_Angeles","https://local.safeway.com/safeway/ca/san-francisco/625-monterey-blvd.html","2.1","True","True","True","False","94110"
"909","Safeway","Safeway","","safeway","","730 Taraval St","San Francisco","CA","94116","US","America/Los_Angeles","https://local.safeway.com/safeway/ca/san-francisco/730-taraval-st.html","3.07","True","True","True","False","94110"
"2646","Safeway","Safeway","","safeway","","735 7th Ave","San Francisco","CA","94118","US","America/Los_Angeles","https://local.safeway.com/safeway/ca/san-francisco/735-7th-ave.html","13.34","True","True","True","False","94901"
"785","Safeway","Safeway","","safeway","","850 La Playa St","San Francisco","CA","94121","US","America/Los_Angeles","https://local.safeway.com/safeway/ca/san-francisco/850-la-playa-st.html","13.32","True","True","True","False","94901"
"1476","Safeway","Safeway","","safeway","","1300 W San Carlos St","San Jose","CA","95126","US","America/Los_Angeles","https://local.safeway.com/safeway/ca/san-jose/1300-w-san-carlos-st.html","4.48","True","True","True","False","95124"
"2968","Safeway","Safeway","","safeway","","1305 S Winchester Blvd","San Jose","CA","95117","US","America/Los_Angeles","https://local.safeway.com/safeway/ca/san-jose/1305-s-winchester-blvd.html","3.45","True","True","True","False","95124"
"2776","Safeway","Safeway","","safeway","","1455 Berryessa Rd","San Jose","CA","95133","US","America/Los_Angeles","https://local.safeway.com/safeway/ca/san-jose/1455-berryessa-rd.html","10.31","True","True","True","False","94538"
"2150","Safeway","Safeway","","safeway","","1489 Bird Ave","San Jose","CA","95125","US","America/Los_Angeles","https://local.safeway.com/safeway/ca/san-jose/1489-bird-ave.html","3.64","True","True","True","False","95124"
"1483","Safeway","Safeway","","safeway","","1530 Hamilton Ave","San Jose","CA","95125","US","America/Los_Angeles","https://local.safeway.com/safeway/ca/san-jose/1530-hamilton-ave.html","2.45","True","True","True","False","95124"
"997","Safeway","Safeway","","safeway","","1663 Branham Ln","San Jose","CA","95118","US","America/Los_Angeles","https://local.safeway.com/safeway/ca/san-jose/1663-branham-ln.html","0.69","True","True","True","False","95124"
"316","Safeway","Safeway","","safeway","","179 Branham Ln","San Jose","CA","95136","US","America/Los_Angeles","https://local.safeway.com/safeway/ca/san-jose/179-branham-ln.html","4.76","True","True","True","False","95124"
"929","Safeway","Safeway","","safeway","","2558 Berryessa Rd","San Jose","CA","95132","US","America/Los_Angeles","https://local.safeway.com/safeway/ca/san-jose/2558-berryessa-rd.html","9.93","True","True","True","False","94538"
"3095","Safeway","Safeway","","safeway","","2980 E Capitol Expy","San Jose","CA","95148","US","America/Los_Angeles","https://local.safeway.com/safeway/ca/san-jose/2980-e-capitol-expy.html","7.8","True","True","True","False","95124"
"1574","Safeway","Safeway","","safeway","","4950 Almaden Expy","San Jose","CA","95118","US","America/Los_Angeles","https://local.safeway.com/safeway/ca/san-jose/4950-almaden-expy.html","2.45","True","True","True","False","95124"
"1465","Safeway","Safeway","","safeway","","5146 Stevens Creek Blvd","San Jose","CA","95129","US","America/Los_Angeles","https://local.safeway.com/safeway/ca/san-jose/5146-stevens-creek-blvd.html","6.54","True","True","True","False","94040"
"2900","Safeway","Safeway","","safeway","","5760 Cottle Rd","San Jose","CA","95123","US","America/Los_Angeles","https://local.safeway.com/safeway/ca/san-jose/5760-cottle-rd.html","6.44","True","True","True","False","95124"
"767","Safeway","Safeway","","safeway","","6150 Bollinger Rd","San Jose","CA","95129","US","America/Los_Angeles","https://local.safeway.com/safeway/ca/san-jose/6150-bollinger-rd.html","6.29","True","True","True","False","94040"
"695","Safeway","Safeway","","safeway","","6477 Almaden Expwy","San Jose","CA","95120","US","America/Los_Angeles","https://local.safeway.com/safeway/ca/san-jose/6477-almaden-expwy.html","4.15","True","True","True","False","95124"
"994","Safeway","Safeway","","safeway","","1499 Washington Ave","San Leandro","CA","94577","US","America/Los_Angeles","https://local.safeway.com/safeway/ca/san-leandro/1499-washington-ave.html","7.67","True","True","True","False","94501"
"790","Safeway","Safeway","","safeway","","555 Bancroft Ave","San Leandro","CA","94577","US","America/Los_Angeles","https://local.safeway.com/safeway/ca/san-leandro/555-bancroft-ave.html","7.55","True","True","True","False","94501"
"2315","Safeway","Safeway","","safeway","","699 Lewelling Blvd","San Leandro","CA","94579","US","America/Los_Angeles","https://local.safeway.com/safeway/ca/san-leandro/699-lewelling-blvd.html","11.36","True","True","True","False","94536"
"639","Safeway","Safeway","","safeway","","100 De Anza Blvd","San Mateo","CA","94402","US","America/Los_Angeles","https://local.safeway.com/safeway/ca/san-mateo/100-de-anza-blvd.html","3.68","True","True","True","False","94010"
"970","Safeway","Safeway","","safeway","","1655 El Camino Real","San Mateo","CA","94402","US","America/Los_Angeles","https://local.safeway.com/safeway/ca/san-mateo/1655-el-camino-real.html","3.13","True","True","True","False","94010"
"694","Safeway","Safeway","","safeway","","860 N Delaware St","San Mateo","CA","94401","US","America/Los_Angeles","https://local.safeway.com/safeway/ca/san-mateo/860-n-delaware-st.html","2.07","True","True","True","False","94010"
"653","Safeway","Safeway","","safeway","","700 B St","San Rafael","CA","94901","US","America/Los_Angeles","https://local.safeway.com/safeway/ca/san-rafael/700-b-st.html","1.46","True","True","True","False","94901"
"932","Safeway","Safeway","","safeway","","950 Las Gallinas Ave","San Rafael","CA","94903","US","America/Los_Angeles","https://local.safeway.com/safeway/ca/san-rafael/950-las-gallinas-ave.html","3.88","True","True","True","False","94901"
"2712","Safeway","Safeway","","safeway","","11050 Bollinger Canyon Rd","San Ramon","CA","94582","US","America/Los_Angeles","https://local.safeway.com/safeway/ca/san-ramon/11050-bollinger-canyon-rd.html","9.55","True","True","True","False","94566"
"982","Safeway","Safeway","","safeway","","2505 San Ramon Valley Blvd","San Ramon","CA","94583","US","America/Los_Angeles","https://local.safeway.com/safeway/ca/san-ramon/2505-san-ramon-valley-blvd.html","12.85","True","True","True","False","94587"
"763","Safeway","Safeway","","safeway","","2605 The Alameda Ave","Santa Clara","CA","95050","US","America/Los_Angeles","https://local.safeway.com/safeway/ca/santa-clara/2605-the-alameda-ave.html","11.11","True","True","True","False","94538"
"700","Safeway","Safeway","","safeway","","2760 Homestead Rd","Santa Clara","CA","95051","US","America/Los_Angeles","https://local.safeway.com/safeway/ca/santa-clara/2760-homestead-rd.html","11.52","True","True","True","False","94538"
"1990","Safeway","Safeway","","safeway","","3970 Rivermark Plaza","Santa Clara","CA","95054","US","America/Los_Angeles","https://local.safeway.com/safeway/ca/santa-clara/3970-rivermark-plaza.html","12.12","True","True","True","False","94536"
"799","Safeway","Safeway","","safeway","","117 Morrissey Blvd","Santa Cruz","CA","95062","US","America/Los_Angeles","https://local.safeway.com/safeway/ca/santa-cruz/117-morrissey-blvd.html","38.95","True","True","True","False","95023"
"2607","Safeway","Safeway","","safeway","","2203 Mission St","Santa Cruz","CA","95060","US","America/Los_Angeles","https://local.safeway.com/safeway/ca/santa-cruz/2203-mission-st.html","5.26","True","True","True","False","95060"
"713","Safeway","Safeway","","safeway","","100 Calistoga Rd","Santa Rosa","CA","95409","US","America/Los_Angeles","https://local.safeway.com/safeway/ca/santa-rosa/100-calistoga-rd.html","15.72","True","True","True","False","94954"
"2457","Safeway","Safeway","","safeway","","1211 W College Ave","Santa Rosa","CA","95401","US","America/Los_Angeles","https://local.safeway.com/safeway/ca/santa-rosa/1211-w-college-ave.html","16.61","True","True","True","False","94954"
"956","Safeway","Safeway","","safeway","","1799 Marlow Rd","Santa Rosa","CA","95401","US","America/Los_Angeles","https://local.safeway.com/safeway/ca/santa-rosa/1799-marlow-rd.html","17.25","True","True","True","False","94954"
"1576","Safeway","Safeway","","safeway","","2300 Mendocino Ave","Santa Rosa","CA","95403","US","America/Los_Angeles","https://local.safeway.com/safeway/ca/santa-rosa/2300-mendocino-ave.html","16.93","True","True","True","False","94954"
"1562","Safeway","Safeway","","safeway","","2751 4th St","Santa Rosa","CA","95405","US","America/Los_Angeles","https://local.safeway.com/safeway/ca/santa-rosa/2751-4th-st.html","15.51","True","True","True","False","94954"
"1265","Safeway","Safeway","","safeway","","2785 Yulupa Ave","Santa Rosa","CA","95405","US","America/Los_Angeles","https://local.safeway.com/safeway/ca/santa-rosa/2785-yulupa-ave.html","13.43","True","True","True","False","94954"
"919","Safeway","Safeway","","safeway","","12876 Saratoga Sunnyvale Rd","Saratoga","CA","95070","US","America/Los_Angeles","https://local.safeway.com/safeway/ca/saratoga/12876-saratoga-sunnyvale-rd.html","7.39","True","True","True","False","94040"
"300","Safeway","Safeway","","safeway","","253 Mt Hermon Rd","Scotts Valley","CA","95066","US","America/Los_Angeles","https://local.safeway.com/safeway/ca/scotts-valley/253-mt-hermon-rd.html","5.39","True","True","True","False","95060"
"933","Safeway","Safeway","","safeway","","406 N Main St","Sebastopol","CA","95472","US","America/Los_Angeles","https://local.safeway.com/safeway/ca/sebastopol/406-n-main-st.html","17.64","True","True","True","False","94954"
"911","Safeway","Safeway","","safeway","","477 W Napa St","Sonoma","CA","95476","US","America/Los_Angeles","https://local.safeway.com/safeway/ca/sonoma/477-w-napa-st.html","6.41","True","True","True","False","94954"
"3127","Safeway","Safeway","","safeway","","1291 Sanguinetti Rd","Sonora","CA","95370","US","America/Los_Angeles","https://local.safeway.com/safeway/ca/sonora/1291-sanguinetti-rd.html","87.96","True","True","True","False","93612"
"1929","Safeway","Safeway","","safeway","","2720 41st Ave","Soquel","CA","95073","US","America/Los_Angeles","https://local.safeway.com/safeway/ca/soquel/2720-41st-ave.html","36.56","True","True","True","False","95023"
"1824","Safeway","Safeway","","safeway","","1020 Johnson Ln","South Lake Tahoe","CA","96150","US","America/Los_Angeles","https://local.safeway.com/safeway/ca/south-lake-tahoe/1020-johnson-ln.html","27.87","True","True","True","False","96161"
"2740","Safeway","Safeway","","safeway","","190 El Camino Real","South San Francisco","CA","94080","US","America/Los_Angeles","https://local.safeway.com/safeway/ca/south-san-francisco/190-el-camino-real.html","7.34","True","True","True","False","94110"
"3116","Safeway","Safeway","","safeway","","2255 Gellert Blvd","South San Francisco","CA","94080","US","America/Los_Angeles","https://local.safeway.com/safeway/ca/south-san-francisco/2255-gellert-blvd.html","7.29","True","True","True","False","94110"
"1769","Safeway","Safeway","","safeway","","2808 Country Club Blvd","Stockton","CA","95204","US","America/Los_Angeles","https://local.safeway.com/safeway/ca/stockton/2808-country-club-blvd.html","66.27","True","True","True","False","95340"
"2707","Safeway","Safeway","","safeway","","6445 Pacific Ave","Stockton","CA","95207","US","America/Los_Angeles","https://local.safeway.com/safeway/ca/stockton/6445-pacific-ave.html","67.7","True","True","True","False","95340"
"2887","Safeway","Safeway","","safeway","","150 E El Camino Real","Sunnyvale","CA","94087","US","America/Los_Angeles","https://local.safeway.com/safeway/ca/sunnyvale/150-e-el-camino-real.html","10.32","True","True","True","False","94538"
"1196","Safeway","Safeway","","safeway","","639 S Bernardo Ave","Sunnyvale","CA","94087","US","America/Los_Angeles","https://local.safeway.com/safeway/ca/sunnyvale/639-s-bernardo-ave.html","10.45","True","True","True","False","94538"
"1439","Safeway","Safeway","","safeway","","785 E El Camino Real","Sunnyvale","CA","94087","US","America/Los_Angeles","https://local.safeway.com/safeway/ca/sunnyvale/785-e-el-camino-real.html","10.58","True","True","True","False","94538"
"1218","Safeway","Safeway","","safeway","","2970 Main St","Susanville","CA","96130","US","America/Los_Angeles","https://local.safeway.com/safeway/ca/susanville/2970-main-st.html","96.61","True","True","True","False","96001"
"381","Safeway","Safeway","","safeway","","100 W River Rd","Tahoe City","CA","96145","US","America/Los_Angeles","https://local.safeway.com/safeway/ca/tahoe-city/100-w-river-rd.html","9.81","True","True","True","False","96161"
"2600","Safeway","Safeway","","safeway","","1801 W 11th St","Tracy","CA","95376","US","America/Los_Angeles","https://local.safeway.com/safeway/ca/tracy/1801-w-11th-st.html","89.11","True","True","True","False","93637"
"1266","Safeway","Safeway","","safeway","","11290 Donner Pass Rd","Truckee","CA","96161","US","America/Los_Angeles","https://local.safeway.com/safeway/ca/truckee/11290-donner-pass-rd.html","141.29","True","True","True","False","96013"
"1968","Safeway","Safeway","","safeway","","3051 Countryside Dr","Turlock","CA","95380","US","America/Los_Angeles","https://local.safeway.com/safeway/ca/turlock/3051-countryside-dr.html","81.05","True","True","True","False","93612"
"1583","Safeway","Safeway","","safeway","","653 S State St","Ukiah","CA","95482","US","America/Los_Angeles","https://local.safeway.com/safeway/ca/ukiah/653-s-state-st.html","104.57","True","True","True","False","96001"
"1197","Safeway","Safeway","","safeway","","1790 Decoto Rd","Union City","CA","94587","US","America/Los_Angeles","https://local.safeway.com/safeway/ca/union-city/1790-decoto-rd.html","1.83","True","True","True","False","94536"
"1109","Safeway","Safeway","","safeway","","2090 Harbison Dr","Vacaville","CA","95687","US","America/Los_Angeles","https://local.safeway.com/safeway/ca/vacaville/2090-harbison-dr.html","16.27","True","True","True","False","95616"
"1631","Safeway","Safeway","","safeway","","122 Robles Dr","Vallejo","CA","94591","US","America/Los_Angeles","https://local.safeway.com/safeway/ca/vallejo/122-robles-dr.html","17.38","True","True","True","False","95476"
"968","Safeway","Safeway","","safeway","","709 Lincoln Rd W","Vallejo","CA","94590","US","America/Los_Angeles","https://local.safeway.com/safeway/ca/vallejo/709-lincoln-rd-w.html","15.89","True","True","True","False","95476"
"697","Safeway","Safeway","","safeway","","1972 Tice Valley Blvd","Walnut Creek","CA","94595","US","America/Los_Angeles","https://local.safeway.com/safeway/ca/walnut-creek/1972-tice-valley-blvd.html","7.8","True","True","True","False","94611"
"3026","Safeway","Safeway","","safeway","","2800 Ygnacio Valley Rd","Walnut Creek","CA","94598","US","America/Los_Angeles","https://local.safeway.com/safeway/ca/walnut-creek/2800-ygnacio-valley-rd.html","9.32","True","True","True","False","94506"
"917","Safeway","Safeway","","safeway","","600 S Broadway","Walnut Creek","CA","94596","US","America/Los_Angeles","https://local.safeway.com/safeway/ca/walnut-creek/600-s-broadway.html","9.47","True","True","True","False","94506"
"936","Safeway","Safeway","","safeway","","710 Bancroft Rd","Walnut Creek","CA","94598","US","America/Los_Angeles","https://local.safeway.com/safeway/ca/walnut-creek/710-bancroft-rd.html","10.11","True","True","True","False","94506"
"965","Safeway","Safeway","","safeway","","845 S Main St","Willits","CA","95490","US","America/Los_Angeles","https://local.safeway.com/safeway/ca/willits/845-s-main-st.html","91.88","True","True","True","False","96001"
"1434","Safeway","Safeway","","safeway","","9080 Brooks Rd","Windsor","CA","95492","US","America/Los_Angeles","https://local.safeway.com/safeway/ca/windsor/9080-brooks-rd.html","78.12","True","True","True","False","95437"
"2001","Vons","Vons","","vons","","5671 Kanan Rd","Agoura","CA","91301","US","America/Los_Angeles","https://local.vons.com/ca/agoura/5671-kanan-rd.html","13.48","True","True","True","False","93012"
"2328","Vons","Vons","","vons","","130 W Lincoln","Anaheim","CA","92805","US","America/Los_Angeles","https://local.vons.com/ca/anaheim/130-w-lincoln.html","5.67","True","True","True","False","90620"
"2103","Vons","Vons","","vons","","5600 Santa Ana Canyon Rd","Anaheim","CA","92807","US","America/Los_Angeles","https://local.vons.com/ca/anaheim/5600-santa-ana-canyon-rd.html","8.49","True","True","True","False","91709"
"2216","Vons","Vons","","vons","","8010 E Santa Ana Canyon Rd","Anaheim Hills","CA","92808","US","America/Los_Angeles","https://local.vons.com/ca/anaheim-hills/8010-e-santa-ana-canyon-rd.html","6.55","True","True","True","False","91709"
"3208","Vons","Vons","","vons","","745 W Naomi Ave","Arcadia","CA","91007","US","America/Los_Angeles","https://local.vons.com/ca/arcadia/745-w-naomi-ave.html","7.02","True","True","True","False","91001"
"2314","Vons","Vons","","vons","","7135 El Camino Real","Atascadero","CA","93422","US","America/Los_Angeles","https://local.vons.com/ca/atascadero/7135-el-camino-real.html","17.03","True","True","True","False","93401"
"2033","Vons","Vons","","vons","","4500 Coffee Rd","Bakersfield","CA","93308","US","America/Los_Angeles","https://local.vons.com/ca/bakersfield/4500-coffee-rd.html","68.52","True","True","True","False","93230"
"1969","Vons","Vons","","vons","","5700 Stockdale Hwy","Bakersfield","CA","93309","US","America/Los_Angeles","https://local.vons.com/ca/bakersfield/5700-stockdale-hwy.html","71.93","True","True","True","False","93230"
"2420","Vons","Vons","","vons","","9000 Ming Ave","Bakersfield","CA","93311","US","America/Los_Angeles","https://local.vons.com/ca/bakersfield/9000-ming-ave.html","84.63","True","True","True","False","93401"
"2374","Vons","Vons","","vons","","42170 Big Bear Blvd","Big Bear Lake","CA","92315","US","America/Los_Angeles","https://local.vons.com/ca/big-bear-lake/42170-big-bear-blvd.html","20.42","True","True","False","False","92346"
"1753","Vons","Vons","","vons","","1190 N Main St","Bishop","CA","93514","US","America/Los_Angeles","https://local.vons.com/ca/bishop/1190-n-main-st.html","92.15","True","True","False","False","93277"
"2130","Vons","Vons","","vons","","4404 Bonita Rd","Bonita","CA","91902","US","America/Los_Angeles","https://local.vons.com/ca/bonita/4404-bonita-rd.html","84.58","True","True","True","False","92231"
"1767","Vons","Vons","","vons","","475 W Main St","Brawley","CA","92227","US","America/Los_Angeles","https://local.vons.com/ca/brawley/475-w-main-st.html","20.58","True","True","True","False","92231"
"3083","Vons","Vons","","vons","","301 N Pass Ave","Burbank","CA","91505","US","America/Los_Angeles","https://local.vons.com/ca/burbank/301-n-pass-ave.html","13.12","True","True","True","False","91324"
"2094","Vons","Vons","","vons","","5275 Mission Oaks Blvd","Camarillo","CA","93012","US","America/Los_Angeles","https://local.vons.com/ca/camarillo/5275-mission-oaks-blvd.html","41.48","True","True","True","False","93103"
"3431","Vons","Vons","","vons","","940 Arneill Rd","Camarillo","CA","93010","US","America/Los_Angeles","https://local.vons.com/ca/camarillo/940-arneill-rd.html","39.47","True","True","True","False","93103"
"2142","Vons","Vons","","vons","","2560 El Camino Real","Carlsbad","CA","92008","US","America/Los_Angeles","https://local.vons.com/ca/carlsbad/2560-el-camino-real.html","21.9","True","True","True","False","92590"
"2065","Vons","Vons","","vons","","6951 El Camino Real","Carlsbad","CA","92009","US","America/Los_Angeles","https://local.vons.com/ca/carlsbad/6951-el-camino-real.html","3.99","True","True","True","False","92008"
"2343","Vons","Vons","","vons","","985 Tamarack Ave","Carlsbad","CA","92008","US","America/Los_Angeles","https://local.vons.com/ca/carlsbad/985-tamarack-ave.html","1.09","True","True","True","False","92008"
"1671","Vons","Vons","","vons","","20440 Devonshire St","Chatsworth","CA","91311","US","America/Los_Angeles","https://local.vons.com/ca/chatsworth/20440-devonshire-st.html","20.6","True","True","True","False","93015"
"2100","Vons","Vons","","vons","","9860 National Blvd","Cheviot Hills","CA","90034","US","America/Los_Angeles","https://local.vons.com/ca/cheviot-hills/9860-national-blvd.html","8.37","True","True","True","False","91423"
"2826","Vons","Vons","","vons","","1745 Eastlake Pkwy","Chula Vista","CA","91915","US","America/Los_Angeles","https://local.vons.com/ca/chula-vista/1745-eastlake-pkwy.html","80.55","True","True","True","False","92231"
"2071","Vons","Vons","","vons","","2250 Otay Lakes Rd","Chula Vista","CA","91915","US","America/Los_Angeles","https://local.vons.com/ca/chula-vista/2250-otay-lakes-rd.html","80.78","True","True","True","False","92231"
"2155","Vons","Vons","","vons","","550 E Baseline Rd","Claremont","CA","91711","US","America/Los_Angeles","https://local.vons.com/ca/claremont/550-e-baseline-rd.html","5.37","True","True","True","False","91701"
"1756","Vons","Vons","","vons","","1650 Herndon Ave","Clovis","CA","93611","US","America/Los_Angeles","https://local.vons.com/ca/clovis/1650-herndon-ave.html","38.43","True","True","True","False","93230"
"2701","Vons","Vons","","vons","","3100 Fowler Ave","Clovis","CA","93611","US","America/Los_Angeles","https://local.vons.com/ca/clovis/3100-fowler-ave.html","35.64","True","True","True","False","93230"
"2596","Vons","Vons","","vons","","369 Magnolia Ave","Corona","CA","92879","US","America/Los_Angeles","https://local.vons.com/ca/corona/369-magnolia-ave.html","11.7","True","True","True","False","91709"
"2381","Vons","Vons","","vons","","535 N Mckinley St","Corona","CA","92879","US","America/Los_Angeles","https://local.vons.com/ca/corona/535-n-mckinley-st.html","14.66","True","True","True","False","91730"
"2364","Vons","Vons","","vons","","868 Orange Ave","Coronado","CA","92118","US","America/Los_Angeles","https://local.vons.com/ca/coronado/868-orange-ave.html","7.64","True","True","True","False","91910"
"2513","Vons","Vons","","vons","","185 E 17th St","Costa Mesa","CA","92627","US","America/Los_Angeles","https://local.vons.com/ca/costa-mesa/185-e-17th-st.html","5.57","True","True","True","False","92612"
"1736","Vons","Vons","","vons","","2701 B Harbor Blvd","Costa Mesa","CA","92626","US","America/Los_Angeles","https://local.vons.com/ca/costa-mesa/2701-b-harbor-blvd.html","5.37","True","True","True","False","92612"
"2056","Vons","Vons","","vons","","932 E Badillo St","Covina","CA","91724","US","America/Los_Angeles","https://local.vons.com/ca/covina/932-e-badillo-st.html","9.04","True","True","True","False","91006"
"2348","Vons","Vons","","vons","","2606 Del Mar Heights Rd","Del Mar","CA","92014","US","America/Los_Angeles","https://local.vons.com/ca/del-mar/2606-del-mar-heights-rd.html","13.81","True","True","True","False","92008"
"2177","Vons","Vons","","vons","","14200 Palm Dr","Desert Hot Springs","CA","92240","US","America/Los_Angeles","https://local.vons.com/ca/desert-hot-springs/14200-palm-dr.html","22.74","True","True","True","False","92201"
"3044","Vons","Vons","","vons","","1201 Avocado Blvd","El Cajon","CA","92020","US","America/Los_Angeles","https://local.vons.com/ca/el-cajon/1201-avocado-blvd.html","80.36","True","True","True","False","92231"
"2406","Vons","Vons","","vons","","750 N Imperial Ave","El Centro","CA","92243","US","America/Los_Angeles","https://local.vons.com/ca/el-centro/750-n-imperial-ave.html","8.05","True","True","True","False","92231"
"2144","Vons","Vons","","vons","","262 N El Camino Real","Encinitas","CA","92024","US","America/Los_Angeles","https://local.vons.com/ca/encinitas/262-n-el-camino-real.html","7.09","True","True","True","False","92008"
"2859","Vons","Vons","","vons","","453 Santa Fe Dr","Encinitas","CA","92024","US","America/Los_Angeles","https://local.vons.com/ca/encinitas/453-santa-fe-dr.html","7.68","True","True","True","False","92008"
"2345","Vons","Vons","","vons","","1000 W El Norte Pkwy","Escondido","CA","92026","US","America/Los_Angeles","https://local.vons.com/ca/escondido/1000-w-el-norte-pkwy.html","23.29","True","True","True","False","92590"
"2049","Vons","Vons","","vons","","330 W El Norte Pkwy","Escondido","CA","92026","US","America/Los_Angeles","https://local.vons.com/ca/escondido/330-w-el-norte-pkwy.html","13.12","True","True","True","False","92008"
"2344","Vons","Vons","","vons","","351 W Felicita Ave","Escondido","CA","92025","US","America/Los_Angeles","https://local.vons.com/ca/escondido/351-w-felicita-ave.html","1.61","True","True","True","False","92025"
"2442","Vons","Vons","","vons","","636 Ventura St","Fillmore","CA","93015","US","America/Los_Angeles","https://local.vons.com/ca/fillmore/636-ventura-st.html","68.88","True","True","True","False","93301"
"1742","Vons","Vons","","vons","","7390 Cherry Ave","Fontana","CA","92336","US","America/Los_Angeles","https://local.vons.com/ca/fontana/7390-cherry-ave.html","7.17","True","True","True","False","91701"
"1754","Vons","Vons","","vons","","5638 E Kings Canyon","Fresno","CA","93727","US","America/Los_Angeles","https://local.vons.com/ca/fresno/5638-e-kings-canyon.html","31.49","True","True","True","False","93230"
"2188","Vons","Vons","","vons","","8949 N Cedar Ave","Fresno","CA","93720","US","America/Los_Angeles","https://local.vons.com/ca/fresno/8949-n-cedar-ave.html","40.85","True","True","True","False","93230"
"2041","Vons","Vons","","vons","","11861 Valley View St","Garden Grove","CA","92845","US","America/Los_Angeles","https://local.vons.com/ca/garden-grove/11861-valley-view-st.html","3.76","True","True","True","False","90620"
"2176","Vons","Vons","","vons","","12961 W Chapman Ave","Garden Grove","CA","92840","US","America/Los_Angeles","https://local.vons.com/ca/garden-grove/12961-w-chapman-ave.html","7.1","True","True","True","False","90620"
"1625","Vons","Vons","","vons","","1260 W Redondo Beach Blvd","Gardena","CA","90247","US","America/Los_Angeles","https://local.vons.com/ca/gardena/1260-w-redondo-beach-blvd.html","6.19","True","True","True","False","90001"
"2254","Vons","Vons","","vons","","311 W Los Feliz Blvd","Glendale","CA","91204","US","America/Los_Angeles","https://local.vons.com/ca/glendale/311-w-los-feliz-blvd.html","8.78","True","True","True","False","91352"
"1707","Vons","Vons","","vons","","561 N Glendale Ave","Glendale","CA","91206","US","America/Los_Angeles","https://local.vons.com/ca/glendale/561-n-glendale-ave.html","12.45","True","True","True","False","91342"
"2169","Vons","Vons","","vons","","435 W Foothill Blvd","Glendora","CA","91741","US","America/Los_Angeles","https://local.vons.com/ca/glendora/435-w-foothill-blvd.html","8.87","True","True","True","False","91006"
"2250","Vons","Vons","","vons","","16830 San Fernando Mission Blvd","Granada Hills","CA","91344","US","America/Los_Angeles","https://local.vons.com/ca/granada-hills/16830-san-fernando-mission-blvd.html","12.05","True","True","True","False","93063"
"2560","Vons","Vons","","vons","","1758 W Grand Ave","Grover Beach","CA","93433","US","America/Los_Angeles","https://local.vons.com/ca/grover-beach/1758-w-grand-ave.html","8.72","True","True","True","False","93401"
"3086","Vons","Vons","","vons","","2122 S Hacienda Blvd","Hacienda Heights","CA","91745","US","America/Los_Angeles","https://local.vons.com/ca/hacienda-heights/2122-s-hacienda-blvd.html","9.07","True","True","True","False","91006"
"2090","Vons","Vons","","vons","","5922 Edinger Ave","Huntington Beach","CA","92649","US","America/Los_Angeles","https://local.vons.com/ca/huntington-beach/5922-edinger-ave.html","7.94","True","True","True","False","90620"
"3160","Vons","Vons","","vons","","8891 Atlanta Ave","Huntington Beach","CA","92646","US","America/Los_Angeles","https://local.vons.com/ca/huntington-beach/8891-atlanta-ave.html","8.34","True","True","True","False","92612"
"2502","Vons","Vons","","vons","","500 E Manchester Blvd","Inglewood","CA","90301","US","America/Los_Angeles","https://local.vons.com/ca/inglewood/500-e-manchester-blvd.html","5.91","True","True","True","False","90001"
"2598","Vons","Vons","","vons","","3233 Foothill Blvd","La Crescenta","CA","91214","US","America/Los_Angeles","https://local.vons.com/ca/la-crescenta/3233-foothill-blvd.html","11.29","True","True","True","False","91340"
"3327","Vons","Vons","","vons","","5630 Lake Murray Blvd","La Mesa","CA","91942","US","America/Los_Angeles","https://local.vons.com/ca/la-mesa/5630-lake-murray-blvd.html","84.79","True","True","True","False","92231"
"2093","Vons","Vons","","vons","","8011 University Ave","La Mesa","CA","91942","US","America/Los_Angeles","https://local.vons.com/ca/la-mesa/8011-university-ave.html","84.22","True","True","True","False","92231"
"2175","Vons","Vons","","vons","","78-271 State Hwy 111","La Quinta","CA","92253","US","America/Los_Angeles","https://local.vons.com/ca/la-quinta/78-271-state-hwy-111.html","4.58","True","True","True","False","92201"
"2832","Vons","Vons","","vons","","1600 Foothill Blvd","La Verne","CA","91750","US","America/Los_Angeles","https://local.vons.com/ca/la-verne/1600-foothill-blvd.html","10.14","True","True","True","False","91010"
"2413","Vons","Vons","","vons","","5610 Lake Isabella Blvd","Lake Isabella","CA","93240","US","America/Los_Angeles","https://local.vons.com/ca/lake-isabella/5610-lake-isabella-blvd.html","80.15","True","True","False","False","93230"
"1638","Vons","Vons","","vons","","4226 Woodruff Ave","Lakewood","CA","90713","US","America/Los_Angeles","https://local.vons.com/ca/lakewood/4226-woodruff-ave.html","9.77","True","True","True","False","90201"
"2209","Vons","Vons","","vons","","5500 Woodruff Ave","Lakewood","CA","90713","US","America/Los_Angeles","https://local.vons.com/ca/lakewood/5500-woodruff-ave.html","8.37","True","True","True","False","90201"
"2029","Vons","Vons","","vons","","4033 W Ave L","Lancaster","CA","93536","US","America/Los_Angeles","https://local.vons.com/ca/lancaster/4033-w-ave-l.html","68.18","True","True","True","False","93301"
"3076","Vons","Vons","","vons","","1820 Ximeno Ave","Long Beach","CA","90815","US","America/Los_Angeles","https://local.vons.com/ca/long-beach/1820-ximeno-ave.html","9.64","True","True","True","False","90262"
"2280","Vons","Vons","","vons","","3900 E Ocean Ave","Long Beach","CA","90803","US","America/Los_Angeles","https://local.vons.com/ca/long-beach/3900-e-ocean-ave.html","10.88","True","True","True","False","90501"
"2203","Vons","Vons","","vons","","5949 E Spring St","Long Beach","CA","90808","US","America/Los_Angeles","https://local.vons.com/ca/long-beach/5949-e-spring-st.html","11.27","True","True","True","False","90201"
"2861","Vons","Vons","","vons","","600 E Broadway","Long Beach","CA","90802","US","America/Los_Angeles","https://local.vons.com/ca/long-beach/600-e-broadway.html","10.48","True","True","True","False","90262"
"2285","Vons","Vons","","vons","","11322 Los Alamitos Blvd","Los Alamitos","CA","90720","US","America/Los_Angeles","https://local.vons.com/ca/los-alamitos/11322-los-alamitos-blvd.html","11.24","True","True","True","False","90262"
"3263","Vons","Vons","","vons","","1342 N Alvarado St","Los Angeles","CA","90026","US","America/Los_Angeles","https://local.vons.com/ca/los-angeles/1342-n-alvarado-st.html","8.8","True","True","True","False","91501"
"2268","Vons","Vons","","vons","","1430 S Fairfax Ave","Los Angeles","CA","90019","US","America/Los_Angeles","https://local.vons.com/ca/los-angeles/1430-s-fairfax-ave.html","10.44","True","True","True","False","91411"
"2261","Vons","Vons","","vons","","3461 W 3rd St","Los Angeles","CA","90020","US","America/Los_Angeles","https://local.vons.com/ca/los-angeles/3461-w-3rd-st.html","9.27","True","True","True","False","91501"
"2270","Vons","Vons","","vons","","4030 Centinela Ave","Los Angeles","CA","90066","US","America/Los_Angeles","https://local.vons.com/ca/los-angeles/4030-centinela-ave.html","10.64","True","True","True","False","90001"
"2665","Vons","Vons","","vons","","4520 Sunset Blvd","Los Angeles","CA","90027","US","America/Los_Angeles","https://local.vons.com/ca/los-angeles/4520-sunset-blvd.html","9.91","True","True","True","False","91352"
"4021","Vons","Vons","","vons","","6571 W 80th St","Los Angeles","CA","90045","US","America/Los_Angeles","https://local.vons.com/ca/los-angeles/6571-w-80th-st.html","9.1","True","True","True","False","90001"
"2655","Vons","Vons","","vons","","7311 N Figueroa St","Los Angeles","CA","90041","US","America/Los_Angeles","https://local.vons.com/ca/los-angeles/7311-n-figueroa-st.html","7.58","True","True","True","False","91501"
"2400","Vons","Vons","","vons","","481 Old Mammoth Rd","Mammoth Lakes","CA","93546","US","America/Los_Angeles","https://local.vons.com/ca/mammoth-lakes/481-old-mammoth-rd.html","90.93","True","True","False","False","93291"
"2275","Vons","Vons","","vons","","410 Manhattan Beach Blvd","Manhattan Beach","CA","90266","US","America/Los_Angeles","https://local.vons.com/ca/manhattan-beach/410-manhattan-beach-blvd.html","8.43","True","True","True","False","90066"
"2688","Vons","Vons","","vons","","6170 Hamner Ave","Mira Loma","CA","91752","US","America/Los_Angeles","https://local.vons.com/ca/mira-loma/6170-hamner-ave.html","11.48","True","True","True","False","91701"
"3161","Vons","Vons","","vons","","10321 Sepulveda Blvd","Mission Hills","CA","91345","US","America/Los_Angeles","https://local.vons.com/ca/mission-hills/10321-sepulveda-blvd.html","10.95","True","True","True","False","91304"
"2200","Vons","Vons","","vons","","130 W Foothill Blvd","Monrovia","CA","91016","US","America/Los_Angeles","https://local.vons.com/ca/monrovia/130-w-foothill-blvd.html","8.13","True","True","True","False","91001"
"3258","Vons","Vons","","vons","","804 Beverly Blvd","Montebello","CA","90640","US","America/Los_Angeles","https://local.vons.com/ca/montebello/804-beverly-blvd.html","8.18","True","True","True","False","91006"
"2288","Vons","Vons","","vons","","2039 Verdugo Blvd","Montrose","CA","91020","US","America/Los_Angeles","https://local.vons.com/ca/montrose/2039-verdugo-blvd.html","10.79","True","True","True","False","91342"
"1735","Vons","Vons","","vons","","4241 Tierra Rejada Rd","Moorpark","CA","93021","US","America/Los_Angeles","https://local.vons.com/ca/moorpark/4241-tierra-rejada-rd.html","21.59","True","True","True","False","93001"
"2660","Vons","Vons","","vons","","38995 Sky Canyon Dr","Murrieta","CA","92563","US","America/Los_Angeles","https://local.vons.com/ca/murrieta/38995-sky-canyon-dr.html","15.37","True","True","True","False","92530"
"2111","Vons","Vons","","vons","","24160 Lyons Ave","Newhall","CA","91321","US","America/Los_Angeles","https://local.vons.com/ca/newhall/24160-lyons-ave.html","18.79","True","True","True","False","93015"
"1621","Vons","Vons","","vons","","520 W Tefft St","Nipomo","CA","93444","US","America/Los_Angeles","https://local.vons.com/ca/nipomo/520-w-tefft-st.html","15.68","True","True","True","False","93401"
"2078","Vons","Vons","","vons","","9119 Reseda Blvd","Northridge","CA","91324","US","America/Los_Angeles","https://local.vons.com/ca/northridge/9119-reseda-blvd.html","10.19","True","True","True","False","93063"
"2409","Vons","Vons","","vons","","40044 Hwy 49","Oakhurst","CA","93644","US","America/Los_Angeles","https://local.vons.com/ca/oakhurst/40044-hwy-49.html","72.6","True","True","True","False","93230"
"2360","Vons","Vons","","vons","","845 College Blvd","Oceanside","CA","92057","US","America/Los_Angeles","https://local.vons.com/ca/oceanside/845-college-blvd.html","20.67","True","True","True","False","92672"
"2430","Vons","Vons","","vons","","1125 Maricopa Hwy","Ojai","CA","93023","US","America/Los_Angeles","https://local.vons.com/ca/ojai/1125-maricopa-hwy.html","63.53","True","True","True","False","93454"
"2335","Vons","Vons","","vons","","2684 N Tustin Ave","Orange","CA","92865","US","America/Los_Angeles","https://local.vons.com/ca/orange/2684-n-tustin-ave.html","10.82","True","True","True","False","91709"
"2825","Vons","Vons","","vons","","1291 S Victoria Ave","Oxnard","CA","93035","US","America/Los_Angeles","https://local.vons.com/ca/oxnard/1291-s-victoria-ave.html","31.25","True","True","True","False","93103"
"2436","Vons","Vons","","vons","","2101 N Rose Ave","Oxnard","CA","93036","US","America/Los_Angeles","https://local.vons.com/ca/oxnard/2101-n-rose-ave.html","33.1","True","True","True","False","93103"
"1913","Vons","Vons","","vons","","450 S Ventura Rd","Oxnard","CA","93030","US","America/Los_Angeles","https://local.vons.com/ca/oxnard/450-s-ventura-rd.html","32.29","True","True","True","False","93103"
"2266","Vons","Vons","","vons","","17380 Sunset Blvd","Pacific Palisades","CA","90272","US","America/Los_Angeles","https://local.vons.com/ca/pacific-palisades/17380-sunset-blvd.html","12.58","True","True","True","False","91301"
"2384","Vons","Vons","","vons","","4733 E Palm Canyon Dr","Palm Springs","CA","92264","US","America/Los_Angeles","https://local.vons.com/ca/palm-springs/4733-e-palm-canyon-dr.html","28.61","True","True","True","False","92543"
"3017","Vons","Vons","","vons","","3027 Rancho Vista Blvd","Palmdale","CA","93551","US","America/Los_Angeles","https://local.vons.com/ca/palmdale/3027-rancho-vista-blvd.html","67.96","True","True","True","False","93306"
"2152","Vons","Vons","","vons","","155 California Blvd","Pasadena","CA","91105","US","America/Los_Angeles","https://local.vons.com/ca/pasadena/155-california-blvd.html","9.27","True","True","True","False","91501"
"2858","Vons","Vons","","vons","","2355 E Colorado Blvd","Pasadena","CA","91107","US","America/Los_Angeles","https://local.vons.com/ca/pasadena/2355-e-colorado-blvd.html","4.52","True","True","True","False","91001"
"1914","Vons","Vons","","vons","","6351 Haven Ave","Rancho Cucamonga","CA","91737","US","America/Los_Angeles","https://local.vons.com/ca/rancho-cucamonga/6351-haven-ave.html","2.3","True","True","True","False","91701"
"2147","Vons","Vons","","vons","","8778 19th St","Rancho Cucamonga","CA","91701","US","America/Los_Angeles","https://local.vons.com/ca/rancho-cucamonga/8778-19th-st.html","0.15","True","True","True","False","91701"
"2108","Vons","Vons","","vons","","1212 Beryl St","Redondo Beach","CA","90277","US","America/Los_Angeles","https://local.vons.com/ca/redondo-beach/1212-beryl-st.html","8.61","True","True","True","False","90094"
"2273","Vons","Vons","","vons","","245 Palos Verdes Blvd","Redondo Beach","CA","90277","US","America/Los_Angeles","https://local.vons.com/ca/redondo-beach/245-palos-verdes-blvd.html","6.91","True","True","True","False","90245"
"1623","Vons","Vons","","vons","","4001 Inglewood Ave","Redondo Beach","CA","90278","US","America/Los_Angeles","https://local.vons.com/ca/redondo-beach/4001-inglewood-ave.html","8.5","True","True","True","False","90001"
"2039","Vons","Vons","","vons","","19333 Victory Blvd","Reseda","CA","91335","US","America/Los_Angeles","https://local.vons.com/ca/reseda/19333-victory-blvd.html","10.73","True","True","True","False","93063"
"2659","Vons","Vons","","vons","","3520 Riverside Plaza","Riverside","CA","92506","US","America/Los_Angeles","https://local.vons.com/ca/riverside/3520-riverside-plaza.html","14.89","True","True","True","False","91730"
"4018","Vons","Vons","","vons","","10016 Scripps Ranch Blvd","San Diego","CA","92131","US","America/Los_Angeles","https://local.vons.com/ca/san-diego/10016-scripps-ranch-blvd.html","13.27","True","True","True","False","92025"
"2134","Vons","Vons","","vons","","10460 Clairemont Mesa Blvd","San Diego","CA","92124","US","America/Los_Angeles","https://local.vons.com/ca/san-diego/10460-clairemont-mesa-blvd.html","7.79","True","True","True","False","91941"
"2107","Vons","Vons","","vons","","10675 Scripps Poway Pkwy","San Diego","CA","92131","US","America/Los_Angeles","https://local.vons.com/ca/san-diego/10675-scripps-poway-pkwy.html","11.08","True","True","True","False","92025"
"2079","Vons","Vons","","vons","","11986 Bernardo Plaza Dr","San Diego","CA","92128","US","America/Los_Angeles","https://local.vons.com/ca/san-diego/11986-bernardo-plaza-dr.html","4.97","True","True","True","False","92025"
"2081","Vons","Vons","","vons","","13255 Black Mountain Rd","San Diego","CA","92129","US","America/Los_Angeles","https://local.vons.com/ca/san-diego/13255-black-mountain-rd.html","11.07","True","True","True","False","92024"
"2116","Vons","Vons","","vons","","1702 Garnet Ave","San Diego","CA","92109","US","America/Los_Angeles","https://local.vons.com/ca/san-diego/1702-garnet-ave.html","2.07","True","True","True","False","92037"
"2735","Vons","Vons","","vons","","2495 Truxtun Rd Bldg 28","San Diego","CA","92106","US","America/Los_Angeles","https://local.vons.com/ca/san-diego/2495-truxtun-rd-bldg-28.html","8.26","True","True","True","False","91950"
"2118","Vons","Vons","","vons","","3550 Murphy Canyon Dr","San Diego","CA","92123","US","America/Los_Angeles","https://local.vons.com/ca/san-diego/3550-murphy-canyon-dr.html","7.73","True","True","True","False","91941"
"2358","Vons","Vons","","vons","","3610 Adams Ave","San Diego","CA","92116","US","America/Los_Angeles","https://local.vons.com/ca/san-diego/3610-adams-ave.html","9.22","True","True","True","False","91910"
"2053","Vons","Vons","","vons","","3645 Midway Dr","San Diego","CA","92110","US","America/Los_Angeles","https://local.vons.com/ca/san-diego/3645-midway-dr.html","8.89","True","True","True","False","91950"
"2370","Vons","Vons","","vons","","3993 Governor Dr","San Diego","CA","92122","US","America/Los_Angeles","https://local.vons.com/ca/san-diego/3993-governor-dr.html","3.53","True","True","True","False","92037"
"2355","Vons","Vons","","vons","","4145 30th St","San Diego","CA","92104","US","America/Los_Angeles","https://local.vons.com/ca/san-diego/4145-30th-st.html","8.85","True","True","True","False","91910"
"1797","Vons","Vons","","vons","","4627 Carmel Mountain Rd","San Diego","CA","92130","US","America/Los_Angeles","https://local.vons.com/ca/san-diego/4627-carmel-mountain-rd.html","9.85","True","True","True","False","92024"
"2120","Vons","Vons","","vons","","4725 Clairemont Dr","San Diego","CA","92117","US","America/Los_Angeles","https://local.vons.com/ca/san-diego/4725-clairemont-dr.html","2.96","True","True","True","False","92037"
"2040","Vons","Vons","","vons","","5555 Balboa Ave","San Diego","CA","92111","US","America/Los_Angeles","https://local.vons.com/ca/san-diego/5555-balboa-ave.html","4.51","True","True","True","False","92037"
"2352","Vons","Vons","","vons","","6155 El Cajon Blvd","San Diego","CA","92115","US","America/Los_Angeles","https://local.vons.com/ca/san-diego/6155-el-cajon-blvd.html","8.47","True","True","True","False","91910"
"2115","Vons","Vons","","vons","","620 Dennery Rd","San Diego","CA","92154","US","America/Los_Angeles","https://local.vons.com/ca/san-diego/620-dennery-rd.html","4.15","True","True","True","False","91910"
"2359","Vons","Vons","","vons","","6555 Mission Gorge Rd","San Diego","CA","92120","US","America/Los_Angeles","https://local.vons.com/ca/san-diego/6555-mission-gorge-rd.html","10.83","True","True","True","False","91910"
"2338","Vons","Vons","","vons","","665 Saturn Blvd","San Diego","CA","92154","US","America/Los_Angeles","https://local.vons.com/ca/san-diego/665-saturn-blvd.html","4.06","True","True","True","False","91910"
"2012","Vons","Vons","","vons","","7788 Regents Rd","San Diego","CA","92122","US","America/Los_Angeles","https://local.vons.com/ca/san-diego/7788-regents-rd.html","3.03","True","True","True","False","92037"
"3323","Vons","Vons","","vons","","7895 Highland Village Place","San Diego","CA","92129","US","America/Los_Angeles","https://local.vons.com/ca/san-diego/7895-highland-village-place.html","9.63","True","True","True","False","92024"
"2136","Vons","Vons","","vons","","8310 Mira Mesa Blvd","San Diego","CA","92126","US","America/Los_Angeles","https://local.vons.com/ca/san-diego/8310-mira-mesa-blvd.html","13.3","True","True","True","False","92025"
"2125","Vons","Vons","","vons","","1160 Via Verde Ave","San Dimas","CA","91773","US","America/Los_Angeles","https://local.vons.com/ca/san-dimas/1160-via-verde-ave.html","11.61","True","True","True","False","91006"
"2091","Vons","Vons","","vons","","32401 Camino Capistrano","San Juan Capistrano","CA","92675","US","America/Los_Angeles","https://local.vons.com/ca/san-juan-capistrano/32401-camino-capistrano.html","2.72","True","True","True","False","92629"
"2306","Vons","Vons","","vons","","3900 Broad St","San Luis Obispo","CA","93401","US","America/Los_Angeles","https://local.vons.com/ca/san-luis-obispo/3900-broad-st.html","2.57","True","True","True","False","93401"
"2283","Vons","Vons","","vons","","1221 S Gaffey St","San Pedro","CA","90731","US","America/Los_Angeles","https://local.vons.com/ca/san-pedro/1221-s-gaffey-st.html","10.67","True","True","True","False","90254"
"2162","Vons","Vons","","vons","","1440 W 25th St","San Pedro","CA","90732","US","America/Los_Angeles","https://local.vons.com/ca/san-pedro/1440-w-25th-st.html","10.74","True","True","True","False","90254"
"1626","Vons","Vons","","vons","","3650 S Bristol St","Santa Ana","CA","92704","US","America/Los_Angeles","https://local.vons.com/ca/santa-ana/3650-s-bristol-st.html","4.35","True","True","True","False","92612"
"3326","Vons","Vons","","vons","","163 S Turnpike Rd","Santa Barbara","CA","93111","US","America/Los_Angeles","https://local.vons.com/ca/santa-barbara/163-s-turnpike-rd.html","72.23","True","True","True","False","93401"
"3329","Vons","Vons","","vons","","2010 Cliff Dr","Santa Barbara","CA","93109","US","America/Los_Angeles","https://local.vons.com/ca/santa-barbara/2010-cliff-dr.html","76.54","True","True","True","False","93401"
"3138","Vons","Vons","","vons","","16550 W Soledad Canyon Rd","Santa Clarita","CA","91387","US","America/Los_Angeles","https://local.vons.com/ca/santa-clarita/16550-w-soledad-canyon-rd.html","12.24","True","True","True","False","91326"
"2301","Vons","Vons","","vons","","817 E Main St","Santa Maria","CA","93454","US","America/Los_Angeles","https://local.vons.com/ca/santa-maria/817-e-main-st.html","22.44","True","True","True","False","93401"
"2002","Vons","Vons","","vons","","1311 Wilshire Blvd","Santa Monica","CA","90403","US","America/Los_Angeles","https://local.vons.com/ca/santa-monica/1311-wilshire-blvd.html","10.17","True","True","True","False","91356"
"286","Vons","Vons","","vons","","710 Broadway","Santa Monica","CA","90401","US","America/Los_Angeles","https://local.vons.com/ca/santa-monica/710-broadway.html","10.77","True","True","False","False","91356"
"2434","Vons","Vons","","vons","","576 W Main St","Santa Paula","CA","93060","US","America/Los_Angeles","https://local.vons.com/ca/santa-paula/576-w-main-st.html","69.66","True","True","True","False","93309"
"1897","Vons","Vons","","vons","","9643 Mission Gorge Rd","Santee","CA","92071","US","America/Los_Angeles","https://local.vons.com/ca/santee/9643-mission-gorge-rd.html","82.54","True","True","True","False","92231"
"3325","Vons","Vons","","vons","","26518 Bouquet Canyon Rd","Saugus","CA","91350","US","America/Los_Angeles","https://local.vons.com/ca/saugus/26518-bouquet-canyon-rd.html","19.85","True","True","True","False","93015"
"2501","Vons","Vons","","vons","","1855 E Cochran St","Simi Valley","CA","93065","US","America/Los_Angeles","https://local.vons.com/ca/simi-valley/1855-e-cochran-st.html","12.69","True","True","True","False","93012"
"2692","Vons","Vons","","vons","","2938 Tapo Canyon Rd","Simi Valley","CA","93063","US","America/Los_Angeles","https://local.vons.com/ca/simi-valley/2938-tapo-canyon-rd.html","15.43","True","True","True","False","93012"
"2047","Vons","Vons","","vons","","5805 E Los Angeles Ave","Simi Valley","CA","93063","US","America/Los_Angeles","https://local.vons.com/ca/simi-valley/5805-e-los-angeles-ave.html","15.34","True","True","True","False","93015"
"2327","Vons","Vons","","vons","","931 Lomas Santa Fe Dr","Solana Beach","CA","92075","US","America/Los_Angeles","https://local.vons.com/ca/solana-beach/931-lomas-santa-fe-dr.html","10.87","True","True","True","False","92008"
"2030","Vons","Vons","","vons","","25850 N The Old Rd","Stevenson Ranch","CA","91381","US","America/Los_Angeles","https://local.vons.com/ca/stevenson-ranch/25850-n-the-old-rd.html","17.83","True","True","True","False","93015"
"1674","Vons","Vons","","vons","","4033 Laurel Canyon Blvd","Studio City","CA","91604","US","America/Los_Angeles","https://local.vons.com/ca/studio-city/4033-laurel-canyon-blvd.html","11.0","True","True","True","False","91306"
"2386","Vons","Vons","","vons","","27220 Sun City Blvd","Sun City","CA","92586","US","America/Los_Angeles","https://local.vons.com/ca/sun-city/27220-sun-city-blvd.html","23.44","True","True","True","False","92354"
"2034","Vons","Vons","","vons","","13730 Foothill Blvd","Sylmar","CA","91342","US","America/Los_Angeles","https://local.vons.com/ca/sylmar/13730-foothill-blvd.html","10.77","True","True","True","False","91306"
"2066","Vons","Vons","","vons","","18439 Ventura Blvd","Tarzana","CA","91356","US","America/Los_Angeles","https://local.vons.com/ca/tarzana/18439-ventura-blvd.html","13.21","True","True","True","False","91301"
"1962","Vons","Vons","","vons","","29530 Rancho California Rd","Temecula","CA","92591","US","America/Los_Angeles","https://local.vons.com/ca/temecula/29530-rancho-california-rd.html","16.52","True","True","True","False","92530"
"2818","Vons","Vons","","vons","","11800 De Palma Rd","Temescal Valley","CA","92883","US","America/Los_Angeles","https://local.vons.com/ca/temescal-valley/11800-de-palma-rd.html","17.96","True","True","True","False","92675"
"1610","Vons","Vons","","vons","","1790 Moorpark Rd","Thousand Oaks","CA","91360","US","America/Los_Angeles","https://local.vons.com/ca/thousand-oaks/1790-moorpark-rd.html","24.03","True","True","True","False","93001"
"2092","Vons","Vons","","vons","","2048 Avenida De Los Arboles","Thousand Oaks","CA","91362","US","America/Los_Angeles","https://local.vons.com/ca/thousand-oaks/2048-avenida-de-los-arboles.html","25.36","True","True","True","False","93001"
"3135","Vons","Vons","","vons","","2725 Agoura Rd","Thousand Oaks","CA","91361","US","America/Los_Angeles","https://local.vons.com/ca/thousand-oaks/2725-agoura-rd.html","24.74","True","True","True","False","93003"
"3517","Vons","Vons","","vons","","24325 Crenshaw Blvd","Torrance","CA","90505","US","America/Los_Angeles","https://local.vons.com/ca/torrance/24325-crenshaw-blvd.html","8.72","True","True","True","False","90245"
"2232","Vons","Vons","","vons","","4705 Torrance Blvd","Torrance","CA","90503","US","America/Los_Angeles","https://local.vons.com/ca/torrance/4705-torrance-blvd.html","5.8","True","True","True","False","90245"
"2124","Vons","Vons","","vons","","7789 Foothill Blvd","Tujunga","CA","91042","US","America/Los_Angeles","https://local.vons.com/ca/tujunga/7789-foothill-blvd.html","7.9","True","True","True","False","91340"
"2681","Vons","Vons","","vons","","81 W Foothill Blvd","Upland","CA","91786","US","America/Los_Angeles","https://local.vons.com/ca/upland/81-w-foothill-blvd.html","2.91","True","True","True","False","91701"
"2096","Vons","Vons","","vons","","115 W Main St","Ventura","CA","93001","US","America/Los_Angeles","https://local.vons.com/ca/ventura/115-w-main-st.html","76.49","True","True","True","False","93455"
"2431","Vons","Vons","","vons","","2433 Harbor Blvd","Ventura","CA","93001","US","America/Los_Angeles","https://local.vons.com/ca/ventura/2433-harbor-blvd.html","50.94","True","True","True","False","93460"
"2677","Vons","Vons","","vons","","2764 E Thompson Blvd","Ventura","CA","93003","US","America/Los_Angeles","https://local.vons.com/ca/ventura/2764-e-thompson-blvd.html","51.15","True","True","True","False","93460"
"2164","Vons","Vons","","vons","","5688 Telephone Rd","Ventura","CA","93003","US","America/Los_Angeles","https://local.vons.com/ca/ventura/5688-telephone-rd.html","53.55","True","True","True","False","93460"
"2678","Vons","Vons","","vons","","6040 Telegraph Rd","Ventura","CA","93003","US","America/Los_Angeles","https://local.vons.com/ca/ventura/6040-telegraph-rd.html","53.24","True","True","True","False","93460"
"2131","Vons","Vons","","vons","","12199 Hesperia Rd","Victorville","CA","92395","US","America/Los_Angeles","https://local.vons.com/ca/victorville/12199-hesperia-rd.html","24.23","True","True","True","False","92346"
"2167","Vons","Vons","","vons","","350 N Lemon Ave","Walnut","CA","91789","US","America/Los_Angeles","https://local.vons.com/ca/walnut/350-n-lemon-ave.html","11.41","True","True","True","False","91006"
"2123","Vons","Vons","","vons","","777 Glendora Ave","West Covina","CA","91790","US","America/Los_Angeles","https://local.vons.com/ca/west-covina/777-glendora-ave.html","6.49","True","True","True","False","91006"
"2027","Vons","Vons","","vons","","15740 La Forge St","Whittier","CA","90603","US","America/Los_Angeles","https://local.vons.com/ca/whittier/15740-la-forge-st.html","12.32","True","True","True","False","91006"
"3069","Vons","Vons","","vons","","20445 Yorba Linda Blvd","Yorba Linda","CA","92886","US","America/Los_Angeles","https://local.vons.com/ca/yorba-linda/20445-yorba-linda-blvd.html","5.4","True","True","True","False","91709"
"1796","Vons","Vons","","vons","","33644 Yucaipa Blvd","Yucaipa","CA","92399","US","America/Los_Angeles","https://local.vons.com/ca/yucaipa/33644-yucaipa-blvd.html","14.76","True","True","True","False","92324"
"3058","Vons","Vons","","vons","","57590 29 Palms Hwy","Yucca Valley","CA","92284","US","America/Los_Angeles","https://local.vons.com/ca/yucca-valley/57590-29-palms-hwy.html","30.56","True","True","True","False","92201"
"801","Albertsons","Albertsons","","albertsons","ACTIVE","311 W College Dr","Durango","CO","81301","US","America/Denver","https://local.albertsons.com/co/durango/311-w-college-dr.html","15.96","True","True","True","False","81301"
"816","Albertsons","Albertsons","","albertsons","ACTIVE","1601 Hwy 50 W","Pueblo","CO","81008","US","America/Denver","https://local.albertsons.com/co/pueblo/1601-hwy-50-w.html","38.08","True","True","True","False","80903"
"1681","Safeway","Safeway","","safeway","ACTIVE","1301 Main St","Alamosa","CO","81101","US","America/Denver","https://local.safeway.com/safeway/co/alamosa/1301-main-st.html","106.2","True","True","True","False","81301"
"841","Safeway","Safeway","","safeway","ACTIVE","1200 S Buckley Rd","Aurora","CO","80017","US","America/Denver","https://local.safeway.com/safeway/co/aurora/1200-s-buckley-rd.html","26.19","True","True","True","False","80107"
"2612","Safeway","Safeway","","safeway","ACTIVE","1677 S Havana St","Aurora","CO","80012","US","America/Denver","https://local.safeway.com/safeway/co/aurora/1677-s-havana-st.html","27.48","True","True","True","False","80107"
"1928","Safeway","Safeway","","safeway","ACTIVE","18730 E Hampden Ave","Aurora","CO","80013","US","America/Denver","https://local.safeway.com/safeway/co/aurora/18730-e-hampden-ave.html","23.01","True","True","True","False","80107"
"899","Safeway","Safeway","","safeway","ACTIVE","6100 S Gun Club Rd","Aurora","CO","80016","US","America/Denver","https://local.safeway.com/safeway/co/aurora/6100-s-gun-club-rd.html","19.01","True","True","True","False","80107"
"2917","Safeway","Safeway","","safeway","ACTIVE","1605 Bridge St","Brighton","CO","80601","US","America/Denver","https://local.safeway.com/safeway/co/brighton/1605-bridge-st.html","228.86","True","True","True","False","69101"
"3399","Safeway","Safeway","","safeway","ACTIVE","333 S Lincoln St","Burlington","CO","80807","US","America/Denver","https://local.safeway.com/safeway/co/burlington/333-s-lincoln-st.html","361.41","True","True","True","False","68102"
"3728","Safeway","Safeway","","safeway","ACTIVE","1414 Main St","Canon City","CO","81212","US","America/Denver","https://local.safeway.com/safeway/co/canon-city/1414-main-st.html","35.26","True","True","True","False","80903"
"1877","Safeway","Safeway","","safeway","ACTIVE","880 S Perry St","Castle Rock","CO","80104","US","America/Denver","https://local.safeway.com/safeway/co/castle-rock/880-s-perry-st.html","36.09","True","True","True","False","80903"
"1466","Safeway","Safeway","","safeway","ACTIVE","1121 N Circle Dr","Colorado Springs","CO","80909","US","America/Denver","https://local.safeway.com/safeway/co/colorado-springs/1121-n-circle-dr.html","2.42","True","True","True","False","80903"
"2816","Safeway","Safeway","","safeway","ACTIVE","1920 S Nevada Ave","Colorado Springs","CO","80905","US","America/Denver","https://local.safeway.com/safeway/co/colorado-springs/1920-s-nevada-ave.html","2.47","True","True","True","False","80903"
"812","Safeway","Safeway","","safeway","ACTIVE","2210 N Wahsatch Ave","Colorado Springs","CO","80907","US","America/Denver","https://local.safeway.com/safeway/co/colorado-springs/2210-n-wahsatch-ave.html","1.61","True","True","True","False","80903"
"1499","Safeway","Safeway","","safeway","ACTIVE","2890 N Powers","Colorado Springs","CO","80922","US","America/Denver","https://local.safeway.com/safeway/co/colorado-springs/2890-n-powers.html","5.53","True","True","True","False","80903"
"1286","Safeway","Safeway","","safeway","ACTIVE","3275 W Colorado Ave","Colorado Springs","CO","80904","US","America/Denver","https://local.safeway.com/safeway/co/colorado-springs/3275-w-colorado-ave.html","3.4","True","True","True","False","80903"
"879","Safeway","Safeway","","safeway","ACTIVE","4405 Centennial Blvd","Colorado Springs","CO","80907","US","America/Denver","https://local.safeway.com/safeway/co/colorado-springs/4405-centennial-blvd.html","4.12","True","True","True","False","80903"
"1577","Safeway","Safeway","","safeway","ACTIVE","6520 S Academy Blvd","Colorado Springs","CO","80906","US","America/Denver","https://local.safeway.com/safeway/co/colorado-springs/6520-s-academy-blvd.html","5.12","True","True","True","False","80903"
"803","Safeway","Safeway","","safeway","ACTIVE","7055 Austin Bluffs Pkwy","Colorado Springs","CO","80923","US","America/Denver","https://local.safeway.com/safeway/co/colorado-springs/7055-austin-bluffs-pkwy.html","7.57","True","True","True","False","80903"
"2839","Safeway","Safeway","","safeway","ACTIVE","840 Village Ctr Dr","Colorado Springs","CO","80919","US","America/Denver","https://local.safeway.com/safeway/co/colorado-springs/840-village-ctr-dr.html","5.9","True","True","True","False","80903"
"840","Safeway","Safeway","","safeway","ACTIVE","8750 N Union Blvd","Colorado Springs","CO","80920","US","America/Denver","https://local.safeway.com/safeway/co/colorado-springs/8750-n-union-blvd.html","8.54","True","True","True","False","80903"
"2792","Safeway","Safeway","","safeway","ACTIVE","27152 Main St","Conifer","CO","80433","US","America/Denver","https://local.safeway.com/safeway/co/conifer/27152-main-st.html","164.05","True","True","True","False","81416"
"1892","Safeway","Safeway","","safeway","ACTIVE","1580 E Main St","Cortez","CO","81321","US","America/Denver","https://local.safeway.com/safeway/co/cortez/1580-e-main-st.html","42.65","True","True","True","False","81301"
"1863","Safeway","Safeway","","safeway","ACTIVE","1550 Hwy 92","Delta","CO","81416","US","America/Denver","https://local.safeway.com/safeway/co/delta/1550-hwy-92.html","87.84","True","True","False","False","81301"
"3836","Safeway","Safeway","","safeway","ACTIVE","200 Quebec St #400","Denver","CO","80230","US","America/Denver","https://local.safeway.com/safeway/co/denver/200-quebec-st-400.html","30.4","True","True","True","False","80107"
"1463","Safeway","Safeway","","safeway","ACTIVE","2150 S Downing St","Denver","CO","80210","US","America/Denver","https://local.safeway.com/safeway/co/denver/2150-s-downing-st.html","30.14","True","True","True","False","80107"
"1248","Safeway","Safeway","","safeway","ACTIVE","2660 N Federal Blvd","Denver","CO","80211","US","America/Denver","https://local.safeway.com/safeway/co/denver/2660-n-federal-blvd.html","23.78","True","True","True","False","80433"
"885","Safeway","Safeway","","safeway","ACTIVE","323 S Broadway","Denver","CO","80209","US","America/Denver","https://local.safeway.com/safeway/co/denver/323-s-broadway.html","23.15","True","True","True","False","80433"
"244","Safeway","Safeway","","safeway","ACTIVE","3800 W 44th Ave","Denver","CO","80211","US","America/Denver","https://local.safeway.com/safeway/co/denver/3800-w-44th-ave.html","24.37","True","True","True","False","80433"
"1614","Safeway","Safeway","","safeway","ACTIVE","560 Corona St","Denver","CO","80218","US","America/Denver","https://local.safeway.com/safeway/co/denver/560-corona-st.html","24.41","True","True","True","False","80433"
"1267","Safeway","Safeway","","safeway","ACTIVE","6460 E Yale Ave","Denver","CO","80222","US","America/Denver","https://local.safeway.com/safeway/co/denver/6460-e-yale-ave.html","27.68","True","True","True","False","80107"
"1532","Safeway","Safeway","","safeway","ACTIVE","220 S Elizabeth St","Elizabeth","CO","80107","US","America/Denver","https://local.safeway.com/safeway/co/elizabeth/220-s-elizabeth-st.html","37.54","True","True","True","False","80903"
"8","Safeway","Safeway","","safeway","ACTIVE","7375 E Arapahoe Rd","Englewood","CO","80112","US","America/Denver","https://local.safeway.com/safeway/co/englewood/7375-e-arapahoe-rd.html","23.51","True","True","True","False","80107"
"10","Safeway","Safeway","","safeway","ACTIVE","3851 S Hwy 74","Evergreen","CO","80439","US","America/Denver","https://local.safeway.com/safeway/co/evergreen/3851-s-hwy-74.html","164.99","True","True","True","False","81416"
"1644","Safeway","Safeway","","safeway","ACTIVE","7655 Mclaughlin Rd","Falcon","CO","80831","US","America/Denver","https://local.safeway.com/safeway/co/falcon/7655-mclaughlin-rd.html","13.48","True","True","True","False","80903"
"1828","Safeway","Safeway","","safeway","ACTIVE","8134 Colorado Blvd","Firestone","CO","80504","US","America/Denver","https://local.safeway.com/safeway/co/firestone/8134-colorado-blvd.html","232.3","True","True","True","False","69101"
"1552","Safeway","Safeway","","safeway","ACTIVE","1426 E Harmony Rd","Fort Collins","CO","80525","US","America/Denver","https://local.safeway.com/safeway/co/fort-collins/1426-e-harmony-rd.html","229.77","True","True","True","False","69101"
"2913","Safeway","Safeway","","safeway","ACTIVE","2160 W Drake Rd Unit 6","Fort Collins","CO","80526","US","America/Denver","https://local.safeway.com/safeway/co/fort-collins/2160-w-drake-rd-unit-6.html","232.64","True","True","True","False","69101"
"876","Safeway","Safeway","","safeway","ACTIVE","731 S Lemay Ave","Fort Collins","CO","80524","US","America/Denver","https://local.safeway.com/safeway/co/fort-collins/731-s-lemay-ave.html","229.36","True","True","True","False","69101"
"1045","Safeway","Safeway","","safeway","ACTIVE","1300 Dexter St","Fort Lupton","CO","80621","US","America/Denver","https://local.safeway.com/safeway/co/fort-lupton/1300-dexter-st.html","226.51","True","True","True","False","69101"
"2341","Safeway","Safeway","","safeway","ACTIVE","620 W Platte Ave","Fort Morgan","CO","80701","US","America/Denver","https://local.safeway.com/safeway/co/fort-morgan/620-w-platte-ave.html","375.71","True","True","True","False","68508"
"1975","Safeway","Safeway","","safeway","ACTIVE","6925 Mesa Ridge Pkwy","Fountain","CO","80817","US","America/Denver","https://local.safeway.com/safeway/co/fountain/6925-mesa-ridge-pkwy.html","10.72","True","True","True","False","80903"
"1568","Safeway","Safeway","","safeway","ACTIVE","40 County Rd 804","Fraser","CO","80442","US","America/Denver","https://local.safeway.com/safeway/co/fraser/40-county-rd-804.html","151.96","True","True","True","False","81416"
"836","Safeway","Safeway","","safeway","ACTIVE","1008 Summit Blvd","Frisco","CO","80443","US","America/Denver","https://local.safeway.com/safeway/co/frisco/1008-summit-blvd.html","172.02","True","True","True","False","81301"
"322","Safeway","Safeway","","safeway","ACTIVE","1701 Jackson St","Golden","CO","80401","US","America/Denver","https://local.safeway.com/safeway/co/golden/1701-jackson-st.html","17.95","True","True","True","False","80433"
"897","Safeway","Safeway","","safeway","ACTIVE","2512 Broadway","Grand Junction","CO","81507","US","America/Denver","https://local.safeway.com/safeway/co/grand-junction/2512-broadway.html","116.63","True","True","True","False","81301"
"1533","Safeway","Safeway","","safeway","ACTIVE","2901 F Rd","Grand Junction","CO","81504","US","America/Denver","https://local.safeway.com/safeway/co/grand-junction/2901-f-rd.html","116.76","True","True","True","False","81301"
"2625","Safeway","Safeway","","safeway","ACTIVE","681 Horizon Dr","Grand Junction","CO","81506","US","America/Denver","https://local.safeway.com/safeway/co/grand-junction/681-horizon-dr.html","118.32","True","True","True","False","81301"
"2918","Safeway","Safeway","","safeway","ACTIVE","3526 W 10th St","Greeley","CO","80634","US","America/Denver","https://local.safeway.com/safeway/co/greeley/3526-w-10th-st.html","422.63","True","True","True","False","68508"
"2666","Safeway","Safeway","","safeway","ACTIVE","4548 Centerplace Dr","Greeley","CO","80634","US","America/Denver","https://local.safeway.com/safeway/co/greeley/4548-centerplace-dr.html","216.89","True","True","True","False","69101"
"617","Safeway","Safeway","","safeway","ACTIVE","112 S Spruce St","Gunnison","CO","81230","US","America/Denver","https://local.safeway.com/safeway/co/gunnison/112-s-spruce-st.html","86.98","True","True","True","False","81301"
"1480","Safeway","Safeway","","safeway","ACTIVE","9255 S Broadway","Highlands Ranch","CO","80129","US","America/Denver","https://local.safeway.com/safeway/co/highlands-ranch/9255-s-broadway.html","42.34","True","True","True","False","80920"
"390","Safeway","Safeway","","safeway","ACTIVE","2425 Miner St","Idaho Springs","CO","80452","US","America/Denver","https://local.safeway.com/safeway/co/idaho-springs/2425-miner-st.html","159.43","True","True","False","False","81416"
"2342","Safeway","Safeway","","safeway","ACTIVE","11088 W Jewell","Lakewood","CO","80232","US","America/Denver","https://local.safeway.com/safeway/co/lakewood/11088-w-jewell.html","16.44","True","True","True","False","80433"
"41","Safeway","Safeway","","safeway","ACTIVE","13111 W Alameda Pkwy","Lakewood","CO","80228","US","America/Denver","https://local.safeway.com/safeway/co/lakewood/13111-w-alameda-pkwy.html","16.52","True","True","True","False","80433"
"2824","Safeway","Safeway","","safeway","ACTIVE","1900 N Poplar Way","Leadville","CO","80461","US","America/Denver","https://local.safeway.com/safeway/co/leadville/1900-n-poplar-way.html","147.23","True","True","False","False","81301"
"1599","Safeway","Safeway","","safeway","ACTIVE","12442 W Ken Caryl Ave","Littleton","CO","80127","US","America/Denver","https://local.safeway.com/safeway/co/littleton/12442-w-ken-caryl-ave.html","11.78","True","True","True","False","80433"
"2791","Safeway","Safeway","","safeway","ACTIVE","181 W Mineral Ave","Littleton","CO","80120","US","America/Denver","https://local.safeway.com/safeway/co/littleton/181-w-mineral-ave.html","25.92","True","True","True","False","80107"
"27","Safeway","Safeway","","safeway","ACTIVE","5025 S Kipling Pkwy","Littleton","CO","80127","US","America/Denver","https://local.safeway.com/safeway/co/littleton/5025-s-kipling-pkwy.html","14.43","True","True","True","False","80433"
"2722","Safeway","Safeway","","safeway","ACTIVE","8355 N Rampart Range Rd","Littleton","CO","80125","US","America/Denver","https://local.safeway.com/safeway/co/littleton/8355-n-rampart-range-rd.html","39.67","True","True","True","False","80919"
"839","Safeway","Safeway","","safeway","ACTIVE","8434 S Kipling Pkwy","Littleton","CO","80127","US","America/Denver","https://local.safeway.com/safeway/co/littleton/8434-s-kipling-pkwy.html","30.58","True","True","True","False","80107"
"1548","Safeway","Safeway","","safeway","ACTIVE","9229 E Lincoln Ave","Lone Tree","CO","80124","US","America/Denver","https://local.safeway.com/safeway/co/lone-tree/9229-e-lincoln-ave.html","42.04","True","True","True","False","80919"
"804","Safeway","Safeway","","safeway","ACTIVE","1451 W Eisenhower Blvd","Loveland","CO","80537","US","America/Denver","https://local.safeway.com/safeway/co/loveland/1451-w-eisenhower-blvd.html","129.73","True","True","True","False","69361"
"914","Safeway","Safeway","","safeway","ACTIVE","2321 W Eisenhower Blvd","Loveland","CO","80537","US","America/Denver","https://local.safeway.com/safeway/co/loveland/2321-w-eisenhower-blvd.html","130.07","True","True","True","False","69361"
"2810","Safeway","Safeway","","safeway","ACTIVE","1200 2nd Ave","Monte Vista","CO","81144","US","America/Denver","https://local.safeway.com/safeway/co/monte-vista/1200-2nd-ave.html","91.71","True","True","True","False","81301"
"1131","Safeway","Safeway","","safeway","ACTIVE","1329 S Townsend Ave","Montrose","CO","81401","US","America/Denver","https://local.safeway.com/safeway/co/montrose/1329-s-townsend-ave.html","67.45","True","True","False","False","81301"
"1440","Safeway","Safeway","","safeway","ACTIVE","624 Hwy 105","Monument","CO","80132","US","America/Denver","https://local.safeway.com/safeway/co/monument/624-hwy-105.html","18.01","True","True","True","False","80903"
"1446","Safeway","Safeway","","safeway","ACTIVE","11051 S Parker Rd","Parker","CO","80134","US","America/Denver","https://local.safeway.com/safeway/co/parker/11051-s-parker-rd.html","40.98","True","True","True","False","80919"
"1760","Safeway","Safeway","","safeway","ACTIVE","1017 N Market Plaza","Pueblo","CO","81007","US","America/Denver","https://local.safeway.com/safeway/co/pueblo/1017-n-market-plaza.html","36.24","True","True","True","False","80903"
"3729","Safeway","Safeway","","safeway","ACTIVE","1231 S Prairie Ave","Pueblo","CO","81005","US","America/Denver","https://local.safeway.com/safeway/co/pueblo/1231-s-prairie-ave.html","42.29","True","True","True","False","80903"
"2817","Safeway","Safeway","","safeway","ACTIVE","232 G St","Salida","CO","81201","US","America/Denver","https://local.safeway.com/safeway/co/salida/232-g-st.html","122.41","True","True","True","False","81301"
"637","Safeway","Safeway","","safeway","ACTIVE","37500 US-40","Steamboat Springs","CO","80487","US","America/Denver","https://local.safeway.com/safeway/co/steamboat-springs/37500-us-40.html","139.53","True","True","True","False","81416"
"722","Safeway","Safeway","","safeway","ACTIVE","457 W Main St","Trinidad","CO","81082","US","America/Denver","https://local.safeway.com/safeway/co/trinidad/457-w-main-st.html","161.74","True","True","True","False","73942"
"631","Safeway","Safeway","","safeway","ACTIVE","2131 N Frontage Rd W","Vail","CO","81657","US","America/Denver","https://local.safeway.com/safeway/co/vail/2131-n-frontage-rd-w.html","165.84","True","True","True","False","81301"
"3727","Safeway","Safeway","","safeway","ACTIVE","222 W 7th St","Walsenburg","CO","81089","US","America/Denver","https://local.safeway.com/safeway/co/walsenburg/222-w-7th-st.html","166.26","True","True","False","False","81301"
"1479","Safeway","Safeway","","safeway","ACTIVE","3900 Wadsworth Blvd","Wheat Ridge","CO","80033","US","America/Denver","https://local.safeway.com/safeway/co/wheat-ridge/3900-wadsworth-blvd.html","22.66","True","True","True","False","80433"
"1791","Safeway","Safeway","","safeway","ACTIVE","1535 Main St","Windsor","CO","80550","US","America/Denver","https://local.safeway.com/safeway/co/windsor/1535-main-st.html","224.24","True","True","True","False","69101"
"1578","Safeway","Safeway","","safeway","ACTIVE","1101 E US Hwy 24","Woodland Park","CO","80863","US","America/Denver","https://local.safeway.com/safeway/co/woodland-park/1101-e-us-hwy-24.html","15.8","True","True","True","False","80903"
"2633","ACME Markets","ACME Markets","","acmemarkets","ACTIVE","288 Elm St","New Canaan","CT","06840","US","America/New_York","https://local.acmemarkets.com/ct/new-canaan/288-elm-st.html","8.17","True","True","True","False","06830"
"2497","ACME Markets","ACME Markets","","acmemarkets","ACTIVE","1261 E Putnam Ave","Riverside","CT","06878","US","America/New_York","https://local.acmemarkets.com/ct/riverside/1261-e-putnam-ave.html","2.72","True","True","True","False","06830"
"2439","ACME Markets","ACME Markets","","acmemarkets","ACTIVE","1201 High Ridge Rd","Stamford","CT","06905","US","America/New_York","https://local.acmemarkets.com/ct/stamford/1201-high-ridge-rd.html","4.78","True","True","True","False","06830"
"3603","Balducci's","Balducci's","","balduccis","ACTIVE","1050 E Putnam Ave","Greenwich","CT","06878","US","America/New_York","https://local.balduccis.com/ct/greenwich/1050-e-putnam-ave.html","2.41","True","True","True","False","06830"
"3635","Kings Food Markets","Kings Food Markets","","kingsfoodmarkets","ACTIVE","26 Arcadia Rd","Old Greenwich","CT","06870","US","America/New_York","https://local.kingsfoodmarkets.com/ct/old-greenwich/26-arcadia-rd.html","3.59","True","True","True","False","06830"
"2892","Safeway","Safeway","","safeway","ACTIVE","1100 4th St SW","Washington","DC","20024","US","America/New_York","https://local.safeway.com/safeway/dc/washington/1100-4th-st-sw.html","2.39","True","True","True","False","20001"
"923","Safeway","Safeway","","safeway","ACTIVE","1701 Corcoran St NW","Washington","DC","20009","US","America/New_York","https://local.safeway.com/safeway/dc/washington/1701-corcoran-st-nw.html","1.07","True","True","True","False","20001"
"4202","Safeway","Safeway","","safeway","ACTIVE","1747 Columbia Rd NW","Washington","DC","20009","US","America/New_York","https://local.safeway.com/safeway/dc/washington/1747-columbia-rd-nw.html","1.45","True","True","True","False","20001"
"2912","Safeway","Safeway","","safeway","ACTIVE","1855 Wisconsin Ave NW","Washington","DC","20007","US","America/New_York","https://local.safeway.com/safeway/dc/washington/1855-wisconsin-ave-nw.html","2.61","True","True","True","False","20001"
"1445","Safeway","Safeway","","safeway","ACTIVE","2845 Alabama Ave SE","Washington","DC","20020","US","America/New_York","https://local.safeway.com/safeway/dc/washington/2845-alabama-ave-se.html","4.63","True","True","True","False","20001"
"1177","Safeway","Safeway","","safeway","ACTIVE","322 40th St NE","Washington","DC","20019","US","America/New_York","https://local.safeway.com/safeway/dc/washington/322-40th-st-ne.html","4.05","True","True","True","False","20001"
"2808","Safeway","Safeway","","safeway","ACTIVE","3830 Georgia Ave NW","Washington","DC","20011","US","America/New_York","https://local.safeway.com/safeway/dc/washington/3830-georgia-ave-nw.html","1.85","True","True","True","False","20001"
"3217","Safeway","Safeway","","safeway","ACTIVE","415 14th St SE","Washington","DC","20003","US","America/New_York","https://local.safeway.com/safeway/dc/washington/415-14th-st-se.html","2.64","True","True","True","False","20001"
"2737","Safeway","Safeway","","safeway","ACTIVE","490 L St NW","Washington","DC","20001","US","America/New_York","https://local.safeway.com/safeway/dc/washington/490-l-st-nw.html","0.59","True","True","True","False","20001"
"4832","Safeway","Safeway","","safeway","ACTIVE","5545 Connecticut Ave NW","Washington","DC","20015","US","America/New_York","https://local.safeway.com/safeway/dc/washington/5545-connecticut-ave-nw.html","4.72","True","True","True","False","20001"
"1276","Safeway","Safeway","","safeway","ACTIVE","6500 Piney Branch Rd NW","Washington","DC","20012","US","America/New_York","https://local.safeway.com/safeway/dc/washington/6500-piney-branch-rd-nw.html","4.0","True","True","True","False","20001"
"817","ACME Markets","ACME Markets","","acmemarkets","ACTIVE","146 Fox Hunt Dr","Bear","DE","19701","US","America/New_York","https://local.acmemarkets.com/de/bear/146-fox-hunt-dr.html","8.18","True","True","True","False","19711"
"828","ACME Markets","ACME Markets","","acmemarkets","ACTIVE","128 Lantana Dr","Hockessin","DE","19707","US","America/New_York","https://local.acmemarkets.com/de/hockessin/128-lantana-dr.html","4.2","True","True","True","False","19711"
"3816","ACME Markets","ACME Markets","","acmemarkets","ACTIVE","460 E Main St","Middletown","DE","19709","US","America/New_York","https://local.acmemarkets.com/de/middletown/460-e-main-st.html","19.08","True","True","True","False","19711"
"871","ACME Markets","ACME Markets","","acmemarkets","ACTIVE","1 University Plaza","Newark","DE","19702","US","America/New_York","https://local.acmemarkets.com/de/newark/1-university-plaza.html","5.57","True","True","True","False","19711"
"2680","ACME Markets","ACME Markets","","acmemarkets","ACTIVE","100 Grove Lane","Newark","DE","19711","US","America/New_York","https://local.acmemarkets.com/de/newark/100-grove-lane.html","2.79","True","True","True","False","19711"
"806","ACME Markets","ACME Markets","","acmemarkets","ACTIVE","100 Suburban Dr","Newark","DE","19711","US","America/New_York","https://local.acmemarkets.com/de/newark/100-suburban-dr.html","3.97","True","True","True","False","19711"
"2679","ACME Markets","ACME Markets","","acmemarkets","ACTIVE","18578 Coastal Hwy Unit 13","Rehoboth Beach","DE","19971","US","America/New_York","https://local.acmemarkets.com/de/rehoboth-beach/18578-coastal-hwy-unit-13.html","75.46","True","True","True","False","19711"
"2836","ACME Markets","ACME Markets","","acmemarkets","ACTIVE","236 E Glenwood Ave","Smyrna","DE","19977","US","America/New_York","https://local.acmemarkets.com/de/smyrna/236-e-glenwood-ave.html","29.66","True","True","True","False","19711"
"872","ACME Markets","ACME Markets","","acmemarkets","ACTIVE","1308 Centerville Rd","Wilmington","DE","19808","US","America/New_York","https://local.acmemarkets.com/de/wilmington/1308-centerville-rd.html","6.72","True","True","True","False","19711"
"808","ACME Markets","ACME Markets","","acmemarkets","ACTIVE","1401 N Dupont St","Wilmington","DE","19806","US","America/New_York","https://local.acmemarkets.com/de/wilmington/1401-n-dupont-st.html","10.14","True","True","True","False","19711"
"2831","ACME Markets","ACME Markets","","acmemarkets","ACTIVE","1812 Marsh Rd","Wilmington","DE","19810","US","America/New_York","https://local.acmemarkets.com/de/wilmington/1812-marsh-rd.html","14.17","True","True","True","False","19711"
"874","ACME Markets","ACME Markets","","acmemarkets","ACTIVE","1901 Concord Pike","Wilmington","DE","19803","US","America/New_York","https://local.acmemarkets.com/de/wilmington/1901-concord-pike.html","11.76","True","True","True","False","19711"
"813","ACME Markets","ACME Markets","","acmemarkets","ACTIVE","2098 Naamans Rd","Wilmington","DE","19810","US","America/New_York","https://local.acmemarkets.com/de/wilmington/2098-naamans-rd.html","14.99","True","True","True","False","19711"
"826","ACME Markets","ACME Markets","","acmemarkets","ACTIVE","4720 Limestone Rd","Wilmington","DE","19808","US","America/New_York","https://local.acmemarkets.com/de/wilmington/4720-limestone-rd.html","3.2","True","True","True","False","19711"
"1763","Safeway","Safeway","","safeway","ACTIVE","190 John Hunn Brown Rd","Dover","DE","19901","US","America/New_York","https://local.safeway.com/safeway/de/dover/190-john-hunn-brown-rd.html","40.97","True","True","True","False","19711"
"4030","Safeway","Safeway","","safeway","ACTIVE","2400 Peoples Plaza","Newark","DE","19702","US","America/New_York","https://local.safeway.com/safeway/de/newark/2400-peoples-plaza.html","8.39","True","True","True","False","19711"
"2706","Safeway","Safeway","","safeway","ACTIVE","19283 Coastal Hwy","Rehoboth Beach","DE","19971","US","America/New_York","https://local.safeway.com/safeway/de/rehoboth-beach/19283-coastal-hwy.html","76.63","True","True","True","False","19711"
"214","Safeway","Safeway","","safeway","ACTIVE","98-1277 Kaahumanu St","Aiea","HI","96701","US","Pacific/Honolulu","https://local.safeway.com/safeway/hi/aiea/98-1277-kaahumanu-st.html","210.96","True","True","True","False","96720"
"2897","Safeway","Safeway","","safeway","ACTIVE","91-1119 Keaunui Dr","Ewa Beach","HI","96706","US","Pacific/Honolulu","https://local.safeway.com/safeway/hi/ewa-beach/91-1119-keaunui-dr.html","212.35","True","True","True","False","96720"
"2893","Safeway","Safeway","","safeway","ACTIVE","381 E Maka'Ala St","Hilo","HI","96720","US","Pacific/Honolulu","https://local.safeway.com/safeway/hi/hilo/381-e-maka-ala-st.html","11.56","True","True","True","False","96720"
"2944","Safeway","Safeway","","safeway","ACTIVE","1234 S Beretania St","Honolulu","HI","96814","US","Pacific/Honolulu","https://local.safeway.com/safeway/hi/honolulu/1234-s-beretania-st.html","201.7","True","True","True","False","96720"
"203","Safeway","Safeway","","safeway","ACTIVE","1360 Pali Hwy","Honolulu","HI","96813","US","Pacific/Honolulu","https://local.safeway.com/safeway/hi/honolulu/1360-pali-hwy.html","202.99","True","True","True","False","96720"
"204","Safeway","Safeway","","safeway","ACTIVE","2855 E Manoa Rd","Honolulu","HI","96822","US","Pacific/Honolulu","https://local.safeway.com/safeway/hi/honolulu/2855-e-manoa-rd.html","200.25","True","True","True","False","96720"
"215","Safeway","Safeway","","safeway","ACTIVE","377 Keahole St","Honolulu","HI","96825","US","Pacific/Honolulu","https://local.safeway.com/safeway/hi/honolulu/377-keahole-st.html","193.79","True","True","True","False","96720"
"211","Safeway","Safeway","","safeway","ACTIVE","848 Ala Lilikoi St","Honolulu","HI","96818","US","Pacific/Honolulu","https://local.safeway.com/safeway/hi/honolulu/848-ala-lilikoi-st.html","207.2","True","True","True","False","96720"
"2747","Safeway","Safeway","","safeway","ACTIVE","888 Kapahulu Ave","Honolulu","HI","96816","US","Pacific/Honolulu","https://local.safeway.com/safeway/hi/honolulu/888-kapahulu-ave.html","199.55","True","True","True","False","96720"
"280","Safeway","Safeway","","safeway","ACTIVE","1090 Ho'okele St","Kahului","HI","96732","US","Pacific/Honolulu","https://local.safeway.com/safeway/hi/kahului/1090-ho-okele-st.html","112.88","True","True","True","False","96720"
"205","Safeway","Safeway","","safeway","ACTIVE","1060 Keolu Dr","Kailua","HI","96734","US","Pacific/Honolulu","https://local.safeway.com/safeway/hi/kailua/1060-keolu-dr.html","198.6","True","True","True","False","96720"
"1087","Safeway","Safeway","","safeway","ACTIVE","200 Hamakua Dr","Kailua","HI","96734","US","Pacific/Honolulu","https://local.safeway.com/safeway/hi/kailua/200-hamakua-dr.html","199.68","True","True","True","False","96720"
"2208","Safeway","Safeway","","safeway","ACTIVE","25 Kaneohe Bay Dr","Kailua","HI","96734","US","Pacific/Honolulu","https://local.safeway.com/safeway/hi/kailua/25-kaneohe-bay-dr.html","201.43","True","True","True","False","96720"
"1117","Safeway","Safeway","","safeway","ACTIVE","75-971 Henry St","Kailua Kona","HI","96740","US","Pacific/Honolulu","https://local.safeway.com/safeway/hi/kailua-kona/75-971-henry-st.html","49.2","True","True","True","False","96720"
"207","Safeway","Safeway","","safeway","ACTIVE","46065 Kamehameha Hwy","Kaneohe","HI","96744","US","Pacific/Honolulu","https://local.safeway.com/safeway/hi/kaneohe/46065-kamehameha-hwy.html","204.25","True","True","True","False","96720"
"1209","Safeway","Safeway","","safeway","ACTIVE","4-831 Kuhio Hwy","Kapaa","HI","96746","US","Pacific/Honolulu","https://local.safeway.com/safeway/hi/kapaa/4-831-kuhio-hwy.html","103.86","True","True","True","False","96744"
"1263","Safeway","Safeway","","safeway","ACTIVE","590 Farrington N 400","Kapolei","HI","96707","US","Pacific/Honolulu","https://local.safeway.com/safeway/hi/kapolei/590-farrington-n-400.html","216.06","True","True","True","False","96720"
"1500","Safeway","Safeway","","safeway","ACTIVE","277 Pi'Ikea Ave","Kihei","HI","96753","US","Pacific/Honolulu","https://local.safeway.com/safeway/hi/kihei/277-pi-ikea-ave.html","106.97","True","True","True","False","96720"
"1222","Safeway","Safeway","","safeway","ACTIVE","1221 Honoapiilani Hwy","Lahaina","HI","96761","US","Pacific/Honolulu","https://local.safeway.com/safeway/hi/lahaina/1221-honoapiilani-hwy.html","124.52","True","True","True","False","96720"
"2894","Safeway","Safeway","","safeway","ACTIVE","4454 Nuhou St Suite #301","Lihue","HI","96766","US","Pacific/Honolulu","https://local.safeway.com/safeway/hi/lihue/4454-nuhou-st-suite-301.html","98.85","True","True","True","False","96782"
"2218","Safeway","Safeway","","safeway","ACTIVE","94-780B Meheula Pkwy","Mililani","HI","96789","US","Pacific/Honolulu","https://local.safeway.com/safeway/hi/mililani/94-780b-meheula-pkwy.html","108.04","True","True","True","False","96732"
"3092","Safeway","Safeway","","safeway","ACTIVE","58 Maui Lani Pkwy Suite 5000","Wailuku","HI","96793","US","Pacific/Honolulu","https://local.safeway.com/safeway/hi/wailuku/58-maui-lani-pkwy-suite-5000.html","115.49","True","True","True","False","96720"
"275","Safeway","Safeway","","safeway","ACTIVE","94-809 Lumiaina St","Waipahu","HI","96797","US","Pacific/Honolulu","https://local.safeway.com/safeway/hi/waipahu/94-809-lumiaina-st.html","214.31","True","True","True","False","96720"
"1118","Jewel-Osco","Jewel-Osco","","jewelosco","ACTIVE","1307 N 2nd St","Clinton","IA","52732","US","America/Chicago","https://local.jewelosco.com/ia/clinton/1307-n-2nd-st.html","4.26","True","True","True","False","52732"
"3174","Albertsons","Albertsons","","albertsons","ACTIVE","1901 S 25th E","Ammon","ID","83406","US","America/Denver","https://local.albertsons.com/id/ammon/1901-s-25th-e.html","44.63","True","True","True","False","83201"
"160","Albertsons","Albertsons","","albertsons","ACTIVE","10500 W Overland Rd","Boise","ID","83709","US","America/Denver","https://local.albertsons.com/id/boise/10500-w-overland-rd.html","205.23","True","True","True","False","83201"
"3339","Albertsons","Albertsons","","albertsons","ACTIVE","10565 W Lake Hazel Rd","Boise","ID","83709","US","America/Denver","https://local.albertsons.com/id/boise/10565-w-lake-hazel-rd.html","204.56","True","True","True","False","83201"
"161","Albertsons","Albertsons","","albertsons","ACTIVE","10700 W Ustick Rd","Boise","ID","83713","US","America/Denver","https://local.albertsons.com/id/boise/10700-w-ustick-rd.html","206.01","True","True","True","False","83201"
"199","Albertsons","Albertsons","","albertsons","ACTIVE","1219 S Broadway Ave","Boise","ID","83706","US","America/Denver","https://local.albertsons.com/id/boise/1219-s-broadway-ave.html","199.55","True","True","True","False","83201"
"154","Albertsons","Albertsons","","albertsons","ACTIVE","1520 N Cole Rd","Boise","ID","83704","US","America/Denver","https://local.albertsons.com/id/boise/1520-n-cole-rd.html","203.63","True","True","True","False","83201"
"101","Albertsons","Albertsons","","albertsons","ACTIVE","1650 W State St","Boise","ID","83702","US","America/Denver","https://local.albertsons.com/id/boise/1650-w-state-st.html","200.65","True","True","True","False","83201"
"193","Albertsons","Albertsons","","albertsons","ACTIVE","1653 S Vista Ave","Boise","ID","83705","US","America/Denver","https://local.albertsons.com/id/boise/1653-s-vista-ave.html","200.4","True","True","True","False","83201"
"189","Albertsons","Albertsons","","albertsons","ACTIVE","3614 W State St","Boise","ID","83703","US","America/Denver","https://local.albertsons.com/id/boise/3614-w-state-st.html","202.03","True","True","True","False","83201"
"177","Albertsons","Albertsons","","albertsons","ACTIVE","4700 N Eagle Rd","Boise","ID","83713","US","America/Denver","https://local.albertsons.com/id/boise/4700-n-eagle-rd.html","178.85","True","True","True","False","83501"
"162","Albertsons","Albertsons","","albertsons","ACTIVE","5100 W Overland Rd","Boise","ID","83705","US","America/Denver","https://local.albertsons.com/id/boise/5100-w-overland-rd.html","201.89","True","True","True","False","83201"
"184","Albertsons","Albertsons","","albertsons","ACTIVE","6560 S Federal Way","Boise","ID","83716","US","America/Denver","https://local.albertsons.com/id/boise/6560-s-federal-way.html","196.68","True","True","True","False","83201"
"156","Albertsons","Albertsons","","albertsons","ACTIVE","7100 W State St","Boise","ID","83714","US","America/Denver","https://local.albertsons.com/id/boise/7100-w-state-st.html","204.68","True","True","True","False","83201"
"169","Albertsons","Albertsons","","albertsons","ACTIVE","909 E Parkcenter Blvd","Boise","ID","83706","US","America/Denver","https://local.albertsons.com/id/boise/909-e-parkcenter-blvd.html","198.16","True","True","True","False","83201"
"166","Albertsons","Albertsons","","albertsons","ACTIVE","2500 Blaine St","Caldwell","ID","83605","US","America/Denver","https://local.albertsons.com/id/caldwell/2500-blaine-st.html","176.84","True","True","True","False","83501"
"103","Albertsons","Albertsons","","albertsons","ACTIVE","415 Cleveland Blvd","Caldwell","ID","83605","US","America/Denver","https://local.albertsons.com/id/caldwell/415-cleveland-blvd.html","175.74","True","True","True","False","83501"
"182","Albertsons","Albertsons","","albertsons","ACTIVE","250 S Eagle Rd","Eagle","ID","83616","US","America/Denver","https://local.albertsons.com/id/eagle/250-s-eagle-rd.html","175.78","True","True","True","False","83501"
"126","Albertsons","Albertsons","","albertsons","ACTIVE","640 Hwy 16","Emmett","ID","83617","US","America/Denver","https://local.albertsons.com/id/emmett/640-hwy-16.html","163.18","True","True","True","False","83501"
"130","Albertsons","Albertsons","","albertsons","ACTIVE","911 N Main St","Hailey","ID","83333","US","America/Denver","https://local.albertsons.com/id/hailey/911-n-main-st.html","108.43","True","True","False","False","83201"
"3366","Albertsons","Albertsons","","albertsons","ACTIVE","20 E Wyoming Ave","Homedale","ID","83628","US","America/Denver","https://local.albertsons.com/id/homedale/20-e-wyoming-ave.html","178.98","True","True","True","False","83501"
"145","Albertsons","Albertsons","","albertsons","ACTIVE","1705 W Broadway St","Idaho Falls","ID","83402","US","America/Denver","https://local.albertsons.com/id/idaho-falls/1705-w-broadway-st.html","44.07","True","True","True","False","83201"
"138","Albertsons","Albertsons","","albertsons","ACTIVE","590 E 17th St","Idaho Falls","ID","83404","US","America/Denver","https://local.albertsons.com/id/idaho-falls/590-e-17th-st.html","43.9","True","True","True","False","83201"
"3337","Albertsons","Albertsons","","albertsons","ACTIVE","700 E Avalon St","Kuna","ID","83634","US","America/Denver","https://local.albertsons.com/id/kuna/700-e-avalon-st.html","12.51","True","True","True","False","83651"
"238","Albertsons","Albertsons","","albertsons","ACTIVE","1024 21st St","Lewiston","ID","83501","US","America/Los_Angeles","https://local.albertsons.com/id/lewiston/1024-21st-st.html","15.07","True","True","True","False","83501"
"3360","Albertsons","Albertsons","","albertsons","ACTIVE","132 E Lake St","McCall","ID","83638","US","America/Denver","https://local.albertsons.com/id/mccall/132-e-lake-st.html","97.52","True","True","False","False","83501"
"164","Albertsons","Albertsons","","albertsons","ACTIVE","20 E Fairview Ave","Meridian","ID","83642","US","America/Denver","https://local.albertsons.com/id/meridian/20-e-fairview-ave.html","11.25","True","True","True","False","83651"
"180","Albertsons","Albertsons","","albertsons","ACTIVE","3301 W Cherry Ln","Meridian","ID","83642","US","America/Denver","https://local.albertsons.com/id/meridian/3301-w-cherry-ln.html","180.3","True","True","True","False","83501"
"3065","Albertsons","Albertsons","","albertsons","ACTIVE","4657 S Eagle Rd","Meridian","ID","83642","US","America/Boise","https://local.albertsons.com/id/meridian/4657-s-eagle-rd.html","13.0","True","True","True","False","83651"
"165","Albertsons","Albertsons","","albertsons","ACTIVE","528 N Main St","Mountain Home","ID","83647","US","America/Denver","https://local.albertsons.com/id/mountain-home/528-n-main-st.html","169.86","True","True","True","False","83201"
"176","Albertsons","Albertsons","","albertsons","ACTIVE","2400 12th Ave Rd","Nampa","ID","83686","US","America/Denver","https://local.albertsons.com/id/nampa/2400-12th-ave-rd.html","3.71","True","True","True","False","83651"
"1602","Albertsons","Albertsons","","albertsons","ACTIVE","715 12th Ave S","Nampa","ID","83651","US","America/Denver","https://local.albertsons.com/id/nampa/715-12th-ave-s.html","2.55","True","True","True","False","83651"
"168","Albertsons","Albertsons","","albertsons","ACTIVE","405 S Main St","Payette","ID","83661","US","America/Boise","https://local.albertsons.com/id/payette/405-s-main-st.html","147.57","True","True","True","False","83501"
"159","Albertsons","Albertsons","","albertsons","ACTIVE","330 E Benton St","Pocatello","ID","83201","US","America/Denver","https://local.albertsons.com/id/pocatello/330-e-benton-st.html","5.03","True","True","True","False","83201"
"171","Albertsons","Albertsons","","albertsons","ACTIVE","490 N 2nd E","Rexburg","ID","83440","US","America/Denver","https://local.albertsons.com/id/rexburg/490-n-2nd-e.html","71.35","True","True","True","False","83201"
"3194","Albertsons","Albertsons","","albertsons","ACTIVE","210 N Highbrook Way","Star","ID","83669","US","America/Boise","https://local.albertsons.com/id/star/210-n-highbrook-way.html","174.58","True","True","True","False","83501"
"4139","Albertsons","Albertsons","","albertsons","ACTIVE","1221 Addison Ave E","Twin Falls","ID","83301","US","America/Denver","https://local.albertsons.com/id/twin-falls/1221-addison-ave-e.html","109.34","True","True","True","False","83201"
"3195","Albertsons Market Street","Albertsons Market Street","","albertsons","ACTIVE","3499 E Fairview Ave","Meridian","ID","83642","US","America/Boise","https://local.albertsons.com/id/meridian/3499-e-fairview-ave.html","13.27","True","True","False","False","83651"
"2954","Safeway","Safeway","","safeway","ACTIVE","6519 S Main St","Bonners Ferry","ID","83805","US","America/Los_Angeles","https://local.safeway.com/safeway/id/bonners-ferry/6519-s-main-st.html","173.24","True","True","False","False","83501"
"3295","Safeway","Safeway","","safeway","ACTIVE","1001 N 4th St","Coeur D'Alene","ID","83814","US","America/Los_Angeles","https://local.safeway.com/safeway/id/coeur-d-alene/1001-n-4th-st.html","102.5","True","True","False","False","83501"
"1470","Safeway","Safeway","","safeway","ACTIVE","121 W Neider Ave","Coeur d'Alene","ID","83815","US","America/Los_Angeles","https://local.safeway.com/safeway/id/coeur-d-alene/121-w-neider-ave.html","104.26","True","True","True","False","83501"
"243","Safeway","Safeway","","safeway","ACTIVE","220 Ironwood Dr","Coeur d'Alene","ID","83814","US","America/Los_Angeles","https://local.safeway.com/safeway/id/coeur-d-alene/220-ironwood-dr.html","103.21","True","True","True","False","83501"
"254","Safeway","Safeway","","safeway","ACTIVE","161 W Prairie Ave","Hayden","ID","83835","US","America/Los_Angeles","https://local.safeway.com/safeway/id/hayden/161-w-prairie-ave.html","106.84","True","True","False","False","83501"
"383","Safeway","Safeway","","safeway","ACTIVE","1320 S Blaine St","Moscow","ID","83843","US","America/Los_Angeles","https://local.safeway.com/safeway/id/moscow/1320-s-blaine-st.html","36.09","True","True","True","False","83501"
"350","Safeway","Safeway","","safeway","ACTIVE","702 N 5th Ave","Sandpoint","ID","83864","US","America/Los_Angeles","https://local.safeway.com/safeway/id/sandpoint/702-n-5th-ave.html","144.55","True","True","True","False","83501"
"3294","Jewel-Osco","Jewel-Osco","","jewelosco","ACTIVE","140 W Lake St","Addison","IL","60101","US","America/Chicago","https://local.jewelosco.com/il/addison/140-w-lake-st.html","8.21","True","True","True","False","60173"
"1256","Jewel-Osco","Jewel-Osco","","jewelosco","ACTIVE","103 S Randall Rd","Algonquin","IL","60102","US","America/Chicago","https://local.jewelosco.com/il/algonquin/103-s-randall-rd.html","101.2","True","True","True","False","52732"
"2310","Jewel-Osco","Jewel-Osco","","jewelosco","ACTIVE","1501 E Algonquin Rd","Algonquin","IL","60102","US","America/Chicago","https://local.jewelosco.com/il/algonquin/1501-e-algonquin-rd.html","40.45","True","True","True","False","61107"
"3098","Jewel-Osco","Jewel-Osco","","jewelosco","ACTIVE","12001 S Pulaski Rd","Alsip","IL","60803","US","America/Chicago","https://local.jewelosco.com/il/alsip/12001-s-pulaski-rd.html","2.83","True","True","True","False","60453"
"3466","Jewel-Osco","Jewel-Osco","","jewelosco","ACTIVE","966 Route 59","Antioch","IL","60002","US","America/Chicago","https://local.jewelosco.com/il/antioch/966-route-59.html","14.73","True","True","True","False","60050"
"3422","Jewel-Osco","Jewel-Osco","","jewelosco","ACTIVE","122 N Vail Ave","Arlington Heights","IL","60005","US","America/Chicago","https://local.jewelosco.com/il/arlington-heights/122-n-vail-ave.html","1.29","True","True","True","False","60005"
"3461","Jewel-Osco","Jewel-Osco","","jewelosco","ACTIVE","1860 S Arlington Heights Rd","Arlington Heights","IL","60005","US","America/Chicago","https://local.jewelosco.com/il/arlington-heights/1860-s-arlington-heights-rd.html","0.95","True","True","True","False","60005"
"3478","Jewel-Osco","Jewel-Osco","","jewelosco","ACTIVE","440 E Rand Rd","Arlington Heights","IL","60004","US","America/Chicago","https://local.jewelosco.com/il/arlington-heights/440-e-rand-rd.html","3.24","True","True","True","False","60005"
"3240","Jewel-Osco","Jewel-Osco","","jewelosco","ACTIVE","1157 N Eola Rd","Aurora","IL","60502","US","America/Chicago","https://local.jewelosco.com/il/aurora/1157-n-eola-rd.html","3.29","True","True","True","False","60505"
"4252","Jewel-Osco","Jewel-Osco","","jewelosco","ACTIVE","1952 W Galena Blvd","Aurora","IL","60506","US","America/Chicago","https://local.jewelosco.com/il/aurora/1952-w-galena-blvd.html","98.13","True","True","True","False","52732"
"3451","Jewel-Osco","Jewel-Osco","","jewelosco","ACTIVE","150 W Main St","Barrington","IL","60010","US","America/Chicago","https://local.jewelosco.com/il/barrington/150-w-main-st.html","16.08","True","True","True","False","60142"
"3348","Jewel-Osco","Jewel-Osco","","jewelosco","ACTIVE","125 E Stearns Rd","Bartlett","IL","60103","US","America/Chicago","https://local.jewelosco.com/il/bartlett/125-e-stearns-rd.html","8.76","True","True","True","False","60173"
"3219","Jewel-Osco","Jewel-Osco","","jewelosco","ACTIVE","119 S Randall Rd","Batavia","IL","60510","US","America/Chicago","https://local.jewelosco.com/il/batavia/119-s-randall-rd.html","98.9","True","True","True","False","52732"
"3495","Jewel-Osco","Jewel-Osco","","jewelosco","ACTIVE","1127 S York Rd","Bensenville","IL","60106","US","America/Chicago","https://local.jewelosco.com/il/bensenville/1127-s-york-rd.html","6.38","True","True","True","False","60007"
"3775","Jewel-Osco","Jewel-Osco","","jewelosco","ACTIVE","2103 N Veterans Pkwy","Bloomington","IL","61704","US","America/Chicago","https://local.jewelosco.com/il/bloomington/2103-n-veterans-pkwy.html","109.8","True","True","True","False","52801"
"116","Jewel-Osco","Jewel-Osco","","jewelosco","ACTIVE","2203 E Oakland Ave","Bloomington","IL","61701","US","America/Chicago","https://local.jewelosco.com/il/bloomington/2203-e-oakland-ave.html","111.09","True","True","True","False","52801"
"4013","Jewel-Osco","Jewel-Osco","","jewelosco","ACTIVE","1200 W Boughton Rd","Bolingbrook","IL","60440","US","America/Chicago","https://local.jewelosco.com/il/bolingbrook/1200-w-boughton-rd.html","13.7","True","True","True","False","60431"
"2488","Jewel-Osco","Jewel-Osco","","jewelosco","ACTIVE","655 Main St NW","Bourbonnais","IL","60914","US","America/Chicago","https://local.jewelosco.com/il/bourbonnais/655-main-st-nw.html","72.06","True","True","True","False","61761"
"3479","Jewel-Osco","Jewel-Osco","","jewelosco","ACTIVE","79 McHenry Rd","Buffalo Grove","IL","60089","US","America/Chicago","https://local.jewelosco.com/il/buffalo-grove/79-mchenry-rd.html","6.39","True","True","True","False","60005"
"4060","Jewel-Osco","Jewel-Osco","","jewelosco","ACTIVE","7910 S Cicero Ave","Burbank","IL","60459","US","America/Chicago","https://local.jewelosco.com/il/burbank/7910-s-cicero-ave.html","2.67","True","True","True","False","60453"
"2346","Jewel-Osco","Jewel-Osco","","jewelosco","ACTIVE","750 Army Trail Rd","Carol Stream","IL","60188","US","America/Chicago","https://local.jewelosco.com/il/carol-stream/750-army-trail-rd.html","12.74","True","True","True","False","60510"
"3496","Jewel-Osco","Jewel-Osco","","jewelosco","ACTIVE","696 Northwest Hwy","Cary","IL","60013","US","America/Chicago","https://local.jewelosco.com/il/cary/696-northwest-hwy.html","40.73","True","True","True","False","61107"
"3234","Jewel-Osco","Jewel-Osco","","jewelosco","ACTIVE","102 W Division St","Chicago","IL","60610","US","America/Chicago","https://local.jewelosco.com/il/chicago/102-w-division-st.html","1.26","False","False","True","False","60601"
"187","Jewel-Osco","Jewel-Osco","","jewelosco","ACTIVE","11730 S Marshfield Ave","Chicago","IL","60643","US","America/Chicago","https://local.jewelosco.com/il/chicago/11730-s-marshfield-ave.html","4.68","True","True","True","False","60453"
"3344","Jewel-Osco","Jewel-Osco","","jewelosco","ACTIVE","1220 S Ashland Ave","Chicago","IL","60608","US","America/Chicago","https://local.jewelosco.com/il/chicago/1220-s-ashland-ave.html","2.86","True","True","True","False","60601"
"3345","Jewel-Osco","Jewel-Osco","","jewelosco","ACTIVE","1224 S Wabash Ave","Chicago","IL","60605","US","America/Chicago","https://local.jewelosco.com/il/chicago/1224-s-wabash-ave.html","1.49","True","True","True","False","60601"
"4500","Jewel-Osco","Jewel-Osco","","jewelosco","ACTIVE","1340 S Canal St","Chicago","IL","60607","US","America/Chicago","https://local.jewelosco.com/il/chicago/1340-s-canal-st.html","1.89","True","True","True","False","60601"
"1241","Jewel-Osco","Jewel-Osco","","jewelosco","ACTIVE","1341 N Paulina St","Chicago","IL","60622","US","America/Chicago","https://local.jewelosco.com/il/chicago/1341-n-paulina-st.html","2.81","True","True","True","False","60601"
"92","Jewel-Osco","Jewel-Osco","","jewelosco","ACTIVE","1655 E 95th St","Chicago","IL","60617","US","America/Chicago","https://local.jewelosco.com/il/chicago/1655-e-95th-st.html","8.5","True","True","True","False","60453"
"3538","Jewel-Osco","Jewel-Osco","","jewelosco","ACTIVE","1763 W Howard St","Chicago","IL","60626","US","America/Chicago","https://local.jewelosco.com/il/chicago/1763-w-howard-st.html","3.08","True","True","True","False","60201"
"3349","Jewel-Osco","Jewel-Osco","","jewelosco","ACTIVE","2520 N Narragansett Ave","Chicago","IL","60639","US","America/Chicago","https://local.jewelosco.com/il/chicago/2520-n-narragansett-ave.html","6.44","True","True","True","False","60068"
"202","Jewel-Osco","Jewel-Osco","","jewelosco","ACTIVE","2550 N Clybourn Ave","Chicago","IL","60614","US","America/Chicago","https://local.jewelosco.com/il/chicago/2550-n-clybourn-ave.html","3.88","True","True","True","False","60601"
"3441","Jewel-Osco","Jewel-Osco","","jewelosco","ACTIVE","2940 N Ashland Ave","Chicago","IL","60657","US","America/Chicago","https://local.jewelosco.com/il/chicago/2940-n-ashland-ave.html","4.16","True","True","True","False","60601"
"1214","Jewel-Osco","Jewel-Osco","","jewelosco","ACTIVE","3128 W 103rd St","Chicago","IL","60655","US","America/Chicago","https://local.jewelosco.com/il/chicago/3128-w-103rd-st.html","2.42","False","False","True","False","60453"
"901","Jewel-Osco","Jewel-Osco","","jewelosco","ACTIVE","3400 N Western Ave","Chicago","IL","60618","US","America/Chicago","https://local.jewelosco.com/il/chicago/3400-n-western-ave.html","5.25","True","True","True","False","60601"
"3514","Jewel-Osco","Jewel-Osco","","jewelosco","ACTIVE","3531 N Broadway St","Chicago","IL","60657","US","America/Chicago","https://local.jewelosco.com/il/chicago/3531-n-broadway-st.html","4.29","False","False","True","False","60601"
"3470","Jewel-Osco","Jewel-Osco","","jewelosco","ACTIVE","3570 N Elston Ave","Chicago","IL","60618","US","America/Chicago","https://local.jewelosco.com/il/chicago/3570-n-elston-ave.html","7.99","True","True","True","False","60201"
"3632","Jewel-Osco","Jewel-Osco","","jewelosco","ACTIVE","3630 N Southport Ave","Chicago","IL","60613","US","America/Chicago","https://local.jewelosco.com/il/chicago/3630-n-southport-ave.html","7.87","True","True","True","False","60201"
"2602","Jewel-Osco","Jewel-Osco","","jewelosco","ACTIVE","3644 S Archer Ave","Chicago","IL","60609","US","America/Chicago","https://local.jewelosco.com/il/chicago/3644-s-archer-ave.html","8.87","True","True","True","False","60453"
"3376","Jewel-Osco","Jewel-Osco","","jewelosco","ACTIVE","370 N Des Plaines St","Chicago","IL","60661","US","America/Chicago","https://local.jewelosco.com/il/chicago/370-n-des-plaines-st.html","1.23","True","True","True","False","60601"
"3442","Jewel-Osco","Jewel-Osco","","jewelosco","ACTIVE","4042 W Foster Ave","Chicago","IL","60630","US","America/Chicago","https://local.jewelosco.com/il/chicago/4042-w-foster-ave.html","6.1","True","True","True","False","60201"
"3546","Jewel-Osco","Jewel-Osco","","jewelosco","ACTIVE","424 W Division St","Chicago","IL","60610","US","America/Chicago","https://local.jewelosco.com/il/chicago/424-w-division-st.html","1.54","True","True","True","False","60601"
"3454","Jewel-Osco","Jewel-Osco","","jewelosco","ACTIVE","4250 N Lincoln Ave","Chicago","IL","60618","US","America/Chicago","https://local.jewelosco.com/il/chicago/4250-n-lincoln-ave.html","7.04","True","True","True","False","60201"
"3455","Jewel-Osco","Jewel-Osco","","jewelosco","ACTIVE","4355 N Sheridan Rd","Chicago","IL","60613","US","America/Chicago","https://local.jewelosco.com/il/chicago/4355-n-sheridan-rd.html","7.12","True","True","True","False","60201"
"4043","Jewel-Osco","Jewel-Osco","","jewelosco","ACTIVE","443 E 34th St","Chicago","IL","60616","US","America/Chicago","https://local.jewelosco.com/il/chicago/443-e-34th-st.html","3.81","True","True","True","False","60601"
"3262","Jewel-Osco","Jewel-Osco","","jewelosco","ACTIVE","4660 W Irving Park Rd","Chicago","IL","60641","US","America/Chicago","https://local.jewelosco.com/il/chicago/4660-w-irving-park-rd.html","7.71","True","True","True","False","60201"
"1282","Jewel-Osco","Jewel-Osco","","jewelosco","ACTIVE","4729 N Central Ave","Chicago","IL","60630","US","America/Chicago","https://local.jewelosco.com/il/chicago/4729-n-central-ave.html","7.48","False","False","True","False","60201"
"3477","Jewel-Osco","Jewel-Osco","","jewelosco","ACTIVE","4734 N Cumberland Ave","Chicago","IL","60656","US","America/Chicago","https://local.jewelosco.com/il/chicago/4734-n-cumberland-ave.html","6.23","True","True","True","False","60016"
"3170","Jewel-Osco","Jewel-Osco","","jewelosco","ACTIVE","5320 S Pulaski Rd","Chicago","IL","60632","US","America/Chicago","https://local.jewelosco.com/il/chicago/5320-s-pulaski-rd.html","6.13","True","True","True","False","60453"
"3443","Jewel-Osco","Jewel-Osco","","jewelosco","ACTIVE","5343 N Broadway","Chicago","IL","60640","US","America/Chicago","https://local.jewelosco.com/il/chicago/5343-n-broadway.html","5.85","True","True","True","False","60201"
"3368","Jewel-Osco","Jewel-Osco","","jewelosco","ACTIVE","550 N State St","Chicago","IL","60654","US","America/Chicago","https://local.jewelosco.com/il/chicago/550-n-state-st.html","0.5","False","False","True","False","60601"
"3407","Jewel-Osco","Jewel-Osco","","jewelosco","ACTIVE","5516 N Clark St","Chicago","IL","60640","US","America/Chicago","https://local.jewelosco.com/il/chicago/5516-n-clark-st.html","5.47","True","True","True","False","60201"
"3082","Jewel-Osco","Jewel-Osco","","jewelosco","ACTIVE","6014 S Cottage Grove","Chicago","IL","60637","US","America/Chicago","https://local.jewelosco.com/il/chicago/6014-s-cottage-grove.html","31.2","True","True","True","False","46304"
"3721","Jewel-Osco","Jewel-Osco","","jewelosco","ACTIVE","6107 S Archer Ave","Chicago","IL","60638","US","America/Chicago","https://local.jewelosco.com/il/chicago/6107-s-archer-ave.html","6.01","True","True","True","False","60453"
"3224","Jewel-Osco","Jewel-Osco","","jewelosco","ACTIVE","6430 W Irving Park Rd","Chicago","IL","60634","US","America/Chicago","https://local.jewelosco.com/il/chicago/6430-w-irving-park-rd.html","7.09","True","True","True","False","60018"
"1296","Jewel-Osco","Jewel-Osco","","jewelosco","ACTIVE","7342 W Foster Ave","Chicago","IL","60656","US","America/Chicago","https://local.jewelosco.com/il/chicago/7342-w-foster-ave.html","6.34","True","True","True","False","60016"
"230","Jewel-Osco","Jewel-Osco","","jewelosco","ACTIVE","7530 S Stony Island Ave","Chicago","IL","60649","US","America/Chicago","https://local.jewelosco.com/il/chicago/7530-s-stony-island-ave.html","29.67","False","False","True","False","46304"
"3181","Jewel-Osco","Jewel-Osco","","jewelosco","ACTIVE","87 W 87th St","Chicago","IL","60620","US","America/Chicago","https://local.jewelosco.com/il/chicago/87-w-87th-st.html","6.41","True","True","True","False","60453"
"3176","Jewel-Osco","Jewel-Osco","","jewelosco","ACTIVE","9400 S Ashland Ave","Chicago","IL","60620","US","America/Chicago","https://local.jewelosco.com/il/chicago/9400-s-ashland-ave.html","4.42","True","True","True","False","60453"
"3003","Jewel-Osco","Jewel-Osco","","jewelosco","ACTIVE","303 Holmes Ave","Clarendon Hills","IL","60514","US","America/Chicago","https://local.jewelosco.com/il/clarendon-hills/303-holmes-ave.html","7.94","True","True","True","False","60439"
"754","Jewel-Osco","Jewel-Osco","","jewelosco","ACTIVE","5545 S Brainard Ave","Countryside","IL","60525","US","America/Chicago","https://local.jewelosco.com/il/countryside/5545-s-brainard-ave.html","8.77","True","True","True","False","60453"
"2517","Jewel-Osco","Jewel-Osco","","jewelosco","ACTIVE","6140 Northwest Hwy","Crystal Lake","IL","60014","US","America/Chicago","https://local.jewelosco.com/il/crystal-lake/6140-northwest-hwy.html","37.46","True","True","True","False","61107"
"123","Jewel-Osco","Jewel-Osco","","jewelosco","ACTIVE","7329 S Cass Ave","Darien","IL","60561","US","America/Chicago","https://local.jewelosco.com/il/darien/7329-s-cass-ave.html","8.87","True","True","True","False","60540"
"3475","Jewel-Osco","Jewel-Osco","","jewelosco","ACTIVE","16 S Waukegan Rd","Deerfield","IL","60015","US","America/Chicago","https://local.jewelosco.com/il/deerfield/16-s-waukegan-rd.html","7.52","True","True","True","False","60016"
"3272","Jewel-Osco","Jewel-Osco","","jewelosco","ACTIVE","1320 Sycamore Rd","Dekalb","IL","60115","US","America/Chicago","https://local.jewelosco.com/il/dekalb/1320-sycamore-rd.html","78.63","True","True","True","False","52732"
"3425","Jewel-Osco","Jewel-Osco","","jewelosco","ACTIVE","1500 S Lee St","Des Plaines","IL","60018","US","America/Chicago","https://local.jewelosco.com/il/des-plaines/1500-s-lee-st.html","5.46","True","True","True","False","60005"
"3473","Jewel-Osco","Jewel-Osco","","jewelosco","ACTIVE","819 S Elmhurst Rd","Des Plaines","IL","60016","US","America/Chicago","https://local.jewelosco.com/il/des-plaines/819-s-elmhurst-rd.html","3.18","True","True","True","False","60005"
"3745","Jewel-Osco","Jewel-Osco","","jewelosco","ACTIVE","2707 E Division St","Diamond","IL","60416","US","America/Chicago","https://local.jewelosco.com/il/diamond/2707-e-division-st.html","15.93","True","True","True","False","60431"
"3097","Jewel-Osco","Jewel-Osco","","jewelosco","ACTIVE","1148 Ogden Ave","Downers Grove","IL","60515","US","America/Chicago","https://local.jewelosco.com/il/downers-grove/1148-ogden-ave.html","7.51","True","True","True","False","60540"
"4047","Jewel-Osco","Jewel-Osco","","jewelosco","ACTIVE","6215 Main St","Downers Grove","IL","60516","US","America/Chicago","https://local.jewelosco.com/il/downers-grove/6215-main-st.html","7.1","True","True","True","False","60540"
"3770","Jewel-Osco","Jewel-Osco","","jewelosco","ACTIVE","107 Avenue Of The Cities","East Moline","IL","61244","US","America/Chicago","https://local.jewelosco.com/il/east-moline/107-avenue-of-the-cities.html","28.71","True","True","True","False","52732"
"3347","Jewel-Osco","Jewel-Osco","","jewelosco","ACTIVE","800 N Main St","Elburn","IL","60119","US","America/Chicago","https://local.jewelosco.com/il/elburn/800-n-main-st.html","92.05","True","True","True","False","52732"
"3291","Jewel-Osco","Jewel-Osco","","jewelosco","ACTIVE","1040 Summit Ave","Elgin","IL","60120","US","America/Chicago","https://local.jewelosco.com/il/elgin/1040-summit-ave.html","43.79","True","True","True","False","61107"
"2313","Jewel-Osco","Jewel-Osco","","jewelosco","ACTIVE","1660 Larkin Ave","Elgin","IL","60123","US","America/Chicago","https://local.jewelosco.com/il/elgin/1660-larkin-ave.html","100.5","True","True","True","False","52732"
"3220","Jewel-Osco","Jewel-Osco","","jewelosco","ACTIVE","20 W Biesterfield","Elk Grove Village","IL","60007","US","America/Chicago","https://local.jewelosco.com/il/elk-grove-village/20-w-biesterfield.html","4.27","True","True","True","False","60005"
"3346","Jewel-Osco","Jewel-Osco","","jewelosco","ACTIVE","153 Schiller St","Elmhurst","IL","60126","US","America/Chicago","https://local.jewelosco.com/il/elmhurst/153-schiller-st.html","8.3","True","True","True","False","60007"
"2444","Jewel-Osco","Jewel-Osco","","jewelosco","ACTIVE","944 S York Rd","Elmhurst","IL","60126","US","America/Chicago","https://local.jewelosco.com/il/elmhurst/944-s-york-rd.html","6.98","True","True","True","False","60191"
"3428","Jewel-Osco","Jewel-Osco","","jewelosco","ACTIVE","1128 Chicago Ave","Evanston","IL","60202","US","America/Chicago","https://local.jewelosco.com/il/evanston/1128-chicago-ave.html","1.55","True","True","True","False","60201"
"3487","Jewel-Osco","Jewel-Osco","","jewelosco","ACTIVE","2485 Howard St","Evanston","IL","60202","US","America/Chicago","https://local.jewelosco.com/il/evanston/2485-howard-st.html","2.81","True","True","True","False","60201"
"3453","Jewel-Osco","Jewel-Osco","","jewelosco","ACTIVE","1350 US Route 12","Fox Lake","IL","60020","US","America/Chicago","https://local.jewelosco.com/il/fox-lake/1350-us-route-12.html","45.08","True","True","True","False","61107"
"2507","Jewel-Osco","Jewel-Osco","","jewelosco","ACTIVE","800 NW Hwy 14","Fox River Grove","IL","60021","US","America/Chicago","https://local.jewelosco.com/il/fox-river-grove/800-nw-hwy-14.html","43.26","True","True","True","False","61107"
"52","Jewel-Osco","Jewel-Osco","","jewelosco","ACTIVE","21164 S La Grange Rd","Frankfort","IL","60423","US","America/Chicago","https://local.jewelosco.com/il/frankfort/21164-s-la-grange-rd.html","28.7","True","True","True","False","46307"
"4057","Jewel-Osco","Jewel-Osco","","jewelosco","ACTIVE","10203 W Grand Ave","Franklin Park","IL","60131","US","America/Chicago","https://local.jewelosco.com/il/franklin-park/10203-w-grand-ave.html","8.44","True","True","True","False","60007"
"3340","Jewel-Osco","Jewel-Osco","","jewelosco","ACTIVE","599 E Roosevelt Rd","Glen Ellyn","IL","60137","US","America/Chicago","https://local.jewelosco.com/il/glen-ellyn/599-e-roosevelt-rd.html","7.95","True","True","True","False","60540"
"264","Jewel-Osco","Jewel-Osco","","jewelosco","ACTIVE","2164 Bloomingdale Rd","Glendale Heights","IL","60139","US","America/Chicago","https://local.jewelosco.com/il/glendale-heights/2164-bloomingdale-rd.html","7.72","True","True","True","False","60173"
"1","Jewel-Osco","Jewel-Osco","","jewelosco","ACTIVE","1340 Patriot Blvd","Glenview","IL","60026","US","America/Chicago","https://local.jewelosco.com/il/glenview/1340-patriot-blvd.html","8.68","True","True","True","False","60005"
"3426","Jewel-Osco","Jewel-Osco","","jewelosco","ACTIVE","2502 N Waukegan Rd","Glenview","IL","60025","US","America/Chicago","https://local.jewelosco.com/il/glenview/2502-n-waukegan-rd.html","6.2","True","True","True","False","60201"
"2219","Jewel-Osco","Jewel-Osco","","jewelosco","ACTIVE","2775 Pfingsten Rd","Glenview","IL","60026","US","America/Chicago","https://local.jewelosco.com/il/glenview/2775-pfingsten-rd.html","7.76","True","True","True","False","60005"
"3464","Jewel-Osco","Jewel-Osco","","jewelosco","ACTIVE","885 E Belvidere Rd","Grayslake","IL","60030","US","America/Chicago","https://local.jewelosco.com/il/grayslake/885-e-belvidere-rd.html","14.25","True","True","True","False","60050"
"3405","Jewel-Osco","Jewel-Osco","","jewelosco","ACTIVE","6509 W Grand Ave","Gurnee","IL","60031","US","America/Chicago","https://local.jewelosco.com/il/gurnee/6509-w-grand-ave.html","13.93","True","True","True","False","60081"
"4029","Jewel-Osco","Jewel-Osco","","jewelosco","ACTIVE","9528 S Roberts Rd","Hickory Hills","IL","60457","US","America/Chicago","https://local.jewelosco.com/il/hickory-hills/9528-s-roberts-rd.html","3.85","True","True","True","False","60453"
"3459","Jewel-Osco","Jewel-Osco","","jewelosco","ACTIVE","1600 Deerfield Rd","Highland Park","IL","60035","US","America/Chicago","https://local.jewelosco.com/il/highland-park/1600-deerfield-rd.html","7.27","True","True","True","False","60089"
"3316","Jewel-Osco","Jewel-Osco","","jewelosco","ACTIVE","1069 N Roselle Rd","Hoffman Estates","IL","60169","US","America/Chicago","https://local.jewelosco.com/il/hoffman-estates/1069-n-roselle-rd.html","4.8","True","True","True","False","60005"
"3486","Jewel-Osco","Jewel-Osco","","jewelosco","ACTIVE","1485 Palatine Rd","Hoffman Estates","IL","60192","US","America/Chicago","https://local.jewelosco.com/il/hoffman-estates/1485-palatine-rd.html","7.26","True","True","True","False","60005"
"1303","Jewel-Osco","Jewel-Osco","","jewelosco","ACTIVE","14200 S Bell Rd","Homer Glen","IL","60491","US","America/Chicago","https://local.jewelosco.com/il/homer-glen/14200-s-bell-rd.html","15.32","True","True","True","False","60431"
"3188","Jewel-Osco","Jewel-Osco","","jewelosco","ACTIVE","17705 S Halsted St","Homewood","IL","60430","US","America/Chicago","https://local.jewelosco.com/il/homewood/17705-s-halsted-st.html","30.83","True","True","True","False","46304"
"659","Jewel-Osco","Jewel-Osco","","jewelosco","ACTIVE","3153 W 183rd","Homewood","IL","60430","US","America/Chicago","https://local.jewelosco.com/il/homewood/3153-w-183rd.html","33.99","True","True","True","False","46304"
"3198","Jewel-Osco","Jewel-Osco","","jewelosco","ACTIVE","10090 HWY 47","Huntley","IL","60142","US","America/Chicago","https://local.jewelosco.com/il/huntley/10090-hwy-47.html","96.99","True","True","True","False","52732"
"3394","Jewel-Osco","Jewel-Osco","","jewelosco","ACTIVE","13200 Village Green Dr","Huntley","IL","60142","US","America/Chicago","https://local.jewelosco.com/il/huntley/13200-village-green-dr.html","95.87","True","True","True","False","52732"
"1074","Jewel-Osco","Jewel-Osco","","jewelosco","ACTIVE","1401 W Jefferson St","Joliet","IL","60435","US","America/Chicago","https://local.jewelosco.com/il/joliet/1401-w-jefferson-st.html","3.57","True","True","True","False","60431"
"224","Jewel-Osco","Jewel-Osco","","jewelosco","ACTIVE","1537 N Larkin","Joliet","IL","60435","US","America/Chicago","https://local.jewelosco.com/il/joliet/1537-n-larkin.html","3.93","True","True","True","False","60431"
"1156","Jewel-Osco","Jewel-Osco","","jewelosco","ACTIVE","446 S Washington Ave","Kankakee","IL","60901","US","America/Chicago","https://local.jewelosco.com/il/kankakee/446-s-washington-ave.html","71.0","True","True","True","False","61761"
"2265","Jewel-Osco","Jewel-Osco","","jewelosco","ACTIVE","507 E Woodlawn Ave","La Grange Park","IL","60526","US","America/Chicago","https://local.jewelosco.com/il/la-grange-park/507-e-woodlawn-ave.html","7.44","True","True","True","False","60459"
"3490","Jewel-Osco","Jewel-Osco","","jewelosco","ACTIVE","890 N Western Ave","Lake Forest","IL","60045","US","America/Chicago","https://local.jewelosco.com/il/lake-forest/890-n-western-ave.html","8.65","True","True","True","False","60089"
"4305","Jewel-Osco","Jewel-Osco","","jewelosco","ACTIVE","345 S Rand Rd","Lake Zurich","IL","60047","US","America/Chicago","https://local.jewelosco.com/il/lake-zurich/345-s-rand-rd.html","17.44","True","True","True","False","60142"
"3485","Jewel-Osco","Jewel-Osco","","jewelosco","ACTIVE","485 Ela Rd","Lake Zurich","IL","60047","US","America/Chicago","https://local.jewelosco.com/il/lake-zurich/485-ela-rd.html","17.79","True","True","True","False","60142"
"3182","Jewel-Osco","Jewel-Osco","","jewelosco","ACTIVE","1202 State St","Lemont","IL","60439","US","America/Chicago","https://local.jewelosco.com/il/lemont/1202-state-st.html","13.65","True","True","True","False","60431"
"606","Jewel-Osco","Jewel-Osco","","jewelosco","ACTIVE","1300 S Milwaukee Ave","Libertyville","IL","60048","US","America/Chicago","https://local.jewelosco.com/il/libertyville/1300-s-milwaukee-ave.html","6.51","True","True","True","False","60089"
"56","Jewel-Osco","Jewel-Osco","","jewelosco","ACTIVE","1156 Maple Ave","Lisle","IL","60532","US","America/Chicago","https://local.jewelosco.com/il/lisle/1156-maple-ave.html","11.49","False","False","True","False","60505"
"3720","Jewel-Osco","Jewel-Osco","","jewelosco","ACTIVE","16625 W 159th St","Lockport","IL","60441","US","America/Chicago","https://local.jewelosco.com/il/lockport/16625-w-159th-st.html","10.04","True","True","True","False","60431"
"3278","Jewel-Osco","Jewel-Osco","","jewelosco","ACTIVE","1177 S Main St","Lombard","IL","60148","US","America/Chicago","https://local.jewelosco.com/il/lombard/1177-s-main-st.html","9.6","True","True","True","False","60540"
"1518","Jewel-Osco","Jewel-Osco","","jewelosco","ACTIVE","4222 W Elm St","McHenry","IL","60050","US","America/Chicago","https://local.jewelosco.com/il/mchenry/4222-w-elm-st.html","39.48","True","True","True","False","61107"
"3290","Jewel-Osco","Jewel-Osco","","jewelosco","ACTIVE","800 W North Ave","Melrose Park","IL","60160","US","America/Chicago","https://local.jewelosco.com/il/melrose-park/800-w-north-ave.html","8.06","True","True","True","False","60191"
"2504","Jewel-Osco","Jewel-Osco","","jewelosco","ACTIVE","3243 W 115th St","Merrionette Park","IL","60803","US","America/Chicago","https://local.jewelosco.com/il/merrionette-park/3243-w-115th-st.html","2.91","True","True","True","False","60453"
"3730","Jewel-Osco","Jewel-Osco","","jewelosco","ACTIVE","2051 Ridge Rd","Minooka","IL","60447","US","America/Chicago","https://local.jewelosco.com/il/minooka/2051-ridge-rd.html","119.36","True","True","True","False","52801"
"122","Jewel-Osco","Jewel-Osco","","jewelosco","ACTIVE","2010 1st St A","Moline","IL","61265","US","America/Chicago","https://local.jewelosco.com/il/moline/2010-1st-st-a.html","30.32","True","True","True","False","52732"
"3741","Jewel-Osco","Jewel-Osco","","jewelosco","ACTIVE","1414 N Division St","Morris","IL","60450","US","America/Chicago","https://local.jewelosco.com/il/morris/1414-n-division-st.html","111.87","True","True","True","False","52801"
"3476","Jewel-Osco","Jewel-Osco","","jewelosco","ACTIVE","333 E Euclid Ave","Mount Prospect","IL","60056","US","America/Chicago","https://local.jewelosco.com/il/mount-prospect/333-e-euclid-ave.html","3.27","True","True","True","False","60005"
"3061","Jewel-Osco","Jewel-Osco","","jewelosco","ACTIVE","1150 W Maple Ave","Mundelein","IL","60060","US","America/Chicago","https://local.jewelosco.com/il/mundelein/1150-w-maple-ave.html","8.07","True","True","True","False","60089"
"3488","Jewel-Osco","Jewel-Osco","","jewelosco","ACTIVE","1501 S Lake St","Mundelein","IL","60060","US","America/Chicago","https://local.jewelosco.com/il/mundelein/1501-s-lake-st.html","9.8","True","True","True","False","60067"
"1111","Jewel-Osco","Jewel-Osco","","jewelosco","ACTIVE","1227 Naper Blvd","Naperville","IL","60540","US","America/Chicago","https://local.jewelosco.com/il/naperville/1227-naper-blvd.html","9.18","True","True","True","False","60505"
"185","Jewel-Osco","Jewel-Osco","","jewelosco","ACTIVE","127 E Ogden Ave","Naperville","IL","60563","US","America/Chicago","https://local.jewelosco.com/il/naperville/127-e-ogden-ave.html","7.97","True","True","True","False","60505"
"59","Jewel-Osco","Jewel-Osco","","jewelosco","ACTIVE","1759 W Ogden Ave","Naperville","IL","60540","US","America/Chicago","https://local.jewelosco.com/il/naperville/1759-w-ogden-ave.html","5.51","True","True","True","False","60505"
"58","Jewel-Osco","Jewel-Osco","","jewelosco","ACTIVE","2855 95th St","Naperville","IL","60564","US","America/Chicago","https://local.jewelosco.com/il/naperville/2855-95th-st.html","13.88","True","True","True","False","60431"
"3776","Jewel-Osco","Jewel-Osco","","jewelosco","ACTIVE","2021 E Laraway Rd","New Lenox","IL","60451","US","America/Chicago","https://local.jewelosco.com/il/new-lenox/2021-e-laraway-rd.html","13.48","True","True","True","False","60431"
"3178","Jewel-Osco","Jewel-Osco","","jewelosco","ACTIVE","475 N Nelson Rd","New Lenox","IL","60451","US","America/Chicago","https://local.jewelosco.com/il/new-lenox/475-n-nelson-rd.html","10.14","True","True","True","False","60431"
"3484","Jewel-Osco","Jewel-Osco","","jewelosco","ACTIVE","5667 W Touhy Ave","Niles","IL","60714","US","America/Chicago","https://local.jewelosco.com/il/niles/5667-w-touhy-ave.html","5.19","True","True","True","False","60201"
"3446","Jewel-Osco","Jewel-Osco","","jewelosco","ACTIVE","7900 Milwaukee Ave","Niles","IL","60714","US","America/Chicago","https://local.jewelosco.com/il/niles/7900-milwaukee-ave.html","6.71","True","True","True","False","60201"
"3429","Jewel-Osco","Jewel-Osco","","jewelosco","ACTIVE","8730 W Dempster","Niles","IL","60714","US","America/Chicago","https://local.jewelosco.com/il/niles/8730-w-dempster.html","7.57","True","True","True","False","60005"
"3073","Jewel-Osco","Jewel-Osco","","jewelosco","ACTIVE","901 S Cottage Ave","Normal","IL","61761","US","America/Chicago","https://local.jewelosco.com/il/normal/901-s-cottage-ave.html","107.7","True","True","True","False","52801"
"2363","Jewel-Osco","Jewel-Osco","","jewelosco","ACTIVE","5616 W 159th St","Oak Forest","IL","60452","US","America/Chicago","https://local.jewelosco.com/il/oak-forest/5616-w-159th-st.html","7.25","True","True","True","False","60453"
"157","Jewel-Osco","Jewel-Osco","","jewelosco","ACTIVE","4650 W 103rd St","Oak Lawn","IL","60453","US","America/Chicago","https://local.jewelosco.com/il/oak-lawn/4650-w-103rd-st.html","0.51","True","True","True","False","60453"
"86","Jewel-Osco","Jewel-Osco","","jewelosco","ACTIVE","8801 S Ridgeland Ave","Oak Lawn","IL","60453","US","America/Chicago","https://local.jewelosco.com/il/oak-lawn/8801-s-ridgeland-ave.html","2.29","True","True","True","False","60453"
"607","Jewel-Osco","Jewel-Osco","","jewelosco","ACTIVE","9424 S Pulaski Rd","Oak Lawn","IL","60453","US","America/Chicago","https://local.jewelosco.com/il/oak-lawn/9424-s-pulaski-rd.html","1.54","True","True","True","False","60453"
"288","Jewel-Osco","Jewel-Osco","","jewelosco","ACTIVE","438 W Madison St","Oak Park","IL","60302","US","America/Chicago","https://local.jewelosco.com/il/oak-park/438-w-madison-st.html","5.06","False","False","True","False","60641"
"3236","Jewel-Osco","Jewel-Osco","","jewelosco","ACTIVE","7036 Roosevelt Rd","Oak Park","IL","60304","US","America/Chicago","https://local.jewelosco.com/il/oak-park/7036-roosevelt-rd.html","8.51","False","False","True","False","60459"
"3192","Jewel-Osco","Jewel-Osco","","jewelosco","ACTIVE","17930 Wolf Rd","Orland Park","IL","60467","US","America/Chicago","https://local.jewelosco.com/il/orland-park/17930-wolf-rd.html","15.4","True","True","True","False","60431"
"3051","Jewel-Osco","Jewel-Osco","","jewelosco","ACTIVE","9350 W 159th St","Orland Park","IL","60462","US","America/Chicago","https://local.jewelosco.com/il/orland-park/9350-w-159th-st.html","19.29","True","True","True","False","46311"
"4138","Jewel-Osco","Jewel-Osco","","jewelosco","ACTIVE","2540 US-30","Oswego","IL","60543","US","America/Chicago","https://local.jewelosco.com/il/oswego/2540-us-30.html","100.88","True","True","True","False","52732"
"81","Jewel-Osco","Jewel-Osco","","jewelosco","ACTIVE","3795 Orchard Rd","Oswego","IL","60543","US","America/Chicago","https://local.jewelosco.com/il/oswego/3795-orchard-rd.html","97.85","True","True","True","False","52732"
"3474","Jewel-Osco","Jewel-Osco","","jewelosco","ACTIVE","423 E Dundee Rd","Palatine","IL","60074","US","America/Chicago","https://local.jewelosco.com/il/palatine/423-e-dundee-rd.html","5.52","True","True","True","False","60005"
"3445","Jewel-Osco","Jewel-Osco","","jewelosco","ACTIVE","45 S Plum Grove Rd","Palatine","IL","60067","US","America/Chicago","https://local.jewelosco.com/il/palatine/45-s-plum-grove-rd.html","4.15","True","True","True","False","60005"
"3053","Jewel-Osco","Jewel-Osco","","jewelosco","ACTIVE","12803 S Harlem Ave","Palos Heights","IL","60463","US","America/Chicago","https://local.jewelosco.com/il/palos-heights/12803-s-harlem-ave.html","4.23","True","True","True","False","60453"
"2160","Jewel-Osco","Jewel-Osco","","jewelosco","ACTIVE","9652 W 131st St","Palos Park","IL","60464","US","America/Chicago","https://local.jewelosco.com/il/palos-park/9652-w-131st-st.html","6.83","True","True","True","False","60453"
"3481","Jewel-Osco","Jewel-Osco","","jewelosco","ACTIVE","481 Busse Hwy","Park Ridge","IL","60068","US","America/Chicago","https://local.jewelosco.com/il/park-ridge/481-busse-hwy.html","8.35","True","True","True","False","60005"
"1190","Jewel-Osco","Jewel-Osco","","jewelosco","ACTIVE","13460 S Rt 59","Plainfield","IL","60585","US","America/Chicago","https://local.jewelosco.com/il/plainfield/13460-s-rt-59.html","8.8","True","True","True","False","60431"
"80","Jewel-Osco","Jewel-Osco","","jewelosco","ACTIVE","2480 Route 59","Plainfield","IL","60586","US","America/Chicago","https://local.jewelosco.com/il/plainfield/2480-route-59.html","3.84","True","True","True","False","60431"
"3223","Jewel-Osco","Jewel-Osco","","jewelosco","ACTIVE","7525 W Lake St","River Forest","IL","60305","US","America/Chicago","https://local.jewelosco.com/il/river-forest/7525-w-lake-st.html","7.26","True","True","True","False","60638"
"3491","Jewel-Osco","Jewel-Osco","","jewelosco","ACTIVE","3000 Kirchoff Rd","Rolling Meadows","IL","60008","US","America/Chicago","https://local.jewelosco.com/il/rolling-meadows/3000-kirchoff-rd.html","1.81","True","True","True","False","60005"
"3191","Jewel-Osco","Jewel-Osco","","jewelosco","ACTIVE","20 S Weber Rd","Romeoville","IL","60446","US","America/Chicago","https://local.jewelosco.com/il/romeoville/20-s-weber-rd.html","8.23","True","True","True","False","60431"
"3432","Jewel-Osco","Jewel-Osco","","jewelosco","ACTIVE","900 E Rollins Rd","Round Lake","IL","60073","US","America/Chicago","https://local.jewelosco.com/il/round-lake/900-e-rollins-rd.html","13.12","True","True","True","False","60050"
"4308","Jewel-Osco","Jewel-Osco","","jewelosco","ACTIVE","1151 S Roselle Rd","Schaumburg","IL","60193","US","America/Chicago","https://local.jewelosco.com/il/schaumburg/1151-s-roselle-rd.html","6.2","True","True","True","False","60005"
"3216","Jewel-Osco","Jewel-Osco","","jewelosco","ACTIVE","2501 Schaumburg Rd","Schaumburg","IL","60194","US","America/Chicago","https://local.jewelosco.com/il/schaumburg/2501-schaumburg-rd.html","8.53","True","True","True","False","60005"
"3084","Jewel-Osco","Jewel-Osco","","jewelosco","ACTIVE","199 Brookforest Ave","Shorewood","IL","60404","US","America/Chicago","https://local.jewelosco.com/il/shorewood/199-brookforest-ave.html","1.25","True","True","True","False","60431"
"3088","Jewel-Osco","Jewel-Osco","","jewelosco","ACTIVE","1312 John Deere Expy","Silvis","IL","61282","US","America/Chicago","https://local.jewelosco.com/il/silvis/1312-john-deere-expy.html","27.67","True","True","True","False","52732"
"3465","Jewel-Osco","Jewel-Osco","","jewelosco","ACTIVE","9449 N Skokie Blvd","Skokie","IL","60077","US","America/Chicago","https://local.jewelosco.com/il/skokie/9449-n-skokie-blvd.html","2.73","True","True","True","False","60201"
"3167","Jewel-Osco","Jewel-Osco","","jewelosco","ACTIVE","3220 Chicago Rd","South Chicago Heights","IL","60411","US","America/Chicago","https://local.jewelosco.com/il/south-chicago-heights/3220-chicago-rd.html","32.44","True","True","True","False","46304"
"3343","Jewel-Osco","Jewel-Osco","","jewelosco","ACTIVE","375 Randall Rd","South Elgin","IL","60177","US","America/Chicago","https://local.jewelosco.com/il/south-elgin/375-randall-rd.html","99.24","True","True","True","False","52732"
"63","Jewel-Osco","Jewel-Osco","","jewelosco","ACTIVE","763 E 162nd St","South Holland","IL","60473","US","America/Chicago","https://local.jewelosco.com/il/south-holland/763-e-162nd-st.html","28.79","True","True","True","False","46304"
"3415","Jewel-Osco","Jewel-Osco","","jewelosco","ACTIVE","2401 Route 12","Spring Grove","IL","60081","US","America/Chicago","https://local.jewelosco.com/il/spring-grove/2401-route-12.html","42.39","True","True","True","False","61107"
"3331","Jewel-Osco","Jewel-Osco","","jewelosco","ACTIVE","2073 Prairie St","St Charles","IL","60174","US","America/Chicago","https://local.jewelosco.com/il/st-charles/2073-prairie-st.html","99.09","True","True","True","False","52732"
"260","Jewel-Osco","Jewel-Osco","","jewelosco","ACTIVE","652 Kirk Rd","St Charles","IL","60174","US","America/Chicago","https://local.jewelosco.com/il/st-charles/652-kirk-rd.html","11.57","True","True","True","False","60505"
"1403","Jewel-Osco","Jewel-Osco","","jewelosco","ACTIVE","7122 40th St","Stickney","IL","60402","US","America/Chicago","https://local.jewelosco.com/il/stickney/7122-40th-st.html","8.23","True","True","True","False","60453"
"4268","Jewel-Osco","Jewel-Osco","","jewelosco","ACTIVE","217 Irving Park Rd","Streamwood","IL","60107","US","America/Chicago","https://local.jewelosco.com/il/streamwood/217-irving-park-rd.html","7.21","True","True","True","False","60173"
"3374","Jewel-Osco","Jewel-Osco","","jewelosco","ACTIVE","465 N Route 47","Sugar Grove","IL","60554","US","America/Chicago","https://local.jewelosco.com/il/sugar-grove/465-n-route-47.html","94.25","True","True","True","False","52732"
"3381","Jewel-Osco","Jewel-Osco","","jewelosco","ACTIVE","220 W Peace Rd","Sycamore","IL","60178","US","America/Chicago","https://local.jewelosco.com/il/sycamore/220-w-peace-rd.html","82.01","True","True","True","False","52732"
"3165","Jewel-Osco","Jewel-Osco","","jewelosco","ACTIVE","17117 S Harlem Ave","Tinley Park","IL","60477","US","America/Chicago","https://local.jewelosco.com/il/tinley-park/17117-s-harlem-ave.html","27.66","True","True","True","False","46307"
"3284","Jewel-Osco","Jewel-Osco","","jewelosco","ACTIVE","33 E St Charles Rd","Villa Park","IL","60181","US","America/Chicago","https://local.jewelosco.com/il/villa-park/33-e-st-charles-rd.html","5.38","True","True","True","False","60191"
"3515","Jewel-Osco","Jewel-Osco","","jewelosco","ACTIVE","547 W Liberty St","Wauconda","IL","60084","US","America/Chicago","https://local.jewelosco.com/il/wauconda/547-w-liberty-st.html","45.8","True","True","True","False","61107"
"1424","Jewel-Osco","Jewel-Osco","","jewelosco","ACTIVE","3124 N Lewis Ave","Waukegan","IL","60087","US","America/Chicago","https://local.jewelosco.com/il/waukegan/3124-n-lewis-ave.html","18.98","True","True","True","False","60081"
"4516","Jewel-Osco","Jewel-Osco","","jewelosco","ACTIVE","922 N Green Bay Rd","Waukegan","IL","60085","US","America/Chicago","https://local.jewelosco.com/il/waukegan/922-n-green-bay-rd.html","18.07","True","True","True","False","60081"
"3338","Jewel-Osco","Jewel-Osco","","jewelosco","ACTIVE","177 E Roosevelt Rd","West Chicago","IL","60185","US","America/Chicago","https://local.jewelosco.com/il/west-chicago/177-e-roosevelt-rd.html","8.85","True","True","True","False","60505"
"1306","Jewel-Osco","Jewel-Osco","","jewelosco","ACTIVE","1250 W Main St","West Dundee","IL","60118","US","America/Chicago","https://local.jewelosco.com/il/west-dundee/1250-w-main-st.html","40.26","True","True","True","False","61107"
"4228","Jewel-Osco","Jewel-Osco","","jewelosco","ACTIVE","2128 S Mannheim Rd","Westchester","IL","60154","US","America/Chicago","https://local.jewelosco.com/il/westchester/2128-s-mannheim-rd.html","8.39","True","True","True","False","60101"
"68","Jewel-Osco","Jewel-Osco","","jewelosco","ACTIVE","4 E Ogden Ave","Westmont","IL","60559","US","America/Chicago","https://local.jewelosco.com/il/westmont/4-e-ogden-ave.html","9.44","True","True","True","False","60540"
"283","Jewel-Osco","Jewel-Osco","","jewelosco","ACTIVE","2031 N Main St","Wheaton","IL","60187","US","America/Chicago","https://local.jewelosco.com/il/wheaton/2031-n-main-st.html","13.19","True","True","True","False","60505"
"3230","Jewel-Osco","Jewel-Osco","","jewelosco","ACTIVE","30 Danada Square W","Wheaton","IL","60189","US","America/Chicago","https://local.jewelosco.com/il/wheaton/30-danada-square-w.html","11.02","True","True","True","False","60505"
"3471","Jewel-Osco","Jewel-Osco","","jewelosco","ACTIVE","1517 Sheridan Rd","Wilmette","IL","60091","US","America/Chicago","https://local.jewelosco.com/il/wilmette/1517-sheridan-rd.html","1.89","False","False","True","False","60201"
"3456","Jewel-Osco","Jewel-Osco","","jewelosco","ACTIVE","411 N Green Bay Rd","Wilmette","IL","60091","US","America/Chicago","https://local.jewelosco.com/il/wilmette/411-n-green-bay-rd.html","1.12","True","True","True","False","60201"
"3341","Jewel-Osco","Jewel-Osco","","jewelosco","ACTIVE","343 W Irving Park Rd","Wood Dale","IL","60191","US","America/Chicago","https://local.jewelosco.com/il/wood-dale/343-w-irving-park-rd.html","6.81","True","True","True","False","60005"
"362","Jewel-Osco","Jewel-Osco","","jewelosco","ACTIVE","2317 75th St","Woodridge","IL","60517","US","America/Chicago","https://local.jewelosco.com/il/woodridge/2317-75th-st.html","5.5","True","True","True","False","60540"
"3503","Jewel-Osco","Jewel-Osco","","jewelosco","ACTIVE","145 S Eastwood Dr","Woodstock","IL","60098","US","America/Chicago","https://local.jewelosco.com/il/woodstock/145-s-eastwood-dr.html","98.53","True","True","True","False","52732"
"2702","Jewel-Osco","Jewel-Osco","","jewelosco","ACTIVE","234 E Veterans Pkwy","Yorkville","IL","60560","US","America/Chicago","https://local.jewelosco.com/il/yorkville/234-e-veterans-pkwy.html","95.24","True","True","True","False","52732"
"3421","Jewel-Osco","Jewel-Osco","","jewelosco","ACTIVE","1400 21st St","Zion","IL","60099","US","America/Chicago","https://local.jewelosco.com/il/zion/1400-21st-st.html","13.19","True","True","True","False","60048"
"1189","Jewel-Osco","Jewel-Osco","","jewelosco","ACTIVE","747 Indian Boundary Rd","Chesterton","IN","46304","US","America/Chicago","https://local.jewelosco.com/in/chesterton/747-indian-boundary-rd.html","0.37","True","True","True","False","46304"
"76","Jewel-Osco","Jewel-Osco","","jewelosco","ACTIVE","1276 N Main St","Crown Point","IN","46307","US","America/Chicago","https://local.jewelosco.com/in/crown-point/1276-n-main-st.html","21.21","True","True","True","False","46304"
"127","Jewel-Osco","Jewel-Osco","","jewelosco","ACTIVE","805 Joliet St","Dyer","IN","46311","US","America/Chicago","https://local.jewelosco.com/in/dyer/805-joliet-st.html","25.68","True","True","True","False","46304"
"3096","Jewel-Osco","Jewel-Osco","","jewelosco","ACTIVE","716 Ridge Rd","Munster","IN","46321","US","America/Chicago","https://local.jewelosco.com/in/munster/716-ridge-rd.html","24.57","True","True","True","False","46304"
"3215","Albertsons","Albertsons","","albertsons","ACTIVE","2265 S MacArthur Dr","Alexandria","LA","71301","US","America/Chicago","https://local.albertsons.com/la/alexandria/2265-s-macarthur-dr.html","132.5","True","True","True","False","71730"
"3747","Albertsons","Albertsons","","albertsons","ACTIVE","15128 Airline Hwy","Baton Rouge","LA","70817","US","America/Chicago","https://local.albertsons.com/la/baton-rouge/15128-airline-hwy.html","216.45","True","True","True","False","71730"
"3713","Albertsons","Albertsons","","albertsons","ACTIVE","15232 George O'Neal Rd","Baton Rouge","LA","70817","US","America/Chicago","https://local.albertsons.com/la/baton-rouge/15232-george-o-neal-rd.html","213.21","True","True","True","False","71730"
"3750","Albertsons","Albertsons","","albertsons","ACTIVE","4857 Government St","Baton Rouge","LA","70806","US","America/Chicago","https://local.albertsons.com/la/baton-rouge/4857-government-st.html","207.67","True","True","True","False","71730"
"1311","Albertsons","Albertsons","","albertsons","ACTIVE","7515 Perkins Rd","Baton Rouge","LA","70808","US","America/Chicago","https://local.albertsons.com/la/baton-rouge/7515-perkins-rd.html","211.46","True","True","True","False","71730"
"712","Albertsons","Albertsons","","albertsons","ACTIVE","9650 Airline Hwy","Baton Rouge","LA","70815","US","America/Chicago","https://local.albertsons.com/la/baton-rouge/9650-airline-hwy.html","209.88","True","True","True","False","71730"
"3792","Albertsons","Albertsons","","albertsons","ACTIVE","9960 Bluebonnet Blvd","Baton Rouge","LA","70810","US","America/Chicago","https://local.albertsons.com/la/baton-rouge/9960-bluebonnet-blvd.html","214.04","True","True","True","False","71730"
"2756","Albertsons","Albertsons","","albertsons","ACTIVE","1210 Albertson Pkwy","Broussard","LA","70518","US","America/Chicago","https://local.albertsons.com/la/broussard/1210-albertson-pkwy.html","214.04","True","True","True","False","71730"
"714","Albertsons","Albertsons","","albertsons","ACTIVE","1801 W Thomas St","Hammond","LA","70401","US","America/Chicago","https://local.albertsons.com/la/hammond/1801-w-thomas-st.html","223.12","True","True","True","False","71730"
"120","Albertsons","Albertsons","","albertsons","ACTIVE","2678 Johnston St","Lafayette","LA","70503","US","America/Chicago","https://local.albertsons.com/la/lafayette/2678-johnston-st.html","208.46","True","True","True","False","71730"
"775","Albertsons","Albertsons","","albertsons","ACTIVE","2863 Ambassador Caffery","Lafayette","LA","70506","US","America/Chicago","https://local.albertsons.com/la/lafayette/2863-ambassador-caffery.html","208.87","True","True","True","False","71730"
"719","Albertsons","Albertsons","","albertsons","ACTIVE","4400 Ambassador Caffery","Lafayette","LA","70508","US","America/Chicago","https://local.albertsons.com/la/lafayette/4400-ambassador-caffery.html","211.95","True","True","True","False","71730"
"2798","Albertsons","Albertsons","","albertsons","ACTIVE","2750 Country Club Rd","Lake Charles","LA","70605","US","America/Chicago","https://local.albertsons.com/la/lake-charles/2750-country-club-rd.html","212.55","True","True","True","False","71730"
"717","Albertsons","Albertsons","","albertsons","ACTIVE","4060 Ryan St S","Lake Charles","LA","70605","US","America/Chicago","https://local.albertsons.com/la/lake-charles/4060-ryan-st-s.html","211.05","True","True","True","False","71730"
"218","Albertsons","Albertsons","","albertsons","ACTIVE","105 E Southfield Rd","Shreveport","LA","71105","US","America/Chicago","https://local.albertsons.com/la/shreveport/105-e-southfield-rd.html","69.22","True","True","True","False","71854"
"1419","Shaw's","Shaw's","","shaws","ACTIVE","301 Pond St","Ashland","MA","01721","US","America/New_York","https://local.shaws.com/ma/ashland/301-pond-st.html","60.19","True","True","True","False","01103"
"4471","Shaw's","Shaw's","","shaws","ACTIVE","368 Southbridge St","Auburn","MA","01501","US","America/New_York","https://local.shaws.com/ma/auburn/368-southbridge-st.html","52.72","True","True","True","False","06103"
"4496","Shaw's","Shaw's","","shaws","ACTIVE","71 Dodge St","Beverly","MA","01915","US","America/New_York","https://local.shaws.com/ma/beverly/71-dodge-st.html","13.98","True","True","True","False","01810"
"1404","Shaw's","Shaw's","","shaws","ACTIVE","125 Pearl St","Braintree","MA","02184","US","America/New_York","https://local.shaws.com/ma/braintree/125-pearl-st.html","28.71","True","True","True","False","02360"
"1429","Shaw's","Shaw's","","shaws","ACTIVE","641 Belmont St","Brockton","MA","02301","US","America/New_York","https://local.shaws.com/ma/brockton/641-belmont-st.html","24.49","True","True","True","False","02360"
"4407","Shaw's","Shaw's","","shaws","ACTIVE","715 Crescent St","Brockton","MA","02302","US","America/New_York","https://local.shaws.com/ma/brockton/715-crescent-st.html","22.44","True","True","True","False","02360"
"495","Shaw's","Shaw's","","shaws","ACTIVE","180 A Cambridge St","Burlington","MA","01803","US","America/New_York","https://local.shaws.com/ma/burlington/180-a-cambridge-st.html","10.48","True","True","True","False","01810"
"428","Shaw's","Shaw's","","shaws","ACTIVE","95 Washington St","Canton","MA","02021","US","America/New_York","https://local.shaws.com/ma/canton/95-washington-st.html","7.78","True","True","True","False","02026"
"1632","Shaw's","Shaw's","","shaws","ACTIVE","100 N Main St","Carver","MA","02330","US","America/New_York","https://local.shaws.com/ma/carver/100-n-main-st.html","8.85","True","True","True","False","02360"
"674","Shaw's","Shaw's","","shaws","ACTIVE","1175 Main St","Clinton","MA","01510","US","America/New_York","https://local.shaws.com/ma/clinton/1175-main-st.html","51.8","True","True","True","False","01103"
"2445","Shaw's","Shaw's","","shaws","ACTIVE","739 Chief Justice Cushing Hwy","Cohasset","MA","02025","US","America/New_York","https://local.shaws.com/ma/cohasset/739-chief-justice-cushing-hwy.html","25.01","True","True","True","False","02360"
"619","Shaw's","Shaw's","","shaws","ACTIVE","15 State Rd","Dartmouth","MA","02747","US","America/New_York","https://local.shaws.com/ma/dartmouth/15-state-rd.html","23.48","True","True","True","False","02360"
"1208","Shaw's","Shaw's","","shaws","ACTIVE","246 Border St","East Boston","MA","02128","US","America/New_York","https://local.shaws.com/ma/east-boston/246-border-st.html","20.05","True","True","True","False","01810"
"603","Shaw's","Shaw's","","shaws","ACTIVE","137 Tea Ticket Hwy","East Falmouth","MA","02536","US","America/New_York","https://local.shaws.com/ma/east-falmouth/137-tea-ticket-hwy.html","22.2","True","True","True","False","02360"
"1411","Shaw's","Shaw's","","shaws","ACTIVE","4171 N Main St","Fall River","MA","02720","US","America/New_York","https://local.shaws.com/ma/fall-river/4171-n-main-st.html","26.1","True","True","True","False","02360"
"3581","Shaw's","Shaw's","","shaws","ACTIVE","255 E Central St","Franklin","MA","02038","US","America/New_York","https://local.shaws.com/ma/franklin/255-e-central-st.html","61.94","True","True","True","False","01103"
"3590","Shaw's","Shaw's","","shaws","ACTIVE","127 Eastern Ave","Gloucester","MA","01930","US","America/New_York","https://local.shaws.com/ma/gloucester/127-eastern-ave.html","11.15","True","True","True","False","01915"
"627","Shaw's","Shaw's","","shaws","ACTIVE","760 A Boston Rd","Groton","MA","01450","US","America/New_York","https://local.shaws.com/ma/groton/760-a-boston-rd.html","63.76","True","True","True","False","01103"
"440","Shaw's","Shaw's","","shaws","ACTIVE","35 Columbia Rd","Hanover","MA","02339","US","America/New_York","https://local.shaws.com/ma/hanover/35-columbia-rd.html","18.76","True","True","True","False","02360"
"1409","Shaw's","Shaw's","","shaws","ACTIVE","476 Liberty St","Hanson","MA","02341","US","America/New_York","https://local.shaws.com/ma/hanson/476-liberty-st.html","17.37","True","True","True","False","02360"
"4596","Shaw's","Shaw's","","shaws","ACTIVE","18 Sisson Rd","Harwich Port","MA","02646","US","America/New_York","https://local.shaws.com/ma/harwich-port/18-sisson-rd.html","10.76","True","True","True","False","02601"
"3087","Shaw's","Shaw's","","shaws","ACTIVE","201 Washington St","Hudson","MA","01749","US","America/New_York","https://local.shaws.com/ma/hudson/201-washington-st.html","55.78","True","True","True","False","01103"
"1598","Shaw's","Shaw's","","shaws","ACTIVE","1070 Iyannough Rd","Hyannis","MA","02601","US","America/New_York","https://local.shaws.com/ma/hyannis/1070-iyannough-rd.html","22.59","True","True","True","False","02360"
"4595","Shaw's","Shaw's","","shaws","ACTIVE","625 W Main St","Hyannis","MA","02601","US","America/New_York","https://local.shaws.com/ma/hyannis/625-w-main-st.html","23.11","True","True","True","False","02360"
"2579","Shaw's","Shaw's","","shaws","ACTIVE","1377 Hyde Park Ave","Hyde Park","MA","02136","US","America/New_York","https://local.shaws.com/ma/hyde-park/1377-hyde-park-ave.html","2.79","True","True","True","False","02026"
"4592","Shaw's","Shaw's","","shaws","ACTIVE","146 High St","Ipswich","MA","01938","US","America/New_York","https://local.shaws.com/ma/ipswich/146-high-st.html","14.79","True","True","True","False","01810"
"431","Shaw's","Shaw's","","shaws","ACTIVE","390 West St","Mansfield","MA","02048","US","America/New_York","https://local.shaws.com/ma/mansfield/390-west-st.html","70.05","True","True","True","False","01103"
"4804","Shaw's","Shaw's","","shaws","ACTIVE","193 Boston Post Rd W","Marlborough","MA","01752","US","America/New_York","https://local.shaws.com/ma/marlborough/193-boston-post-rd-w.html","53.9","True","True","True","False","01103"
"1414","Shaw's","Shaw's","","shaws","ACTIVE","230 Main St","Medfield","MA","02052","US","America/New_York","https://local.shaws.com/ma/medfield/230-main-st.html","67.21","True","True","True","False","01103"
"1430","Shaw's","Shaw's","","shaws","ACTIVE","65 Main St","Medway","MA","02053","US","America/New_York","https://local.shaws.com/ma/medway/65-main-st.html","61.11","True","True","True","False","01103"
"3507","Shaw's","Shaw's","","shaws","ACTIVE","34 Essex St","Melrose","MA","02176","US","America/New_York","https://local.shaws.com/ma/melrose/34-essex-st.html","14.38","True","True","True","False","01810"
"677","Shaw's","Shaw's","","shaws","ACTIVE","93 Prospect St","Milford","MA","01757","US","America/New_York","https://local.shaws.com/ma/milford/93-prospect-st.html","64.15","True","True","True","False","06103"
"2491","Shaw's","Shaw's","","shaws","ACTIVE","45 Storey Ave","Newburyport","MA","01950","US","America/New_York","https://local.shaws.com/ma/newburyport/45-storey-ave.html","16.49","True","True","True","False","01810"
"1412","Shaw's","Shaw's","","shaws","ACTIVE","125 Robert Toner Blvd","North Attleboro","MA","02763","US","America/New_York","https://local.shaws.com/ma/north-attleboro/125-robert-toner-blvd.html","67.03","True","True","True","False","01103"
"2408","Shaw's","Shaw's","","shaws","ACTIVE","690 Depot St","North Easton","MA","02356","US","America/New_York","https://local.shaws.com/ma/north-easton/690-depot-st.html","26.19","True","True","True","False","02360"
"3567","Shaw's","Shaw's","","shaws","ACTIVE","134 Nahatan St","Norwood","MA","02062","US","America/New_York","https://local.shaws.com/ma/norwood/134-nahatan-st.html","4.09","True","True","True","False","02026"
"690","Shaw's","Shaw's","","shaws","ACTIVE","9 West Rd","Orleans","MA","02653","US","America/New_York","https://local.shaws.com/ma/orleans/9-west-rd.html","17.57","True","True","True","False","02601"
"2478","Shaw's","Shaw's","","shaws","ACTIVE","114-128 Essex Center Dr","Peabody","MA","01960","US","America/New_York","https://local.shaws.com/ma/peabody/114-128-essex-center-dr.html","12.69","True","True","True","False","01810"
"2585","Shaw's","Shaw's","","shaws","ACTIVE","2260 State Rd","Plymouth","MA","02360","US","America/New_York","https://local.shaws.com/ma/plymouth/2260-state-rd.html","6.4","True","True","True","False","02360"
"1416","Shaw's","Shaw's","","shaws","ACTIVE","121 Memorial Pkwy","Randolph","MA","02368","US","America/New_York","https://local.shaws.com/ma/randolph/121-memorial-pkwy.html","9.11","True","True","True","False","02026"
"1420","Shaw's","Shaw's","","shaws","ACTIVE","300 New State Hwy","Raynham","MA","02767","US","America/New_York","https://local.shaws.com/ma/raynham/300-new-state-hwy.html","21.11","True","True","True","False","02360"
"2493","Shaw's","Shaw's","","shaws","ACTIVE","11 Traders Way","Salem","MA","01970","US","America/New_York","https://local.shaws.com/ma/salem/11-traders-way.html","15.49","True","True","True","False","01810"
"418","Shaw's","Shaw's","","shaws","ACTIVE","780 S Main St","Sharon","MA","02067","US","America/New_York","https://local.shaws.com/ma/sharon/780-s-main-st.html","70.46","True","True","True","False","01103"
"2470","Shaw's","Shaw's","","shaws","ACTIVE","50 Boston Turnpike Rd","Shrewsbury","MA","01545","US","America/New_York","https://local.shaws.com/ma/shrewsbury/50-boston-turnpike-rd.html","58.94","True","True","True","False","06103"
"3692","Shaw's","Shaw's","","shaws","ACTIVE","1108 State Rd","South Yarmouth","MA","02664","US","America/New_York","https://local.shaws.com/ma/south-yarmouth/1108-state-rd.html","27.38","True","True","True","False","02360"
"2584","Shaw's","Shaw's","","shaws","ACTIVE","155 Great Rd","Stow","MA","01775","US","America/New_York","https://local.shaws.com/ma/stow/155-great-rd.html","61.03","True","True","True","False","01103"
"2472","Shaw's","Shaw's","","shaws","ACTIVE","178 Main St","Sturbridge","MA","01566","US","America/New_York","https://local.shaws.com/ma/sturbridge/178-main-st.html","38.64","True","True","True","False","06103"
"2571","Shaw's","Shaw's","","shaws","ACTIVE","509 Boston Post Rd","Sudbury","MA","01776","US","America/New_York","https://local.shaws.com/ma/sudbury/509-boston-post-rd.html","62.1","True","True","True","False","01103"
"3648","Shaw's","Shaw's","","shaws","ACTIVE","134 Water St","Wakefield","MA","01880","US","America/New_York","https://local.shaws.com/ma/wakefield/134-water-st.html","11.33","True","True","True","False","01810"
"1497","Shaw's","Shaw's","","shaws","ACTIVE","130 River St","Waltham","MA","02453","US","America/New_York","https://local.shaws.com/ma/waltham/130-river-st.html","30.64","True","True","True","False","01608"
"2653","Shaw's","Shaw's","","shaws","ACTIVE","127 Marion Rd","Wareham","MA","02571","US","America/New_York","https://local.shaws.com/ma/wareham/127-marion-rd.html","9.4","True","True","True","False","02360"
"3413","Shaw's","Shaw's","","shaws","ACTIVE","610 Middle St","Weymouth","MA","02189","US","America/New_York","https://local.shaws.com/ma/weymouth/610-middle-st.html","27.03","True","True","True","False","02360"
"1432","Shaw's","Shaw's","","shaws","ACTIVE","1177 Providence Rd","Whitinsville","MA","01588","US","America/New_York","https://local.shaws.com/ma/whitinsville/1177-providence-rd.html","58.41","True","True","True","False","06103"
"624","Shaw's","Shaw's","","shaws","ACTIVE","14 W Boylston St","Worcester","MA","01605","US","America/New_York","https://local.shaws.com/ma/worcester/14-w-boylston-st.html","57.43","True","True","True","False","06103"
"622","Shaw's","Shaw's","","shaws","ACTIVE","68 Stafford St","Worcester","MA","01603","US","America/New_York","https://local.shaws.com/ma/worcester/68-stafford-st.html","54.01","True","True","True","False","06103"
"4568","Star Market","Star Market","","starmarket","ACTIVE","2040 Commonwealth Ave","Auburndale","MA","02466","US","America/New_York","https://local.starmarket.com/ma/auburndale/2040-commonwealth-ave.html","29.12","True","True","True","False","01608"
"2583","Star Market","Star Market","","starmarket","ACTIVE","535 Trapelo Rd","Belmont","MA","02478","US","America/New_York","https://local.starmarket.com/ma/belmont/535-trapelo-rd.html","18.75","True","True","True","False","01810"
"3588","Star Market","Star Market","","starmarket","ACTIVE","1065 Commonwealth Ave","Boston","MA","02215","US","America/New_York","https://local.starmarket.com/ma/boston/1065-commonwealth-ave.html","21.06","True","True","True","False","01810"
"2576","Star Market","Star Market","","starmarket","ACTIVE","33 Kilmarnock St","Boston","MA","02215","US","America/New_York","https://local.starmarket.com/ma/boston/33-kilmarnock-st.html","7.69","True","True","True","False","02026"
"602","Star Market","Star Market","","starmarket","ACTIVE","53 Huntington Ave","Boston","MA","02199","US","America/New_York","https://local.starmarket.com/ma/boston/53-huntington-ave.html","8.53","True","True","True","False","02026"
"3696","Star Market","Star Market","","starmarket","ACTIVE","90 Causeway St","Boston","MA","02114","US","America/New_York","https://local.starmarket.com/ma/boston/90-causeway-st.html","20.58","True","True","True","False","01810"
"4572","Star Market","Star Market","","starmarket","ACTIVE","370 Western Ave","Brighton","MA","02135","US","America/New_York","https://local.starmarket.com/ma/brighton/370-western-ave.html","20.47","True","True","True","False","01810"
"3566","Star Market","Star Market","","starmarket","ACTIVE","1717 Beacon St","Brookline","MA","02445","US","America/New_York","https://local.starmarket.com/ma/brookline/1717-beacon-st.html","6.46","True","True","True","False","02026"
"163","Star Market","Star Market","","starmarket","ACTIVE","49 White St","Cambridge","MA","02140","US","America/New_York","https://local.starmarket.com/ma/cambridge/49-white-st.html","18.5","True","True","True","False","01810"
"2565","Star Market","Star Market","","starmarket","ACTIVE","699 Mt Auburn St","Cambridge","MA","02138","US","America/New_York","https://local.starmarket.com/ma/cambridge/699-mt-auburn-st.html","19.48","True","True","True","False","01810"
"645","Star Market","Star Market","","starmarket","ACTIVE","1 Boylston St","Chestnut Hill","MA","02467","US","America/New_York","https://local.starmarket.com/ma/chestnut-hill/1-boylston-st.html","5.19","True","True","True","False","02026"
"426","Star Market","Star Market","","starmarket","ACTIVE","795 Providence Hwy","Dedham","MA","02026","US","America/New_York","https://local.starmarket.com/ma/dedham/795-providence-hwy.html","0.77","True","True","True","False","02026"
"604","Star Market","Star Market","","starmarket","ACTIVE","4 River St","Dorchester","MA","02124","US","America/New_York","https://local.starmarket.com/ma/dorchester/4-river-st.html","5.87","True","True","True","False","02026"
"4587","Star Market","Star Market","","starmarket","ACTIVE","45 Morrissey Blvd","Dorchester","MA","02125","US","America/New_York","https://local.starmarket.com/ma/dorchester/45-morrissey-blvd.html","8.2","True","True","True","False","02026"
"2594","Star Market","Star Market","","starmarket","ACTIVE","1 Snow Rd","Marshfield","MA","02050","US","America/New_York","https://local.starmarket.com/ma/marshfield/1-snow-rd.html","14.82","True","True","True","False","02360"
"3561","Star Market","Star Market","","starmarket","ACTIVE","33 Austin St","Newtonville","MA","02460","US","America/New_York","https://local.starmarket.com/ma/newtonville/33-austin-st.html","7.16","True","True","True","False","02026"
"2573","Star Market","Star Market","","starmarket","ACTIVE","130 Granite St","Quincy","MA","02169","US","America/New_York","https://local.starmarket.com/ma/quincy/130-granite-st.html","9.01","True","True","True","False","02026"
"3580","Star Market","Star Market","","starmarket","ACTIVE","14 Mcgrath Hwy","Somerville","MA","02143","US","America/New_York","https://local.starmarket.com/ma/somerville/14-mcgrath-hwy.html","19.78","True","True","True","False","01810"
"2575","Star Market","Star Market","","starmarket","ACTIVE","275 Beacon St","Somerville","MA","02143","US","America/New_York","https://local.starmarket.com/ma/somerville/275-beacon-st.html","18.96","True","True","True","False","01810"
"2569","Star Market","Star Market","","starmarket","ACTIVE","1070 Lexington St","Waltham","MA","02452","US","America/New_York","https://local.starmarket.com/ma/waltham/1070-lexington-st.html","30.86","True","True","True","False","01608"
"3577","Star Market","Star Market","","starmarket","ACTIVE","75 Spring St","West Roxbury","MA","02132","US","America/New_York","https://local.starmarket.com/ma/west-roxbury/75-spring-st.html","2.21","True","True","True","False","02026"
"820","ACME Markets","ACME Markets","","acmemarkets","ACTIVE","611 Railroad Ave","Centreville","MD","21617","US","America/New_York","https://local.acmemarkets.com/md/centreville/611-railroad-ave.html","23.8","True","True","True","False","21401"
"849","ACME Markets","ACME Markets","","acmemarkets","ACTIVE","711 Washington Ave","Chestertown","MD","21620","US","America/New_York","https://local.acmemarkets.com/md/chestertown/711-washington-ave.html","26.04","True","True","True","False","21014"
"3841","ACME Markets","ACME Markets","","acmemarkets","ACTIVE","210 W Marlboro Ave","Easton","MD","21601","US","America/New_York","https://local.acmemarkets.com/md/easton/210-w-marlboro-ave.html","0.52","True","True","True","False","21601"
"2862","ACME Markets","ACME Markets","","acmemarkets","ACTIVE","101 Big Elk Mall","Elkton","MD","21921","US","America/New_York","https://local.acmemarkets.com/md/elkton/101-big-elk-mall.html","9.26","True","True","True","False","19711"
"293","ACME Markets","ACME Markets","","acmemarkets","ACTIVE","9507 Coastal Hwy","Ocean City","MD","21842","US","America/New_York","https://local.acmemarkets.com/md/ocean-city/9507-coastal-hwy.html","20.25","True","True","True","False","19971"
"896","ACME Markets","ACME Markets","","acmemarkets","ACTIVE","751 S Salisbury Blvd","Salisbury","MD","21801","US","America/New_York","https://local.acmemarkets.com/md/salisbury/751-s-salisbury-blvd.html","38.82","True","True","True","False","21601"
"3602","Balducci's","Balducci's","","balduccis","ACTIVE","10323 Old Georgetown Rd","Bethesda","MD","20814","US","America/New_York","https://local.balduccis.com/md/bethesda/10323-old-georgetown-rd.html","1.78","True","True","True","False","20814"
"1460","Safeway","Safeway","","safeway","ACTIVE","1781 Forest Dr","Annapolis","MD","21401","US","America/New_York","https://local.safeway.com/safeway/md/annapolis/1781-forest-dr.html","1.79","True","True","True","False","21401"
"2629","Safeway","Safeway","","safeway","ACTIVE","2635 Housley Rd","Annapolis","MD","21401","US","America/New_York","https://local.safeway.com/safeway/md/annapolis/2635-housley-rd.html","21.67","True","True","True","False","21201"
"2764","Safeway","Safeway","","safeway","ACTIVE","1451 S Ritchie Hwy","Arnold","MD","21012","US","America/New_York","https://local.safeway.com/safeway/md/arnold/1451-s-ritchie-hwy.html","19.45","True","True","True","False","21201"
"1482","Safeway","Safeway","","safeway","ACTIVE","2401 N Charles St","Baltimore","MD","21218","US","America/New_York","https://local.safeway.com/safeway/md/baltimore/2401-n-charles-st.html","20.51","True","True","True","False","21014"
"1481","Safeway","Safeway","","safeway","ACTIVE","2610 Boston St","Baltimore","MD","21224","US","America/New_York","https://local.safeway.com/safeway/md/baltimore/2610-boston-st.html","21.18","True","True","True","False","21014"
"73","Safeway","Safeway","","safeway","ACTIVE","2801 Smith Ave","Baltimore","MD","21209","US","America/New_York","https://local.safeway.com/safeway/md/baltimore/2801-smith-ave.html","21.07","True","True","True","False","21014"
"1513","Safeway","Safeway","","safeway","ACTIVE","4401 Harford Rd","Baltimore","MD","21214","US","America/New_York","https://local.safeway.com/safeway/md/baltimore/4401-harford-rd.html","17.73","True","True","True","False","21014"
"1469","Safeway","Safeway","","safeway","ACTIVE","5660 Baltimore National Pike","Baltimore","MD","21228","US","America/New_York","https://local.safeway.com/safeway/md/baltimore/5660-baltimore-national-pike.html","26.24","True","True","True","False","21014"
"1652","Safeway","Safeway","","safeway","ACTIVE","225 Brierhill Dr","Bel Air","MD","21015","US","America/New_York","https://local.safeway.com/safeway/md/bel-air/225-brierhill-dr.html","1.65","True","True","True","False","21014"
"1716","Safeway","Safeway","","safeway","ACTIVE","4701 Sangamore Rd","Bethesda","MD","20816","US","America/New_York","https://local.safeway.com/safeway/md/bethesda/4701-sangamore-rd.html","6.01","True","True","True","False","20001"
"2848","Safeway","Safeway","","safeway","ACTIVE","5000 Bradley Blvd","Bethesda","MD","20815","US","America/New_York","https://local.safeway.com/safeway/md/bethesda/5000-bradley-blvd.html","6.24","True","True","True","False","20001"
"2713","Safeway","Safeway","","safeway","ACTIVE","12410 Fairwood Pkwy","Bowie","MD","20720","US","America/New_York","https://local.safeway.com/safeway/md/bowie/12410-fairwood-pkwy.html","13.71","True","True","True","False","20910"
"1804","Safeway","Safeway","","safeway","ACTIVE","4101 Northview Dr","Bowie","MD","20716","US","America/New_York","https://local.safeway.com/safeway/md/bowie/4101-northview-dr.html","13.37","True","True","True","False","21401"
"2853","Safeway","Safeway","","safeway","ACTIVE","15916 S Crain Hwy","Brandywine","MD","20613","US","America/New_York","https://local.safeway.com/safeway/md/brandywine/15916-s-crain-hwy.html","43.51","True","True","True","False","21601"
"1939","Safeway","Safeway","","safeway","ACTIVE","1925 Main St","Chester","MD","21619","US","America/New_York","https://local.safeway.com/safeway/md/chester/1925-main-st.html","11.69","True","True","True","False","21401"
"1443","Safeway","Safeway","","safeway","ACTIVE","8785 Branch Ave","Clinton","MD","20735","US","America/New_York","https://local.safeway.com/safeway/md/clinton/8785-branch-ave.html","43.86","True","True","True","False","21601"
"1553","Safeway","Safeway","","safeway","ACTIVE","5485 Harpers Farm Rd","Columbia","MD","21044","US","America/New_York","https://local.safeway.com/safeway/md/columbia/5485-harpers-farm-rd.html","15.24","True","True","True","False","21201"
"2794","Safeway","Safeway","","safeway","ACTIVE","9807 Main St","Damascus","MD","20872","US","America/New_York","https://local.safeway.com/safeway/md/damascus/9807-main-st.html","14.51","True","True","True","False","20850"
"1129","Safeway","Safeway","","safeway","ACTIVE","10276 Southern Maryland Blvd","Dunkirk","MD","20754","US","America/New_York","https://local.safeway.com/safeway/md/dunkirk/10276-southern-maryland-blvd.html","20.24","True","True","True","False","21401"
"2608","Safeway","Safeway","","safeway","ACTIVE","52 W Central Ave","Edgewater","MD","21037","US","America/New_York","https://local.safeway.com/safeway/md/edgewater/52-w-central-ave.html","5.59","True","True","True","False","21401"
"1678","Safeway","Safeway","","safeway","ACTIVE","1313 Londontown Blvd","Eldersburg","MD","21784","US","America/New_York","https://local.safeway.com/safeway/md/eldersburg/1313-londontown-blvd.html","33.01","True","True","True","False","21014"
"1281","Safeway","Safeway","","safeway","ACTIVE","10000 Baltimore National Pike","Ellicott City","MD","21042","US","America/New_York","https://local.safeway.com/safeway/md/ellicott-city/10000-baltimore-national-pike.html","32.05","True","True","True","False","21014"
"1459","Safeway","Safeway","","safeway","ACTIVE","4370 Montgomery Rd","Ellicott City","MD","21043","US","America/New_York","https://local.safeway.com/safeway/md/ellicott-city/4370-montgomery-rd.html","31.61","True","True","True","False","21014"
"1882","Safeway","Safeway","","safeway","ACTIVE","990 E Swan Creek Rd","Fort Washington","MD","20744","US","America/New_York","https://local.safeway.com/safeway/md/fort-washington/990-e-swan-creek-rd.html","16.99","True","True","True","False","20816"
"1089","Safeway","Safeway","","safeway","ACTIVE","12251 Darnestown Rd","Gaithersburg","MD","20878","US","America/New_York","https://local.safeway.com/safeway/md/gaithersburg/12251-darnestown-rd.html","11.33","True","True","True","False","20814"
"1620","Safeway","Safeway","","safeway","ACTIVE","20211 Goshen Rd","Gaithersburg","MD","20879","US","America/New_York","https://local.safeway.com/safeway/md/gaithersburg/20211-goshen-rd.html","13.46","True","True","True","False","20814"
"1596","Safeway","Safeway","","safeway","ACTIVE","2644 Chapel Lake Dr","Gambrills","MD","21054","US","America/New_York","https://local.safeway.com/safeway/md/gambrills/2644-chapel-lake-dr.html","17.99","True","True","True","False","21201"
"1579","Safeway","Safeway","","safeway","ACTIVE","19718 Germantown Rd","Germantown","MD","20874","US","America/New_York","https://local.safeway.com/safeway/md/germantown/19718-germantown-rd.html","14.98","True","True","True","False","20814"
"107","Safeway","Safeway","","safeway","ACTIVE","7595 Greenbelt Rd","Greenbelt","MD","20770","US","America/New_York","https://local.safeway.com/safeway/md/greenbelt/7595-greenbelt-rd.html","12.32","True","True","True","False","20814"
"1926","Safeway","Safeway","","safeway","ACTIVE","7643 Arundel Mills Blvd","Hanover","MD","21076","US","America/New_York","https://local.safeway.com/safeway/md/hanover/7643-arundel-mills-blvd.html","32.9","True","True","True","False","21014"
"3274","Safeway","Safeway","","safeway","ACTIVE","3702 East-West Hwy","Hyattsville","MD","20782","US","America/New_York","https://local.safeway.com/safeway/md/hyattsville/3702-east-west-hwy.html","5.27","True","True","True","False","20001"
"2753","Safeway","Safeway","","safeway","ACTIVE","10541 Connecticut Ave","Kensington","MD","20895","US","America/New_York","https://local.safeway.com/safeway/md/kensington/10541-connecticut-ave.html","2.31","True","True","True","False","20814"
"1938","Safeway","Safeway","","safeway","ACTIVE","40 Shining Willow Way","La Plata","MD","20646","US","America/New_York","https://local.safeway.com/safeway/md/la-plata/40-shining-willow-way.html","18.1","True","True","True","False","20745"
"1559","Safeway","Safeway","","safeway","ACTIVE","815 E Main St","Middletown","MD","21769","US","America/New_York","https://local.safeway.com/safeway/md/middletown/815-e-main-st.html","8.53","True","True","True","False","21701"
"1815","Safeway","Safeway","","safeway","ACTIVE","337 E Ridgeville Blvd","Mount Airy","MD","21771","US","America/New_York","https://local.safeway.com/safeway/md/mount-airy/337-e-ridgeville-blvd.html","11.74","True","True","True","False","21701"
"1758","Safeway","Safeway","","safeway","ACTIVE","9645 Belair Rd","Nottingham","MD","21236","US","America/New_York","https://local.safeway.com/safeway/md/nottingham/9645-belair-rd.html","10.03","True","True","True","False","21014"
"2797","Safeway","Safeway","","safeway","ACTIVE","3333 Spartan Rd","Olney","MD","20832","US","America/New_York","https://local.safeway.com/safeway/md/olney/3333-spartan-rd.html","10.37","True","True","True","False","20814"
"1657","Safeway","Safeway","","safeway","ACTIVE","10335 Reisterstown Rd","Owings Mills","MD","21117","US","America/New_York","https://local.safeway.com/safeway/md/owings-mills/10335-reisterstown-rd.html","23.97","True","True","True","False","21014"
"4872","Safeway","Safeway","","safeway","ACTIVE","6235 Oxon Hill Rd","Oxon Hill","MD","20745","US","America/New_York","https://local.safeway.com/safeway/md/oxon-hill/6235-oxon-hill-rd.html","15.22","True","True","True","False","20814"
"1880","Safeway","Safeway","","safeway","ACTIVE","8858 Waltham Woods Rd","Parkville","MD","21234","US","America/New_York","https://local.safeway.com/safeway/md/parkville/8858-waltham-woods-rd.html","13.7","True","True","True","False","21014"
"1539","Safeway","Safeway","","safeway","ACTIVE","4211 Mountain Rd","Pasadena","MD","21122","US","America/New_York","https://local.safeway.com/safeway/md/pasadena/4211-mountain-rd.html","29.75","True","True","True","False","21014"
"1399","Safeway","Safeway","","safeway","ACTIVE","3499 Sweet Air Rd","Phoenix","MD","21131","US","America/New_York","https://local.safeway.com/safeway/md/phoenix/3499-sweet-air-rd.html","11.02","True","True","True","False","21014"
"945","Safeway","Safeway","","safeway","ACTIVE","10104 River Rd","Potomac","MD","20854","US","America/New_York","https://local.safeway.com/safeway/md/potomac/10104-river-rd.html","5.61","True","True","True","False","20814"
"1731","Safeway","Safeway","","safeway","ACTIVE","80 W Dares Beach Rd","Prince Frederick","MD","20678","US","America/New_York","https://local.safeway.com/safeway/md/prince-frederick/80-w-dares-beach-rd.html","31.95","True","True","True","False","21601"
"1956","Safeway","Safeway","","safeway","ACTIVE","14939 Shady Grove Rd","Rockville","MD","20850","US","America/New_York","https://local.safeway.com/safeway/md/rockville/14939-shady-grove-rd.html","8.0","True","True","True","False","20814"
"1715","Safeway","Safeway","","safeway","ACTIVE","403 Redland Blvd","Rockville","MD","20850","US","America/New_York","https://local.safeway.com/safeway/md/rockville/403-redland-blvd.html","8.36","True","True","True","False","20814"
"1668","Safeway","Safeway","","safeway","ACTIVE","5510 Norbeck Rd","Rockville","MD","20853","US","America/New_York","https://local.safeway.com/safeway/md/rockville/5510-norbeck-rd.html","6.27","True","True","True","False","20814"
"1351","Safeway","Safeway","","safeway","ACTIVE","540 Benfield Rd","Severna Park","MD","21146","US","America/New_York","https://local.safeway.com/safeway/md/severna-park/540-benfield-rd.html","33.4","True","True","True","False","21014"
"870","Safeway","Safeway","","safeway","ACTIVE","10101 New Hampshire Ave","Silver Spring","MD","20903","US","America/New_York","https://local.safeway.com/safeway/md/silver-spring/10101-new-hampshire-ave.html","7.04","True","True","True","False","20814"
"4817","Safeway","Safeway","","safeway","ACTIVE","116 University W Blvd","Silver Spring","MD","20901","US","America/New_York","https://local.safeway.com/safeway/md/silver-spring/116-university-w-blvd.html","4.98","True","True","True","False","20814"
"1565","Safeway","Safeway","","safeway","ACTIVE","15411 New Hampshire Ave","Silver Spring","MD","20905","US","America/New_York","https://local.safeway.com/safeway/md/silver-spring/15411-new-hampshire-ave.html","9.31","True","True","True","False","20814"
"1369","Safeway","Safeway","","safeway","ACTIVE","909 Thayer Ave","Silver Spring","MD","20910","US","America/New_York","https://local.safeway.com/safeway/md/silver-spring/909-thayer-ave.html","5.63","True","True","True","False","20001"
"2979","Safeway","Safeway","","safeway","ACTIVE","1017 York Rd","Towson","MD","21204","US","America/New_York","https://local.safeway.com/safeway/md/towson/1017-york-rd.html","16.02","True","True","True","False","21014"
"2795","Safeway","Safeway","","safeway","ACTIVE","7605 Crain Hwy","Upper Marlboro","MD","20772","US","America/New_York","https://local.safeway.com/safeway/md/upper-marlboro/7605-crain-hwy.html","21.05","True","True","True","False","21401"
"105","Safeway","Safeway","","safeway","ACTIVE","10 King St","Waldorf","MD","20602","US","America/New_York","https://local.safeway.com/safeway/md/waldorf/10-king-st.html","70.1","True","True","True","False","21801"
"2661","Safeway","Safeway","","safeway","ACTIVE","3051 Waldorf Market Pl","Waldorf","MD","20603","US","America/New_York","https://local.safeway.com/safeway/md/waldorf/3051-waldorf-market-pl.html","71.28","True","True","True","False","21801"
"128","Safeway","Safeway","","safeway","ACTIVE","151 Walkers Village Way","Walkersville","MD","21793","US","America/New_York","https://local.safeway.com/safeway/md/walkersville/151-walkers-village-way.html","4.41","True","True","True","False","21701"
"1616","Safeway","Safeway","","safeway","ACTIVE","444 WMC Dr #116","Westminster","MD","21158","US","America/New_York","https://local.safeway.com/safeway/md/westminster/444-wmc-dr-116.html","35.46","True","True","True","False","21014"
"2781","Safeway","Safeway","","safeway","ACTIVE","11201 Georgia Ave","Wheaton","MD","20902","US","America/New_York","https://local.safeway.com/safeway/md/wheaton/11201-georgia-ave.html","3.84","True","True","True","False","20814"
"2550","Shaw's","Shaw's","","shaws","ACTIVE","600 Center St","Auburn","ME","04210","US","America/New_York","https://local.shaws.com/me/auburn/600-center-st.html","19.44","True","True","True","False","04011"
"2552","Shaw's","Shaw's","","shaws","ACTIVE","150 Western Ave","Augusta","ME","04330","US","America/New_York","https://local.shaws.com/me/augusta/150-western-ave.html","28.8","True","True","True","False","04011"
"4556","Shaw's","Shaw's","","shaws","ACTIVE","353 Main St","Bangor","ME","04401","US","America/New_York","https://local.shaws.com/me/bangor/353-main-st.html","84.71","True","True","True","False","04011"
"553","Shaw's","Shaw's","","shaws","ACTIVE","1 Chandler Dr","Bath","ME","04530","US","America/New_York","https://local.shaws.com/me/bath/1-chandler-dr.html","6.88","True","True","True","False","04011"
"628","Shaw's","Shaw's","","shaws","ACTIVE","147 Bath Rd","Brunswick","ME","04011","US","America/New_York","https://local.shaws.com/me/brunswick/147-bath-rd.html","2.09","True","True","True","False","04011"
"629","Shaw's","Shaw's","","shaws","ACTIVE","1073 W Main St","Dover Foxcroft","ME","04426","US","America/New_York","https://local.shaws.com/me/dover-foxcroft/1073-w-main-st.html","94.49","True","True","True","False","04011"
"57","Shaw's","Shaw's","","shaws","ACTIVE","175 High St","Ellsworth","ME","04605","US","America/New_York","https://local.shaws.com/me/ellsworth/175-high-st.html","88.17","True","True","True","False","04011"
"4651","Shaw's","Shaw's","","shaws","ACTIVE","251 US Hwy 1","Falmouth","ME","04105","US","America/New_York","https://local.shaws.com/me/falmouth/251-us-hwy-1.html","18.59","True","True","True","False","04011"
"608","Shaw's","Shaw's","","shaws","ACTIVE","200 Lower Main St","Freeport","ME","04032","US","America/New_York","https://local.shaws.com/me/freeport/200-lower-main-st.html","8.93","True","True","True","False","04011"
"4559","Shaw's","Shaw's","","shaws","ACTIVE","27 E Ave","Lewiston","ME","04240","US","America/New_York","https://local.shaws.com/me/lewiston/27-e-ave.html","16.62","True","True","True","False","04011"
"4543","Shaw's","Shaw's","","shaws","ACTIVE","1364 Congress St","Portland","ME","04102","US","America/New_York","https://local.shaws.com/me/portland/1364-congress-st.html","24.24","True","True","True","False","04011"
"2541","Shaw's","Shaw's","","shaws","ACTIVE","91 Auburn St","Portland","ME","04103","US","America/New_York","https://local.shaws.com/me/portland/91-auburn-st.html","21.71","True","True","True","False","04011"
"3548","Shaw's","Shaw's","","shaws","ACTIVE","235 Camden St","Rockland","ME","04841","US","America/New_York","https://local.shaws.com/me/rockland/235-camden-st.html","45.62","True","True","True","False","04011"
"2626","Shaw's","Shaw's","","shaws","ACTIVE","4 Scammon St Suite 10","Saco","ME","04072","US","America/New_York","https://local.shaws.com/me/saco/4-scammon-st-suite-10.html","37.31","True","True","True","False","04011"
"4560","Shaw's","Shaw's","","shaws","ACTIVE","1364 Main St","Sanford","ME","04073","US","America/New_York","https://local.shaws.com/me/sanford/1364-main-st.html","52.06","True","True","True","False","04011"
"3544","Shaw's","Shaw's","","shaws","ACTIVE","180 Waterman Dr","South Portland","ME","04106","US","America/New_York","https://local.shaws.com/me/south-portland/180-waterman-dr.html","23.94","True","True","True","False","04011"
"3551","Shaw's","Shaw's","","shaws","ACTIVE","251 Kennedy Memorial Dr","Waterville","ME","04901","US","America/New_York","https://local.shaws.com/me/waterville/251-kennedy-memorial-dr.html","46.07","True","True","True","False","04011"
"2538","Shaw's","Shaw's","","shaws","ACTIVE","770 Roosevelt Trail","Windham","ME","04062","US","America/New_York","https://local.shaws.com/me/windham/770-roosevelt-trail.html","24.41","True","True","True","False","04011"
"1609","Shaw's","Shaw's","","shaws","ACTIVE","670 Bath Rd","Wiscasset","ME","04578","US","America/New_York","https://local.shaws.com/me/wiscasset/670-bath-rd.html","13.46","True","True","True","False","04011"
"4022","Albertsons","Albertsons","","albertsons","ACTIVE","1300 E Park Ave","Anaconda","MT","59711","US","America/Denver","https://local.albertsons.com/mt/anaconda/1300-e-park-ave.html","123.94","True","True","False","False","59401"
"9","Albertsons","Albertsons","","albertsons","ACTIVE","6999 Jackrabbit Ln","Belgrade","MT","59714","US","America/Denver","https://local.albertsons.com/mt/belgrade/6999-jackrabbit-ln.html","135.81","True","True","True","False","59101"
"38","Albertsons","Albertsons","","albertsons","ACTIVE","1212 Grand Ave","Billings","MT","59102","US","America/Denver","https://local.albertsons.com/mt/billings/1212-grand-ave.html","17.25","True","True","True","False","59101"
"630","Albertsons","Albertsons","","albertsons","ACTIVE","2334 Central Ave","Billings","MT","59102","US","America/Denver","https://local.albertsons.com/mt/billings/2334-central-ave.html","16.99","True","True","True","False","59101"
"4041","Albertsons","Albertsons","","albertsons","ACTIVE","3137 Grand Ave","Billings","MT","59102","US","America/Denver","https://local.albertsons.com/mt/billings/3137-grand-ave.html","18.44","True","True","True","False","59101"
"47","Albertsons","Albertsons","","albertsons","ACTIVE","511 Central Ave","Billings","MT","59102","US","America/Denver","https://local.albertsons.com/mt/billings/511-central-ave.html","16.1","True","True","True","False","59101"
"3367","Albertsons","Albertsons","","albertsons","ACTIVE","5317 Grand Ave","Billings","MT","59106","US","America/Denver","https://local.albertsons.com/mt/billings/5317-grand-ave.html","19.93","True","True","True","False","59101"
"4025","Albertsons","Albertsons","","albertsons","ACTIVE","611 N 27th St","Billings","MT","59101","US","America/Denver","https://local.albertsons.com/mt/billings/611-n-27th-st.html","16.85","True","True","True","False","59101"
"1227","Albertsons","Albertsons","","albertsons","ACTIVE","670 Main St","Billings","MT","59105","US","America/Denver","https://local.albertsons.com/mt/billings/670-main-st.html","17.88","True","True","True","False","59101"
"6","Albertsons","Albertsons","","albertsons","ACTIVE","200 S 23rd Ave","Bozeman","MT","59718","US","America/Denver","https://local.albertsons.com/mt/bozeman/200-s-23rd-ave.html","129.48","True","True","True","False","59101"
"33","Albertsons","Albertsons","","albertsons","ACTIVE","501 W Main St","Cut Bank","MT","59427","US","America/Denver","https://local.albertsons.com/mt/cut-bank/501-w-main-st.html","91.91","True","True","False","False","59401"
"3433","Albertsons","Albertsons","","albertsons","ACTIVE","54151 US Hwy 2 E","Glasgow","MT","59230","US","America/Denver","https://local.albertsons.com/mt/glasgow/54151-us-hwy-2-e.html","465.51","True","True","False","False","58102"
"4023","Albertsons","Albertsons","","albertsons","ACTIVE","307 N Harmon St","Glendive","MT","59330","US","America/Denver","https://local.albertsons.com/mt/glendive/307-n-harmon-st.html","372.06","True","True","False","False","58102"
"35","Albertsons","Albertsons","","albertsons","ACTIVE","1414 3rd St NW","Great Falls","MT","59404","US","America/Denver","https://local.albertsons.com/mt/great-falls/1414-3rd-st-nw.html","194.12","True","True","True","False","59101"
"37","Albertsons","Albertsons","","albertsons","ACTIVE","2250 10th Ave S","Great Falls","MT","59405","US","America/Denver","https://local.albertsons.com/mt/great-falls/2250-10th-ave-s.html","191.41","True","True","True","False","59101"
"4040","Albertsons","Albertsons","","albertsons","ACTIVE","1313 N 1st St","Hamilton","MT","59840","US","America/Denver","https://local.albertsons.com/mt/hamilton/1313-n-1st-st.html","94.28","True","True","False","False","59601"
"832","Albertsons","Albertsons","","albertsons","ACTIVE","117 Main St S","Harlem","MT","59526","US","America/Denver","https://local.albertsons.com/mt/harlem/117-main-st-s.html","135.15","True","True","False","False","59401"
"4008","Albertsons","Albertsons","","albertsons","ACTIVE","3151 N Montana Ave","Helena","MT","59602","US","America/Denver","https://local.albertsons.com/mt/helena/3151-n-montana-ave.html","188.71","True","True","True","False","59101"
"18","Albertsons","Albertsons","","albertsons","ACTIVE","900 W Idaho St","Kalispell","MT","59901","US","America/Denver","https://local.albertsons.com/mt/kalispell/900-w-idaho-st.html","94.71","True","True","True","False","59801"
"3447","Albertsons","Albertsons","","albertsons","ACTIVE","205 S 1st Ave","Laurel","MT","59044","US","America/Denver","https://local.albertsons.com/mt/laurel/205-s-1st-ave.html","19.7","True","True","False","False","59101"
"19","Albertsons","Albertsons","","albertsons","ACTIVE","117 W Janeaux St","Lewistown","MT","59457","US","America/Denver","https://local.albertsons.com/mt/lewistown/117-w-janeaux-st.html","115.29","True","True","False","False","59101"
"42","Albertsons","Albertsons","","albertsons","ACTIVE","2120 W Park St","Livingston","MT","59047","US","America/Denver","https://local.albertsons.com/mt/livingston/2120-w-park-st.html","105.74","True","True","False","False","59101"
"2013","Albertsons","Albertsons","","albertsons","ACTIVE","30 S 3rd St E","Malta","MT","59538","US","America/Denver","https://local.albertsons.com/mt/malta/30-s-3rd-st-e.html","195.2","True","True","False","False","59101"
"39","Albertsons","Albertsons","","albertsons","ACTIVE","519 S Haynes Ave","Miles City","MT","59301","US","America/Denver","https://local.albertsons.com/mt/miles-city/519-s-haynes-ave.html","136.66","True","True","False","False","59101"
"24","Albertsons","Albertsons","","albertsons","ACTIVE","1003 E Broadway St","Missoula","MT","59802","US","America/Denver","https://local.albertsons.com/mt/missoula/1003-e-broadway-st.html","134.64","True","True","True","False","59401"
"20","Albertsons","Albertsons","","albertsons","ACTIVE","2205 Oxford St","Missoula","MT","59801","US","America/Denver","https://local.albertsons.com/mt/missoula/2205-oxford-st.html","136.65","True","True","True","False","59401"
"43","Albertsons","Albertsons","","albertsons","ACTIVE","2230 N Reserve St","Missoula","MT","59808","US","America/Denver","https://local.albertsons.com/mt/missoula/2230-n-reserve-st.html","136.64","True","True","True","False","59401"
"1010","Albertsons","Albertsons","","albertsons","ACTIVE","3800 Russell St","Missoula","MT","59801","US","America/Denver","https://local.albertsons.com/mt/missoula/3800-russell-st.html","86.94","True","True","True","False","59601"
"614","Albertsons","Albertsons","","albertsons","ACTIVE","130 5th Ave N","Shelby","MT","59474","US","America/Denver","https://local.albertsons.com/mt/shelby/130-5th-ave-n.html","73.66","True","True","False","False","59401"
"15","Albertsons","Albertsons","","albertsons","ACTIVE","415 Blaine St","Wolf Point","MT","59201","US","America/Denver","https://local.albertsons.com/mt/wolf-point/415-blaine-st.html","418.97","True","True","False","False","58102"
"2999","Safeway","Safeway","","safeway","ACTIVE","1735 W Main St","Bozeman","MT","59715","US","America/Denver","https://local.safeway.com/safeway/mt/bozeman/1735-w-main-st.html","129.26","True","True","True","False","59101"
"3279","Safeway","Safeway","","safeway","ACTIVE","2500 Massachusetts Ave","Butte","MT","59701","US","America/Denver","https://local.safeway.com/safeway/mt/butte/2500-massachusetts-ave.html","200.59","True","True","False","False","59101"
"259","Safeway","Safeway","","safeway","ACTIVE","310 W Front St","Butte","MT","59701","US","America/Denver","https://local.safeway.com/safeway/mt/butte/310-w-front-st.html","120.7","True","True","False","False","59401"
"1158","Safeway","Safeway","","safeway","ACTIVE","201 N Main St","Deer Lodge","MT","59722","US","America/Denver","https://local.safeway.com/safeway/mt/deer-lodge/201-n-main-st.html","103.1","True","True","False","False","59401"
"1581","Safeway","Safeway","","safeway","ACTIVE","570 N Montana St","Dillon","MT","59725","US","America/Denver","https://local.safeway.com/safeway/mt/dillon/570-n-montana-st.html","94.21","True","True","False","False","59601"
"3269","Safeway","Safeway","","safeway","ACTIVE","101 E Main St","Hamilton","MT","59840","US","America/Denver","https://local.safeway.com/safeway/mt/hamilton/101-e-main-st.html","94.38","True","True","False","False","59601"
"1486","Safeway","Safeway","","safeway","ACTIVE","611 N Montana Ave","Helena","MT","59601","US","America/Denver","https://local.safeway.com/safeway/mt/helena/611-n-montana-ave.html","187.94","True","True","True","False","59101"
"1646","Safeway","Safeway","","safeway","ACTIVE","146 South Shore Route","Polson","MT","59860","US","America/Denver","https://local.safeway.com/safeway/mt/polson/146-south-shore-route.html","133.14","True","True","False","False","59401"
"2106","Safeway","Safeway","","safeway","ACTIVE","6580 Hwy 93 S","Whitefish","MT","59937","US","America/Denver","https://local.safeway.com/safeway/mt/whitefish/6580-hwy-93-s.html","108.39","True","True","False","False","59801"
"28","Albertsons","Albertsons","","albertsons","ACTIVE","20 26th St E","Williston","ND","58801","US","America/Chicago","https://local.albertsons.com/nd/williston/20-26th-st-e.html","328.06","True","True","False","False","58102"
"549","Safeway","Safeway","","safeway","ACTIVE","500 E 3rd St","Alliance","NE","69301","US","America/Denver","https://local.safeway.com/safeway/ne/alliance/500-e-3rd-st.html","446.58","True","True","True","False","58102"
"557","Safeway","Safeway","","safeway","ACTIVE","611 N Spruce St","Ogallala","NE","69153","US","America/Denver","https://local.safeway.com/safeway/ne/ogallala/611-n-spruce-st.html","468.22","True","True","True","False","58102"
"556","Safeway","Safeway","","safeway","ACTIVE","601 Broadway","Scottsbluff","NE","69361","US","America/Denver","https://local.safeway.com/safeway/ne/scottsbluff/601-broadway.html","486.03","True","True","True","False","58102"
"2555","Safeway","Safeway","","safeway","ACTIVE","1944 Illinois St","Sidney","NE","69162","US","America/Denver","https://local.safeway.com/safeway/ne/sidney/1944-illinois-st.html","502.86","True","True","True","False","58102"
"2190","Shaw's","Shaw's","","shaws","ACTIVE","96 Daniel Webster Hwy","Belmont","NH","03220","US","America/New_York","https://local.shaws.com/nh/belmont/96-daniel-webster-hwy.html","53.16","True","True","True","False","03060"
"2403","Shaw's","Shaw's","","shaws","ACTIVE","1150 Eastman Rd","Center Conway","NH","03813","US","America/New_York","https://local.shaws.com/nh/center-conway/1150-eastman-rd.html","57.41","True","True","True","False","04011"
"811","Shaw's","Shaw's","","shaws","ACTIVE","20 D'amante Dr","Concord","NH","03301","US","America/New_York","https://local.shaws.com/nh/concord/20-d-amante-dr.html","32.9","True","True","True","False","03060"
"3483","Shaw's","Shaw's","","shaws","ACTIVE","55 Crystal Ave","Derry","NH","03038","US","America/New_York","https://local.shaws.com/nh/derry/55-crystal-ave.html","12.13","True","True","True","False","03060"
"2479","Shaw's","Shaw's","","shaws","ACTIVE","851 Central Ave","Dover","NH","03820","US","America/New_York","https://local.shaws.com/nh/dover/851-central-ave.html","31.28","True","True","True","False","04072"
"1402","Shaw's","Shaw's","","shaws","ACTIVE","1400 Lakeshore Dr","Gilford","NH","03249","US","America/New_York","https://local.shaws.com/nh/gilford/1400-lakeshore-dr.html","56.54","True","True","True","False","03060"
"4514","Shaw's","Shaw's","","shaws","ACTIVE","276 W Main St","Hillsborough","NH","03244","US","America/New_York","https://local.shaws.com/nh/hillsborough/276-w-main-st.html","34.11","True","True","True","False","03060"
"4486","Shaw's","Shaw's","","shaws","ACTIVE","1328 Hooksett Rd","Hooksett","NH","03106","US","America/New_York","https://local.shaws.com/nh/hooksett/1328-hooksett-rd.html","21.37","True","True","True","False","03060"
"2532","Shaw's","Shaw's","","shaws","ACTIVE","199 Main St","Lancaster","NH","03584","US","America/New_York","https://local.shaws.com/nh/lancaster/199-main-st.html","69.2","True","True","False","False","03766"
"2601","Shaw's","Shaw's","","shaws","ACTIVE","625 Meadow St","Littleton","NH","03561","US","America/New_York","https://local.shaws.com/nh/littleton/625-meadow-st.html","52.12","True","True","True","False","03766"
"484","Shaw's","Shaw's","","shaws","ACTIVE","1 Orchard View Dr","Londonderry","NH","03053","US","America/New_York","https://local.shaws.com/nh/londonderry/1-orchard-view-dr.html","9.6","True","True","True","False","03060"
"3505","Shaw's","Shaw's","","shaws","ACTIVE","570 Daniel Webster Hwy","Merrimack","NH","03054","US","America/New_York","https://local.shaws.com/nh/merrimack/570-daniel-webster-hwy.html","9.38","True","True","True","False","03060"
"678","Shaw's","Shaw's","","shaws","ACTIVE","7 Continental Blvd","Merrimack","NH","03054","US","America/New_York","https://local.shaws.com/nh/merrimack/7-continental-blvd.html","6.51","True","True","True","False","03060"
"2492","Shaw's","Shaw's","","shaws","ACTIVE","586 Nashua St","Milford","NH","03055","US","America/New_York","https://local.shaws.com/nh/milford/586-nashua-st.html","9.99","True","True","True","False","03060"
"3510","Shaw's","Shaw's","","shaws","ACTIVE","213 Daniel Webster Hwy","Nashua","NH","03060","US","America/New_York","https://local.shaws.com/nh/nashua/213-daniel-webster-hwy.html","2.61","True","True","True","False","03060"
"113","Shaw's","Shaw's","","shaws","ACTIVE","300 Main St","Nashua","NH","03060","US","America/New_York","https://local.shaws.com/nh/nashua/300-main-st.html","0.46","True","True","True","False","03060"
"4534","Shaw's","Shaw's","","shaws","ACTIVE","48 John Stark Hwy","Newport","NH","03773","US","America/New_York","https://local.shaws.com/nh/newport/48-john-stark-hwy.html","55.63","True","True","True","False","03060"
"4512","Shaw's","Shaw's","","shaws","ACTIVE","33 Lafayette Rd Unit 4","North Hampton","NH","03862","US","America/New_York","https://local.shaws.com/nh/north-hampton/33-lafayette-rd-unit-4.html","35.24","True","True","True","False","03060"
"4694","Shaw's","Shaw's","","shaws","ACTIVE","135 Dublin Rd","Peterborough","NH","03458","US","America/New_York","https://local.shaws.com/nh/peterborough/135-dublin-rd.html","27.03","True","True","True","False","03060"
"3669","Shaw's","Shaw's","","shaws","ACTIVE","4 Plaistow Rd","Plaistow","NH","03865","US","America/New_York","https://local.shaws.com/nh/plaistow/4-plaistow-rd.html","18.58","True","True","True","False","03060"
"621","Shaw's","Shaw's","","shaws","ACTIVE","100 Shaws Ln","Stratham","NH","03885","US","America/New_York","https://local.shaws.com/nh/stratham/100-shaws-ln.html","32.02","True","True","True","False","03060"
"3533","Shaw's","Shaw's","","shaws","ACTIVE","32 Ames Plaza Ln #441","Walpole","NH","03608","US","America/New_York","https://local.shaws.com/nh/walpole/32-ames-plaza-ln-441.html","54.87","True","True","True","False","03060"
"4555","Shaw's","Shaw's","","shaws","ACTIVE","10 Benning Dr","West Lebanon","NH","03784","US","America/New_York","https://local.shaws.com/nh/west-lebanon/10-benning-dr.html","46.75","True","True","True","False","03431"
"686","Shaw's","Shaw's","","shaws","ACTIVE","43 Indian Rock Rd","Windham","NH","03087","US","America/New_York","https://local.shaws.com/nh/windham/43-indian-rock-rd.html","9.58","True","True","True","False","03060"
"2535","Shaw's","Shaw's","","shaws","ACTIVE","15 Forest St","Woodsville","NH","03785","US","America/New_York","https://local.shaws.com/nh/woodsville/15-forest-st.html","37.77","True","True","False","False","03766"
"1095","ACME Markets","ACME Markets","","acmemarkets","ACTIVE","45 De Mercurio Dr","Allendale","NJ","07401","US","America/New_York","https://local.acmemarkets.com/nj/allendale/45-de-mercurio-dr.html","10.82","True","True","True","False","07626"
"2931","ACME Markets","ACME Markets","","acmemarkets","ACTIVE","100 E Black Horse Pike","Audubon","NJ","08106","US","America/New_York","https://local.acmemarkets.com/nj/audubon/100-e-black-horse-pike.html","4.27","True","True","True","False","08002"
"3921","ACME Markets","ACME Markets","","acmemarkets","ACTIVE","912 W Bay Ave","Barnegat","NJ","08005","US","America/New_York","https://local.acmemarkets.com/nj/barnegat/912-w-bay-ave.html","15.55","True","True","True","False","08753"
"1851","ACME Markets","ACME Markets","","acmemarkets","ACTIVE","152 Route 94","Blairstown","NJ","07825","US","America/New_York","https://local.acmemarkets.com/nj/blairstown/152-route-94.html","30.06","True","True","True","False","07462"
"1582","ACME Markets","ACME Markets","","acmemarkets","ACTIVE","550 Myrtle Ave","Boonton","NJ","07005","US","America/New_York","https://local.acmemarkets.com/nj/boonton/550-myrtle-ave.html","11.37","True","True","True","False","07042"
"3961","ACME Markets","ACME Markets","","acmemarkets","ACTIVE","260 Dunns Mills Rd","Bordentown","NJ","08505","US","America/New_York","https://local.acmemarkets.com/nj/bordentown/260-dunns-mills-rd.html","21.19","True","True","True","False","08002"
"3997","ACME Markets","ACME Markets","","acmemarkets","ACTIVE","4236 Harbor Beach Blvd","Brigantine","NJ","08203","US","America/New_York","https://local.acmemarkets.com/nj/brigantine/4236-harbor-beach-blvd.html","40.58","True","True","True","False","08204"
"1908","ACME Markets","ACME Markets","","acmemarkets","ACTIVE","18 Broadway St","Browns Mills","NJ","08015","US","America/New_York","https://local.acmemarkets.com/nj/browns-mills/18-broadway-st.html","23.77","True","True","True","False","08002"
"845","ACME Markets","ACME Markets","","acmemarkets","ACTIVE","315 Ocean St","Cape May","NJ","08204","US","America/New_York","https://local.acmemarkets.com/nj/cape-may/315-ocean-st.html","18.66","True","True","True","False","19971"
"890","ACME Markets","ACME Markets","","acmemarkets","ACTIVE","11 Court House South Dennis Rd","Cape May Court House","NJ","08210","US","America/New_York","https://local.acmemarkets.com/nj/cape-may-court-house/11-court-house-south-dennis-rd.html","9.86","True","True","False","False","08204"
"859","ACME Markets","ACME Markets","","acmemarkets","ACTIVE","15 Avalon Blvd","Cape May Court House","NJ","08210","US","America/New_York","https://local.acmemarkets.com/nj/cape-may-court-house/15-avalon-blvd.html","13.31","True","True","True","False","08204"
"1782","ACME Markets","ACME Markets","","acmemarkets","ACTIVE","1060 Raritan Rd","Clark","NJ","07066","US","America/New_York","https://local.acmemarkets.com/nj/clark/1060-raritan-rd.html","10.49","True","True","True","False","07102"
"2925","ACME Markets","ACME Markets","","acmemarkets","ACTIVE","20 S Delsea Dr","Clayton","NJ","08312","US","America/New_York","https://local.acmemarkets.com/nj/clayton/20-s-delsea-dr.html","19.47","True","True","True","False","08002"
"1077","ACME Markets","ACME Markets","","acmemarkets","ACTIVE","123 E Main St","Denville","NJ","07834","US","America/New_York","https://local.acmemarkets.com/nj/denville/123-e-main-st.html","7.75","True","True","True","False","07960"
"1777","ACME Markets","ACME Markets","","acmemarkets","ACTIVE","481 River Rd","Edgewater","NJ","07020","US","America/New_York","https://local.acmemarkets.com/nj/edgewater/481-river-rd.html","11.95","False","False","True","False","07042"
"949","ACME Markets","ACME Markets","","acmemarkets","ACTIVE","576 River Rd","Fair Haven","NJ","07704","US","America/New_York","https://local.acmemarkets.com/nj/fair-haven/576-river-rd.html","27.45","True","True","True","False","08753"
"1065","ACME Markets","ACME Markets","","acmemarkets","ACTIVE","2160 Lemoine Ave","Fort Lee","NJ","07024","US","America/New_York","https://local.acmemarkets.com/nj/fort-lee/2160-lemoine-ave.html","13.77","True","True","True","False","07102"
"3960","ACME Markets","ACME Markets","","acmemarkets","ACTIVE","3241 US Hwy 9","Freehold","NJ","07728","US","America/New_York","https://local.acmemarkets.com/nj/freehold/3241-us-hwy-9.html","23.34","True","True","True","False","08540"
"1945","ACME Markets","ACME Markets","","acmemarkets","ACTIVE","40 Ellis St","Haddonfield","NJ","08033","US","America/New_York","https://local.acmemarkets.com/nj/haddonfield/40-ellis-st.html","2.41","True","True","True","False","08002"
"1744","ACME Markets","ACME Markets","","acmemarkets","ACTIVE","614 Clinton St","Hoboken","NJ","07030","US","America/New_York","https://local.acmemarkets.com/nj/hoboken/614-clinton-st.html","10.73","True","True","True","False","07042"
"1083","ACME Markets","ACME Markets","","acmemarkets","ACTIVE","125 18th St","Jersey City","NJ","07310","US","America/New_York","https://local.acmemarkets.com/nj/jersey-city/125-18th-st.html","11.02","True","True","True","False","07042"
"1092","ACME Markets","ACME Markets","","acmemarkets","ACTIVE","321 Route 440","Jersey City","NJ","07305","US","America/New_York","https://local.acmemarkets.com/nj/jersey-city/321-route-440.html","9.63","True","True","True","False","07042"
"1096","ACME Markets","ACME Markets","","acmemarkets","ACTIVE","801 Kenilworth Blvd","Kenilworth","NJ","07033","US","America/New_York","https://local.acmemarkets.com/nj/kenilworth/801-kenilworth-blvd.html","10.6","True","True","True","False","07042"
"4932","ACME Markets","ACME Markets","","acmemarkets","ACTIVE","616 Newman Springs Rd","Lincroft","NJ","07738","US","America/New_York","https://local.acmemarkets.com/nj/lincroft/616-newman-springs-rd.html","28.28","True","True","True","False","08540"
"292","ACME Markets","ACME Markets","","acmemarkets","ACTIVE","507 Prospect Ave","Little Silver","NJ","07739","US","America/New_York","https://local.acmemarkets.com/nj/little-silver/507-prospect-ave.html","26.02","True","True","True","False","08753"
"3993","ACME Markets","ACME Markets","","acmemarkets","ACTIVE","9600 Long Beach Blvd","Long Beach Township","NJ","08008","US","America/New_York","https://local.acmemarkets.com/nj/long-beach-township/9600-long-beach-blvd.html","25.76","True","True","True","False","08753"
"1058","ACME Markets","ACME Markets","","acmemarkets","ACTIVE","125 Franklin Turnpike","Mahwah","NJ","07430","US","America/New_York","https://local.acmemarkets.com/nj/mahwah/125-franklin-turnpike.html","14.69","True","True","True","False","07626"
"776","ACME Markets","ACME Markets","","acmemarkets","ACTIVE","609 E Bay Ave","Manahawkin","NJ","08050","US","America/New_York","https://local.acmemarkets.com/nj/manahawkin/609-e-bay-ave.html","20.47","True","True","True","False","08753"
"3963","ACME Markets","ACME Markets","","acmemarkets","ACTIVE","300 S Lenola Rd","Maple Shade","NJ","08052","US","America/New_York","https://local.acmemarkets.com/nj/maple-shade/300-s-lenola-rd.html","3.13","True","True","True","False","08002"
"1910","ACME Markets","ACME Markets","","acmemarkets","ACTIVE","41 W Main St","Maple Shade","NJ","08052","US","America/New_York","https://local.acmemarkets.com/nj/maple-shade/41-w-main-st.html","2.05","True","True","True","False","08002"
"852","ACME Markets","ACME Markets","","acmemarkets","ACTIVE","4454 Black Horse Pike","Mays Landing","NJ","08330","US","America/New_York","https://local.acmemarkets.com/nj/mays-landing/4454-black-horse-pike.html","36.51","True","True","True","False","08204"
"664","ACME Markets","ACME Markets","","acmemarkets","ACTIVE","175 Route 70","Medford","NJ","08055","US","America/New_York","https://local.acmemarkets.com/nj/medford/175-route-70.html","10.32","True","True","True","False","08002"
"1054","ACME Markets","ACME Markets","","acmemarkets","ACTIVE","136 Lake St","Midland Park","NJ","07432","US","America/New_York","https://local.acmemarkets.com/nj/midland-park/136-lake-st.html","11.76","True","True","True","False","07042"
"1764","ACME Markets","ACME Markets","","acmemarkets","ACTIVE","510 Valley Rd","Montclair","NJ","07043","US","America/New_York","https://local.acmemarkets.com/nj/montclair/510-valley-rd.html","1.08","True","True","True","False","07042"
"2982","ACME Markets","ACME Markets","","acmemarkets","ACTIVE","531 High St","Mount Holly","NJ","08060","US","America/New_York","https://local.acmemarkets.com/nj/mount-holly/531-high-st.html","13.34","True","True","True","False","08002"
"2847","ACME Markets","ACME Markets","","acmemarkets","ACTIVE","1260 Springfield Ave","New Providence","NJ","07974","US","America/New_York","https://local.acmemarkets.com/nj/new-providence/1260-springfield-ave.html","12.92","True","True","True","False","07042"
"2855","ACME Markets","ACME Markets","","acmemarkets","ACTIVE","3845 Bayshore Rd","North Cape May","NJ","08204","US","America/New_York","https://local.acmemarkets.com/nj/north-cape-may/3845-bayshore-rd.html","20.65","True","True","True","False","19971"
"2838","ACME Markets","ACME Markets","","acmemarkets","ACTIVE","2400 Delaware Ave","North Wildwood","NJ","08260","US","America/New_York","https://local.acmemarkets.com/nj/north-wildwood/2400-delaware-ave.html","5.68","True","True","True","False","08204"
"1099","ACME Markets","ACME Markets","","acmemarkets","ACTIVE","5774 Berkshire Valley Rd","Oak Ridge","NJ","07438","US","America/New_York","https://local.acmemarkets.com/nj/oak-ridge/5774-berkshire-valley-rd.html","8.95","True","True","True","False","07005"
"3824","ACME Markets","ACME Markets","","acmemarkets","ACTIVE","3428 Simpson Ave","Ocean City","NJ","08226","US","America/New_York","https://local.acmemarkets.com/nj/ocean-city/3428-simpson-ave.html","25.44","True","True","True","False","08204"
"2649","ACME Markets","ACME Markets","","acmemarkets","ACTIVE","800 West Ave","Ocean City","NJ","08226","US","America/New_York","https://local.acmemarkets.com/nj/ocean-city/800-west-ave.html","28.25","True","True","True","False","08204"
"3835","ACME Markets","ACME Markets","","acmemarkets","ACTIVE","2087 Shore Rd","Ocean View","NJ","08230","US","America/New_York","https://local.acmemarkets.com/nj/ocean-view/2087-shore-rd.html","20.23","True","True","True","False","08204"
"2827","ACME Markets","ACME Markets","","acmemarkets","ACTIVE","3500 Route 9","Old Bridge","NJ","08857","US","America/New_York","https://local.acmemarkets.com/nj/old-bridge/3500-route-9.html","18.03","True","True","True","False","08540"
"2995","ACME Markets","ACME Markets","","acmemarkets","ACTIVE","251 N Broadway","Pennsville","NJ","08070","US","America/New_York","https://local.acmemarkets.com/nj/pennsville/251-n-broadway.html","13.32","True","True","True","False","19711"
"2927","ACME Markets","ACME Markets","","acmemarkets","ACTIVE","690 Millbrook Ave","Randolph","NJ","07869","US","America/New_York","https://local.acmemarkets.com/nj/randolph/690-millbrook-ave.html","4.59","True","True","True","False","07960"
"2998","ACME Markets","ACME Markets","","acmemarkets","ACTIVE","501 E Evesham Rd","Runnemede","NJ","08078","US","America/New_York","https://local.acmemarkets.com/nj/runnemede/501-e-evesham-rd.html","5.94","True","True","True","False","08002"
"1992","ACME Markets","ACME Markets","","acmemarkets","ACTIVE","75 Mayhill St","Saddle Brook","NJ","07663","US","America/New_York","https://local.acmemarkets.com/nj/saddle-brook/75-mayhill-st.html","8.23","True","True","True","False","07042"
"996","ACME Markets","ACME Markets","","acmemarkets","ACTIVE","6212 Landis Ave","Sea Isle City","NJ","08243","US","America/New_York","https://local.acmemarkets.com/nj/sea-isle-city/6212-landis-ave.html","16.55","True","True","False","False","08204"
"295","ACME Markets","ACME Markets","","acmemarkets","ACTIVE","5 Ortley Plaza","Seaside Heights","NJ","08751","US","America/New_York","https://local.acmemarkets.com/nj/seaside-heights/5-ortley-plaza.html","4.69","True","True","True","False","08753"
"3994","ACME Markets","ACME Markets","","acmemarkets","ACTIVE","415 Egg Harbor Rd","Sewell","NJ","08080","US","America/New_York","https://local.acmemarkets.com/nj/sewell/415-egg-harbor-rd.html","12.97","True","True","True","False","08002"
"2956","ACME Markets","ACME Markets","","acmemarkets","ACTIVE","515 Berlin-Cross Keys Rd","Sicklerville","NJ","08081","US","America/New_York","https://local.acmemarkets.com/nj/sicklerville/515-berlin-cross-keys-rd.html","12.99","True","True","True","False","08002"
"831","ACME Markets","ACME Markets","","acmemarkets","ACTIVE","212 New Rd","Somers Point","NJ","08244","US","America/New_York","https://local.acmemarkets.com/nj/somers-point/212-new-rd.html","30.29","True","True","True","False","08204"
"943","ACME Markets","ACME Markets","","acmemarkets","ACTIVE","1619 Center Square Rd","Swedesboro","NJ","08085","US","America/New_York","https://local.acmemarkets.com/nj/swedesboro/1619-center-square-rd.html","10.31","True","True","True","False","19801"
"2914","ACME Markets","ACME Markets","","acmemarkets","ACTIVE","4400 S Broad St","Trenton","NJ","08620","US","America/New_York","https://local.acmemarkets.com/nj/trenton/4400-s-broad-st.html","25.49","True","True","True","False","08002"
"3919","ACME Markets","ACME Markets","","acmemarkets","ACTIVE","953 Route 33","Trenton","NJ","08690","US","America/New_York","https://local.acmemarkets.com/nj/trenton/953-route-33.html","27.86","True","True","True","False","08002"
"3858","ACME Markets","ACME Markets","","acmemarkets","ACTIVE","425 US Hwy 9","Tuckerton","NJ","08087","US","America/New_York","https://local.acmemarkets.com/nj/tuckerton/425-us-hwy-9.html","53.25","True","True","True","False","08204"
"294","ACME Markets","ACME Markets","","acmemarkets","ACTIVE","5100 Wellington Ave","Ventnor City","NJ","08406","US","America/New_York","https://local.acmemarkets.com/nj/ventnor-city/5100-wellington-ave.html","35.41","True","True","True","False","08204"
"2820","ACME Markets","ACME Markets","","acmemarkets","ACTIVE","530 Rt 515 Unit 1","Vernon","NJ","07462","US","America/New_York","https://local.acmemarkets.com/nj/vernon/530-rt-515-unit-1.html","17.28","True","True","True","False","07430"
"833","ACME Markets","ACME Markets","","acmemarkets","ACTIVE","301 S Main Rd","Vineland","NJ","08360","US","America/New_York","https://local.acmemarkets.com/nj/vineland/301-s-main-rd.html","30.92","True","True","True","False","19901"
"992","ACME Markets","ACME Markets","","acmemarkets","ACTIVE","700 Haddonfield-Berlin Rd","Voorhees","NJ","08043","US","America/New_York","https://local.acmemarkets.com/nj/voorhees/700-haddonfield-berlin-rd.html","6.15","True","True","True","False","08002"
"780","ACME Markets","ACME Markets","","acmemarkets","ACTIVE","2007 Route 35","Wall Township","NJ","07719","US","America/New_York","https://local.acmemarkets.com/nj/wall-township/2007-route-35.html","13.48","True","True","True","False","08753"
"2675","ACME Markets","ACME Markets","","acmemarkets","ACTIVE","177 Washington Valley Rd","Warren","NJ","07059","US","America/New_York","https://local.acmemarkets.com/nj/warren/177-washington-valley-rd.html","11.4","True","True","True","False","07960"
"1856","ACME Markets","ACME Markets","","acmemarkets","ACTIVE","19-21 Ave At Port Imperial","West New York","NJ","07093","US","America/New_York","https://local.acmemarkets.com/nj/west-new-york/19-21-ave-at-port-imperial.html","11.09","True","True","True","False","07042"
"2974","ACME Markets","ACME Markets","","acmemarkets","ACTIVE","400 W Cuthbert Blvd","Westmont","NJ","08108","US","America/New_York","https://local.acmemarkets.com/nj/westmont/400-w-cuthbert-blvd.html","2.39","True","True","True","False","08002"
"821","ACME Markets","ACME Markets","","acmemarkets","ACTIVE","5300 Park Blvd","Wildwood","NJ","08260","US","America/New_York","https://local.acmemarkets.com/nj/wildwood/5300-park-blvd.html","4.49","True","True","True","False","08204"
"4926","ACME Markets","ACME Markets","","acmemarkets","ACTIVE","23 Levitt Pkwy","Willingboro","NJ","08046","US","America/New_York","https://local.acmemarkets.com/nj/willingboro/23-levitt-pkwy.html","10.97","True","True","True","False","08002"
"3970","ACME Markets","ACME Markets","","acmemarkets","ACTIVE","631 Mantua Pike","Woodbury","NJ","08096","US","America/New_York","https://local.acmemarkets.com/nj/woodbury/631-mantua-pike.html","10.17","True","True","True","False","08002"
"3920","ACME Markets","ACME Markets","","acmemarkets","ACTIVE","857 Route 45","Woodstown","NJ","08098","US","America/New_York","https://local.acmemarkets.com/nj/woodstown/857-route-45.html","30.85","True","True","True","False","19901"
"3611","Kings Food Markets","Kings Food Markets","","kingsfoodmarkets","ACTIVE","450 Hills Dr","Bedminster","NJ","07921","US","America/New_York","https://local.kingsfoodmarkets.com/nj/bedminster/450-hills-dr.html","11.19","True","True","True","False","07960"
"3612","Kings Food Markets","Kings Food Markets","","kingsfoodmarkets","ACTIVE","115 Hawkins Place","Boonton","NJ","07005","US","America/New_York","https://local.kingsfoodmarkets.com/nj/boonton/115-hawkins-place.html","12.62","True","True","True","False","07042"
"3616","Kings Food Markets","Kings Food Markets","","kingsfoodmarkets","ACTIVE","70 Union Ave","Cresskill","NJ","07626","US","America/New_York","https://local.kingsfoodmarkets.com/nj/cresskill/70-union-ave.html","19.87","True","True","True","False","06830"
"3618","Kings Food Markets","Kings Food Markets","","kingsfoodmarkets","ACTIVE","184 Columbia Turnpike","Florham Park","NJ","07932","US","America/New_York","https://local.kingsfoodmarkets.com/nj/florham-park/184-columbia-turnpike.html","9.74","True","True","True","False","07042"
"3620","Kings Food Markets","Kings Food Markets","","kingsfoodmarkets","ACTIVE","300 South Ave","Garwood","NJ","07027","US","America/New_York","https://local.kingsfoodmarkets.com/nj/garwood/300-south-ave.html","9.64","True","True","True","False","07102"
"3624","Kings Food Markets","Kings Food Markets","","kingsfoodmarkets","ACTIVE","381 Washington Ave","Hillsdale","NJ","07642","US","America/New_York","https://local.kingsfoodmarkets.com/nj/hillsdale/381-washington-ave.html","6.04","True","True","True","False","07626"
"3626","Kings Food Markets","Kings Food Markets","","kingsfoodmarkets","ACTIVE","1212 Shipyard Ln","Hoboken","NJ","07030","US","America/New_York","https://local.kingsfoodmarkets.com/nj/hoboken/1212-shipyard-ln.html","10.93","True","True","True","False","07042"
"3628","Kings Food Markets","Kings Food Markets","","kingsfoodmarkets","ACTIVE","255 S Livingston Ave","Livingston","NJ","07039","US","America/New_York","https://local.kingsfoodmarkets.com/nj/livingston/255-s-livingston-ave.html","5.81","True","True","True","False","07042"
"3630","Kings Food Markets","Kings Food Markets","","kingsfoodmarkets","ACTIVE","86 E Main St","Mendham","NJ","07945","US","America/New_York","https://local.kingsfoodmarkets.com/nj/mendham/86-e-main-st.html","4.09","True","True","True","False","07960"
"3631","Kings Food Markets","Kings Food Markets","","kingsfoodmarkets","ACTIVE","85 Godwin Ave","Midland Park","NJ","07432","US","America/New_York","https://local.kingsfoodmarkets.com/nj/midland-park/85-godwin-ave.html","11.84","True","True","True","False","07042"
"3634","Kings Food Markets","Kings Food Markets","","kingsfoodmarkets","ACTIVE","191 South St","Morristown","NJ","07960","US","America/New_York","https://local.kingsfoodmarkets.com/nj/morristown/191-south-st.html","16.24","True","True","True","False","07102"
"3636","Kings Food Markets","Kings Food Markets","","kingsfoodmarkets","ACTIVE","778 Morris Turnpike","Short Hills","NJ","07078","US","America/New_York","https://local.kingsfoodmarkets.com/nj/short-hills/778-morris-turnpike.html","9.42","True","True","True","False","07042"
"3638","Kings Food Markets","Kings Food Markets","","kingsfoodmarkets","ACTIVE","784 Springfield Ave","Summit","NJ","07901","US","America/New_York","https://local.kingsfoodmarkets.com/nj/summit/784-springfield-ave.html","11.78","True","True","True","False","07042"
"3633","Kings Food Markets","Kings Food Markets","","kingsfoodmarkets","ACTIVE","650 Valley Rd","Upper Montclair","NJ","07043","US","America/New_York","https://local.kingsfoodmarkets.com/nj/upper-montclair/650-valley-rd.html","1.51","True","True","True","False","07042"
"3639","Kings Food Markets","Kings Food Markets","","kingsfoodmarkets","ACTIVE","265 Pompton Ave","Verona","NJ","07044","US","America/New_York","https://local.kingsfoodmarkets.com/nj/verona/265-pompton-ave.html","1.07","True","True","True","False","07042"
"3640","Kings Food Markets","Kings Food Markets","","kingsfoodmarkets","ACTIVE","531 US Hwy 22 E","Whitehouse Station","NJ","08889","US","America/New_York","https://local.kingsfoodmarkets.com/nj/whitehouse-station/531-us-hwy-22-e.html","17.24","True","True","True","False","07960"
"824","Albertsons","Albertsons","","albertsons","ACTIVE","4909 E Main St","Farmington","NM","87402","US","America/Denver","https://local.albertsons.com/nm/farmington/4909-e-main-st.html","3.97","True","True","True","False","87401"
"2902","Albertsons","Albertsons","","albertsons","ACTIVE","1702 E 66th Ave","Gallup","NM","87301","US","America/Denver","https://local.albertsons.com/nm/gallup/1702-e-66th-ave.html","121.08","True","True","False","False","87101"
"1909","Albertsons","Albertsons","","albertsons","ACTIVE","1285 S El Paseo Rd","Las Cruces","NM","88001","US","America/Denver","https://local.albertsons.com/nm/las-cruces/1285-s-el-paseo-rd.html","1.02","True","True","True","False","88001"
"3913","Albertsons","Albertsons","","albertsons","ACTIVE","2501 N Main St","Las Cruces","NM","88001","US","America/Denver","https://local.albertsons.com/nm/las-cruces/2501-n-main-st.html","2.91","True","True","True","False","88001"
"925","Albertsons","Albertsons","","albertsons","ACTIVE","2551 E Lohman Ave","Las Cruces","NM","88011","US","America/Denver","https://local.albertsons.com/nm/las-cruces/2551-e-lohman-ave.html","1.32","True","True","True","False","88001"
"3914","Albertsons","Albertsons","","albertsons","ACTIVE","1956 Hwy 180 E","Silver City","NM","88061","US","America/Denver","https://local.albertsons.com/nm/silver-city/1956-hwy-180-e.html","93.62","True","True","True","False","88001"
"3681","Albertsons Market","Albertsons Market","","shopalbertsonsmarket","ACTIVE","1300 E 10th St","Alamogordo","NM","88310","US","America/Denver","https://local.albertsonsmarket.com/nm/alamogordo/1300-e-10th-st.html","62.68","True","True","True","False","88001"
"937","Albertsons Market","Albertsons Market","","shopalbertsonsmarket","ACTIVE","10131 Coors Rd NW","Albuquerque","NM","87114","US","America/Denver","https://local.albertsonsmarket.com/nm/albuquerque/10131-coors-rd-nw.html","8.9","True","True","True","False","87101"
"2928","Albertsons Market","Albertsons Market","","shopalbertsonsmarket","ACTIVE","11825 Lomas Blvd NE","Albuquerque","NM","87112","US","America/Denver","https://local.albertsonsmarket.com/nm/albuquerque/11825-lomas-blvd-ne.html","7.48","True","True","True","False","87101"
"2939","Albertsons Market","Albertsons Market","","shopalbertsonsmarket","ACTIVE","12201 Academy Rd NE","Albuquerque","NM","87111","US","America/Denver","https://local.albertsonsmarket.com/nm/albuquerque/12201-academy-rd-ne.html","10.09","True","True","True","False","87101"
"3917","Albertsons Market","Albertsons Market","","shopalbertsonsmarket","ACTIVE","1625 Rio Bravo Blvd SW","Albuquerque","NM","87105","US","America/Denver","https://local.albertsonsmarket.com/nm/albuquerque/1625-rio-bravo-blvd-sw.html","3.67","True","True","True","False","87101"
"3911","Albertsons Market","Albertsons Market","","shopalbertsonsmarket","ACTIVE","2801 A Eubank Blvd NE","Albuquerque","NM","87112","US","America/Denver","https://local.albertsonsmarket.com/nm/albuquerque/2801-a-eubank-blvd-ne.html","7.0","False","False","False","False","87101"
"905","Albertsons Market","Albertsons Market","","shopalbertsonsmarket","ACTIVE","2910 Juan Tabo Blvd NE","Albuquerque","NM","87112","US","America/Denver","https://local.albertsonsmarket.com/nm/albuquerque/2910-juan-tabo-blvd-ne.html","8.09","True","True","True","False","87101"
"1904","Albertsons Market","Albertsons Market","","shopalbertsonsmarket","ACTIVE","4950 Montgomery Blvd NE","Albuquerque","NM","87109","US","America/Denver","https://local.albertsonsmarket.com/nm/albuquerque/4950-montgomery-blvd-ne.html","5.18","True","True","True","False","87101"
"1915","Albertsons Market","Albertsons Market","","shopalbertsonsmarket","ACTIVE","6200 Coors Blvd NW","Albuquerque","NM","87120","US","America/Denver","https://local.albertsonsmarket.com/nm/albuquerque/6200-coors-blvd-nw.html","5.91","True","True","True","False","87101"
"938","Albertsons Market","Albertsons Market","","shopalbertsonsmarket","ACTIVE","7101 Wyoming Blvd NE","Albuquerque","NM","87109","US","America/Denver","https://local.albertsonsmarket.com/nm/albuquerque/7101-wyoming-blvd-ne.html","7.79","False","False","False","False","87101"
"924","Albertsons Market","Albertsons Market","","shopalbertsonsmarket","ACTIVE","8100 Ventura St NE","Albuquerque","NM","87122","US","America/Denver","https://local.albertsonsmarket.com/nm/albuquerque/8100-ventura-st-ne.html","9.35","True","True","True","False","87101"
"665","Albertsons Market","Albertsons Market","","shopalbertsonsmarket","ACTIVE","202 W Church St","Carlsbad","NM","88220","US","America/Denver","https://local.albertsonsmarket.com/nm/carlsbad/202-w-church-st.html","147.85","True","True","True","False","88001"
"1686","Albertsons Market","Albertsons Market","","shopalbertsonsmarket","ACTIVE","1905 N Prince St","Clovis","NM","88101","US","America/Denver","https://local.albertsonsmarket.com/nm/clovis/1905-n-prince-st.html","10.14","True","True","True","False","88101"
"680","Albertsons Market","Albertsons Market","","shopalbertsonsmarket","ACTIVE","2402 N Grimes St","Hobbs","NM","88240","US","America/Denver","https://local.albertsonsmarket.com/nm/hobbs/2402-n-grimes-st.html","124.83","True","True","True","False","88101"
"1919","Albertsons Market","Albertsons Market","","shopalbertsonsmarket","ACTIVE","2351 Main St SE","Los Lunas","NM","87031","US","America/Denver","https://local.albertsonsmarket.com/nm/los-lunas/2351-main-st-se.html","18.8","True","True","True","False","87101"
"656","Albertsons Market","Albertsons Market","","shopalbertsonsmarket","ACTIVE","1415 N Main St","Lovington","NM","88260","US","America/Denver","https://local.albertsonsmarket.com/nm/lovington/1415-n-main-st.html","108.22","True","True","True","False","88101"
"903","Albertsons Market","Albertsons Market","","shopalbertsonsmarket","ACTIVE","4300 Ridgecrest Dr","Rio Rancho","NM","87124","US","America/Denver","https://local.albertsonsmarket.com/nm/rio-rancho/4300-ridgecrest-dr.html","12.58","True","True","True","False","87101"
"2923","Albertsons Market","Albertsons Market","","shopalbertsonsmarket","ACTIVE","7800 Enchanted Hills Dr NE","Rio Rancho","NM","87144","US","America/Denver","https://local.albertsonsmarket.com/nm/rio-rancho/7800-enchanted-hills-dr-ne.html","17.83","True","True","True","False","87101"
"3690","Albertsons Market","Albertsons Market","","shopalbertsonsmarket","ACTIVE","1110 S Main St","Roswell","NM","88203","US","America/Denver","https://local.albertsonsmarket.com/nm/roswell/1110-s-main-st.html","149.55","True","True","True","False","88001"
"692","Albertsons Market","Albertsons Market","","shopalbertsonsmarket","ACTIVE","900 W 2nd St","Roswell","NM","88201","US","America/Denver","https://local.albertsonsmarket.com/nm/roswell/900-w-2nd-st.html","149.41","True","True","False","False","88001"
"682","Albertsons Market","Albertsons Market","","shopalbertsonsmarket","ACTIVE","721 Mechem Dr","Ruidoso","NM","88345","US","America/Denver","https://local.albertsonsmarket.com/nm/ruidoso/721-mechem-dr.html","95.73","False","False","False","False","88001"
"3987","Albertsons Market","Albertsons Market","","shopalbertsonsmarket","ACTIVE","3001 S St Francis Dr","Santa Fe","NM","87501","US","America/Denver","https://local.albertsonsmarket.com/nm/santa-fe/3001-s-st-francis-dr.html","55.63","True","True","True","False","87101"
"986","Albertsons Market","Albertsons Market","","shopalbertsonsmarket","ACTIVE","3542 Zafarano Dr","Santa Fe","NM","87507","US","America/Denver","https://local.albertsonsmarket.com/nm/santa-fe/3542-zafarano-dr.html","53.14","True","True","True","False","87101"
"2920","Albertsons Market","Albertsons Market","","shopalbertsonsmarket","ACTIVE","710 A Paseo del Pueblo Sur","Taos","NM","87571","US","America/Denver","https://local.albertsonsmarket.com/nm/taos/710-a-paseo-del-pueblo-sur.html","109.19","True","True","True","False","87101"
"921","Market Street","Market Street","","shopmarketstreet","ACTIVE","2200 Unser Blvd SE","Rio Rancho","NM","87124","US","America/Denver","https://local.marketstreetunited.com/nm/rio-rancho/2200-unser-blvd-se.html","10.74","True","True","True","False","87101"
"927","Market Street","Market Street","","shopmarketstreet","ACTIVE","600 N Guadalupe St","Santa Fe","NM","87501","US","America/Denver","https://local.marketstreetunited.com/nm/santa-fe/600-n-guadalupe-st.html","58.2","True","True","True","False","87101"
"1438","Safeway","Safeway","","safeway","ACTIVE","415 N Main Ave","Aztec","NM","87410","US","America/Denver","https://local.safeway.com/safeway/nm/aztec/415-n-main-ave.html","13.28","True","True","True","False","87401"
"2004","Safeway","Safeway","","safeway","ACTIVE","3540 E Main St","Farmington","NM","87402","US","America/Denver","https://local.safeway.com/safeway/nm/farmington/3540-e-main-st.html","2.95","True","True","True","False","87401"
"1743","Safeway","Safeway","","safeway","ACTIVE","980 N Hwy 491","Gallup","NM","87301","US","America/Denver","https://local.safeway.com/safeway/nm/gallup/980-n-hwy-491.html","123.35","True","True","True","False","87101"
"93","Albertsons","Albertsons","","albertsons","ACTIVE","1008 Nevada Hwy","Boulder City","NV","89005","US","America/Los_Angeles","https://local.albertsons.com/nv/boulder-city/1008-nevada-hwy.html","5.4","True","True","True","False","89002"
"155","Albertsons","Albertsons","","albertsons","ACTIVE","2582 Idaho St","Elko","NV","89801","US","America/Los_Angeles","https://local.albertsons.com/nv/elko/2582-idaho-st.html","230.22","True","True","False","False","89431"
"3206","Albertsons","Albertsons","","albertsons","ACTIVE","190 N Boulder Hwy","Henderson","NV","89015","US","America/Los_Angeles","https://local.albertsons.com/nv/henderson/190-n-boulder-hwy.html","9.17","True","True","True","False","89104"
"2","Albertsons","Albertsons","","albertsons","ACTIVE","201 S Stephanie St","Henderson","NV","89012","US","America/Los_Angeles","https://local.albertsons.com/nv/henderson/201-s-stephanie-st.html","9.08","True","True","True","False","89104"
"3207","Albertsons","Albertsons","","albertsons","ACTIVE","2910 Bicentennial Pkwy","Henderson","NV","89044","US","America/Los_Angeles","https://local.albertsons.com/nv/henderson/2910-bicentennial-pkwy.html","6.98","True","True","True","False","89074"
"3205","Albertsons","Albertsons","","albertsons","ACTIVE","575 College Dr","Henderson","NV","89015","US","America/Los_Angeles","https://local.albertsons.com/nv/henderson/575-college-dr.html","14.01","True","True","True","False","89156"
"46","Albertsons","Albertsons","","albertsons","ACTIVE","1001 S Rainbow Blvd","Las Vegas","NV","89145","US","America/Los_Angeles","https://local.albertsons.com/nv/las-vegas/1001-s-rainbow-blvd.html","6.83","True","True","True","False","89101"
"3021","Albertsons","Albertsons","","albertsons","ACTIVE","10140 W Flamingo Rd","Las Vegas","NV","89147","US","America/Los_Angeles","https://local.albertsons.com/nv/las-vegas/10140-w-flamingo-rd.html","10.81","True","True","True","False","89130"
"3016","Albertsons","Albertsons","","albertsons","ACTIVE","10250 W Charleston Blvd","Las Vegas","NV","89135","US","America/Los_Angeles","https://local.albertsons.com/nv/las-vegas/10250-w-charleston-blvd.html","336.3","True","True","True","False","89431"
"460","Albertsons","Albertsons","","albertsons","ACTIVE","11720 W Charleston Blvd","Las Vegas","NV","89135","US","America/Los_Angeles","https://local.albertsons.com/nv/las-vegas/11720-w-charleston-blvd.html","335.08","True","True","True","False","89431"
"4011","Albertsons","Albertsons","","albertsons","ACTIVE","1650 N Buffalo Dr","Las Vegas","NV","89128","US","America/Los_Angeles","https://local.albertsons.com/nv/las-vegas/1650-n-buffalo-dr.html","7.66","True","True","True","False","89101"
"45","Albertsons","Albertsons","","albertsons","ACTIVE","1760 E Charleston Blvd","Las Vegas","NV","89104","US","America/Los_Angeles","https://local.albertsons.com/nv/las-vegas/1760-e-charleston-blvd.html","0.89","True","True","True","False","89101"
"3333","Albertsons","Albertsons","","albertsons","ACTIVE","1940 Village Center Circle","Las Vegas","NV","89134","US","America/Los_Angeles","https://local.albertsons.com/nv/las-vegas/1940-village-center-circle.html","335.22","True","True","True","False","89431"
"13","Albertsons","Albertsons","","albertsons","ACTIVE","2550 S Fort Apache Rd","Las Vegas","NV","89117","US","America/Los_Angeles","https://local.albertsons.com/nv/las-vegas/2550-s-fort-apache-rd.html","8.71","True","True","True","False","89130"
"4024","Albertsons","Albertsons","","albertsons","ACTIVE","2835 S Nellis Blvd","Las Vegas","NV","89121","US","America/Los_Angeles","https://local.albertsons.com/nv/las-vegas/2835-s-nellis-blvd.html","3.82","True","True","True","False","89101"
"662","Albertsons","Albertsons","","albertsons","ACTIVE","2885 E Desert Inn Rd","Las Vegas","NV","89121","US","America/Los_Angeles","https://local.albertsons.com/nv/las-vegas/2885-e-desert-inn-rd.html","2.95","True","True","True","False","89101"
"4004","Albertsons","Albertsons","","albertsons","ACTIVE","4055 S Durango Dr","Las Vegas","NV","89147","US","America/Los_Angeles","https://local.albertsons.com/nv/las-vegas/4055-s-durango-dr.html","9.53","True","True","True","False","89101"
"332","Albertsons","Albertsons","","albertsons","ACTIVE","4800 Blue Diamond Rd","Las Vegas","NV","89139","US","America/Los_Angeles","https://local.albertsons.com/nv/las-vegas/4800-blue-diamond-rd.html","10.75","True","True","True","False","89104"
"61","Albertsons","Albertsons","","albertsons","ACTIVE","4850 W Craig Rd","Las Vegas","NV","89130","US","America/Los_Angeles","https://local.albertsons.com/nv/las-vegas/4850-w-craig-rd.html","6.82","True","True","True","False","89101"
"1059","Albertsons","Albertsons","","albertsons","ACTIVE","5500 Boulder Hwy","Las Vegas","NV","89122","US","America/Los_Angeles","https://local.albertsons.com/nv/las-vegas/5500-boulder-hwy.html","6.09","True","True","True","False","89101"
"4091","Albertsons","Albertsons","","albertsons","ACTIVE","5881 E Charleston Blvd","Las Vegas","NV","89142","US","America/Los_Angeles","https://local.albertsons.com/nv/las-vegas/5881-e-charleston-blvd.html","4.44","True","True","True","False","89101"
"129","Albertsons","Albertsons","","albertsons","ACTIVE","5975 W Tropicana Ave","Las Vegas","NV","89103","US","America/Los_Angeles","https://local.albertsons.com/nv/las-vegas/5975-w-tropicana-ave.html","7.44","True","True","True","False","89101"
"3489","Albertsons","Albertsons","","albertsons","ACTIVE","6730 N Hualapai Way","Las Vegas","NV","89149","US","America/Los_Angeles","https://local.albertsons.com/nv/las-vegas/6730-n-hualapai-way.html","330.5","True","True","True","False","89431"
"89","Albertsons","Albertsons","","albertsons","ACTIVE","6885 E Lake Mead Blvd","Las Vegas","NV","89156","US","America/Los_Angeles","https://local.albertsons.com/nv/las-vegas/6885-e-lake-mead-blvd.html","5.84","True","True","True","False","89101"
"90","Albertsons","Albertsons","","albertsons","ACTIVE","7075 W Ann Rd","Las Vegas","NV","89130","US","America/Los_Angeles","https://local.albertsons.com/nv/las-vegas/7075-w-ann-rd.html","9.36","True","True","True","False","89101"
"118","Albertsons","Albertsons","","albertsons","ACTIVE","7151 W Craig Rd","Las Vegas","NV","89129","US","America/Los_Angeles","https://local.albertsons.com/nv/las-vegas/7151-w-craig-rd.html","8.5","True","True","True","False","89101"
"4017","Albertsons","Albertsons","","albertsons","ACTIVE","7271 S Eastern Ave","Las Vegas","NV","89119","US","America/Los_Angeles","https://local.albertsons.com/nv/las-vegas/7271-s-eastern-ave.html","7.73","True","True","True","False","89101"
"276","Albertsons","Albertsons","","albertsons","ACTIVE","7350 S Rainbow Blvd","Las Vegas","NV","89139","US","America/Los_Angeles","https://local.albertsons.com/nv/las-vegas/7350-s-rainbow-blvd.html","9.58","True","True","True","False","89121"
"2804","Albertsons","Albertsons","","albertsons","ACTIVE","7975 Blue Diamond Rd","Las Vegas","NV","89178","US","America/Los_Angeles","https://local.albertsons.com/nv/las-vegas/7975-blue-diamond-rd.html","6.35","True","True","True","False","89123"
"212","Albertsons","Albertsons","","albertsons","ACTIVE","8350 W Cheyenne Ave","Las Vegas","NV","89129","US","America/Los_Angeles","https://local.albertsons.com/nv/las-vegas/8350-w-cheyenne-ave.html","9.16","True","True","True","False","89101"
"4009","Albertsons","Albertsons","","albertsons","ACTIVE","8410 Farm Rd","Las Vegas","NV","89131","US","America/Los_Angeles","https://local.albertsons.com/nv/las-vegas/8410-farm-rd.html","331.09","True","True","True","False","89431"
"4006","Albertsons","Albertsons","","albertsons","ACTIVE","9725 S Maryland Pkwy","Las Vegas","NV","89183","US","America/Los_Angeles","https://local.albertsons.com/nv/las-vegas/9725-s-maryland-pkwy.html","10.13","True","True","True","False","89104"
"4005","Albertsons","Albertsons","","albertsons","ACTIVE","3010 W Ann Rd","North Las Vegas","NV","89031","US","America/Los_Angeles","https://local.albertsons.com/nv/north-las-vegas/3010-w-ann-rd.html","7.21","True","True","True","False","89101"
"341","Albertsons","Albertsons","","albertsons","ACTIVE","200 S Hwy 160","Pahrump","NV","89048","US","America/Los_Angeles","https://local.albertsons.com/nv/pahrump/200-s-hwy-160.html","307.89","True","True","True","False","89431"
"1517","Safeway","Safeway","","safeway","ACTIVE","890 W Williams Ave","Fallon","NV","89406","US","America/Los_Angeles","https://local.safeway.com/safeway/nv/fallon/890-w-williams-ave.html","51.49","True","True","True","False","89431"
"2255","Safeway","Safeway","","safeway","ACTIVE","1095 Hwy 95","Hawthorne","NV","89415","US","America/Los_Angeles","https://local.safeway.com/safeway/nv/hawthorne/1095-hwy-95.html","91.85","True","True","True","False","89431"
"4160","Safeway","Safeway","","safeway","ACTIVE","400 Dartmouth Ave","Lovelock","NV","89419","US","America/Los_Angeles","https://local.safeway.com/safeway/nv/lovelock/400-dartmouth-ave.html","80.72","True","True","False","False","89431"
"188","Safeway","Safeway","","safeway","ACTIVE","1031 Steamboat Pkwy","Reno","NV","89521","US","America/Los_Angeles","https://local.safeway.com/safeway/nv/reno/1031-steamboat-pkwy.html","7.97","True","True","True","False","89431"
"1210","Safeway","Safeway","","safeway","ACTIVE","5150 Mae Anne Ave","Reno","NV","89523","US","America/Los_Angeles","https://local.safeway.com/safeway/nv/reno/5150-mae-anne-ave.html","6.39","True","True","True","False","89431"
"2656","Safeway","Safeway","","safeway","ACTIVE","2858 Vista Blvd","Sparks","NV","89434","US","America/Los_Angeles","https://local.safeway.com/safeway/nv/sparks/2858-vista-blvd.html","2.62","True","True","True","False","89431"
"1537","Safeway","Safeway","","safeway","ACTIVE","212 Elks Point Rd","Zephyr Cove","NV","89448","US","America/Los_Angeles","https://local.safeway.com/safeway/nv/zephyr-cove/212-elks-point-rd.html","39.71","True","True","True","False","89431"
"1795","Vons","Vons","","vons","ACTIVE","2511 Anthem Village","Henderson","NV","89052","US","America/Los_Angeles","https://local.vons.com/nv/henderson/2511-anthem-village.html","9.58","True","True","True","False","89121"
"2511","Vons","Vons","","vons","ACTIVE","2667 E Windmill Pkwy","Henderson","NV","89074","US","America/Los_Angeles","https://local.vons.com/nv/henderson/2667-e-windmill-pkwy.html","8.95","True","True","True","False","89101"
"2615","Vons","Vons","","vons","ACTIVE","45 E Horizon Ridge Pkwy","Henderson","NV","89002","US","America/Los_Angeles","https://local.vons.com/nv/henderson/45-e-horizon-ridge-pkwy.html","9.14","True","True","True","False","89121"
"2396","Vons","Vons","","vons","ACTIVE","1131 E Tropicana Ave","Las Vegas","NV","89119","US","America/Los_Angeles","https://local.vons.com/nv/las-vegas/1131-e-tropicana-ave.html","4.89","True","True","True","False","89101"
"1963","Vons","Vons","","vons","ACTIVE","1155 E Twain Ave","Las Vegas","NV","89169","US","America/Los_Angeles","https://local.vons.com/nv/las-vegas/1155-e-twain-ave.html","3.48","True","True","True","False","89101"
"2390","Vons","Vons","","vons","ACTIVE","475 E Windmill Ln","Las Vegas","NV","89123","US","America/Los_Angeles","https://local.vons.com/nv/las-vegas/475-e-windmill-ln.html","9.03","True","True","True","False","89101"
"2613","Vons","Vons","","vons","ACTIVE","6450 Sky Pointe Dr","Las Vegas","NV","89131","US","America/Los_Angeles","https://local.vons.com/nv/las-vegas/6450-sky-pointe-dr.html","332.79","True","True","True","False","89431"
"2614","Vons","Vons","","vons","ACTIVE","7405 S Durango Dr","Las Vegas","NV","89113","US","America/Los_Angeles","https://local.vons.com/nv/las-vegas/7405-s-durango-dr.html","7.27","True","True","True","False","89123"
"2422","ACME Markets","ACME Markets","","acmemarkets","ACTIVE","1511 NY Route 22","Brewster","NY","10509","US","America/New_York","https://local.acmemarkets.com/ny/brewster/1511-ny-route-22.html","23.24","True","True","True","False","06880"
"2495","ACME Markets","ACME Markets","","acmemarkets","ACTIVE","1886 Pleasantville Rd","Briarcliff Manor","NY","10510","US","America/New_York","https://local.acmemarkets.com/ny/briarcliff-manor/1886-pleasantville-rd.html","13.68","True","True","True","False","06830"
"2437","ACME Markets","ACME Markets","","acmemarkets","ACTIVE","12 Cedar St","Bronxville","NY","10708","US","America/New_York","https://local.acmemarkets.com/ny/bronxville/12-cedar-st.html","14.33","True","True","True","False","06830"
"2424","ACME Markets","ACME Markets","","acmemarkets","ACTIVE","100 Route 22","Goldens Bridge","NY","10526","US","America/New_York","https://local.acmemarkets.com/ny/goldens-bridge/100-route-22.html","15.94","True","True","True","False","06830"
"2428","ACME Markets","ACME Markets","","acmemarkets","ACTIVE","829 Route 82","Hopewell Junction","NY","12533","US","America/New_York","https://local.acmemarkets.com/ny/hopewell-junction/829-route-82.html","60.11","True","True","True","False","06103"
"2446","ACME Markets","ACME Markets","","acmemarkets","ACTIVE","272 US Route 6","Mahopac","NY","10541","US","America/New_York","https://local.acmemarkets.com/ny/mahopac/272-us-route-6.html","20.64","True","True","True","False","06830"
"2418","ACME Markets","ACME Markets","","acmemarkets","ACTIVE","3071 E Main St","Mohegan Lake","NY","10547","US","America/New_York","https://local.acmemarkets.com/ny/mohegan-lake/3071-e-main-st.html","21.28","True","True","True","False","06830"
"2630","ACME Markets","ACME Markets","","acmemarkets","ACTIVE","23 Quaker Ridge Rd","New Rochelle","NY","10804","US","America/New_York","https://local.acmemarkets.com/ny/new-rochelle/23-quaker-ridge-rd.html","12.36","True","True","True","False","06830"
"1063","ACME Markets","ACME Markets","","acmemarkets","ACTIVE","3101 Route 22","Patterson","NY","12563","US","America/New_York","https://local.acmemarkets.com/ny/patterson/3101-route-22.html","29.58","True","True","True","False","06880"
"2632","ACME Markets","ACME Markets","","acmemarkets","ACTIVE","13 North Ave","Pleasant Valley","NY","12569","US","America/New_York","https://local.acmemarkets.com/ny/pleasant-valley/13-north-ave.html","59.38","True","True","True","False","06103"
"2450","ACME Markets","ACME Markets","","acmemarkets","ACTIVE","261 S Ridge St","Rye Brook","NY","10573","US","America/New_York","https://local.acmemarkets.com/ny/rye-brook/261-s-ridge-st.html","5.6","True","True","True","False","06830"
"2830","ACME Markets","ACME Markets","","acmemarkets","ACTIVE","1366 E Main St","Shrub Oak","NY","10588","US","America/New_York","https://local.acmemarkets.com/ny/shrub-oak/1366-e-main-st.html","21.31","True","True","True","False","06830"
"2416","ACME Markets","ACME Markets","","acmemarkets","ACTIVE","610 Columbus Ave","Thornwood","NY","10594","US","America/New_York","https://local.acmemarkets.com/ny/thornwood/610-columbus-ave.html","8.57","True","True","True","False","06830"
"2499","ACME Markets","ACME Markets","","acmemarkets","ACTIVE","103 Knollwood Rd","White Plains","NY","10607","US","America/New_York","https://local.acmemarkets.com/ny/white-plains/103-knollwood-rd.html","10.03","True","True","True","False","06830"
"2417","ACME Markets","ACME Markets","","acmemarkets","ACTIVE","660 McLean Ave","Yonkers","NY","10704","US","America/New_York","https://local.acmemarkets.com/ny/yonkers/660-mclean-ave.html","17.34","True","True","True","False","06830"
"2411","ACME Markets","ACME Markets","","acmemarkets","ACTIVE","100 Triangle Center","Yorktown Heights","NY","10598","US","America/New_York","https://local.acmemarkets.com/ny/yorktown-heights/100-triangle-center.html","16.8","True","True","True","False","06830"
"3607","Balducci's","Balducci's","","balduccis","ACTIVE","144 S Ridge St","Rye Brook","NY","10573","US","America/New_York","https://local.balduccis.com/ny/rye-brook/144-s-ridge-st.html","5.56","True","True","True","False","06830"
"3609","Balducci's","Balducci's","","balduccis","ACTIVE","15 Palmer Ave","Scarsdale","NY","10583","US","America/New_York","https://local.balduccis.com/ny/scarsdale/15-palmer-ave.html","9.94","True","True","True","False","06830"
"3619","Kings Food Markets","Kings Food Markets","","kingsfoodmarkets","ACTIVE","870 Franklin Ave","Garden City","NY","11530","US","America/New_York","https://local.kingsfoodmarkets.com/ny/garden-city/870-franklin-ave.html","23.05","True","True","True","False","06901"
"31","Albertsons","Albertsons","","albertsons","ACTIVE","1855 12th Ave NW","Ardmore","OK","73401","US","America/Chicago","https://local.albertsons.com/ok/ardmore/1855-12th-ave-nw.html","91.05","True","True","True","False","73102"
"573","Albertsons","Albertsons","","albertsons","ACTIVE","2301 Ashland St","Ashland","OR","97520","US","America/Los_Angeles","https://local.albertsons.com/or/ashland/2301-ashland-st.html","12.99","True","True","True","False","97501"
"3211","Albertsons","Albertsons","","albertsons","ACTIVE","1120 Campbell St","Baker City","OR","97814","US","America/Los_Angeles","https://local.albertsons.com/or/baker-city/1120-campbell-st.html","97.93","True","True","True","False","97720"
"2599","Albertsons","Albertsons","","albertsons","ACTIVE","1800 NE 3rd St","Bend","OR","97701","US","America/Los_Angeles","https://local.albertsons.com/or/bend/1800-ne-3rd-st.html","132.91","True","True","True","False","97603"
"3595","Albertsons","Albertsons","","albertsons","ACTIVE","1360 Plaza Blvd","Central Point","OR","97502","US","America/Los_Angeles","https://local.albertsons.com/or/central-point/1360-plaza-blvd.html","57.43","True","True","True","False","97470"
"3529","Albertsons","Albertsons","","albertsons","ACTIVE","1675 W 18th Ave","Eugene","OR","97402","US","America/Los_Angeles","https://local.albertsons.com/or/eugene/1675-w-18th-ave.html","2.22","True","True","True","False","97401"
"3564","Albertsons","Albertsons","","albertsons","ACTIVE","3075 Hilyard St","Eugene","OR","97405","US","America/Los_Angeles","https://local.albertsons.com/or/eugene/3075-hilyard-st.html","2.82","True","True","True","False","97401"
"572","Albertsons","Albertsons","","albertsons","ACTIVE","311 Coburg Rd","Eugene","OR","97401","US","America/Los_Angeles","https://local.albertsons.com/or/eugene/311-coburg-rd.html","0.54","True","True","True","False","97401"
"513","Albertsons","Albertsons","","albertsons","ACTIVE","4740 Royal Ave","Eugene","OR","97402","US","America/Los_Angeles","https://local.albertsons.com/or/eugene/4740-royal-ave.html","4.71","True","True","True","False","97401"
"560","Albertsons","Albertsons","","albertsons","ACTIVE","55 Division Ave","Eugene","OR","97404","US","America/Los_Angeles","https://local.albertsons.com/or/eugene/55-division-ave.html","3.35","True","True","True","False","97401"
"3541","Albertsons","Albertsons","","albertsons","ACTIVE","1690 Allen Creek Rd","Grants Pass","OR","97527","US","America/Los_Angeles","https://local.albertsons.com/or/grants-pass/1690-allen-creek-rd.html","74.33","True","True","True","False","97420"
"590","Albertsons","Albertsons","","albertsons","ACTIVE","7500 SW Baseline Rd","Hillsboro","OR","97123","US","America/Los_Angeles","https://local.albertsons.com/or/hillsboro/7500-sw-baseline-rd.html","5.13","True","True","True","False","97005"
"3531","Albertsons","Albertsons","","albertsons","ACTIVE","16199 Boones Ferry Rd","Lake Oswego","OR","97035","US","America/Los_Angeles","https://local.albertsons.com/or/lake-oswego/16199-boones-ferry-rd.html","6.92","True","True","True","False","97005"
"2528","Albertsons","Albertsons","","albertsons","ACTIVE","615 SW Keck Dr","McMinnville","OR","97128","US","America/Los_Angeles","https://local.albertsons.com/or/mcminnville/615-sw-keck-dr.html","19.93","True","True","True","False","97301"
"3593","Albertsons","Albertsons","","albertsons","ACTIVE","113 Ross Ln","Medford","OR","97501","US","America/Los_Angeles","https://local.albertsons.com/or/medford/113-ross-ln.html","60.89","True","True","True","False","97470"
"3508","Albertsons","Albertsons","","albertsons","ACTIVE","910 N Phoenix Rd","Medford","OR","97504","US","America/Los_Angeles","https://local.albertsons.com/or/medford/910-n-phoenix-rd.html","4.25","True","True","True","False","97501"
"131","Albertsons","Albertsons","","albertsons","ACTIVE","1410 Westpark Plaza","Ontario","OR","97914","US","America/Denver","https://local.albertsons.com/or/ontario/1410-westpark-plaza.html","98.24","True","True","True","False","97720"
"571","Albertsons","Albertsons","","albertsons","ACTIVE","19007 S Beavercreek Rd","Oregon City","OR","97045","US","America/Los_Angeles","https://local.albertsons.com/or/oregon-city/19007-s-beavercreek-rd.html","7.54","True","True","True","False","97034"
"564","Albertsons","Albertsons","","albertsons","ACTIVE","451 NE 181st St","Portland","OR","97230","US","America/Los_Angeles","https://local.albertsons.com/or/portland/451-ne-181st-st.html","8.11","True","True","True","False","97232"
"575","Albertsons","Albertsons","","albertsons","ACTIVE","5850 NE Prescott","Portland","OR","97218","US","America/Los_Angeles","https://local.albertsons.com/or/portland/5850-ne-prescott.html","5.59","True","True","True","False","97205"
"570","Albertsons","Albertsons","","albertsons","ACTIVE","2000 Marcola Rd","Springfield","OR","97477","US","America/Los_Angeles","https://local.albertsons.com/or/springfield/2000-marcola-rd.html","4.46","True","True","True","False","97401"
"574","Albertsons","Albertsons","","albertsons","ACTIVE","5755 S Main St","Springfield","OR","97478","US","America/Los_Angeles","https://local.albertsons.com/or/springfield/5755-s-main-st.html","7.93","True","True","True","False","97401"
"1659","Safeway","Safeway","","safeway","ACTIVE","1990 14th Ave SE","Albany","OR","97322","US","America/Los_Angeles","https://local.safeway.com/safeway/or/albany/1990-14th-ave-se.html","22.41","True","True","True","False","97301"
"3557","Safeway","Safeway","","safeway","ACTIVE","6055 SW 185th Ave","Aloha","OR","97078","US","America/Los_Angeles","https://local.safeway.com/safeway/or/aloha/6055-sw-185th-ave.html","3.41","True","True","True","False","97005"
"3212","Safeway","Safeway","","safeway","ACTIVE","585 Siskiyou Blvd","Ashland","OR","97520","US","America/Los_Angeles","https://local.safeway.com/safeway/or/ashland/585-siskiyou-blvd.html","11.22","True","True","False","False","97501"
"2627","Safeway","Safeway","","safeway","ACTIVE","3250 Leif Erickson Dr","Astoria","OR","97103","US","America/Los_Angeles","https://local.safeway.com/safeway/or/astoria/3250-leif-erickson-dr.html","19.89","True","True","True","False","97138"
"2631","Safeway","Safeway","","safeway","ACTIVE","14555 SW Teal Blvd","Beaverton","OR","97007","US","America/Los_Angeles","https://local.safeway.com/safeway/or/beaverton/14555-sw-teal-blvd.html","3.65","True","True","True","False","97005"
"1889","Safeway","Safeway","","safeway","ACTIVE","20535 SW Tualatin Valley Hwy","Beaverton","OR","97006","US","America/Los_Angeles","https://local.safeway.com/safeway/or/beaverton/20535-sw-tualatin-valley-hwy.html","4.16","True","True","True","False","97005"
"1073","Safeway","Safeway","","safeway","ACTIVE","6194 SW Murray Blvd","Beaverton","OR","97008","US","America/Los_Angeles","https://local.safeway.com/safeway/or/beaverton/6194-sw-murray-blvd.html","1.61","True","True","True","False","97005"
"1504","Safeway","Safeway","","safeway","ACTIVE","2650 NE Hwy 20","Bend","OR","97701","US","America/Los_Angeles","https://local.safeway.com/safeway/or/bend/2650-ne-hwy-20.html","132.49","True","True","True","False","97603"
"1888","Safeway","Safeway","","safeway","ACTIVE","320 W Century Blvd","Bend","OR","97702","US","America/Los_Angeles","https://local.safeway.com/safeway/or/bend/320-w-century-blvd.html","131.27","True","True","True","False","97603"
"3553","Safeway","Safeway","","safeway","ACTIVE","61155 S Hwy 97","Bend","OR","97702","US","America/Los_Angeles","https://local.safeway.com/safeway/or/bend/61155-s-hwy-97.html","129.55","True","True","True","False","97603"
"514","Safeway","Safeway","","safeway","ACTIVE","642 NE 3rd","Bend","OR","97701","US","America/Los_Angeles","https://local.safeway.com/safeway/or/bend/642-ne-3rd.html","132.11","True","True","True","False","97603"
"4469","Safeway","Safeway","","safeway","ACTIVE","246 W Monroe St","Burns","OR","97720","US","America/Los_Angeles","https://local.safeway.com/safeway/or/burns/246-w-monroe-st.html","116.29","True","True","False","False","97630"
"2604","Safeway","Safeway","","safeway","ACTIVE","1051 SW 1st Ave","Canby","OR","97013","US","America/Los_Angeles","https://local.safeway.com/safeway/or/canby/1051-sw-1st-ave.html","25.88","True","True","True","False","97301"
"1231","Safeway","Safeway","","safeway","ACTIVE","12032 SE Sunnyside Rd","Clackamas","OR","97015","US","America/Los_Angeles","https://local.safeway.com/safeway/or/clackamas/12032-se-sunnyside-rd.html","8.69","True","True","True","False","97232"
"4318","Safeway","Safeway","","safeway","ACTIVE","401 W Columbia River Hwy","Clatskanie","OR","97016","US","America/Los_Angeles","https://local.safeway.com/safeway/or/clatskanie/401-w-columbia-river-hwy.html","27.03","True","True","False","False","97138"
"1556","Safeway","Safeway","","safeway","ACTIVE","230 E Johnson Ave","Coos Bay","OR","97420","US","America/Los_Angeles","https://local.safeway.com/safeway/or/coos-bay/230-e-johnson-ave.html","6.66","True","True","True","False","97420"
"4262","Safeway","Safeway","","safeway","ACTIVE","155 E 1st St","Coquille","OR","97423","US","America/Los_Angeles","https://local.safeway.com/safeway/or/coquille/155-e-1st-st.html","13.53","True","True","False","False","97420"
"4333","Safeway","Safeway","","safeway","ACTIVE","450 SW 3rd St","Corvallis","OR","97333","US","America/Los_Angeles","https://local.safeway.com/safeway/or/corvallis/450-sw-3rd-st.html","29.61","True","True","True","False","97301"
"1765","Safeway","Safeway","","safeway","ACTIVE","5270 SW Philomath Blvd","Corvallis","OR","97333","US","America/Los_Angeles","https://local.safeway.com/safeway/or/corvallis/5270-sw-philomath-blvd.html","35.45","True","True","True","False","97401"
"1690","Safeway","Safeway","","safeway","ACTIVE","590 NE Circle Blvd","Corvallis","OR","97330","US","America/Los_Angeles","https://local.safeway.com/safeway/or/corvallis/590-ne-circle-blvd.html","27.72","True","True","True","False","97301"
"1458","Safeway","Safeway","","safeway","ACTIVE","1500 E Main St","Cottage Grove","OR","97424","US","America/Los_Angeles","https://local.safeway.com/safeway/or/cottage-grove/1500-e-main-st.html","18.43","True","True","True","False","97401"
"4404","Safeway","Safeway","","safeway","ACTIVE","138 W Ellendale Ave","Dallas","OR","97338","US","America/Los_Angeles","https://local.safeway.com/safeway/or/dallas/138-w-ellendale-ave.html","15.26","True","True","True","False","97301"
"521","Safeway","Safeway","","safeway","ACTIVE","20151 SE Hwy 212","Damascus","OR","97089","US","America/Los_Angeles","https://local.safeway.com/safeway/or/damascus/20151-se-hwy-212.html","5.09","True","True","True","False","97236"
"371","Safeway","Safeway","","safeway","ACTIVE","601 W North St","Enterprise","OR","97828","US","America/Los_Angeles","https://local.safeway.com/safeway/or/enterprise/601-w-north-st.html","149.52","True","True","False","False","97720"
"4288","Safeway","Safeway","","safeway","ACTIVE","145 E 18th Ave","Eugene","OR","97401","US","America/Los_Angeles","https://local.safeway.com/safeway/or/eugene/145-e-18th-ave.html","1.62","True","True","True","False","97401"
"420","Safeway","Safeway","","safeway","ACTIVE","1500 Coburg Rd","Eugene","OR","97401","US","America/Los_Angeles","https://local.safeway.com/safeway/or/eugene/1500-coburg-rd.html","1.23","True","True","True","False","97401"
"4513","Safeway","Safeway","","safeway","ACTIVE","350 E 40th Ave","Eugene","OR","97405","US","America/Los_Angeles","https://local.safeway.com/safeway/or/eugene/350-e-40th-ave.html","3.66","True","True","True","False","97401"
"363","Safeway","Safeway","","safeway","ACTIVE","700 Hwy 101","Florence","OR","97439","US","America/Los_Angeles","https://local.safeway.com/safeway/or/florence/700-hwy-101.html","51.04","True","True","True","False","97401"
"406","Safeway","Safeway","","safeway","ACTIVE","2836 Pacific Ave","Forest Grove","OR","97116","US","America/Los_Angeles","https://local.safeway.com/safeway/or/forest-grove/2836-pacific-ave.html","7.15","True","True","True","False","97124"
"4387","Safeway","Safeway","","safeway","ACTIVE","95 82nd Dr","Gladstone","OR","97027","US","America/Los_Angeles","https://local.safeway.com/safeway/or/gladstone/95-82nd-dr.html","7.07","True","True","True","False","97035"
"290","Safeway","Safeway","","safeway","ACTIVE","115 E 7th St","Grants Pass","OR","97526","US","America/Los_Angeles","https://local.safeway.com/safeway/or/grants-pass/115-e-7th-st.html","73.89","True","True","True","False","97420"
"379","Safeway","Safeway","","safeway","ACTIVE","1640 Williams Hwy","Grants Pass","OR","97527","US","America/Los_Angeles","https://local.safeway.com/safeway/or/grants-pass/1640-williams-hwy.html","52.04","True","True","True","False","97470"
"1070","Safeway","Safeway","","safeway","ACTIVE","1001 SW Highland Dr","Gresham","OR","97080","US","America/Los_Angeles","https://local.safeway.com/safeway/or/gresham/1001-sw-highland-dr.html","8.68","True","True","True","False","97232"
"430","Safeway","Safeway","","safeway","ACTIVE","1455 NE Division St","Gresham","OR","97030","US","America/Los_Angeles","https://local.safeway.com/safeway/or/gresham/1455-ne-division-st.html","10.3","True","True","True","False","97218"
"444","Safeway","Safeway","","safeway","ACTIVE","990 Hwy 395 S","Hermiston","OR","97838","US","America/Los_Angeles","https://local.safeway.com/safeway/or/hermiston/990-hwy-395-s.html","157.48","True","True","True","False","97720"
"1230","Safeway","Safeway","","safeway","ACTIVE","2177 NW 185th Ave","Hillsboro","OR","97124","US","America/Los_Angeles","https://local.safeway.com/safeway/or/hillsboro/2177-nw-185th-ave.html","4.43","True","True","True","False","97005"
"1203","Safeway","Safeway","","safeway","ACTIVE","2525 SE Tualatin Valley Hwy","Hillsboro","OR","97123","US","America/Los_Angeles","https://local.safeway.com/safeway/or/hillsboro/2525-se-tualatin-valley-hwy.html","7.4","True","True","True","False","97005"
"591","Safeway","Safeway","","safeway","ACTIVE","888 NE 25th Ave","Hillsboro","OR","97124","US","America/Los_Angeles","https://local.safeway.com/safeway/or/hillsboro/888-ne-25th-ave.html","7.81","True","True","True","False","97005"
"1123","Safeway","Safeway","","safeway","ACTIVE","2249 Cascade Ave","Hood River","OR","97031","US","America/Los_Angeles","https://local.safeway.com/safeway/or/hood-river/2249-cascade-ave.html","197.91","True","True","True","False","97720"
"386","Safeway","Safeway","","safeway","ACTIVE","1755 Ivy St","Junction City","OR","97448","US","America/Los_Angeles","https://local.safeway.com/safeway/or/junction-city/1755-ivy-st.html","12.95","True","True","True","False","97401"
"1516","Safeway","Safeway","","safeway","ACTIVE","4990 River Rd","Keizer","OR","97303","US","America/Los_Angeles","https://local.safeway.com/safeway/or/keizer/4990-river-rd.html","3.62","True","True","True","False","97301"
"1478","Safeway","Safeway","","safeway","ACTIVE","15570 SW Pacific Hwy","King City","OR","97224","US","America/Los_Angeles","https://local.safeway.com/safeway/or/king-city/15570-sw-pacific-hwy.html","5.92","True","True","True","False","97005"
"577","Safeway","Safeway","","safeway","ACTIVE","5500 S 6th St","Klamath Falls","OR","97603","US","America/Los_Angeles","https://local.safeway.com/safeway/or/klamath-falls/5500-s-6th-st.html","59.99","True","True","True","False","97501"
"1827","Safeway","Safeway","","safeway","ACTIVE","2111 Adams Ave","La Grande","OR","97850","US","America/Los_Angeles","https://local.safeway.com/safeway/or/la-grande/2111-adams-ave.html","126.52","True","True","True","False","97720"
"1047","Safeway","Safeway","","safeway","ACTIVE","17779 Boones Ferry Rd","Lake Oswego","OR","97035","US","America/Los_Angeles","https://local.safeway.com/safeway/or/lake-oswego/17779-boones-ferry-rd.html","7.14","True","True","True","False","97005"
"508","Safeway","Safeway","","safeway","ACTIVE","401 A Ave","Lake Oswego","OR","97034","US","America/Los_Angeles","https://local.safeway.com/safeway/or/lake-oswego/401-a-ave.html","7.15","True","True","True","False","97205"
"4316","Safeway","Safeway","","safeway","ACTIVE","244 N F St","Lakeview","OR","97630","US","America/Los_Angeles","https://local.safeway.com/safeway/or/lakeview/244-n-f-st.html","108.18","True","True","False","False","97520"
"1558","Safeway","Safeway","","safeway","ACTIVE","1983 S Main St","Lebanon","OR","97355","US","America/Los_Angeles","https://local.safeway.com/safeway/or/lebanon/1983-s-main-st.html","29.37","True","True","True","False","97301"
"415","Safeway","Safeway","","safeway","ACTIVE","4101 NW Logan Rd","Lincoln City","OR","97367","US","America/Los_Angeles","https://local.safeway.com/safeway/or/lincoln-city/4101-nw-logan-rd.html","32.44","True","True","True","False","97338"
"1960","Safeway","Safeway","","safeway","ACTIVE","80 NE Cedar St","Madras","OR","97741","US","America/Los_Angeles","https://local.safeway.com/safeway/or/madras/80-ne-cedar-st.html","134.97","True","True","True","False","97720"
"1601","Safeway","Safeway","","safeway","ACTIVE","2490 N Hwy 99 W","McMinnville","OR","97128","US","America/Los_Angeles","https://local.safeway.com/safeway/or/mcminnville/2490-n-hwy-99-w.html","21.14","True","True","True","False","97301"
"525","Safeway","Safeway","","safeway","ACTIVE","1003 Medford Ctr","Medford","OR","97504","US","America/Los_Angeles","https://local.safeway.com/safeway/or/medford/1003-medford-ctr.html","60.9","True","True","True","False","97470"
"1643","Safeway","Safeway","","safeway","ACTIVE","3169 Crater Lake Hwy","Medford","OR","97504","US","America/Los_Angeles","https://local.safeway.com/safeway/or/medford/3169-crater-lake-hwy.html","59.06","True","True","True","False","97470"
"1590","Safeway","Safeway","","safeway","ACTIVE","455 N Columbia St","Milton Freewater","OR","97862","US","America/Los_Angeles","https://local.safeway.com/safeway/or/milton-freewater/455-n-columbia-st.html","165.08","True","True","True","False","97720"
"2696","Safeway","Safeway","","safeway","ACTIVE","14840 SE Webster Rd","Milwaukie","OR","97267","US","America/Los_Angeles","https://local.safeway.com/safeway/or/milwaukie/14840-se-webster-rd.html","7.81","True","True","True","False","97201"
"1751","Safeway","Safeway","","safeway","ACTIVE","1525 W Main St","Molalla","OR","97038","US","America/Los_Angeles","https://local.safeway.com/safeway/or/molalla/1525-w-main-st.html","24.09","True","True","True","False","97301"
"2623","Safeway","Safeway","","safeway","ACTIVE","1140 N Springbrook Rd","Newberg","OR","97132","US","America/Los_Angeles","https://local.safeway.com/safeway/or/newberg/1140-n-springbrook-rd.html","25.2","True","True","True","False","97301"
"1557","Safeway","Safeway","","safeway","ACTIVE","1735 Virginia Ave","North Bend","OR","97459","US","America/Los_Angeles","https://local.safeway.com/safeway/or/north-bend/1735-virginia-ave.html","8.69","True","True","True","False","97420"
"2993","Safeway","Safeway","","safeway","ACTIVE","13434 Colton Pl","Oregon City","OR","97045","US","America/Los_Angeles","https://local.safeway.com/safeway/or/oregon-city/13434-colton-pl.html","8.35","True","True","True","False","97035"
"1642","Safeway","Safeway","","safeway","ACTIVE","201 SW 20th St","Pendleton","OR","97801","US","America/Los_Angeles","https://local.safeway.com/safeway/or/pendleton/201-sw-20th-st.html","144.51","True","True","True","False","97720"
"2448","Safeway","Safeway","","safeway","ACTIVE","1030 SW Jefferson St","Portland","OR","97201","US","America/Los_Angeles","https://local.safeway.com/safeway/or/portland/1030-sw-jefferson-st.html","5.94","True","True","True","False","97005"
"1612","Safeway","Safeway","","safeway","ACTIVE","1100 NE Broadway","Portland","OR","97232","US","America/Los_Angeles","https://local.safeway.com/safeway/or/portland/1100-ne-broadway.html","7.78","True","True","True","False","97005"
"2790","Safeway","Safeway","","safeway","ACTIVE","1303 NW Lovejoy St","Portland","OR","97209","US","America/Los_Angeles","https://local.safeway.com/safeway/or/portland/1303-nw-lovejoy-st.html","6.3","True","True","True","False","97005"
"1525","Safeway","Safeway","","safeway","ACTIVE","13485 NW Cornell Rd","Portland","OR","97229","US","America/Los_Angeles","https://local.safeway.com/safeway/or/portland/13485-nw-cornell-rd.html","2.52","True","True","True","False","97005"
"596","Safeway","Safeway","","safeway","ACTIVE","18425 NW West Union Rd","Portland","OR","97229","US","America/Los_Angeles","https://local.safeway.com/safeway/or/portland/18425-nw-west-union-rd.html","5.56","True","True","True","False","97005"
"3134","Safeway","Safeway","","safeway","ACTIVE","2800 SE Hawthorne Blvd","Portland","OR","97214","US","America/Los_Angeles","https://local.safeway.com/safeway/or/portland/2800-se-hawthorne-blvd.html","8.13","True","True","True","False","97005"
"382","Safeway","Safeway","","safeway","ACTIVE","3527 SE 122nd Ave","Portland","OR","97236","US","America/Los_Angeles","https://local.safeway.com/safeway/or/portland/3527-se-122nd-ave.html","8.32","True","True","True","False","97205"
"1627","Safeway","Safeway","","safeway","ACTIVE","3930 SE Powell Blvd","Portland","OR","97202","US","America/Los_Angeles","https://local.safeway.com/safeway/or/portland/3930-se-powell-blvd.html","4.45","True","True","True","False","97205"
"2690","Safeway","Safeway","","safeway","ACTIVE","4320 SE King Rd","Portland","OR","97222","US","America/Los_Angeles","https://local.safeway.com/safeway/or/portland/4320-se-king-rd.html","6.68","True","True","True","False","97205"
"1523","Safeway","Safeway","","safeway","ACTIVE","4515 SE Woodstock Blvd","Portland","OR","97206","US","America/Los_Angeles","https://local.safeway.com/safeway/or/portland/4515-se-woodstock-blvd.html","5.25","True","True","True","False","97205"
"509","Safeway","Safeway","","safeway","ACTIVE","5920 NE Martin Luther King Blvd","Portland","OR","97211","US","America/Los_Angeles","https://local.safeway.com/safeway/or/portland/5920-ne-martin-luther-king-blvd.html","3.89","True","True","True","False","97205"
"1447","Safeway","Safeway","","safeway","ACTIVE","6901 NE Sandy Blvd","Portland","OR","97213","US","America/Los_Angeles","https://local.safeway.com/safeway/or/portland/6901-ne-sandy-blvd.html","5.87","True","True","True","False","97205"
"3136","Safeway","Safeway","","safeway","ACTIVE","8145 SW Barbur Blvd","Portland","OR","97219","US","America/Los_Angeles","https://local.safeway.com/safeway/or/portland/8145-sw-barbur-blvd.html","5.38","True","True","True","False","97005"
"1951","Safeway","Safeway","","safeway","ACTIVE","8330 N Ivanhoe St","Portland","OR","97203","US","America/Los_Angeles","https://local.safeway.com/safeway/or/portland/8330-n-ivanhoe-st.html","7.02","True","True","True","False","97005"
"1665","Safeway","Safeway","","safeway","ACTIVE","1705 S Hwy 97","Redmond","OR","97756","US","America/Los_Angeles","https://local.safeway.com/safeway/or/redmond/1705-s-hwy-97.html","147.26","True","True","True","False","97630"
"284","Safeway","Safeway","","safeway","ACTIVE","1499 Hwy 101","Reedsport","OR","97467","US","America/Los_Angeles","https://local.safeway.com/safeway/or/reedsport/1499-hwy-101.html","23.99","True","True","False","False","97420"
"1666","Safeway","Safeway","","safeway","ACTIVE","1539 NE Stephens St","Roseburg","OR","97470","US","America/Los_Angeles","https://local.safeway.com/safeway/or/roseburg/1539-ne-stephens-st.html","37.67","True","True","True","False","97420"
"424","Safeway","Safeway","","safeway","ACTIVE","795 Lower Columbia River Hwy","Saint Helens","OR","97051","US","America/Los_Angeles","https://local.safeway.com/safeway/or/saint-helens/795-lower-columbia-river-hwy.html","41.95","True","True","True","False","97138"
"1629","Safeway","Safeway","","safeway","ACTIVE","1265 Center St","Salem","OR","97301","US","America/Los_Angeles","https://local.safeway.com/safeway/or/salem/1265-center-st.html","1.17","True","True","True","False","97301"
"412","Safeway","Safeway","","safeway","ACTIVE","1455 Edgewater St NW","Salem","OR","97304","US","America/Los_Angeles","https://local.safeway.com/safeway/or/salem/1455-edgewater-st-nw.html","3.05","True","True","True","False","97301"
"429","Safeway","Safeway","","safeway","ACTIVE","3380 Lancaster Dr NE","Salem","OR","97305","US","America/Los_Angeles","https://local.safeway.com/safeway/or/salem/3380-lancaster-dr-ne.html","1.82","True","True","True","False","97301"
"1935","Safeway","Safeway","","safeway","ACTIVE","5660 Commercial St SE","Salem","OR","97306","US","America/Los_Angeles","https://local.safeway.com/safeway/or/salem/5660-commercial-st-se.html","5.19","True","True","True","False","97301"
"782","Safeway","Safeway","","safeway","ACTIVE","37601 Hwy 26","Sandy","OR","97055","US","America/Los_Angeles","https://local.safeway.com/safeway/or/sandy/37601-hwy-26.html","10.55","True","True","True","False","97030"
"1260","Safeway","Safeway","","safeway","ACTIVE","401 S Roosevelt Dr","Seaside","OR","97138","US","America/Los_Angeles","https://local.safeway.com/safeway/or/seaside/401-s-roosevelt-dr.html","36.48","True","True","True","False","97141"
"1800","Safeway","Safeway","","safeway","ACTIVE","20685 SW Roy Rogers","Sherwood","OR","97140","US","America/Los_Angeles","https://local.safeway.com/safeway/or/sherwood/20685-sw-roy-rogers.html","30.25","True","True","True","False","97301"
"1580","Safeway","Safeway","","safeway","ACTIVE","301 Westfield St","Silverton","OR","97381","US","America/Los_Angeles","https://local.safeway.com/safeway/or/silverton/301-westfield-st.html","10.91","True","True","True","False","97301"
"1094","Safeway","Safeway","","safeway","ACTIVE","1891 Pioneer Pkwy E","Springfield","OR","97477","US","America/Los_Angeles","https://local.safeway.com/safeway/or/springfield/1891-pioneer-pkwy-e.html","3.03","True","True","True","False","97401"
"1527","Safeway","Safeway","","safeway","ACTIVE","1535 N First St","Stayton","OR","97383","US","America/Los_Angeles","https://local.safeway.com/safeway/or/stayton/1535-n-first-st.html","14.02","True","True","True","False","97301"
"1710","Safeway","Safeway","","safeway","ACTIVE","1540 Main St","Sweet Home","OR","97386","US","America/Los_Angeles","https://local.safeway.com/safeway/or/sweet-home/1540-main-st.html","29.25","True","True","True","False","97401"
"1489","Safeway","Safeway","","safeway","ACTIVE","520 Mt Hood St","The Dalles","OR","97058","US","America/Los_Angeles","https://local.safeway.com/safeway/or/the-dalles/520-mt-hood-st.html","181.56","True","True","True","False","97720"
"3542","Safeway","Safeway","","safeway","ACTIVE","14300 SW Barrows Rd","Tigard","OR","97223","US","America/Los_Angeles","https://local.safeway.com/safeway/or/tigard/14300-sw-barrows-rd.html","4.35","True","True","True","False","97005"
"2723","Safeway","Safeway","","safeway","ACTIVE","1815 4th St","Tillamook","OR","97141","US","America/Los_Angeles","https://local.safeway.com/safeway/or/tillamook/1815-4th-st.html","37.52","True","True","True","False","97367"
"536","Safeway","Safeway","","safeway","ACTIVE","25691 SE Stark","Troutdale","OR","97060","US","America/Los_Angeles","https://local.safeway.com/safeway/or/troutdale/25691-se-stark.html","10.61","True","True","True","False","97218"
"1713","Safeway","Safeway","","safeway","ACTIVE","22000 Salamo Rd","West Linn","OR","97068","US","America/Los_Angeles","https://local.safeway.com/safeway/or/west-linn/22000-salamo-rd.html","7.93","True","True","True","False","97223"
"285","Safeway","Safeway","","safeway","ACTIVE","8255 SW Wilsonville Rd","Wilsonville","OR","97070","US","America/Los_Angeles","https://local.safeway.com/safeway/or/wilsonville/8255-sw-wilsonville-rd.html","27.38","True","True","True","False","97301"
"1976","Safeway","Safeway","","safeway","ACTIVE","1550 N Pacific Hwy","Woodburn","OR","97071","US","America/Los_Angeles","https://local.safeway.com/safeway/or/woodburn/1550-n-pacific-hwy.html","16.41","True","True","True","False","97301"
"730","ACME Markets","ACME Markets","","acmemarkets","ACTIVE","851 Gap Newport Pike","Avondale","PA","19311","US","America/New_York","https://local.acmemarkets.com/pa/avondale/851-gap-newport-pike.html","8.31","True","True","True","False","19711"
"3711","ACME Markets","ACME Markets","","acmemarkets","ACTIVE","121 E City Ave","Bala Cynwyd","PA","19004","US","America/New_York","https://local.acmemarkets.com/pa/bala-cynwyd/121-e-city-ave.html","11.97","True","True","True","False","19063"
"779","ACME Markets","ACME Markets","","acmemarkets","ACTIVE","1336 Bristol Pike Suite 100","Bensalem","PA","19020","US","America/New_York","https://local.acmemarkets.com/pa/bensalem/1336-bristol-pike-suite-100.html","17.92","True","True","True","False","18901"
"3719","ACME Markets","ACME Markets","","acmemarkets","ACTIVE","2301 Bristol Rd","Bensalem","PA","19020","US","America/New_York","https://local.acmemarkets.com/pa/bensalem/2301-bristol-rd.html","15.83","True","True","True","False","18901"
"2693","ACME Markets","ACME Markets","","acmemarkets","ACTIVE","643 Conchester Pike","Boothwyn","PA","19061","US","America/New_York","https://local.acmemarkets.com/pa/boothwyn/643-conchester-pike.html","9.71","True","True","True","False","19801"
"3798","ACME Markets","ACME Markets","","acmemarkets","ACTIVE","1991 N Sproul Rd","Broomall","PA","19008","US","America/New_York","https://local.acmemarkets.com/pa/broomall/1991-n-sproul-rd.html","51.81","True","True","True","False","17603"
"3788","ACME Markets","ACME Markets","","acmemarkets","ACTIVE","601 W Lancaster Ave","Bryn Mawr","PA","19010","US","America/New_York","https://local.acmemarkets.com/pa/bryn-mawr/601-w-lancaster-ave.html","53.9","True","True","True","False","17603"
"703","ACME Markets","ACME Markets","","acmemarkets","ACTIVE","400 Simpson Dr","Chester Springs","PA","19425","US","America/New_York","https://local.acmemarkets.com/pa/chester-springs/400-simpson-dr.html","34.14","True","True","True","False","17603"
"3796","ACME Markets","ACME Markets","","acmemarkets","ACTIVE","5300 Baltimore Pike","Clifton Heights","PA","19018","US","America/New_York","https://local.acmemarkets.com/pa/clifton-heights/5300-baltimore-pike.html","54.54","True","True","True","False","17603"
"3767","ACME Markets","ACME Markets","","acmemarkets","ACTIVE","3951 Lincoln Hwy","Downingtown","PA","19335","US","America/New_York","https://local.acmemarkets.com/pa/downingtown/3951-lincoln-hwy.html","31.19","True","True","True","False","17603"
"3784","ACME Markets","ACME Markets","","acmemarkets","ACTIVE","480 N Main St","Doylestown","PA","18901","US","America/New_York","https://local.acmemarkets.com/pa/doylestown/480-n-main-st.html","26.32","True","True","True","False","18101"
"3722","ACME Markets","ACME Markets","","acmemarkets","ACTIVE","1825 Limekiln Pike","Dresher","PA","19025","US","America/New_York","https://local.acmemarkets.com/pa/dresher/1825-limekiln-pike.html","36.4","True","True","True","False","18101"
"53","ACME Markets","ACME Markets","","acmemarkets","ACTIVE","25 E Germantown Pike","East Norriton","PA","19401","US","America/New_York","https://local.acmemarkets.com/pa/east-norriton/25-e-germantown-pike.html","54.71","True","True","False","False","17603"
"3739","ACME Markets","ACME Markets","","acmemarkets","ACTIVE","105 E Street Rd","Feasterville Trevose","PA","19053","US","America/New_York","https://local.acmemarkets.com/pa/feasterville-trevose/105-e-street-rd.html","40.12","True","True","True","False","18101"
"4723","ACME Markets","ACME Markets","","acmemarkets","ACTIVE","1640 Bethlehem Pike","Flourtown","PA","19031","US","America/New_York","https://local.acmemarkets.com/pa/flourtown/1640-bethlehem-pike.html","36.91","True","True","True","False","18101"
"893","ACME Markets","ACME Markets","","acmemarkets","ACTIVE","124 Morton Ave","Folsom","PA","19033","US","America/New_York","https://local.acmemarkets.com/pa/folsom/124-morton-ave.html","53.82","True","True","True","False","17603"
"3735","ACME Markets","ACME Markets","","acmemarkets","ACTIVE","101 Byers Dr","Glen Mills","PA","19342","US","America/New_York","https://local.acmemarkets.com/pa/glen-mills/101-byers-dr.html","43.43","True","True","True","False","17603"
"773","ACME Markets","ACME Markets","","acmemarkets","ACTIVE","1305 W Chester Pike","Havertown","PA","19083","US","America/New_York","https://local.acmemarkets.com/pa/havertown/1305-w-chester-pike.html","53.51","True","True","True","False","17603"
"1770","ACME Markets","ACME Markets","","acmemarkets","ACTIVE","503 S MacDade Blvd","Holmes","PA","19043","US","America/New_York","https://local.acmemarkets.com/pa/holmes/503-s-macdade-blvd.html","55.06","True","True","True","False","17603"
"2774","ACME Markets","ACME Markets","","acmemarkets","ACTIVE","200 Blair Mill Rd","Horsham","PA","19044","US","America/New_York","https://local.acmemarkets.com/pa/horsham/200-blair-mill-rd.html","34.42","True","True","True","False","18101"
"769","ACME Markets","ACME Markets","","acmemarkets","ACTIVE","323 Old York Rd","Jenkintown","PA","19046","US","America/New_York","https://local.acmemarkets.com/pa/jenkintown/323-old-york-rd.html","39.77","True","True","True","False","18101"
"2977","ACME Markets","ACME Markets","","acmemarkets","ACTIVE","6800 New Falls Rd","Levittown","PA","19057","US","America/New_York","https://local.acmemarkets.com/pa/levittown/6800-new-falls-rd.html","17.41","True","True","True","False","18901"
"2876","ACME Markets","ACME Markets","","acmemarkets","ACTIVE","1095 W Baltimore Pike","Media","PA","19063","US","America/New_York","https://local.acmemarkets.com/pa/media/1095-w-baltimore-pike.html","48.15","True","True","True","False","17603"
"809","ACME Markets","ACME Markets","","acmemarkets","ACTIVE","527 E Baltimore Pike","Media","PA","19063","US","America/New_York","https://local.acmemarkets.com/pa/media/527-e-baltimore-pike.html","50.84","True","True","True","False","17603"
"613","ACME Markets","ACME Markets","","acmemarkets","ACTIVE","829 Montgomery Ave","Narberth","PA","19072","US","America/New_York","https://local.acmemarkets.com/pa/narberth/829-montgomery-ave.html","42.45","True","True","True","False","18101"
"4913","ACME Markets","ACME Markets","","acmemarkets","ACTIVE","48 West Rd","Newtown","PA","18940","US","America/New_York","https://local.acmemarkets.com/pa/newtown/48-west-rd.html","37.61","True","True","True","False","18101"
"3786","ACME Markets","ACME Markets","","acmemarkets","ACTIVE","3590 W Chester Pike","Newtown Square","PA","19073","US","America/New_York","https://local.acmemarkets.com/pa/newtown-square/3590-w-chester-pike.html","49.37","True","True","True","False","17603"
"4727","ACME Markets","ACME Markets","","acmemarkets","ACTIVE","2761 W Ridge Pike","Norristown","PA","19403","US","America/New_York","https://local.acmemarkets.com/pa/norristown/2761-w-ridge-pike.html","50.35","True","True","True","False","17603"
"192","ACME Markets","ACME Markets","","acmemarkets","ACTIVE","39 Leopard Rd","Paoli","PA","19301","US","America/New_York","https://local.acmemarkets.com/pa/paoli/39-leopard-rd.html","45.16","True","True","True","False","17603"
"2668","ACME Markets","ACME Markets","","acmemarkets","ACTIVE","1001 South St","Philadelphia","PA","19147","US","America/New_York","https://local.acmemarkets.com/pa/philadelphia/1001-south-st.html","1.11","True","True","True","False","19103"
"726","ACME Markets","ACME Markets","","acmemarkets","ACTIVE","1400 E Passyunk Ave","Philadelphia","PA","19147","US","America/New_York","https://local.acmemarkets.com/pa/philadelphia/1400-e-passyunk-ave.html","1.59","True","True","True","False","19103"
"291","ACME Markets","ACME Markets","","acmemarkets","ACTIVE","180 W Girard Ave","Philadelphia","PA","19123","US","America/New_York","https://local.acmemarkets.com/pa/philadelphia/180-w-girard-ave.html","2.19","True","True","True","False","19103"
"4715","ACME Markets","ACME Markets","","acmemarkets","ACTIVE","1901 Johnston St","Philadelphia","PA","19145","US","America/New_York","https://local.acmemarkets.com/pa/philadelphia/1901-johnston-st.html","12.87","True","True","True","False","19063"
"299","ACME Markets","ACME Markets","","acmemarkets","ACTIVE","2101-41 Cottman Ave","Philadelphia","PA","19149","US","America/New_York","https://local.acmemarkets.com/pa/philadelphia/2101-41-cottman-ave.html","17.81","True","True","True","False","18901"
"2771","ACME Markets","ACME Markets","","acmemarkets","ACTIVE","29 Snyder Ave","Philadelphia","PA","19148","US","America/New_York","https://local.acmemarkets.com/pa/philadelphia/29-snyder-ave.html","2.61","True","True","True","False","19103"
"2638","ACME Markets","ACME Markets","","acmemarkets","ACTIVE","309 S 5th St","Philadelphia","PA","19106","US","America/New_York","https://local.acmemarkets.com/pa/philadelphia/309-s-5th-st.html","1.46","True","True","True","False","19103"
"3742","ACME Markets","ACME Markets","","acmemarkets","ACTIVE","3200-09 Red Lion Rd","Philadelphia","PA","19114","US","America/New_York","https://local.acmemarkets.com/pa/philadelphia/3200-09-red-lion-rd.html","16.92","True","True","True","False","18901"
"2397","ACME Markets","ACME Markets","","acmemarkets","ACTIVE","4001 Walnut St","Philadelphia","PA","19104","US","America/New_York","https://local.acmemarkets.com/pa/philadelphia/4001-walnut-st.html","11.87","True","True","True","False","19063"
"2762","ACME Markets","ACME Markets","","acmemarkets","ACTIVE","5927-59 Ridge Ave","Philadelphia","PA","19128","US","America/New_York","https://local.acmemarkets.com/pa/philadelphia/5927-59-ridge-ave.html","41.81","True","True","True","False","18101"
"2704","ACME Markets","ACME Markets","","acmemarkets","ACTIVE","6601 Roosevelt Blvd","Philadelphia","PA","19149","US","America/New_York","https://local.acmemarkets.com/pa/philadelphia/6601-roosevelt-blvd.html","8.25","True","True","True","False","19103"
"787","ACME Markets","ACME Markets","","acmemarkets","ACTIVE","6640 Oxford Ave","Philadelphia","PA","19111","US","America/New_York","https://local.acmemarkets.com/pa/philadelphia/6640-oxford-ave.html","17.65","True","True","True","False","18901"
"114","ACME Markets","ACME Markets","","acmemarkets","ACTIVE","7010 Germantown Ave","Philadelphia","PA","19119","US","America/New_York","https://local.acmemarkets.com/pa/philadelphia/7010-germantown-ave.html","40.58","True","True","True","False","18101"
"2833","ACME Markets","ACME Markets","","acmemarkets","ACTIVE","7700 Crittenden St","Philadelphia","PA","19118","US","America/New_York","https://local.acmemarkets.com/pa/philadelphia/7700-crittenden-st.html","39.52","True","True","True","False","18101"
"1725","ACME Markets","ACME Markets","","acmemarkets","ACTIVE","8200 Roosevelt Blvd","Philadelphia","PA","19152","US","America/New_York","https://local.acmemarkets.com/pa/philadelphia/8200-roosevelt-blvd.html","17.32","True","True","True","False","18901"
"147","ACME Markets","ACME Markets","","acmemarkets","ACTIVE","920 Red Lion Rd","Philadelphia","PA","19115","US","America/New_York","https://local.acmemarkets.com/pa/philadelphia/920-red-lion-rd.html","41.9","True","True","True","False","18101"
"721","ACME Markets","ACME Markets","","acmemarkets","ACTIVE","785 Starr St","Phoenixville","PA","19460","US","America/New_York","https://local.acmemarkets.com/pa/phoenixville/785-starr-st.html","44.16","True","True","True","False","17603"
"778","ACME Markets","ACME Markets","","acmemarkets","ACTIVE","800 2nd St Pike","Richboro","PA","18954","US","America/New_York","https://local.acmemarkets.com/pa/richboro/800-2nd-st-pike.html","36.47","True","True","True","False","18101"
"2789","ACME Markets","ACME Markets","","acmemarkets","ACTIVE","815 Lansdowne Ave","Upper Darby","PA","19082","US","America/New_York","https://local.acmemarkets.com/pa/upper-darby/815-lansdowne-ave.html","7.67","True","True","True","False","19063"
"3753","ACME Markets","ACME Markets","","acmemarkets","ACTIVE","700 W Lancaster Ave","Wayne","PA","19087","US","America/New_York","https://local.acmemarkets.com/pa/wayne/700-w-lancaster-ave.html","48.84","True","True","True","False","17603"
"882","ACME Markets","ACME Markets","","acmemarkets","ACTIVE","907 Paoli Pike","West Chester","PA","19380","US","America/New_York","https://local.acmemarkets.com/pa/west-chester/907-paoli-pike.html","39.43","True","True","True","False","17603"
"1435","Shaw's","Shaw's","","shaws","ACTIVE","186 County Rd","Barrington","RI","02806","US","America/New_York","https://local.shaws.com/ri/barrington/186-county-rd.html","18.37","True","True","True","False","02840"
"625","Shaw's","Shaw's","","shaws","ACTIVE","8 Chapel View Blvd","Cranston","RI","02920","US","America/New_York","https://local.shaws.com/ri/cranston/8-chapel-view-blvd.html","62.68","True","True","True","False","06103"
"3687","Shaw's","Shaw's","","shaws","ACTIVE","585 Taunton Ave","East Providence","RI","02914","US","America/New_York","https://local.shaws.com/ri/east-providence/585-taunton-ave.html","24.26","True","True","True","False","02840"
"1442","Shaw's","Shaw's","","shaws","ACTIVE","71 E Main Rd","Middletown","RI","02842","US","America/New_York","https://local.shaws.com/ri/middletown/71-e-main-rd.html","3.35","True","True","True","False","02840"
"4443","Shaw's","Shaw's","","shaws","ACTIVE","15 Smithfield Rd","North Providence","RI","02904","US","America/New_York","https://local.shaws.com/ri/north-providence/15-smithfield-rd.html","63.63","True","True","True","False","06103"
"3434","Shaw's","Shaw's","","shaws","ACTIVE","1050 Willett Ave","Riverside","RI","02915","US","America/New_York","https://local.shaws.com/ri/riverside/1050-willett-ave.html","20.02","True","True","True","False","02840"
"2438","Shaw's","Shaw's","","shaws","ACTIVE","160 Old Tower Hill Rd","Wakefield","RI","02879","US","America/New_York","https://local.shaws.com/ri/wakefield/160-old-tower-hill-rd.html","8.75","True","True","True","False","02840"
"441","Shaw's","Shaw's","","shaws","ACTIVE","320 Warwick Ave","Warwick","RI","02888","US","America/New_York","https://local.shaws.com/ri/warwick/320-warwick-ave.html","20.97","True","True","True","False","02840"
"581","Safeway","Safeway","","safeway","ACTIVE","2120 Mt Rushmore Rd","Rapid City","SD","57701","US","America/Denver","https://local.safeway.com/safeway/sd/rapid-city/2120-mt-rushmore-rd.html","367.36","True","True","True","False","58102"
"1554","Safeway","Safeway","","safeway","ACTIVE","730 Mountain View Rd","Rapid City","SD","57702","US","America/Denver","https://local.safeway.com/safeway/sd/rapid-city/730-mountain-view-rd.html","367.58","True","True","True","False","58102"
"583","Safeway","Safeway","","safeway","ACTIVE","1606 North Ave","Spearfish","SD","57783","US","America/Denver","https://local.safeway.com/safeway/sd/spearfish/1606-north-ave.html","377.93","True","True","True","False","58102"
"4142","Albertsons","Albertsons","","albertsons","ACTIVE","301 SW Plaza Shopping Center","Arlington","TX","76016","US","America/Chicago","https://local.albertsons.com/tx/arlington/301-sw-plaza-shopping-center.html","7.97","True","True","True","False","76010"
"4163","Albertsons","Albertsons","","albertsons","ACTIVE","5950 S Cooper St","Arlington","TX","76017","US","America/Chicago","https://local.albertsons.com/tx/arlington/5950-s-cooper-st.html","6.44","True","True","True","False","76010"
"3042","Albertsons","Albertsons","","albertsons","ACTIVE","6220 US Hwy 287","Arlington","TX","76001","US","America/Chicago","https://local.albertsons.com/tx/arlington/6220-us-hwy-287.html","8.6","True","True","True","False","76010"
"4290","Albertsons","Albertsons","","albertsons","ACTIVE","480 Northwest Pkwy","Azle","TX","76020","US","America/Chicago","https://local.albertsons.com/tx/azle/480-northwest-pkwy.html","121.64","True","True","True","False","73501"
"1262","Albertsons","Albertsons","","albertsons","ACTIVE","1300 Airport Freeway","Bedford","TX","76022","US","America/Chicago","https://local.albertsons.com/tx/bedford/1300-airport-freeway.html","8.72","True","True","True","False","76010"
"4279","Albertsons","Albertsons","","albertsons","ACTIVE","833 NE Alsbury Blvd","Burleson","TX","76028","US","America/Chicago","https://local.albertsons.com/tx/burleson/833-ne-alsbury-blvd.html","70.91","True","True","True","False","76701"
"269","Albertsons","Albertsons","","albertsons","ACTIVE","2150 N Josey Ln","Carrollton","TX","75006","US","America/Chicago","https://local.albertsons.com/tx/carrollton/2150-n-josey-ln.html","8.57","True","True","True","False","75024"
"4133","Albertsons","Albertsons","","albertsons","ACTIVE","427 E FM 1382","Cedar Hill","TX","75104","US","America/Chicago","https://local.albertsons.com/tx/cedar-hill/427-e-fm-1382.html","12.41","True","True","True","False","76010"
"4294","Albertsons","Albertsons","","albertsons","ACTIVE","210 W Katherine P Raines","Cleburne","TX","76033","US","America/Chicago","https://local.albertsons.com/tx/cleburne/210-w-katherine-p-raines.html","59.55","True","True","True","False","76701"
"4191","Albertsons","Albertsons","","albertsons","ACTIVE","4351 FM 2181","Corinth","TX","76210","US","America/Chicago","https://local.albertsons.com/tx/corinth/4351-fm-2181.html","164.08","True","True","True","False","73102"
"4289","Albertsons","Albertsons","","albertsons","ACTIVE","320 Casa Linda Plaza","Dallas","TX","75218","US","America/Chicago","https://local.albertsons.com/tx/dallas/320-casa-linda-plaza.html","6.51","True","True","True","False","75201"
"716","Albertsons","Albertsons","","albertsons","ACTIVE","200 W Crawford St","Denison","TX","75020","US","America/Chicago","https://local.albertsons.com/tx/denison/200-w-crawford-st.html","154.26","True","True","True","False","71854"
"4152","Albertsons","Albertsons","","albertsons","ACTIVE","2321 W University Dr","Denton","TX","76201","US","America/Chicago","https://local.albertsons.com/tx/denton/2321-w-university-dr.html","156.45","True","True","True","False","73102"
"3999","Albertsons","Albertsons","","albertsons","ACTIVE","10765 Kenworthy","El Paso","TX","79924","US","America/Denver","https://local.albertsons.com/tx/el-paso/10765-kenworthy.html","11.37","True","True","True","False","79901"
"2016","Albertsons","Albertsons","","albertsons","ACTIVE","11320 Montwood Dr","El Paso","TX","79936","US","America/Denver","https://local.albertsons.com/tx/el-paso/11320-montwood-dr.html","10.39","True","True","True","False","79901"
"934","Albertsons","Albertsons","","albertsons","ACTIVE","2200 Yarbrough Dr","El Paso","TX","79925","US","America/Denver","https://local.albertsons.com/tx/el-paso/2200-yarbrough-dr.html","8.35","True","True","True","False","79901"
"1936","Albertsons","Albertsons","","albertsons","ACTIVE","3100 Mesa St","El Paso","TX","79902","US","America/Denver","https://local.albertsons.com/tx/el-paso/3100-mesa-st.html","2.09","True","True","True","False","79901"
"3249","Albertsons","Albertsons","","albertsons","ACTIVE","3150 N Zaragoza Rd","El Paso","TX","79938","US","America/Denver","https://local.albertsons.com/tx/el-paso/3150-n-zaragoza-rd.html","14.03","True","True","True","False","79901"
"1006","Albertsons","Albertsons","","albertsons","ACTIVE","5200 Montana Ave","El Paso","TX","79903","US","America/Denver","https://local.albertsons.com/tx/el-paso/5200-montana-ave.html","3.45","True","True","True","False","79901"
"2994","Albertsons","Albertsons","","albertsons","ACTIVE","5630 N Desert Blvd","El Paso","TX","79912","US","America/Denver","https://local.albertsons.com/tx/el-paso/5630-n-desert-blvd.html","9.19","True","True","True","False","79901"
"3932","Albertsons","Albertsons","","albertsons","ACTIVE","7022 N Mesa St","El Paso","TX","79912","US","America/Denver","https://local.albertsons.com/tx/el-paso/7022-n-mesa-st.html","6.85","True","True","True","False","79901"
"4277","Albertsons","Albertsons","","albertsons","ACTIVE","3525 Sycamore School Rd","Fort Worth","TX","76133","US","America/Chicago","https://local.albertsons.com/tx/fort-worth/3525-sycamore-school-rd.html","9.03","True","True","True","False","76102"
"232","Albertsons","Albertsons","","albertsons","ACTIVE","3563 Alton Rd","Fort Worth","TX","76109","US","America/Chicago","https://local.albertsons.com/tx/fort-worth/3563-alton-rd.html","4.91","False","False","False","False","76102"
"4151","Albertsons","Albertsons","","albertsons","ACTIVE","4400 Western Center Blvd","Fort Worth","TX","76137","US","America/Chicago","https://local.albertsons.com/tx/fort-worth/4400-western-center-blvd.html","7.27","True","True","True","False","76102"
"4124","Albertsons","Albertsons","","albertsons","ACTIVE","7400 Oakmont Blvd","Fort Worth","TX","76132","US","America/Chicago","https://local.albertsons.com/tx/fort-worth/7400-oakmont-blvd.html","8.59","True","True","True","False","76102"
"4272","Albertsons","Albertsons","","albertsons","ACTIVE","850 E Loop 820","Fort Worth","TX","76112","US","America/Chicago","https://local.albertsons.com/tx/fort-worth/850-e-loop-820.html","8.52","True","True","True","False","76010"
"4223","Albertsons","Albertsons","","albertsons","ACTIVE","9300 Clifford St","Fort Worth","TX","76108","US","America/Chicago","https://local.albertsons.com/tx/fort-worth/9300-clifford-st.html","9.02","True","True","True","False","76102"
"4265","Albertsons","Albertsons","","albertsons","ACTIVE","5710 Broadway Blvd","Garland","TX","75043","US","America/Chicago","https://local.albertsons.com/tx/garland/5710-broadway-blvd.html","162.21","True","True","True","False","71854"
"4231","Albertsons","Albertsons","","albertsons","ACTIVE","215 N Carrier Pkwy","Grand Prairie","TX","75050","US","America/Chicago","https://local.albertsons.com/tx/grand-prairie/215-n-carrier-pkwy.html","3.59","True","True","True","False","76010"
"30","Albertsons","Albertsons","","albertsons","ACTIVE","13671 Eastlake Blvd","Horizon City","TX","79928","US","America/Denver","https://local.albertsons.com/tx/horizon-city/13671-eastlake-blvd.html","16.13","True","True","True","False","79901"
"36","Albertsons","Albertsons","","albertsons","ACTIVE","2200 W Shady Grove Rd","Irving","TX","75060","US","America/Chicago","https://local.albertsons.com/tx/irving/2200-w-shady-grove-rd.html","10.42","True","True","True","False","75201"
"4150","Albertsons","Albertsons","","albertsons","ACTIVE","6308 Lake Worth Blvd","Lake Worth","TX","76135","US","America/Chicago","https://local.albertsons.com/tx/lake-worth/6308-lake-worth-blvd.html","6.8","True","True","True","False","76102"
"4112","Albertsons","Albertsons","","albertsons","ACTIVE","3603 McCann Rd","Longview","TX","75605","US","America/Chicago","https://local.albertsons.com/tx/longview/3603-mccann-rd.html","80.22","True","True","True","False","71854"
"4234","Albertsons","Albertsons","","albertsons","ACTIVE","3001 S Central Expy","McKinney","TX","75070","US","America/Chicago","https://local.albertsons.com/tx/mckinney/3001-s-central-expy.html","160.15","True","True","True","False","71854"
"4129","Albertsons","Albertsons","","albertsons","ACTIVE","2828 Motley Dr","Mesquite","TX","75150","US","America/Chicago","https://local.albertsons.com/tx/mesquite/2828-motley-dr.html","8.84","True","True","True","False","75201"
"4260","Albertsons","Albertsons","","albertsons","ACTIVE","2165 E Buckingham Dr","Richardson","TX","75081","US","America/Chicago","https://local.albertsons.com/tx/richardson/2165-e-buckingham-dr.html","117.79","True","True","True","False","75601"
"4102","Albertsons","Albertsons","","albertsons","ACTIVE","1201 N Saginaw Blvd","Saginaw","TX","76179","US","America/Chicago","https://local.albertsons.com/tx/saginaw/1201-n-saginaw-blvd.html","9.05","True","True","True","False","76102"
"226","Albertsons","Albertsons","","albertsons","ACTIVE","100 E Taylor St","Sherman","TX","75092","US","America/Chicago","https://local.albertsons.com/tx/sherman/100-e-taylor-st.html","157.91","True","True","True","False","71854"
"135","Albertsons","Albertsons","","albertsons","ACTIVE","4415 W 7th St","Texarkana","TX","75501","US","America/Chicago","https://local.albertsons.com/tx/texarkana/4415-w-7th-st.html","12.47","True","True","True","False","71854"
"4267","Albertsons","Albertsons","","albertsons","ACTIVE","6249 Rufe Snow Dr","Watauga","TX","76148","US","America/Chicago","https://local.albertsons.com/tx/watauga/6249-rufe-snow-dr.html","8.54","True","True","True","False","76102"
"4176","Albertsons","Albertsons","","albertsons","ACTIVE","225 E Spring St","Weatherford","TX","76086","US","America/Chicago","https://local.albertsons.com/tx/weatherford/225-e-spring-st.html","88.2","True","True","True","False","76301"
"3524","Amigos","Amigos","","shopamigos","ACTIVE","3300 I-40 E","Amarillo","TX","79103","US","America/Chicago","https://local.amigosunited.com/tx/amarillo/3300-i-40-e.html","112.57","False","False","False","False","73942"
"210","Amigos","Amigos","","shopamigos","ACTIVE","520 N 25 Mile Ave","Hereford","TX","79045","US","America/Chicago","https://local.amigosunited.com/tx/hereford/520-n-25-mile-ave.html","143.76","True","True","False","False","73942"
"2603","Amigos","Amigos","","shopamigos","ACTIVE","112 N University Ave","Lubbock","TX","79415","US","America/Chicago","https://local.amigosunited.com/tx/lubbock/112-n-university-ave.html","1.39","True","True","True","False","79401"
"1308","Amigos","Amigos","","shopamigos","ACTIVE","2403 N Columbia Ave","Plainview","TX","79072","US","America/Chicago","https://local.amigosunited.com/tx/plainview/2403-n-columbia-ave.html","180.38","False","False","False","False","73942"
"679","Market Street","Market Street","","shopmarketstreet","ACTIVE","4450 Buffalo Gap Rd","Abilene","TX","79606","US","America/Chicago","https://local.marketstreetunited.com/tx/abilene/4450-buffalo-gap-rd.html","74.9","True","True","True","False","76903"
"263","Market Street","Market Street","","shopmarketstreet","ACTIVE","985 W Bethany Dr","Allen","TX","75013","US","America/Chicago","https://local.marketstreetunited.com/tx/allen/985-w-bethany-dr.html","163.72","True","True","True","False","71854"
"1326","Market Street","Market Street","","shopmarketstreet","ACTIVE","2530 S Georgia St","Amarillo","TX","79109","US","America/Chicago","https://local.marketstreetunited.com/tx/amarillo/2530-s-georgia-st.html","113.36","True","True","True","False","73942"
"688","Market Street","Market Street","","shopmarketstreet","ACTIVE","8761 Coulter St S","Amarillo","TX","79119","US","America/Chicago","https://local.marketstreetunited.com/tx/amarillo/8761-coulter-st-s.html","118.41","True","True","True","False","73942"
"1860","Market Street","Market Street","","shopmarketstreet","ACTIVE","5605 Colleyville Blvd","Colleyville","TX","76034","US","America/Chicago","https://local.marketstreetunited.com/tx/colleyville/5605-colleyville-blvd.html","11.93","True","True","True","False","76010"
"1564","Market Street","Market Street","","shopmarketstreet","ACTIVE","700 N Denton Tap Rd","Coppell","TX","75019","US","America/Chicago","https://local.marketstreetunited.com/tx/coppell/700-n-denton-tap-rd.html","27.25","True","True","True","False","76266"
"3565","Market Street","Market Street","","shopmarketstreet","ACTIVE","3800 Long Prairie Rd","Flower Mound","TX","75028","US","America/Chicago","https://local.marketstreetunited.com/tx/flower-mound/3800-long-prairie-rd.html","41.55","True","True","True","False","76240"
"2562","Market Street","Market Street","","shopmarketstreet","ACTIVE","11999 Dallas Pkwy","Frisco","TX","75033","US","America/Chicago","https://local.marketstreetunited.com/tx/frisco/11999-dallas-pkwy.html","163.28","True","True","True","False","73102"
"685","Market Street","Market Street","","shopmarketstreet","ACTIVE","4268 Legacy Dr","Frisco","TX","75034","US","America/Chicago","https://local.marketstreetunited.com/tx/frisco/4268-legacy-dr.html","3.01","True","True","True","False","75024"
"2802","Market Street","Market Street","","shopmarketstreet","ACTIVE","3405 50th St","Lubbock","TX","79413","US","America/Chicago","https://local.marketstreetunited.com/tx/lubbock/3405-50th-st.html","3.33","True","True","True","False","79401"
"3543","Market Street","Market Street","","shopmarketstreet","ACTIVE","4205 98th St","Lubbock","TX","79423","US","America/Chicago","https://local.marketstreetunited.com/tx/lubbock/4205-98th-st.html","6.35","True","True","True","False","79401"
"2553","Market Street","Market Street","","shopmarketstreet","ACTIVE","4425 19th St","Lubbock","TX","79407","US","America/Chicago","https://local.marketstreetunited.com/tx/lubbock/4425-19th-st.html","3.19","True","True","True","False","79401"
"696","Market Street","Market Street","","shopmarketstreet","ACTIVE","3145 E Broad St","Mansfield","TX","76063","US","America/Chicago","https://local.marketstreetunited.com/tx/mansfield/3145-e-broad-st.html","10.46","True","True","True","False","76010"
"4561","Market Street","Market Street","","shopmarketstreet","ACTIVE","6100 W El Dorado Pkwy","McKinney","TX","75070","US","America/Chicago","https://local.marketstreetunited.com/tx/mckinney/6100-w-el-dorado-pkwy.html","163.48","True","True","True","False","71854"
"3674","Market Street","Market Street","","shopmarketstreet","ACTIVE","4706 N Midkiff Rd","Midland","TX","79705","US","America/Chicago","https://local.marketstreetunited.com/tx/midland/4706-n-midkiff-rd.html","105.83","True","True","True","False","76903"
"675","Market Street","Market Street","","shopmarketstreet","ACTIVE","4950 E 42nd St","Odessa","TX","79762","US","America/Chicago","https://local.marketstreetunited.com/tx/odessa/4950-e-42nd-st.html","114.38","True","True","True","False","76903"
"4566","Market Street","Market Street","","shopmarketstreet","ACTIVE","1929 Preston Rd","Plano","TX","75093","US","America/Chicago","https://local.marketstreetunited.com/tx/plano/1929-preston-rd.html","3.69","True","True","True","False","75024"
"78","Market Street","Market Street","","shopmarketstreet","ACTIVE","3121 Sunset Dr","San Angelo","TX","76904","US","America/Chicago","https://local.marketstreetunited.com/tx/san-angelo/3121-sunset-dr.html","4.71","True","True","True","False","76903"
"417","Market Street","Market Street","","shopmarketstreet","ACTIVE","4590 Kell Blvd","Wichita Falls","TX","76309","US","America/Chicago","https://local.marketstreetunited.com/tx/wichita-falls/4590-kell-blvd.html","125.23","True","True","True","False","73102"
"2485","Randalls","Randalls","","randalls","ACTIVE","2025 W Ben White Blvd","Austin","TX","78704","US","America/Chicago","https://local.randalls.com/tx/austin/2025-w-ben-white-blvd.html","148.66","True","True","True","False","77002"
"2471","Randalls","Randalls","","randalls","ACTIVE","2727 Exposition Blvd","Austin","TX","78703","US","America/Chicago","https://local.randalls.com/tx/austin/2727-exposition-blvd.html","148.33","False","False","True","False","77002"
"2987","Randalls","Randalls","","randalls","ACTIVE","5145 N FM 620 Rd","Austin","TX","78732","US","America/Chicago","https://local.randalls.com/tx/austin/5145-n-fm-620-rd.html","76.01","True","True","True","False","78205"
"2475","Randalls","Randalls","","randalls","ACTIVE","5311 Balcones Dr","Austin","TX","78731","US","America/Chicago","https://local.randalls.com/tx/austin/5311-balcones-dr.html","148.53","True","True","True","False","77002"
"2482","Randalls","Randalls","","randalls","ACTIVE","8040 Mesa Dr","Austin","TX","78731","US","America/Chicago","https://local.randalls.com/tx/austin/8040-mesa-dr.html","149.22","True","True","True","False","77002"
"1850","Randalls","Randalls","","randalls","ACTIVE","9911 Brodie Ln","Austin","TX","78748","US","America/Chicago","https://local.randalls.com/tx/austin/9911-brodie-ln.html","151.41","True","True","True","False","77002"
"1896","Randalls","Randalls","","randalls","ACTIVE","1400 Cypress Creek Rd","Cedar Park","TX","78613","US","America/Chicago","https://local.randalls.com/tx/cedar-park/1400-cypress-creek-rd.html","90.88","True","True","True","False","77840"
"1031","Randalls","Randalls","","randalls","ACTIVE","2931 Central City Blvd","Galveston","TX","77551","US","America/Chicago","https://local.randalls.com/tx/galveston/2931-central-city-blvd.html","183.02","True","True","True","False","70501"
"2484","Randalls","Randalls","","randalls","ACTIVE","5721 Williams Dr","Georgetown","TX","78633","US","America/Chicago","https://local.randalls.com/tx/georgetown/5721-williams-dr.html","68.88","True","True","True","False","76701"
"1066","Randalls","Randalls","","randalls","ACTIVE","12850 Memorial Dr","Houston","TX","77024","US","America/Chicago","https://local.randalls.com/tx/houston/12850-memorial-dr.html","11.44","True","True","True","False","77002"
"1011","Randalls","Randalls","","randalls","ACTIVE","14610 Memorial Dr","Houston","TX","77079","US","America/Chicago","https://local.randalls.com/tx/houston/14610-memorial-dr.html","14.28","True","True","True","False","77002"
"2672","Randalls","Randalls","","randalls","ACTIVE","18322 Clay Rd","Houston","TX","77084","US","America/Chicago","https://local.randalls.com/tx/houston/18322-clay-rd.html","19.62","True","True","True","False","77002"
"1773","Randalls","Randalls","","randalls","ACTIVE","2225 Louisiana St","Houston","TX","77002","US","America/Chicago","https://local.randalls.com/tx/houston/2225-louisiana-st.html","205.18","True","True","True","False","70501"
"1061","Randalls","Randalls","","randalls","ACTIVE","3131 W Holcombe Blvd","Houston","TX","77025","US","America/Chicago","https://local.randalls.com/tx/houston/3131-w-holcombe-blvd.html","208.79","True","True","True","False","70501"
"1012","Randalls","Randalls","","randalls","ACTIVE","5219 FM 1960 W","Houston","TX","77069","US","America/Chicago","https://local.randalls.com/tx/houston/5219-fm-1960-w.html","17.77","True","True","True","False","77002"
"4033","Randalls","Randalls","","randalls","ACTIVE","5586 Weslayan St","Houston","TX","77005","US","America/Chicago","https://local.randalls.com/tx/houston/5586-weslayan-st.html","4.82","True","True","True","False","77002"
"2961","Randalls","Randalls","","randalls","ACTIVE","9660 Westheimer Rd","Houston","TX","77063","US","America/Chicago","https://local.randalls.com/tx/houston/9660-westheimer-rd.html","10.05","True","True","True","False","77002"
"2671","Randalls","Randalls","","randalls","ACTIVE","525 S Fry Rd","Katy","TX","77450","US","America/Chicago","https://local.randalls.com/tx/katy/525-s-fry-rd.html","20.9","True","True","True","False","77002"
"1779","Randalls","Randalls","","randalls","ACTIVE","2301 Ranch Rd 620 S","Lakeway","TX","78734","US","America/Chicago","https://local.randalls.com/tx/lakeway/2301-ranch-rd-620-s.html","70.81","True","True","True","False","78205"
"2051","Randalls","Randalls","","randalls","ACTIVE","2951 Marina Bay Dr Suite B","League City","TX","77573","US","America/Chicago","https://local.randalls.com/tx/league-city/2951-marina-bay-dr-suite-b.html","190.23","True","True","True","False","70501"
"3145","Randalls","Randalls","","randalls","ACTIVE","3441 N Lakeline Blvd","Leander","TX","78641","US","America/Chicago","https://local.randalls.com/tx/leander/3441-n-lakeline-blvd.html","92.63","True","True","True","False","77840"
"1858","Randalls","Randalls","","randalls","ACTIVE","10228 W Broadway St","Pearland","TX","77584","US","America/Chicago","https://local.randalls.com/tx/pearland/10228-w-broadway-st.html","208.34","True","True","True","False","70501"
"2670","Randalls","Randalls","","randalls","ACTIVE","1890 FM 359 Rd","Richmond","TX","77406","US","America/Chicago","https://local.randalls.com/tx/richmond/1890-fm-359-rd.html","24.1","True","True","True","False","77002"
"2636","Randalls","Randalls","","randalls","ACTIVE","2051 Gattis School Rd","Round Rock","TX","78664","US","America/Chicago","https://local.randalls.com/tx/round-rock/2051-gattis-school-rd.html","79.23","True","True","True","False","76701"
"2477","Randalls","Randalls","","randalls","ACTIVE","3300 Bee Caves Rd","West Lake Hills","TX","78746","US","America/Chicago","https://local.randalls.com/tx/west-lake-hills/3300-bee-caves-rd.html","149.87","True","True","True","False","77002"
"2643","Tom Thumb","Tom Thumb","","tomthumb","ACTIVE","14280 Marsh Ln","Addison","TX","75001","US","America/Chicago","https://local.tomthumb.com/tx/addison/14280-marsh-ln.html","7.12","True","True","True","False","75093"
"12","Tom Thumb","Tom Thumb","","tomthumb","ACTIVE","1046 Market Wy","Argyle","TX","76226","US","America/Chicago","https://local.tomthumb.com/tx/argyle/1046-market-wy.html","164.71","True","True","True","False","73102"
"2686","Tom Thumb","Tom Thumb","","tomthumb","ACTIVE","1701 Randol Mill Rd","Arlington","TX","76012","US","America/Chicago","https://local.tomthumb.com/tx/arlington/1701-randol-mill-rd.html","3.69","True","True","True","False","76010"
"3617","Tom Thumb","Tom Thumb","","tomthumb","ACTIVE","2611 W Park Row Dr","Arlington","TX","76013","US","America/Chicago","https://local.tomthumb.com/tx/arlington/2611-w-park-row-dr.html","4.3","True","True","True","False","76010"
"3658","Tom Thumb","Tom Thumb","","tomthumb","ACTIVE","2755 N Collins St","Arlington","TX","76006","US","America/Chicago","https://local.tomthumb.com/tx/arlington/2755-n-collins-st.html","3.99","True","True","True","False","76010"
"2590","Tom Thumb","Tom Thumb","","tomthumb","ACTIVE","4112 N Josey Ln","Carrollton","TX","75007","US","America/Chicago","https://local.tomthumb.com/tx/carrollton/4112-n-josey-ln.html","5.79","True","True","True","False","75024"
"70","Tom Thumb","Tom Thumb","","tomthumb","ACTIVE","4000 Glade Rd","Colleyville","TX","76034","US","America/Chicago","https://local.tomthumb.com/tx/colleyville/4000-glade-rd.html","10.84","True","True","True","False","76010"
"1781","Tom Thumb","Tom Thumb","","tomthumb","ACTIVE","106 N Denton Tap Rd","Coppell","TX","75019","US","America/Chicago","https://local.tomthumb.com/tx/coppell/106-n-denton-tap-rd.html","28.38","True","True","True","False","76266"
"2544","Tom Thumb","Tom Thumb","","tomthumb","ACTIVE","10455 N Central Expwy","Dallas","TX","75231","US","America/Chicago","https://local.tomthumb.com/tx/dallas/10455-n-central-expwy.html","7.24","True","True","True","False","75201"
"3597","Tom Thumb","Tom Thumb","","tomthumb","ACTIVE","11920 Preston Rd","Dallas","TX","75230","US","America/Chicago","https://local.tomthumb.com/tx/dallas/11920-preston-rd.html","8.64","True","True","True","False","75201"
"3650","Tom Thumb","Tom Thumb","","tomthumb","ACTIVE","14999 Preston Rd","Dallas","TX","75254","US","America/Chicago","https://local.tomthumb.com/tx/dallas/14999-preston-rd.html","8.75","True","True","True","False","75024"
"3582","Tom Thumb","Tom Thumb","","tomthumb","ACTIVE","18212 Preston Rd","Dallas","TX","75252","US","America/Chicago","https://local.tomthumb.com/tx/dallas/18212-preston-rd.html","5.53","True","True","True","False","75024"
"3296","Tom Thumb","Tom Thumb","","tomthumb","ACTIVE","2380 Field St","Dallas","TX","75201","US","America/Chicago","https://local.tomthumb.com/tx/dallas/2380-field-st.html","0.63","True","True","True","False","75201"
"3311","Tom Thumb","Tom Thumb","","tomthumb","ACTIVE","2727 Live Oak St","Dallas","TX","75204","US","America/Chicago","https://local.tomthumb.com/tx/dallas/2727-live-oak-st.html","0.45","True","True","True","False","75201"
"3614","Tom Thumb","Tom Thumb","","tomthumb","ACTIVE","315 S Hampton Rd","Dallas","TX","75208","US","America/Chicago","https://local.tomthumb.com/tx/dallas/315-s-hampton-rd.html","4.71","True","True","True","False","75201"
"1540","Tom Thumb","Tom Thumb","","tomthumb","ACTIVE","3757 Forest Ln","Dallas","TX","75244","US","America/Chicago","https://local.tomthumb.com/tx/dallas/3757-forest-ln.html","9.22","True","True","True","False","75201"
"3569","Tom Thumb","Tom Thumb","","tomthumb","ACTIVE","3878 Oaklawn Ave #18","Dallas","TX","75219","US","America/Chicago","https://local.tomthumb.com/tx/dallas/3878-oaklawn-ave-18.html","2.04","True","True","True","False","75201"
"2503","Tom Thumb","Tom Thumb","","tomthumb","ACTIVE","4001 Villanova St","Dallas","TX","75225","US","America/Chicago","https://local.tomthumb.com/tx/dallas/4001-villanova-st.html","5.36","True","True","True","False","75201"
"4105","Tom Thumb","Tom Thumb","","tomthumb","ACTIVE","4625 Frankford Rd","Dallas","TX","75287","US","America/Chicago","https://local.tomthumb.com/tx/dallas/4625-frankford-rd.html","5.59","True","True","True","False","75024"
"3522","Tom Thumb","Tom Thumb","","tomthumb","ACTIVE","522 Royal Ln","Dallas","TX","75230","US","America/Chicago","https://local.tomthumb.com/tx/dallas/522-royal-ln.html","7.62","True","True","True","False","75201"
"2642","Tom Thumb","Tom Thumb","","tomthumb","ACTIVE","5809 E Lovers Ln","Dallas","TX","75206","US","America/Chicago","https://local.tomthumb.com/tx/dallas/5809-e-lovers-ln.html","4.87","True","True","True","False","75201"
"2534","Tom Thumb","Tom Thumb","","tomthumb","ACTIVE","6333 E Mockingbird Ln","Dallas","TX","75214","US","America/Chicago","https://local.tomthumb.com/tx/dallas/6333-e-mockingbird-ln.html","4.31","True","True","True","False","75201"
"1973","Tom Thumb","Tom Thumb","","tomthumb","ACTIVE","7000 Snider Plaza","Dallas","TX","75205","US","America/Chicago","https://local.tomthumb.com/tx/dallas/7000-snider-plaza.html","4.47","False","False","False","False","75201"
"2990","Tom Thumb","Tom Thumb","","tomthumb","ACTIVE","7117 Inwood Rd","Dallas","TX","75209","US","America/Chicago","https://local.tomthumb.com/tx/dallas/7117-inwood-rd.html","4.31","True","True","True","False","75201"
"3570","Tom Thumb","Tom Thumb","","tomthumb","ACTIVE","7331 Gaston Ave","Dallas","TX","75214","US","America/Chicago","https://local.tomthumb.com/tx/dallas/7331-gaston-ave.html","4.28","False","False","True","False","75201"
"3608","Tom Thumb","Tom Thumb","","tomthumb","ACTIVE","7700 Northwest Hwy","Dallas","TX","75225","US","America/Chicago","https://local.tomthumb.com/tx/dallas/7700-northwest-hwy.html","5.52","True","True","True","False","75201"
"3560","Tom Thumb","Tom Thumb","","tomthumb","ACTIVE","8698 Skillman St","Dallas","TX","75243","US","America/Chicago","https://local.tomthumb.com/tx/dallas/8698-skillman-st.html","8.78","True","True","True","False","75201"
"3623","Tom Thumb","Tom Thumb","","tomthumb","ACTIVE","210 E Pleasant Run Rd","Desoto","TX","75115","US","America/Chicago","https://local.tomthumb.com/tx/desoto/210-e-pleasant-run-rd.html","74.58","True","True","True","False","76701"
"3563","Tom Thumb","Tom Thumb","","tomthumb","ACTIVE","633 W Wheatland Rd","Duncanville","TX","75116","US","America/Chicago","https://local.tomthumb.com/tx/duncanville/633-w-wheatland-rd.html","10.49","True","True","True","False","76010"
"3575","Tom Thumb","Tom Thumb","","tomthumb","ACTIVE","2301 Justin Rd","Flower Mound","TX","75028","US","America/Chicago","https://local.tomthumb.com/tx/flower-mound/2301-justin-rd.html","75.96","True","True","True","False","73401"
"1854","Tom Thumb","Tom Thumb","","tomthumb","ACTIVE","4301 Cross Timbers Rd","Flower Mound","TX","75028","US","America/Chicago","https://local.tomthumb.com/tx/flower-mound/4301-cross-timbers-rd.html","78.07","True","True","True","False","73401"
"3652","Tom Thumb","Tom Thumb","","tomthumb","ACTIVE","745 Cross Timbers Rd","Flower Mound","TX","75028","US","America/Chicago","https://local.tomthumb.com/tx/flower-mound/745-cross-timbers-rd.html","78.16","True","True","True","False","73401"
"26","Tom Thumb","Tom Thumb","","tomthumb","ACTIVE","435 S FM 548","Forney","TX","75126","US","America/Chicago","https://local.tomthumb.com/tx/forney/435-s-fm-548.html","157.07","True","True","True","False","71854"
"3312","Tom Thumb","Tom Thumb","","tomthumb","ACTIVE","2400 W 7th St","Fort Worth","TX","76107","US","America/Chicago","https://local.tomthumb.com/tx/fort-worth/2400-w-7th-st.html","1.61","True","True","True","False","76102"
"2574","Tom Thumb","Tom Thumb","","tomthumb","ACTIVE","3100 S Hulen St","Fort Worth","TX","76109","US","America/Chicago","https://local.tomthumb.com/tx/fort-worth/3100-s-hulen-st.html","5.23","True","True","True","False","76102"
"3622","Tom Thumb","Tom Thumb","","tomthumb","ACTIVE","6377 Camp Bowie Blvd","Fort Worth","TX","76116","US","America/Chicago","https://local.tomthumb.com/tx/fort-worth/6377-camp-bowie-blvd.html","6.0","True","True","True","False","76102"
"11","Tom Thumb","Tom Thumb","","tomthumb","ACTIVE","11401 Coit Rd","Frisco","TX","75035","US","America/Chicago","https://local.tomthumb.com/tx/frisco/11401-coit-rd.html","279.38","True","True","True","False","72201"
"2581","Tom Thumb","Tom Thumb","","tomthumb","ACTIVE","4848 Preston Rd","Frisco","TX","75034","US","America/Chicago","https://local.tomthumb.com/tx/frisco/4848-preston-rd.html","215.26","True","True","True","False","74103"
"2963","Tom Thumb","Tom Thumb","","tomthumb","ACTIVE","5550 FM 423","Frisco","TX","75036","US","America/Chicago","https://local.tomthumb.com/tx/frisco/5550-fm-423.html","215.91","True","True","True","False","74103"
"2557","Tom Thumb","Tom Thumb","","tomthumb","ACTIVE","206 N Grand Ave","Gainesville","TX","76240","US","America/Chicago","https://local.tomthumb.com/tx/gainesville/206-n-grand-ave.html","129.54","True","True","True","False","73102"
"2578","Tom Thumb","Tom Thumb","","tomthumb","ACTIVE","2535 Firewheel Pkwy","Garland","TX","75040","US","America/Chicago","https://local.tomthumb.com/tx/garland/2535-firewheel-pkwy.html","161.29","True","True","True","False","71854"
"1783","Tom Thumb","Tom Thumb","","tomthumb","ACTIVE","2645 Arapaho Rd","Garland","TX","75044","US","America/Chicago","https://local.tomthumb.com/tx/garland/2645-arapaho-rd.html","149.83","True","True","True","False","75501"
"2561","Tom Thumb","Tom Thumb","","tomthumb","ACTIVE","925 Northwest Hwy","Garland","TX","75041","US","America/Chicago","https://local.tomthumb.com/tx/garland/925-northwest-hwy.html","10.34","True","True","True","False","75201"
"1786","Tom Thumb","Tom Thumb","","tomthumb","ACTIVE","4215 S Carrier Pkwy","Grand Prairie","TX","75052","US","America/Chicago","https://local.tomthumb.com/tx/grand-prairie/4215-s-carrier-pkwy.html","5.77","True","True","True","False","76010"
"3625","Tom Thumb","Tom Thumb","","tomthumb","ACTIVE","302 S Park Blvd","Grapevine","TX","76051","US","America/Chicago","https://local.tomthumb.com/tx/grapevine/302-s-park-blvd.html","19.39","True","True","True","False","76201"
"2609","Tom Thumb","Tom Thumb","","tomthumb","ACTIVE","612 Grapevine Hwy","Hurst","TX","76054","US","America/Chicago","https://local.tomthumb.com/tx/hurst/612-grapevine-hwy.html","11.19","True","True","True","False","76010"
"3621","Tom Thumb","Tom Thumb","","tomthumb","ACTIVE","4010 N Macarthur Blvd","Irving","TX","75038","US","America/Chicago","https://local.tomthumb.com/tx/irving/4010-n-macarthur-blvd.html","11.5","True","True","True","False","76010"
"1780","Tom Thumb","Tom Thumb","","tomthumb","ACTIVE","1000 Keller Pkwy","Keller","TX","76248","US","America/Chicago","https://local.tomthumb.com/tx/keller/1000-keller-pkwy.html","13.3","True","True","True","False","76102"
"1785","Tom Thumb","Tom Thumb","","tomthumb","ACTIVE","1075 W FM3040","Lewisville","TX","75067","US","America/Chicago","https://local.tomthumb.com/tx/lewisville/1075-w-fm3040.html","25.5","True","True","True","False","76266"
"1972","Tom Thumb","Tom Thumb","","tomthumb","ACTIVE","980 Hwy N 287","Mansfield","TX","76063","US","America/Chicago","https://local.tomthumb.com/tx/mansfield/980-hwy-n-287.html","10.47","True","True","True","False","76010"
"3853","Tom Thumb","Tom Thumb","","tomthumb","ACTIVE","3001 Hardin Blvd","McKinney","TX","75070","US","America/Chicago","https://local.tomthumb.com/tx/mckinney/3001-hardin-blvd.html","161.69","True","True","True","False","71854"
"296","Tom Thumb","Tom Thumb","","tomthumb","ACTIVE","6800 W Virginia Pkwy","McKinney","TX","75071","US","America/Chicago","https://local.tomthumb.com/tx/mckinney/6800-w-virginia-pkwy.html","163.89","True","True","True","False","71854"
"1784","Tom Thumb","Tom Thumb","","tomthumb","ACTIVE","1501 Pioneer Rd","Mesquite","TX","75149","US","America/Chicago","https://local.tomthumb.com/tx/mesquite/1501-pioneer-rd.html","163.77","True","True","True","False","71854"
"4789","Tom Thumb","Tom Thumb","","tomthumb","ACTIVE","4221 FM 1387","Midlothian","TX","76065","US","America/Chicago","https://local.tomthumb.com/tx/midlothian/4221-fm-1387.html","65.78","True","True","True","False","76701"
"2554","Tom Thumb","Tom Thumb","","tomthumb","ACTIVE","3100 Independence Pkwy","Plano","TX","75075","US","America/Chicago","https://local.tomthumb.com/tx/plano/3100-independence-pkwy.html","4.25","True","True","True","False","75024"
"2595","Tom Thumb","Tom Thumb","","tomthumb","ACTIVE","3945 Legacy Dr","Plano","TX","75023","US","America/Chicago","https://local.tomthumb.com/tx/plano/3945-legacy-dr.html","2.21","True","True","True","False","75024"
"2570","Tom Thumb","Tom Thumb","","tomthumb","ACTIVE","5968 W Parker Rd","Plano","TX","75093","US","America/Chicago","https://local.tomthumb.com/tx/plano/5968-w-parker-rd.html","2.74","True","True","True","False","75024"
"1788","Tom Thumb","Tom Thumb","","tomthumb","ACTIVE","7801 Alma Dr","Plano","TX","75025","US","America/Chicago","https://local.tomthumb.com/tx/plano/7801-alma-dr.html","279.09","True","True","True","False","72201"
"3637","Tom Thumb","Tom Thumb","","tomthumb","ACTIVE","1380 W Campbell Rd","Richardson","TX","75080","US","America/Chicago","https://local.tomthumb.com/tx/richardson/1380-w-campbell-rd.html","7.23","True","True","True","False","75024"
"3641","Tom Thumb","Tom Thumb","","tomthumb","ACTIVE","3411 Custer Pkwy","Richardson","TX","75080","US","America/Chicago","https://local.tomthumb.com/tx/richardson/3411-custer-pkwy.html","7.13","True","True","True","False","75024"
"2526","Tom Thumb","Tom Thumb","","tomthumb","ACTIVE","819 Arapaho Rd","Richardson","TX","75080","US","America/Chicago","https://local.tomthumb.com/tx/richardson/819-arapaho-rd.html","8.8","False","False","True","False","75024"
"2964","Tom Thumb","Tom Thumb","","tomthumb","ACTIVE","3070 N Goliad St","Rockwall","TX","75087","US","America/Chicago","https://local.tomthumb.com/tx/rockwall/3070-n-goliad-st.html","152.78","True","True","True","False","71854"
"3099","Tom Thumb","Tom Thumb","","tomthumb","ACTIVE","551 Laurence Dr","Rockwall","TX","75032","US","America/Chicago","https://local.tomthumb.com/tx/rockwall/551-laurence-dr.html","155.54","True","True","True","False","71854"
"1925","Tom Thumb","Tom Thumb","","tomthumb","ACTIVE","8805 Lakeview Pkwy","Rowlett","TX","75088","US","America/Chicago","https://local.tomthumb.com/tx/rowlett/8805-lakeview-pkwy.html","156.54","True","True","True","False","71854"
"361","Tom Thumb","Tom Thumb","","tomthumb","ACTIVE","1413 W Chapman Dr","Sanger","TX","76266","US","America/Chicago","https://local.tomthumb.com/tx/sanger/1413-w-chapman-dr.html","146.66","True","True","True","False","73102"
"2580","Tom Thumb","Tom Thumb","","tomthumb","ACTIVE","100 W Southlake Blvd","Southlake","TX","76092","US","America/Chicago","https://local.tomthumb.com/tx/southlake/100-w-southlake-blvd.html","27.71","True","True","True","False","76266"
"4788","Tom Thumb","Tom Thumb","","tomthumb","ACTIVE","3400 Beltline Rd","Sunnyvale","TX","75182","US","America/Chicago","https://local.tomthumb.com/tx/sunnyvale/3400-beltline-rd.html","162.97","True","True","True","False","71854"
"1789","Tom Thumb","Tom Thumb","","tomthumb","ACTIVE","101 Trophy Lake Dr","Trophy Club","TX","76262","US","America/Chicago","https://local.tomthumb.com/tx/trophy-club/101-trophy-lake-dr.html","96.32","True","True","True","False","76301"
"104","Tom Thumb","Tom Thumb","","tomthumb","ACTIVE","1940 N Hwy 77","Waxahachie","TX","75165","US","America/Chicago","https://local.tomthumb.com/tx/waxahachie/1940-n-hwy-77.html","90.01","True","True","True","False","75701"
"4239","Tom Thumb","Tom Thumb","","tomthumb","ACTIVE","921 Westgate Way","Wylie","TX","75098","US","America/Chicago","https://local.tomthumb.com/tx/wylie/921-westgate-way.html","157.22","True","True","True","False","71854"
"1545","United Supermarkets","United Supermarkets","","shopunitedsupermarkets","ACTIVE","1095 Judge Ely Blvd","Abilene","TX","79601","US","America/Chicago","https://local.unitedsupermarkets.com/tx/abilene/1095-judge-ely-blvd.html","80.52","True","True","True","False","76903"
"4548","United Supermarkets","United Supermarkets","","shopunitedsupermarkets","ACTIVE","3301 S 14th St","Abilene","TX","79605","US","America/Chicago","https://local.unitedsupermarkets.com/tx/abilene/3301-s-14th-st.html","76.85","True","True","True","False","76903"
"3547","United Supermarkets","United Supermarkets","","shopunitedsupermarkets","ACTIVE","920 N Willis St","Abilene","TX","79603","US","America/Chicago","https://local.unitedsupermarkets.com/tx/abilene/920-n-willis-st.html","78.56","False","False","False","False","76903"
"3527","United Supermarkets","United Supermarkets","","shopunitedsupermarkets","ACTIVE","1501 Amarillo Blvd E","Amarillo","TX","79107","US","America/Chicago","https://local.unitedsupermarkets.com/tx/amarillo/1501-amarillo-blvd-e.html","110.53","False","False","False","False","73942"
"133","United Supermarkets","United Supermarkets","","shopunitedsupermarkets","ACTIVE","3400 River Rd","Amarillo","TX","79107","US","America/Chicago","https://local.unitedsupermarkets.com/tx/amarillo/3400-river-rd.html","108.85","False","False","False","False","73942"
"3530","United Supermarkets","United Supermarkets","","shopunitedsupermarkets","ACTIVE","3552 S Soncy Rd","Amarillo","TX","79119","US","America/Chicago","https://local.unitedsupermarkets.com/tx/amarillo/3552-s-soncy-rd.html","114.99","True","True","True","False","73942"
"22","United Supermarkets","United Supermarkets","","shopunitedsupermarkets","ACTIVE","4701 S Washington St","Amarillo","TX","79110","US","America/Chicago","https://local.unitedsupermarkets.com/tx/amarillo/4701-s-washington-st.html","114.9","True","True","True","False","73942"
"823","United Supermarkets","United Supermarkets","","shopunitedsupermarkets","ACTIVE","5601 Amarillo Blvd W","Amarillo","TX","79106","US","America/Chicago","https://local.unitedsupermarkets.com/tx/amarillo/5601-amarillo-blvd-w.html","111.65","True","True","True","False","73942"
"2529","United Supermarkets","United Supermarkets","","shopunitedsupermarkets","ACTIVE","5807 SW 45th Ave","Amarillo","TX","79109","US","America/Chicago","https://local.unitedsupermarkets.com/tx/amarillo/5807-sw-45th-ave.html","115.43","True","True","True","False","73942"
"655","United Supermarkets","United Supermarkets","","shopunitedsupermarkets","ACTIVE","1501 N US Hwy 385","Andrews","TX","79714","US","America/Chicago","https://local.unitedsupermarkets.com/tx/andrews/1501-n-us-hwy-385.html","136.95","True","True","True","False","76903"
"539","United Supermarkets","United Supermarkets","","shopunitedsupermarkets","ACTIVE","1414 W Wilson St","Borger","TX","79007","US","America/Chicago","https://local.unitedsupermarkets.com/tx/borger/1414-w-wilson-st.html","80.52","True","True","True","False","73942"
"152","United Supermarkets","United Supermarkets","","shopunitedsupermarkets","ACTIVE","1207 W Walker St","Breckenridge","TX","76424","US","America/Chicago","https://local.unitedsupermarkets.com/tx/breckenridge/1207-w-walker-st.html","83.18","False","False","False","False","76301"
"3536","United Supermarkets","United Supermarkets","","shopunitedsupermarkets","ACTIVE","1401 Tahoka Rd","Brownfield","TX","79316","US","America/Chicago","https://local.unitedsupermarkets.com/tx/brownfield/1401-tahoka-rd.html","36.34","False","False","False","False","79401"
"554","United Supermarkets","United Supermarkets","","shopunitedsupermarkets","ACTIVE","300 E Commerce St","Brownwood","TX","76801","US","America/Chicago","https://local.unitedsupermarkets.com/tx/brownwood/300-e-commerce-st.html","88.52","True","True","True","False","76903"
"4515","United Supermarkets","United Supermarkets","","shopunitedsupermarkets","ACTIVE","311 S Ave D","Burkburnett","TX","76354","US","America/Chicago","https://local.unitedsupermarkets.com/tx/burkburnett/311-s-ave-d.html","112.75","True","True","True","False","73102"
"3532","United Supermarkets","United Supermarkets","","shopunitedsupermarkets","ACTIVE","201 N 23rd St","Canyon","TX","79015","US","America/Chicago","https://local.unitedsupermarkets.com/tx/canyon/201-n-23rd-st.html","127.59","True","True","True","False","73942"
"718","United Supermarkets","United Supermarkets","","shopunitedsupermarkets","ACTIVE","2105 Ave F NW","Childress","TX","79201","US","America/Chicago","https://local.unitedsupermarkets.com/tx/childress/2105-ave-f-nw.html","113.49","False","False","False","False","73501"
"167","United Supermarkets","United Supermarkets","","shopunitedsupermarkets","ACTIVE","521 S Access Rd W","Clyde","TX","79510","US","America/Chicago","https://local.unitedsupermarkets.com/tx/clyde/521-s-access-rd-w.html","85.28","False","False","False","False","76903"
"34","United Supermarkets","United Supermarkets","","shopunitedsupermarkets","ACTIVE","1601 Tennessee Ave","Dalhart","TX","79022","US","America/Chicago","https://local.unitedsupermarkets.com/tx/dalhart/1601-tennessee-ave.html","72.57","False","False","False","False","73942"
"2542","United Supermarkets","United Supermarkets","","shopunitedsupermarkets","ACTIVE","1420 Guylane Plaza","Dumas","TX","79029","US","America/Chicago","https://local.unitedsupermarkets.com/tx/dumas/1420-guylane-plaza.html","69.59","True","True","True","False","73942"
"620","United Supermarkets","United Supermarkets","","shopunitedsupermarkets","ACTIVE","1229 Hwy 16 S","Graham","TX","76450","US","America/Chicago","https://local.unitedsupermarkets.com/tx/graham/1229-hwy-16-s.html","103.49","True","True","True","False","73501"
"2540","United Supermarkets","United Supermarkets","","shopunitedsupermarkets","ACTIVE","2302 Lubbock Hwy","Lamesa","TX","79331","US","America/Chicago","https://local.unitedsupermarkets.com/tx/lamesa/2302-lubbock-hwy.html","124.25","False","False","False","False","76903"
"3509","United Supermarkets","United Supermarkets","","shopunitedsupermarkets","ACTIVE","511 College Ave","Levelland","TX","79336","US","America/Chicago","https://local.unitedsupermarkets.com/tx/levelland/511-college-ave.html","29.64","True","True","True","False","79401"
"3535","United Supermarkets","United Supermarkets","","shopunitedsupermarkets","ACTIVE","701 Marshall Howard Blvd","Littlefield","TX","79339","US","America/Chicago","https://local.unitedsupermarkets.com/tx/littlefield/701-marshall-howard-blvd.html","94.11","False","False","False","False","79101"
"657","United Supermarkets","United Supermarkets","","shopunitedsupermarkets","ACTIVE","11310 Slide Rd","Lubbock","TX","79424","US","America/Chicago","https://local.unitedsupermarkets.com/tx/lubbock/11310-slide-rd.html","7.68","True","True","True","False","79401"
"3155","United Supermarkets","United Supermarkets","","shopunitedsupermarkets","ACTIVE","12815 Indiana Ave","Lubbock","TX","79423","US","America/Chicago","https://local.unitedsupermarkets.com/tx/lubbock/12815-indiana-ave.html","7.67","True","True","True","False","79401"
"3506","United Supermarkets","United Supermarkets","","shopunitedsupermarkets","ACTIVE","1701 50th St","Lubbock","TX","79412","US","America/Chicago","https://local.unitedsupermarkets.com/tx/lubbock/1701-50th-st.html","2.58","False","False","False","False","79401"
"2801","United Supermarkets","United Supermarkets","","shopunitedsupermarkets","ACTIVE","2630 Parkway Dr","Lubbock","TX","79403","US","America/Chicago","https://local.unitedsupermarkets.com/tx/lubbock/2630-parkway-dr.html","2.66","False","False","False","False","79401"
"3537","United Supermarkets","United Supermarkets","","shopunitedsupermarkets","ACTIVE","2703 82nd St","Lubbock","TX","79423","US","America/Chicago","https://local.unitedsupermarkets.com/tx/lubbock/2703-82nd-st.html","4.76","True","True","True","False","79401"
"605","United Supermarkets","United Supermarkets","","shopunitedsupermarkets","ACTIVE","401 Slide Rd","Lubbock","TX","79416","US","America/Chicago","https://local.unitedsupermarkets.com/tx/lubbock/401-slide-rd.html","4.0","False","False","False","False","79401"
"3552","United Supermarkets","United Supermarkets","","shopunitedsupermarkets","ACTIVE","6313 4th St","Lubbock","TX","79416","US","America/Chicago","https://local.unitedsupermarkets.com/tx/lubbock/6313-4th-st.html","5.97","True","True","True","False","79401"
"4551","United Supermarkets","United Supermarkets","","shopunitedsupermarkets","ACTIVE","8010 Frankford Ave","Lubbock","TX","79424","US","America/Chicago","https://local.unitedsupermarkets.com/tx/lubbock/8010-frankford-ave.html","6.82","True","True","True","False","79401"
"672","United Supermarkets","United Supermarkets","","shopunitedsupermarkets","ACTIVE","1002 Andrews Hwy","Midland","TX","79701","US","America/Chicago","https://local.unitedsupermarkets.com/tx/midland/1002-andrews-hwy.html","104.02","True","True","True","False","76903"
"671","United Supermarkets","United Supermarkets","","shopunitedsupermarkets","ACTIVE","3317 N Midland Dr","Midland","TX","79707","US","America/Chicago","https://local.unitedsupermarkets.com/tx/midland/3317-n-midland-dr.html","106.12","True","True","True","False","76903"
"3550","United Supermarkets","United Supermarkets","","shopunitedsupermarkets","ACTIVE","104 W 9th St","Muleshoe","TX","79347","US","America/Chicago","https://local.unitedsupermarkets.com/tx/muleshoe/104-w-9th-st.html","84.3","False","False","False","False","79101"
"3677","United Supermarkets","United Supermarkets","","shopunitedsupermarkets","ACTIVE","1350 E 8th St","Odessa","TX","79761","US","America/Chicago","https://local.unitedsupermarkets.com/tx/odessa/1350-e-8th-st.html","115.07","False","False","False","False","76903"
"3676","United Supermarkets","United Supermarkets","","shopunitedsupermarkets","ACTIVE","2751 County Rd W","Odessa","TX","79764","US","America/Chicago","https://local.unitedsupermarkets.com/tx/odessa/2751-county-rd-w.html","117.63","True","True","True","False","76903"
"2128","United Supermarkets","United Supermarkets","","shopunitedsupermarkets","ACTIVE","1420 N Hobart St","Pampa","TX","79065","US","America/Chicago","https://local.unitedsupermarkets.com/tx/pampa/1420-n-hobart-st.html","94.4","True","True","True","False","73942"
"663","United Supermarkets","United Supermarkets","","shopunitedsupermarkets","ACTIVE","2783 S Cedar St","Pecos","TX","79772","US","America/Chicago","https://local.unitedsupermarkets.com/tx/pecos/2783-s-cedar-st.html","92.01","False","False","False","False","79701"
"1325","United Supermarkets","United Supermarkets","","shopunitedsupermarkets","ACTIVE","2806 S Main St","Perryton","TX","79070","US","America/Chicago","https://local.unitedsupermarkets.com/tx/perryton/2806-s-main-st.html","379.74","False","False","False","False","68508"
"1607","United Supermarkets","United Supermarkets","","shopunitedsupermarkets","ACTIVE","3501 Olton Rd","Plainview","TX","79072","US","America/Chicago","https://local.unitedsupermarkets.com/tx/plainview/3501-olton-rd.html","70.69","True","True","False","False","79101"
"612","United Supermarkets","United Supermarkets","","shopunitedsupermarkets","ACTIVE","123 N Broadway St","Post","TX","79356","US","America/Chicago","https://local.unitedsupermarkets.com/tx/post/123-n-broadway-st.html","129.96","False","False","False","False","76903"
"3214","United Supermarkets","United Supermarkets","","shopunitedsupermarkets","ACTIVE","1000 W 11th St","Quanah","TX","79252","US","America/Chicago","https://local.unitedsupermarkets.com/tx/quanah/1000-w-11th-st.html","150.81","False","False","False","False","73102"
"172","United Supermarkets","United Supermarkets","","shopunitedsupermarkets","ACTIVE","111 SE 2nd St","Seminole","TX","79360","US","America/Chicago","https://local.unitedsupermarkets.com/tx/seminole/111-se-2nd-st.html","154.23","False","False","False","False","76903"
"146","United Supermarkets","United Supermarkets","","shopunitedsupermarkets","ACTIVE","202 N Main St","Seymour","TX","76380","US","America/Chicago","https://local.unitedsupermarkets.com/tx/seymour/202-n-main-st.html","163.72","False","False","False","False","73102"
"2211","United Supermarkets","United Supermarkets","","shopunitedsupermarkets","ACTIVE","615 S Hwy 84","Slaton","TX","79364","US","America/Chicago","https://local.unitedsupermarkets.com/tx/slaton/615-s-hwy-84.html","152.27","False","False","False","False","76903"
"4549","United Supermarkets","United Supermarkets","","shopunitedsupermarkets","ACTIVE","3500 College Ave","Snyder","TX","79549","US","America/Chicago","https://local.unitedsupermarkets.com/tx/snyder/3500-college-ave.html","88.85","True","True","True","False","76903"
"1313","United Supermarkets","United Supermarkets","","shopunitedsupermarkets","ACTIVE","2900 Wilbarger Ave","Vernon","TX","76384","US","America/Chicago","https://local.unitedsupermarkets.com/tx/vernon/2900-wilbarger-ave.html","136.19","True","True","True","False","73102"
"221","United Supermarkets","United Supermarkets","","shopunitedsupermarkets","ACTIVE","2522 Iowa Park Rd","Wichita Falls","TX","76306","US","America/Chicago","https://local.unitedsupermarkets.com/tx/wichita-falls/2522-iowa-park-rd.html","120.92","False","False","False","False","73102"
"634","United Supermarkets","United Supermarkets","","shopunitedsupermarkets","ACTIVE","2720 Southwest Prkwy","Wichita Falls","TX","76308","US","America/Chicago","https://local.unitedsupermarkets.com/tx/wichita-falls/2720-southwest-prkwy.html","125.64","True","True","True","False","73102"
"1216","United Supermarkets","United Supermarkets","","shopunitedsupermarkets","ACTIVE","4516 Old Jacksboro Hwy","Wichita Falls","TX","76302","US","America/Chicago","https://local.unitedsupermarkets.com/tx/wichita-falls/4516-old-jacksboro-hwy.html","124.28","True","True","True","False","73102"
"3601","Balducci's","Balducci's","","balduccis","ACTIVE","600 Franklin St","Alexandria","VA","22314","US","America/New_York","https://local.balduccis.com/va/alexandria/600-franklin-st.html","6.49","True","True","True","False","22201"
"3606","Balducci's","Balducci's","","balduccis","ACTIVE","6655 Old Dominion Dr","McLean","VA","22101","US","America/New_York","https://local.balduccis.com/va/mclean/6655-old-dominion-dr.html","5.54","True","True","True","False","20007"
"1019","Safeway","Safeway","","safeway","ACTIVE","1624 Belle View","Alexandria","VA","22307","US","America/New_York","https://local.safeway.com/safeway/va/alexandria/1624-belle-view.html","7.68","True","True","True","False","22201"
"1428","Safeway","Safeway","","safeway","ACTIVE","299 S Van Dorn St","Alexandria","VA","22304","US","America/New_York","https://local.safeway.com/safeway/va/alexandria/299-s-van-dorn-st.html","10.39","True","True","True","False","22030"
"3250","Safeway","Safeway","","safeway","ACTIVE","3526 King St","Alexandria","VA","22302","US","America/New_York","https://local.safeway.com/safeway/va/alexandria/3526-king-st.html","6.96","True","True","True","False","20001"
"866","Safeway","Safeway","","safeway","ACTIVE","500 S Royal St","Alexandria","VA","22314","US","America/New_York","https://local.safeway.com/safeway/va/alexandria/500-s-royal-st.html","6.45","True","True","True","False","22201"
"1847","Safeway","Safeway","","safeway","ACTIVE","5980 Kingstowne Towne Ctr","Alexandria","VA","22315","US","America/New_York","https://local.safeway.com/safeway/va/alexandria/5980-kingstowne-towne-ctr.html","8.32","True","True","True","False","22201"
"1285","Safeway","Safeway","","safeway","ACTIVE","6130 Rose Hill Dr","Alexandria","VA","22310","US","America/New_York","https://local.safeway.com/safeway/va/alexandria/6130-rose-hill-dr.html","10.78","True","True","True","False","22101"
"878","Safeway","Safeway","","safeway","ACTIVE","7900 Ft Hunt Rd","Alexandria","VA","22308","US","America/New_York","https://local.safeway.com/safeway/va/alexandria/7900-ft-hunt-rd.html","9.95","True","True","True","False","22201"
"1283","Safeway","Safeway","","safeway","ACTIVE","8646 Richmond Hwy","Alexandria","VA","22309","US","America/New_York","https://local.safeway.com/safeway/va/alexandria/8646-richmond-hwy.html","6.47","True","True","True","False","22314"
"1588","Safeway","Safeway","","safeway","ACTIVE","7414 Little River Turnpike","Annandale","VA","22003","US","America/New_York","https://local.safeway.com/safeway/va/annandale/7414-little-river-turnpike.html","11.27","True","True","True","False","20190"
"1048","Safeway","Safeway","","safeway","ACTIVE","1525 Wilson Blvd","Arlington","VA","22209","US","America/New_York","https://local.safeway.com/safeway/va/arlington/1525-wilson-blvd.html","3.22","True","True","True","False","20001"
"764","Safeway","Safeway","","safeway","ACTIVE","2500 N Harrison St","Arlington","VA","22207","US","America/New_York","https://local.safeway.com/safeway/va/arlington/2500-n-harrison-st.html","6.57","True","True","True","False","20001"
"4007","Safeway","Safeway","","safeway","ACTIVE","3713 Langston Blvd","Arlington","VA","22207","US","America/New_York","https://local.safeway.com/safeway/va/arlington/3713-langston-blvd.html","4.79","True","True","True","False","20001"
"1358","Safeway","Safeway","","safeway","ACTIVE","5101 Wilson Blvd","Arlington","VA","22205","US","America/New_York","https://local.safeway.com/safeway/va/arlington/5101-wilson-blvd.html","6.1","True","True","True","False","20001"
"2635","Safeway","Safeway","","safeway","ACTIVE","12821 Braemar Village Plaza","Bristow","VA","20136","US","America/New_York","https://local.safeway.com/safeway/va/bristow/12821-braemar-village-plaza.html","20.69","True","True","True","False","20175"
"4002","Safeway","Safeway","","safeway","ACTIVE","5727 Burke Centre Pkwy","Burke","VA","22015","US","America/New_York","https://local.safeway.com/safeway/va/burke/5727-burke-centre-pkwy.html","22.32","True","True","True","False","20175"
"1606","Safeway","Safeway","","safeway","ACTIVE","9596 Old Keene Mill Rd","Burke","VA","22015","US","America/New_York","https://local.safeway.com/safeway/va/burke/9596-old-keene-mill-rd.html","25.05","True","True","True","False","20175"
"1538","Safeway","Safeway","","safeway","ACTIVE","309 Southgate Shopping Ctr","Culpeper","VA","22701","US","America/New_York","https://local.safeway.com/safeway/va/culpeper/309-southgate-shopping-ctr.html","70.75","True","True","True","False","23219"
"1702","Safeway","Safeway","","safeway","ACTIVE","4215 Cheshire Station Plaza","Dale City","VA","22193","US","America/New_York","https://local.safeway.com/safeway/va/dale-city/4215-cheshire-station-plaza.html","76.6","True","True","True","False","23219"
"4001","Safeway","Safeway","","safeway","ACTIVE","10350 Willard Way","Fairfax","VA","22030","US","America/New_York","https://local.safeway.com/safeway/va/fairfax/10350-willard-way.html","20.55","True","True","True","False","20175"
"1431","Safeway","Safeway","","safeway","ACTIVE","12200 Fairfax Towne Center","Fairfax","VA","22033","US","America/New_York","https://local.safeway.com/safeway/va/fairfax/12200-fairfax-towne-center.html","17.16","True","True","True","False","20175"
"2616","Safeway","Safeway","","safeway","ACTIVE","3043 Nutley St","Fairfax","VA","22031","US","America/New_York","https://local.safeway.com/safeway/va/fairfax/3043-nutley-st.html","21.31","True","True","True","False","20175"
"1365","Safeway","Safeway","","safeway","ACTIVE","9525 Braddock Rd","Fairfax","VA","22032","US","America/New_York","https://local.safeway.com/safeway/va/fairfax/9525-braddock-rd.html","23.14","True","True","True","False","20175"
"75","Safeway","Safeway","","safeway","ACTIVE","9622 Main St","Fairfax","VA","22031","US","America/New_York","https://local.safeway.com/safeway/va/fairfax/9622-main-st.html","21.9","True","True","True","False","20175"
"2883","Safeway","Safeway","","safeway","ACTIVE","6118 Arlington Blvd","Falls Church","VA","22044","US","America/New_York","https://local.safeway.com/safeway/va/falls-church/6118-arlington-blvd.html","4.96","True","True","True","False","20007"
"1304","Safeway","Safeway","","safeway","ACTIVE","7397 Lee Hwy","Falls Church","VA","22042","US","America/New_York","https://local.safeway.com/safeway/va/falls-church/7397-lee-hwy.html","24.0","True","True","True","False","20175"
"1417","Safeway","Safeway","","safeway","ACTIVE","9881 Georgetown Pike","Great Falls","VA","22066","US","America/New_York","https://local.safeway.com/safeway/va/great-falls/9881-georgetown-pike.html","16.38","True","True","True","False","20175"
"1689","Safeway","Safeway","","safeway","ACTIVE","413 Elden St","Herndon","VA","20170","US","America/New_York","https://local.safeway.com/safeway/va/herndon/413-elden-st.html","12.54","True","True","True","False","20175"
"4218","Safeway","Safeway","","safeway","ACTIVE","437 S King St","Leesburg","VA","20175","US","America/New_York","https://local.safeway.com/safeway/va/leesburg/437-s-king-st.html","4.25","True","True","True","False","20175"
"1920","Safeway","Safeway","","safeway","ACTIVE","1688 Anderson Rd","Mclean","VA","22102","US","America/New_York","https://local.safeway.com/safeway/va/mclean/1688-anderson-rd.html","22.36","True","True","True","False","20175"
"4933","Safeway","Safeway","","safeway","ACTIVE","6244 Old Dominion Dr","Mclean","VA","22101","US","America/New_York","https://local.safeway.com/safeway/va/mclean/6244-old-dominion-dr.html","4.14","True","True","True","False","20007"
"942","Safeway","Safeway","","safeway","ACTIVE","12 W Washington St","Middleburg","VA","20117","US","America/New_York","https://local.safeway.com/safeway/va/middleburg/12-w-washington-st.html","9.85","True","True","False","False","20175"
"5","Safeway","Safeway","","safeway","ACTIVE","11120 S Lakes Dr","Reston","VA","20191","US","America/New_York","https://local.safeway.com/safeway/va/reston/11120-s-lakes-dr.html","15.65","True","True","True","False","20175"
"1570","Safeway","Safeway","","safeway","ACTIVE","2304 Hunter's Woods Plaza","Reston","VA","20191","US","America/New_York","https://local.safeway.com/safeway/va/reston/2304-hunter-s-woods-plaza.html","14.3","True","True","True","False","20175"
"1759","Safeway","Safeway","","safeway","ACTIVE","22350 S Sterling Blvd","Sterling","VA","20164","US","America/New_York","https://local.safeway.com/safeway/va/sterling/22350-s-sterling-blvd.html","10.1","True","True","True","False","20175"
"1801","Safeway","Safeway","","safeway","ACTIVE","189 W Lee Hwy","Warrenton","VA","20186","US","America/New_York","https://local.safeway.com/safeway/va/warrenton/189-w-lee-hwy.html","24.8","True","True","True","False","20175"
"1331","Safeway","Safeway","","safeway","ACTIVE","2205 Old Bridge Rd","Woodbridge","VA","22192","US","America/New_York","https://local.safeway.com/safeway/va/woodbridge/2205-old-bridge-rd.html","79.07","True","True","True","False","23219"
"1298","Safeway","Safeway","","safeway","ACTIVE","4240 Merchant Plaza","Woodbridge","VA","22192","US","America/New_York","https://local.safeway.com/safeway/va/woodbridge/4240-merchant-plaza.html","78.63","True","True","True","False","23219"
"616","Shaw's","Shaw's","","shaws","ACTIVE","160 Paine Turnpike N","Berlin","VT","05602","US","America/New_York","https://local.shaws.com/vt/berlin/160-paine-turnpike-n.html","97.37","True","True","True","False","05201"
"3528","Shaw's","Shaw's","","shaws","ACTIVE","7 Prince Ln","Bristol","VT","05443","US","America/New_York","https://local.shaws.com/vt/bristol/7-prince-ln.html","87.07","True","True","False","False","05201"
"117","Shaw's","Shaw's","","shaws","ACTIVE","570 Shelburne Rd","Burlington","VT","05401","US","America/New_York","https://local.shaws.com/vt/burlington/570-shelburne-rd.html","108.71","True","True","True","False","05201"
"615","Shaw's","Shaw's","","shaws","ACTIVE","66 Mountain View","Colchester","VT","05446","US","America/New_York","https://local.shaws.com/vt/colchester/66-mountain-view.html","112.82","True","True","True","False","05201"
"610","Shaw's","Shaw's","","shaws","ACTIVE","4340 US Rt 5","Derby","VT","05829","US","America/New_York","https://local.shaws.com/vt/derby/4340-us-rt-5.html","152.68","True","True","True","False","05201"
"1324","Shaw's","Shaw's","","shaws","ACTIVE","654 Route 22A North","Fair Haven","VT","05743","US","America/New_York","https://local.shaws.com/vt/fair-haven/654-route-22a-north.html","50.24","True","True","False","False","05201"
"2527","Shaw's","Shaw's","","shaws","ACTIVE","213 Main St","Ludlow","VT","05149","US","America/New_York","https://local.shaws.com/vt/ludlow/213-main-st.html","43.68","True","True","False","False","05201"
"530","Shaw's","Shaw's","","shaws","ACTIVE","64 Equinox Terrace","Manchester Center","VT","05255","US","America/New_York","https://local.shaws.com/vt/manchester-center/64-equinox-terrace.html","21.45","True","True","True","False","05201"
"1219","Shaw's","Shaw's","","shaws","ACTIVE","8 Washington St","Middlebury","VT","05753","US","America/New_York","https://local.shaws.com/vt/middlebury/8-washington-st.html","78.62","True","True","True","False","05201"
"121","Shaw's","Shaw's","","shaws","ACTIVE","2 Main St","Montpelier","VT","05602","US","America/New_York","https://local.shaws.com/vt/montpelier/2-main-st.html","100.43","True","True","True","False","05201"
"1323","Shaw's","Shaw's","","shaws","ACTIVE","55 Depot St","Poultney","VT","05764","US","America/New_York","https://local.shaws.com/vt/poultney/55-depot-st.html","44.31","True","True","False","False","05201"
"529","Shaw's","Shaw's","","shaws","ACTIVE","127 VT Hwy 12s","Randolph","VT","05060","US","America/New_York","https://local.shaws.com/vt/randolph/127-vt-hwy-12s.html","76.38","True","True","False","False","05201"
"2531","Shaw's","Shaw's","","shaws","ACTIVE","82 Springfield Plaza Rd","Springfield","VT","05156","US","America/New_York","https://local.shaws.com/vt/springfield/82-springfield-plaza-rd.html","46.13","True","True","True","False","05201"
"2325","Shaw's","Shaw's","","shaws","ACTIVE","751 Maple St","Stowe","VT","05672","US","America/New_York","https://local.shaws.com/vt/stowe/751-maple-st.html","113.28","True","True","False","False","05201"
"2536","Shaw's","Shaw's","","shaws","ACTIVE","115c Monkton Rd","Vergennes","VT","05491","US","America/New_York","https://local.shaws.com/vt/vergennes/115c-monkton-rd.html","89.63","True","True","True","False","05201"
"326","Shaw's","Shaw's","","shaws","ACTIVE","27 Mad River Canoe Rd","Waitsfield","VT","05673","US","America/New_York","https://local.shaws.com/vt/waitsfield/27-mad-river-canoe-rd.html","92.2","True","True","False","False","05201"
"649","Shaw's","Shaw's","","shaws","ACTIVE","820 Waterbury Stowe Rd","Waterbury","VT","05676","US","America/New_York","https://local.shaws.com/vt/waterbury/820-waterbury-stowe-rd.html","104.15","True","True","False","False","05201"
"2518","Shaw's","Shaw's","","shaws","ACTIVE","71 Boxwood St","Williston","VT","05495","US","America/New_York","https://local.shaws.com/vt/williston/71-boxwood-st.html","108.61","True","True","True","False","05201"
"222","Shaw's","Shaw's","","shaws","ACTIVE","97 E Main St","Wilmington","VT","05363","US","America/New_York","https://local.shaws.com/vt/wilmington/97-e-main-st.html","16.94","True","True","False","False","05201"
"2592","Albertsons","Albertsons","","albertsons","ACTIVE","2108 W Main St","Battle Ground","WA","98604","US","America/Los_Angeles","https://local.albertsons.com/wa/battle-ground/2108-w-main-st.html","11.36","True","True","True","False","98660"
"241","Albertsons","Albertsons","","albertsons","ACTIVE","400 Bridge St","Clarkston","WA","99403","US","America/Los_Angeles","https://local.albertsons.com/wa/clarkston/400-bridge-st.html","22.63","True","True","True","False","99163"
"3417","Albertsons","Albertsons","","albertsons","ACTIVE","3520 Pacific Ave SE","Olympia","WA","98501","US","America/Los_Angeles","https://local.albertsons.com/wa/olympia/3520-pacific-ave-se.html","4.59","True","True","True","False","98501"
"475","Albertsons","Albertsons","","albertsons","ACTIVE","1434 Olney Ave SE","Port Orchard","WA","98366","US","America/Los_Angeles","https://local.albertsons.com/wa/port-orchard/1434-olney-ave-se.html","2.66","True","True","True","False","98337"
"3106","Albertsons","Albertsons","","albertsons","ACTIVE","11012 Canyon Rd E","Puyallup","WA","98373","US","America/Los_Angeles","https://local.albertsons.com/wa/puyallup/11012-canyon-rd-e.html","7.75","True","True","True","False","98402"
"3418","Albertsons","Albertsons","","albertsons","ACTIVE","3925 236th Ave NE","Redmond","WA","98053","US","America/Los_Angeles","https://local.albertsons.com/wa/redmond/3925-236th-ave-ne.html","7.08","True","True","True","False","98005"
"453","Albertsons","Albertsons","","albertsons","ACTIVE","4621 NE Sunset Blvd","Renton","WA","98059","US","America/Los_Angeles","https://local.albertsons.com/wa/renton/4621-ne-sunset-blvd.html","7.73","True","True","True","False","98005"
"3408","Albertsons","Albertsons","","albertsons","ACTIVE","2550 32nd Ave W","Seattle","WA","98199","US","America/Los_Angeles","https://local.albertsons.com/wa/seattle/2550-32nd-ave-w.html","3.71","True","True","True","False","98101"
"493","Albertsons","Albertsons","","albertsons","ACTIVE","104 Military Rd","Tacoma","WA","98444","US","America/Los_Angeles","https://local.albertsons.com/wa/tacoma/104-military-rd.html","9.38","True","True","True","False","98402"
"3412","Albertsons","Albertsons","","albertsons","ACTIVE","1128 N Miller St","Wenatchee","WA","98801","US","America/Los_Angeles","https://local.albertsons.com/wa/wenatchee/1128-n-miller-st.html","4.51","True","True","True","False","98801"
"3438","Haggen","Haggen","","haggen","ACTIVE","1406 Lake Tapps Pkwy E","Auburn","WA","98092","US","America/Los_Angeles","https://local.haggen.com/wa/auburn/1406-lake-tapps-pkwy-e.html","5.09","True","True","False","False","98354"
"3439","Haggen","Haggen","","haggen","ACTIVE","1401 12th St","Bellingham","WA","98225","US","America/Los_Angeles","https://local.haggen.com/wa/bellingham/1401-12th-st.html","2.63","True","True","False","False","98225"
"3449","Haggen","Haggen","","haggen","ACTIVE","210 36th St","Bellingham","WA","98225","US","America/Los_Angeles","https://local.haggen.com/wa/bellingham/210-36th-st.html","1.82","True","True","False","False","98225"
"3430","Haggen","Haggen","","haggen","ACTIVE","2814 Meridian St","Bellingham","WA","98225","US","America/Los_Angeles","https://local.haggen.com/wa/bellingham/2814-meridian-st.html","0.83","True","True","False","False","98225"
"3460","Haggen","Haggen","","haggen","ACTIVE","2900 Woburn St","Bellingham","WA","98226","US","America/Los_Angeles","https://local.haggen.com/wa/bellingham/2900-woburn-st.html","2.23","True","True","False","False","98225"
"3436","Haggen","Haggen","","haggen","ACTIVE","757 Haggen Dr","Burlington","WA","98233","US","America/Los_Angeles","https://local.haggen.com/wa/burlington/757-haggen-dr.html","21.01","True","True","False","False","98225"
"3493","Haggen","Haggen","","haggen","ACTIVE","1815 Main St","Ferndale","WA","98248","US","America/Los_Angeles","https://local.haggen.com/wa/ferndale/1815-main-st.html","7.3","True","True","False","False","98225"
"3600","Haggen","Haggen","","haggen","ACTIVE","8915 Market Place NE","Lake Stevens","WA","98258","US","America/Los_Angeles","https://local.haggen.com/wa/lake-stevens/8915-market-place-ne.html","3.74","True","True","False","False","98201"
"3604","Haggen","Haggen","","haggen","ACTIVE","3711 88th St NE","Marysville","WA","98270","US","America/Los_Angeles","https://local.haggen.com/wa/marysville/3711-88th-st-ne.html","5.41","True","True","False","False","98201"
"3450","Haggen","Haggen","","haggen","ACTIVE","2601 E Division St","Mount Vernon","WA","98274","US","America/Los_Angeles","https://local.haggen.com/wa/mount-vernon/2601-e-division-st.html","24.57","True","True","False","False","98225"
"3427","Haggen","Haggen","","haggen","ACTIVE","31565 State Route 20","Oak Harbor","WA","98277","US","America/Los_Angeles","https://local.haggen.com/wa/oak-harbor/31565-state-route-20.html","33.22","True","True","False","False","98225"
"3444","Haggen","Haggen","","haggen","ACTIVE","1313 Cooper Point Rd SW","Olympia","WA","98502","US","America/Los_Angeles","https://local.haggen.com/wa/olympia/1313-cooper-point-rd-sw.html","5.55","True","True","False","False","98501"
"3482","Haggen","Haggen","","haggen","ACTIVE","1301 Avenue D","Snohomish","WA","98290","US","America/Los_Angeles","https://local.haggen.com/wa/snohomish/1301-avenue-d.html","6.6","True","True","False","False","98201"
"3480","Haggen","Haggen","","haggen","ACTIVE","26603 72nd Ave NW","Stanwood","WA","98292","US","America/Los_Angeles","https://local.haggen.com/wa/stanwood/26603-72nd-ave-nw.html","36.62","True","True","False","False","98225"
"3498","Haggen","Haggen","","haggen","ACTIVE","17641 Garden Way NE","Woodinville","WA","98072","US","America/Los_Angeles","https://local.haggen.com/wa/woodinville/17641-garden-way-ne.html","6.2","True","True","False","False","98052"
"1546","Safeway","Safeway","","safeway","ACTIVE","221 W Heron St","Aberdeen","WA","98520","US","America/Los_Angeles","https://local.safeway.com/safeway/wa/aberdeen/221-w-heron-st.html","41.56","True","True","False","False","98532"
"593","Safeway","Safeway","","safeway","ACTIVE","911 11th St","Anacortes","WA","98221","US","America/Los_Angeles","https://local.safeway.com/safeway/wa/anacortes/911-11th-st.html","17.78","True","True","False","False","98225"
"1522","Safeway","Safeway","","safeway","ACTIVE","20500 Olympic Pl","Arlington","WA","98223","US","America/Los_Angeles","https://local.safeway.com/safeway/wa/arlington/20500-olympic-pl.html","13.02","True","True","True","False","98201"
"534","Safeway","Safeway","","safeway","ACTIVE","3532 172nd St NE","Arlington","WA","98223","US","America/Los_Angeles","https://local.safeway.com/safeway/wa/arlington/3532-172nd-st-ne.html","10.55","True","True","True","False","98201"
"531","Safeway","Safeway","","safeway","ACTIVE","101 Auburn Way S","Auburn","WA","98002","US","America/Los_Angeles","https://local.safeway.com/safeway/wa/auburn/101-auburn-way-s.html","5.76","True","True","True","False","98354"
"4483","Safeway","Safeway","","safeway","ACTIVE","4010 A St","Auburn","WA","98002","US","America/Los_Angeles","https://local.safeway.com/safeway/wa/auburn/4010-a-st.html","9.78","True","True","True","False","98404"
"1252","Safeway","Safeway","","safeway","ACTIVE","253 High School Rd NE","Bainbridge Island","WA","98110","US","America/Los_Angeles","https://local.safeway.com/safeway/wa/bainbridge-island/253-high-school-rd-ne.html","7.25","True","True","True","False","98337"
"4313","Safeway","Safeway","","safeway","ACTIVE","904 W Main St","Battle Ground","WA","98604","US","America/Los_Angeles","https://local.safeway.com/safeway/wa/battle-ground/904-w-main-st.html","11.89","True","True","True","False","98660"
"1571","Safeway","Safeway","","safeway","ACTIVE","23961 NE State Route 3","Belfair","WA","98528","US","America/Los_Angeles","https://local.safeway.com/safeway/wa/belfair/23961-ne-state-route-3.html","11.66","True","True","False","False","98337"
"1444","Safeway","Safeway","","safeway","ACTIVE","15100 SE 38th St","Bellevue","WA","98006","US","America/Los_Angeles","https://local.safeway.com/safeway/wa/bellevue/15100-se-38th-st.html","4.66","True","True","False","False","98004"
"490","Safeway","Safeway","","safeway","ACTIVE","1645 140th Ave NE","Bellevue","WA","98005","US","America/Los_Angeles","https://local.safeway.com/safeway/wa/bellevue/1645-140th-ave-ne.html","2.34","True","True","True","False","98004"
"1600","Safeway","Safeway","","safeway","ACTIVE","300 Bellevue Way NE","Bellevue","WA","98004","US","America/Los_Angeles","https://local.safeway.com/safeway/wa/bellevue/300-bellevue-way-ne.html","0.95","True","True","True","False","98004"
"3285","Safeway","Safeway","","safeway","ACTIVE","1275 E Sunset Dr","Bellingham","WA","98226","US","America/Los_Angeles","https://local.safeway.com/safeway/wa/bellingham/1275-e-sunset-dr.html","1.9","True","True","False","False","98225"
"544","Safeway","Safeway","","safeway","ACTIVE","21301 Hwy 410","Bonney Lake","WA","98391","US","America/Los_Angeles","https://local.safeway.com/safeway/wa/bonney-lake/21301-hwy-410.html","9.98","True","True","True","False","98354"
"535","Safeway","Safeway","","safeway","ACTIVE","20711 Bothell Hwy","Bothell","WA","98012","US","America/Los_Angeles","https://local.safeway.com/safeway/wa/bothell/20711-bothell-hwy.html","6.58","True","True","True","False","98034"
"1864","Safeway","Safeway","","safeway","ACTIVE","24040 Bothell Everett Hwy","Bothell","WA","98021","US","America/Los_Angeles","https://local.safeway.com/safeway/wa/bothell/24040-bothell-everett-hwy.html","8.9","True","True","True","False","98052"
"1524","Safeway","Safeway","","safeway","ACTIVE","1401 NE McWilliams Rd","Bremerton","WA","98311","US","America/Los_Angeles","https://local.safeway.com/safeway/wa/bremerton/1401-ne-mcwilliams-rd.html","3.62","True","True","True","False","98337"
"1467","Safeway","Safeway","","safeway","ACTIVE","900 N Callow Ave","Bremerton","WA","98312","US","America/Los_Angeles","https://local.safeway.com/safeway/wa/bremerton/900-n-callow-ave.html","0.61","True","True","True","False","98337"
"3120","Safeway","Safeway","","safeway","ACTIVE","12725 1st Ave S","Burien","WA","98168","US","America/Los_Angeles","https://local.safeway.com/safeway/wa/burien/12725-1st-ave-s.html","8.25","True","True","True","False","98101"
"1664","Safeway","Safeway","","safeway","ACTIVE","138 SW 148th St","Burien","WA","98166","US","America/Los_Angeles","https://local.safeway.com/safeway/wa/burien/138-sw-148th-st.html","5.8","True","True","True","False","98118"
"1287","Safeway","Safeway","","safeway","ACTIVE","800 NE 3rd Ave","Camas","WA","98607","US","America/Los_Angeles","https://local.safeway.com/safeway/wa/camas/800-ne-3rd-ave.html","18.17","True","True","True","False","98660"
"1495","Safeway","Safeway","","safeway","ACTIVE","1129 Harrison Ave","Centralia","WA","98531","US","America/Los_Angeles","https://local.safeway.com/safeway/wa/centralia/1129-harrison-ave.html","18.2","True","True","False","False","98501"
"3525","Safeway","Safeway","","safeway","ACTIVE","1100 S Market Blvd","Chehalis","WA","98532","US","America/Los_Angeles","https://local.safeway.com/safeway/wa/chehalis/1100-s-market-blvd.html","22.73","True","True","False","False","98501"
"3265","Safeway","Safeway","","safeway","ACTIVE","106 W Manson Rd","Chelan","WA","98816","US","America/Los_Angeles","https://local.safeway.com/safeway/wa/chelan/106-w-manson-rd.html","35.9","True","True","True","False","98801"
"1740","Safeway","Safeway","","safeway","ACTIVE","2710 1st St","Cheney","WA","99004","US","America/Los_Angeles","https://local.safeway.com/safeway/wa/cheney/2710-1st-st.html","56.73","True","True","True","False","99163"
"337","Safeway","Safeway","","safeway","ACTIVE","10 W Colville Ave","Chewelah","WA","99109","US","America/Los_Angeles","https://local.safeway.com/safeway/wa/chewelah/10-w-colville-ave.html","44.84","True","True","False","False","99201"
"1135","Safeway","Safeway","","safeway","ACTIVE","804 W 1st St","Cle Elum","WA","98922","US","America/Los_Angeles","https://local.safeway.com/safeway/wa/cle-elum/804-w-1st-st.html","30.01","True","True","True","False","98801"
"385","Safeway","Safeway","","safeway","ACTIVE","391 N Main St","Colville","WA","99114","US","America/Los_Angeles","https://local.safeway.com/safeway/wa/colville/391-n-main-st.html","65.17","True","True","True","False","99201"
"792","Safeway","Safeway","","safeway","ACTIVE","17023 SE 272nd","Covington","WA","98042","US","America/Los_Angeles","https://local.safeway.com/safeway/wa/covington/17023-se-272nd.html","9.49","True","True","True","False","98059"
"251","Safeway","Safeway","","safeway","ACTIVE","1220 Morgan St","Davenport","WA","99122","US","America/Los_Angeles","https://local.safeway.com/safeway/wa/davenport/1220-morgan-st.html","33.85","True","True","False","False","99201"
"3540","Safeway","Safeway","","safeway","ACTIVE","21401 Pacific Hwy S","Des Moines","WA","98198","US","America/Los_Angeles","https://local.safeway.com/safeway/wa/des-moines/21401-pacific-hwy-s.html","14.47","True","True","True","False","98332"
"1186","Safeway","Safeway","","safeway","ACTIVE","27035 Pacific Hwy S","Des Moines","WA","98198","US","America/Los_Angeles","https://local.safeway.com/safeway/wa/des-moines/27035-pacific-hwy-s.html","9.6","True","True","True","False","98402"
"1572","Safeway","Safeway","","safeway","ACTIVE","14020 Main St NE","Duvall","WA","98019","US","America/Los_Angeles","https://local.safeway.com/safeway/wa/duvall/14020-main-st-ne.html","7.33","True","True","True","False","98052"
"3521","Safeway","Safeway","","safeway","ACTIVE","510 Grant Rd","East Wenatchee","WA","98802","US","America/Los_Angeles","https://local.safeway.com/safeway/wa/east-wenatchee/510-grant-rd.html","4.71","True","True","True","False","98801"
"1297","Safeway","Safeway","","safeway","ACTIVE","23632 Hwy 99","Edmonds","WA","98026","US","America/Los_Angeles","https://local.safeway.com/safeway/wa/edmonds/23632-hwy-99.html","49.28","True","True","True","False","98362"
"1630","Safeway","Safeway","","safeway","ACTIVE","400 N Ruby St","Ellensburg","WA","98926","US","America/Los_Angeles","https://local.safeway.com/safeway/wa/ellensburg/400-n-ruby-st.html","27.83","True","True","True","False","98801"
"494","Safeway","Safeway","","safeway","ACTIVE","152 Roosevelt Ave E","Enumclaw","WA","98022","US","America/Los_Angeles","https://local.safeway.com/safeway/wa/enumclaw/152-roosevelt-ave-e.html","76.31","True","True","True","False","98801"
"1544","Safeway","Safeway","","safeway","ACTIVE","1150 Basin St SW","Ephrata","WA","98823","US","America/Los_Angeles","https://local.safeway.com/safeway/wa/ephrata/1150-basin-st-sw.html","38.65","True","True","True","False","98801"
"503","Safeway","Safeway","","safeway","ACTIVE","11031 19th Ave SE","Everett","WA","98208","US","America/Los_Angeles","https://local.safeway.com/safeway/wa/everett/11031-19th-ave-se.html","7.07","True","True","True","False","98201"
"474","Safeway","Safeway","","safeway","ACTIVE","1715 Broadway Ave","Everett","WA","98201","US","America/Los_Angeles","https://local.safeway.com/safeway/wa/everett/1715-broadway-ave.html","0.53","True","True","True","False","98201"
"1484","Safeway","Safeway","","safeway","ACTIVE","4128 Rucker Ave","Everett","WA","98203","US","America/Los_Angeles","https://local.safeway.com/safeway/wa/everett/4128-rucker-ave.html","2.71","True","True","True","False","98201"
"1461","Safeway","Safeway","","safeway","ACTIVE","520 128th St SW","Everett","WA","98204","US","America/Los_Angeles","https://local.safeway.com/safeway/wa/everett/520-128th-st-sw.html","8.49","True","True","True","False","98201"
"2645","Safeway","Safeway","","safeway","ACTIVE","5802 134th Place SE","Everett","WA","98208","US","America/Los_Angeles","https://local.safeway.com/safeway/wa/everett/5802-134th-place-se.html","8.73","True","True","True","False","98201"
"3298","Safeway","Safeway","","safeway","ACTIVE","7601 Evergreen Way","Everett","WA","98203","US","America/Los_Angeles","https://local.safeway.com/safeway/wa/everett/7601-evergreen-way.html","4.98","True","True","True","False","98201"
"1555","Safeway","Safeway","","safeway","ACTIVE","1207 S 320th St","Federal Way","WA","98003","US","America/Los_Angeles","https://local.safeway.com/safeway/wa/federal-way/1207-s-320th-st.html","7.17","True","True","True","False","98402"
"477","Safeway","Safeway","","safeway","ACTIVE","28810 Military Rd S","Federal Way","WA","98003","US","America/Los_Angeles","https://local.safeway.com/safeway/wa/federal-way/28810-military-rd-s.html","9.09","True","True","True","False","98402"
"4406","Safeway","Safeway","","safeway","ACTIVE","11330 NW 51st Ave","Gig Harbor","WA","98332","US","America/Los_Angeles","https://local.safeway.com/safeway/wa/gig-harbor/11330-nw-51st-ave.html","14.46","True","True","True","False","98337"
"3321","Safeway","Safeway","","safeway","ACTIVE","4831 Point Fosdick Dr NW","Gig Harbor","WA","98335","US","America/Los_Angeles","https://local.safeway.com/safeway/wa/gig-harbor/4831-point-fosdick-dr-nw.html","7.16","True","True","True","False","98402"
"547","Safeway","Safeway","","safeway","ACTIVE","10105 224th St E","Graham","WA","98338","US","America/Los_Angeles","https://local.safeway.com/safeway/wa/graham/10105-224th-st-e.html","12.19","True","True","True","False","98499"
"3247","Safeway","Safeway","","safeway","ACTIVE","320 Midway Ave","Grand Coulee","WA","99133","US","America/Los_Angeles","https://local.safeway.com/safeway/wa/grand-coulee/320-midway-ave.html","74.66","True","True","True","False","98801"
"1593","Safeway","Safeway","","safeway","ACTIVE","610 E Wine Country Rd","Grandview","WA","98930","US","America/Los_Angeles","https://local.safeway.com/safeway/wa/grandview/610-e-wine-country-rd.html","35.1","True","True","True","False","99336"
"3006","Safeway","Safeway","","safeway","ACTIVE","1451 Highlands Dr","Issaquah","WA","98029","US","America/Los_Angeles","https://local.safeway.com/safeway/wa/issaquah/1451-highlands-dr.html","5.18","True","True","True","False","98006"
"1624","Safeway","Safeway","","safeway","ACTIVE","735 NW Gilman Blvd","Issaquah","WA","98027","US","America/Los_Angeles","https://local.safeway.com/safeway/wa/issaquah/735-nw-gilman-blvd.html","7.69","True","True","True","False","98005"
"2637","Safeway","Safeway","","safeway","ACTIVE","411 Three Rivers Dr","Kelso","WA","98626","US","America/Los_Angeles","https://local.safeway.com/safeway/wa/kelso/411-three-rivers-dr.html","32.49","True","True","True","False","98660"
"3500","Safeway","Safeway","","safeway","ACTIVE","6850 NE Bothell Way","Kenmore","WA","98028","US","America/Los_Angeles","https://local.safeway.com/safeway/wa/kenmore/6850-ne-bothell-way.html","8.62","True","True","True","False","98052"
"3253","Safeway","Safeway","","safeway","ACTIVE","5204 W Clearwater Ave","Kennewick","WA","99336","US","America/Los_Angeles","https://local.safeway.com/safeway/wa/kennewick/5204-w-clearwater-ave.html","1.52","True","True","True","False","99336"
"1966","Safeway","Safeway","","safeway","ACTIVE","13101 SE Kent-Kangley Rd","Kent","WA","98030","US","America/Los_Angeles","https://local.safeway.com/safeway/wa/kent/13101-se-kent-kangley-rd.html","9.71","True","True","True","False","98059"
"459","Safeway","Safeway","","safeway","ACTIVE","20830 108th Ave SE","Kent","WA","98031","US","America/Los_Angeles","https://local.safeway.com/safeway/wa/kent/20830-108th-ave-se.html","6.42","True","True","True","False","98059"
"1294","Safeway","Safeway","","safeway","ACTIVE","210 Washington Ave S","Kent","WA","98032","US","America/Los_Angeles","https://local.safeway.com/safeway/wa/kent/210-washington-ave-s.html","9.63","True","True","True","False","98354"
"186","Safeway","Safeway","","safeway","ACTIVE","8196 NE Hwy 104","Kingston","WA","98346","US","America/Los_Angeles","https://local.safeway.com/safeway/wa/kingston/8196-ne-hwy-104.html","40.34","True","True","True","False","98362"
"2734","Safeway","Safeway","","safeway","ACTIVE","10020 NE 137th St","Kirkland","WA","98034","US","America/Los_Angeles","https://local.safeway.com/safeway/wa/kirkland/10020-ne-137th-st.html","6.71","True","True","True","False","98004"
"1142","Safeway","Safeway","","safeway","ACTIVE","12519 NE 85th St","Kirkland","WA","98033","US","America/Los_Angeles","https://local.safeway.com/safeway/wa/kirkland/12519-ne-85th-st.html","3.91","True","True","True","False","98004"
"526","Safeway","Safeway","","safeway","ACTIVE","14444 124th Ave NE","Kirkland","WA","98034","US","America/Los_Angeles","https://local.safeway.com/safeway/wa/kirkland/14444-124th-ave-ne.html","7.48","True","True","True","False","98004"
"1173","Safeway","Safeway","","safeway","ACTIVE","1243 Marvin Rd NE","Lacey","WA","98516","US","America/Los_Angeles","https://local.safeway.com/safeway/wa/lacey/1243-marvin-rd-ne.html","7.16","True","True","True","False","98501"
"543","Safeway","Safeway","","safeway","ACTIVE","4700 Yelm Hwy SE","Lacey","WA","98503","US","America/Los_Angeles","https://local.safeway.com/safeway/wa/lacey/4700-yelm-hwy-se.html","2.24","True","True","True","False","98501"
"1977","Safeway","Safeway","","safeway","ACTIVE","6200 Pacific Ave SE","Lacey","WA","98503","US","America/Los_Angeles","https://local.safeway.com/safeway/wa/lacey/6200-pacific-ave-se.html","5.11","True","True","True","False","98501"
"3416","Safeway","Safeway","","safeway","ACTIVE","17171 Bothell Way NE","Lake Forest Park","WA","98155","US","America/Los_Angeles","https://local.safeway.com/safeway/wa/lake-forest-park/17171-bothell-way-ne.html","7.13","True","True","True","False","98033"
"1803","Safeway","Safeway","","safeway","ACTIVE","717 SR 9 NE","Lake Stevens","WA","98258","US","America/Los_Angeles","https://local.safeway.com/safeway/wa/lake-stevens/717-sr-9-ne.html","4.08","True","True","True","False","98201"
"1645","Safeway","Safeway","","safeway","ACTIVE","10223 Gravelly Lake Dr SW","Lakewood","WA","98499","US","America/Los_Angeles","https://local.safeway.com/safeway/wa/lakewood/10223-gravelly-lake-dr-sw.html","7.12","True","True","True","False","98402"
"1589","Safeway","Safeway","","safeway","ACTIVE","116 Riverbend Dr","Leavenworth","WA","98826","US","America/Los_Angeles","https://local.safeway.com/safeway/wa/leavenworth/116-riverbend-dr.html","19.48","True","True","False","False","98801"
"2248","Safeway","Safeway","","safeway","ACTIVE","1304 N Liberty Lake Rd","Liberty Lake","WA","99019","US","America/Los_Angeles","https://local.safeway.com/safeway/wa/liberty-lake/1304-n-liberty-lake-rd.html","66.54","True","True","True","False","99163"
"91","Safeway","Safeway","","safeway","ACTIVE","1227 15th Ave","Longview","WA","98632","US","America/Los_Angeles","https://local.safeway.com/safeway/wa/longview/1227-15th-ave.html","32.64","True","True","True","False","98660"
"1078","Safeway","Safeway","","safeway","ACTIVE","2930 Ocean Beach Hwy","Longview","WA","98632","US","America/Los_Angeles","https://local.safeway.com/safeway/wa/longview/2930-ocean-beach-hwy.html","33.72","True","True","True","False","98660"
"1930","Safeway","Safeway","","safeway","ACTIVE","8071 Guide Meridian Rd #101","Lynden","WA","98264","US","America/Los_Angeles","https://local.safeway.com/safeway/wa/lynden/8071-guide-meridian-rd-101.html","12.32","True","True","False","False","98225"
"469","Safeway","Safeway","","safeway","ACTIVE","12811 Beverly Park Rd","Lynnwood","WA","98087","US","America/Los_Angeles","https://local.safeway.com/safeway/wa/lynnwood/12811-beverly-park-rd.html","9.16","True","True","True","False","98201"
"3523","Safeway","Safeway","","safeway","ACTIVE","14826 Hwy 99 N","Lynnwood","WA","98087","US","America/Los_Angeles","https://local.safeway.com/safeway/wa/lynnwood/14826-hwy-99-n.html","10.31","True","True","True","False","98201"
"485","Safeway","Safeway","","safeway","ACTIVE","19500 Hwy 99 Suite 110","Lynnwood","WA","98036","US","America/Los_Angeles","https://local.safeway.com/safeway/wa/lynnwood/19500-hwy-99-suite-110.html","49.35","True","True","True","False","98362"
"1471","Safeway","Safeway","","safeway","ACTIVE","26916 Maple Valley Rd","Maple Valley","WA","98038","US","America/Los_Angeles","https://local.safeway.com/safeway/wa/maple-valley/26916-maple-valley-rd.html","57.22","True","True","True","False","98922"
"1485","Safeway","Safeway","","safeway","ACTIVE","1258 State Ave","Marysville","WA","98270","US","America/Los_Angeles","https://local.safeway.com/safeway/wa/marysville/1258-state-ave.html","4.46","True","True","True","False","98201"
"471","Safeway","Safeway","","safeway","ACTIVE","301 Marysville Mall #60","Marysville","WA","98270","US","America/Los_Angeles","https://local.safeway.com/safeway/wa/marysville/301-marysville-mall-60.html","3.63","True","True","True","False","98201"
"458","Safeway","Safeway","","safeway","ACTIVE","16304 Bothell Everett Hwy","Mill Creek","WA","98012","US","America/Los_Angeles","https://local.safeway.com/safeway/wa/mill-creek/16304-bothell-everett-hwy.html","10.34","True","True","True","False","98201"
"1413","Safeway","Safeway","","safeway","ACTIVE","3322 132nd St SE","Mill Creek","WA","98012","US","America/Los_Angeles","https://local.safeway.com/safeway/wa/mill-creek/3322-132nd-st-se.html","8.47","True","True","True","False","98201"
"3545","Safeway","Safeway","","safeway","ACTIVE","900 E Meridian Ave Suite 12","Milton","WA","98354","US","America/Los_Angeles","https://local.safeway.com/safeway/wa/milton/900-e-meridian-ave-suite-12.html","6.85","True","True","True","False","98402"
"537","Safeway","Safeway","","safeway","ACTIVE","19651 Hwy 2","Monroe","WA","98272","US","America/Los_Angeles","https://local.safeway.com/safeway/wa/monroe/19651-hwy-2.html","13.1","True","True","True","False","98258"
"3252","Safeway","Safeway","","safeway","ACTIVE","601 S Pioneer Way","Moses Lake","WA","98837","US","America/Los_Angeles","https://local.safeway.com/safeway/wa/moses-lake/601-s-pioneer-way.html","54.85","True","True","True","False","98801"
"1472","Safeway","Safeway","","safeway","ACTIVE","315 E College Way","Mount Vernon","WA","98273","US","America/Los_Angeles","https://local.safeway.com/safeway/wa/mount-vernon/315-e-college-way.html","23.12","True","True","False","False","98225"
"414","Safeway","Safeway","","safeway","ACTIVE","4301 212th St SW","Mountlake Terrace","WA","98043","US","America/Los_Angeles","https://local.safeway.com/safeway/wa/mountlake-terrace/4301-212th-st-sw.html","7.61","True","True","True","False","98034"
"558","Safeway","Safeway","","safeway","ACTIVE","6911 Coal Creek Pkwy SE","Newcastle","WA","98059","US","America/Los_Angeles","https://local.safeway.com/safeway/wa/newcastle/6911-coal-creek-pkwy-se.html","6.26","True","True","True","False","98004"
"1159","Safeway","Safeway","","safeway","ACTIVE","121 W Walnut St","Newport","WA","99156","US","America/Los_Angeles","https://local.safeway.com/safeway/wa/newport/121-w-walnut-st.html","40.48","True","True","True","False","99201"
"1528","Safeway","Safeway","","safeway","ACTIVE","460 SW Mt Si Blvd","North Bend","WA","98045","US","America/Los_Angeles","https://local.safeway.com/safeway/wa/north-bend/460-sw-mt-si-blvd.html","66.62","True","True","True","False","98801"
"402","Safeway","Safeway","","safeway","ACTIVE","1450 SW Erie St","Oak Harbor","WA","98277","US","America/Los_Angeles","https://local.safeway.com/safeway/wa/oak-harbor/1450-sw-erie-st.html","33.43","True","True","False","False","98225"
"1464","Safeway","Safeway","","safeway","ACTIVE","3215 Harrison Ave NW","Olympia","WA","98502","US","America/Los_Angeles","https://local.safeway.com/safeway/wa/olympia/3215-harrison-ave-nw.html","6.16","True","True","True","False","98501"
"1952","Safeway","Safeway","","safeway","ACTIVE","4280 Martin Way E","Olympia","WA","98516","US","America/Los_Angeles","https://local.safeway.com/safeway/wa/olympia/4280-martin-way-e.html","5.23","True","True","True","False","98501"
"1194","Safeway","Safeway","","safeway","ACTIVE","607 Omache Dr","Omak","WA","98841","US","America/Los_Angeles","https://local.safeway.com/safeway/wa/omak/607-omache-dr.html","49.06","True","True","True","False","98816"
"1844","Safeway","Safeway","","safeway","ACTIVE","215 Whitesell St NW","Orting","WA","98360","US","America/Los_Angeles","https://local.safeway.com/safeway/wa/orting/215-whitesell-st-nw.html","6.35","True","True","True","False","98373"
"228","Safeway","Safeway","","safeway","ACTIVE","1330 N 20th Ave","Pasco","WA","99301","US","America/Los_Angeles","https://local.safeway.com/safeway/wa/pasco/1330-n-20th-ave.html","2.72","True","True","True","False","99336"
"1492","Safeway","Safeway","","safeway","ACTIVE","110 E 3rd St","Port Angeles","WA","98362","US","America/Los_Angeles","https://local.safeway.com/safeway/wa/port-angeles/110-e-3rd-st.html","6.36","True","True","False","False","98362"
"1922","Safeway","Safeway","","safeway","ACTIVE","2709 E Hwy 101","Port Angeles","WA","98362","US","America/Los_Angeles","https://local.safeway.com/safeway/wa/port-angeles/2709-e-hwy-101.html","3.75","True","True","False","False","98362"
"3317","Safeway","Safeway","","safeway","ACTIVE","3355 Bethel Rd SE","Port Orchard","WA","98366","US","America/Los_Angeles","https://local.safeway.com/safeway/wa/port-orchard/3355-bethel-rd-se.html","3.51","True","True","True","False","98337"
"419","Safeway","Safeway","","safeway","ACTIVE","370 SW Sedgwick Rd","Port Orchard","WA","98367","US","America/Los_Angeles","https://local.safeway.com/safeway/wa/port-orchard/370-sw-sedgwick-rd.html","5.04","True","True","True","False","98337"
"538","Safeway","Safeway","","safeway","ACTIVE","442 W Sims Way","Port Townsend","WA","98368","US","America/Los_Angeles","https://local.safeway.com/safeway/wa/port-townsend/442-w-sims-way.html","46.81","True","True","False","False","98225"
"3148","Safeway","Safeway","","safeway","ACTIVE","19245 10th Ave NE","Poulsbo","WA","98370","US","America/Los_Angeles","https://local.safeway.com/safeway/wa/poulsbo/19245-10th-ave-ne.html","11.73","True","True","True","False","98337"
"2639","Safeway","Safeway","","safeway","ACTIVE","430 SE Bishop Blvd","Pullman","WA","99163","US","America/Los_Angeles","https://local.safeway.com/safeway/wa/pullman/430-se-bishop-blvd.html","3.78","True","True","True","False","99163"
"1798","Safeway","Safeway","","safeway","ACTIVE","11501 Canyon Rd E","Puyallup","WA","98373","US","America/Los_Angeles","https://local.safeway.com/safeway/wa/puyallup/11501-canyon-rd-e.html","8.09","True","True","True","False","98402"
"2640","Safeway","Safeway","","safeway","ACTIVE","13308 Meridian E","Puyallup","WA","98373","US","America/Los_Angeles","https://local.safeway.com/safeway/wa/puyallup/13308-meridian-e.html","9.48","True","True","True","False","98418"
"3228","Safeway","Safeway","","safeway","ACTIVE","5616 176th St E","Puyallup","WA","98375","US","America/Los_Angeles","https://local.safeway.com/safeway/wa/puyallup/5616-176th-st-e.html","25.19","True","True","True","False","98501"
"422","Safeway","Safeway","","safeway","ACTIVE","611 S Meridian","Puyallup","WA","98371","US","America/Los_Angeles","https://local.safeway.com/safeway/wa/puyallup/611-s-meridian.html","8.35","True","True","True","False","98402"
"2729","Safeway","Safeway","","safeway","ACTIVE","708 Shaw Rd E","Puyallup","WA","98372","US","America/Los_Angeles","https://local.safeway.com/safeway/wa/puyallup/708-shaw-rd-e.html","9.78","True","True","True","False","98402"
"496","Safeway","Safeway","","safeway","ACTIVE","15000 NE 24th St","Redmond","WA","98052","US","America/Los_Angeles","https://local.safeway.com/safeway/wa/redmond/15000-ne-24th-st.html","3.03","True","True","True","False","98004"
"464","Safeway","Safeway","","safeway","ACTIVE","17246 Redmond Way","Redmond","WA","98052","US","America/Los_Angeles","https://local.safeway.com/safeway/wa/redmond/17246-redmond-way.html","5.45","True","True","True","False","98004"
"519","Safeway","Safeway","","safeway","ACTIVE","17230 140th Ave SE","Renton","WA","98058","US","America/Los_Angeles","https://local.safeway.com/safeway/wa/renton/17230-140th-ave-se.html","7.71","True","True","True","False","98006"
"1563","Safeway","Safeway","","safeway","ACTIVE","200 S 3rd St","Renton","WA","98057","US","America/Los_Angeles","https://local.safeway.com/safeway/wa/renton/200-s-3rd-st.html","6.72","True","True","True","False","98006"
"366","Safeway","Safeway","","safeway","ACTIVE","2725 NE Sunset Blvd","Renton","WA","98056","US","America/Los_Angeles","https://local.safeway.com/safeway/wa/renton/2725-ne-sunset-blvd.html","8.04","True","True","True","False","98005"
"3319","Safeway","Safeway","","safeway","ACTIVE","4300 NE 4th St","Renton","WA","98059","US","America/Los_Angeles","https://local.safeway.com/safeway/wa/renton/4300-ne-4th-st.html","4.95","True","True","True","False","98006"
"333","Safeway","Safeway","","safeway","ACTIVE","1803 George Washington Way","Richland","WA","99354","US","America/Los_Angeles","https://local.safeway.com/safeway/wa/richland/1803-george-washington-way.html","8.09","True","True","True","False","99336"
"252","Safeway","Safeway","","safeway","ACTIVE","690 Gage Blvd","Richland","WA","99352","US","America/Los_Angeles","https://local.safeway.com/safeway/wa/richland/690-gage-blvd.html","5.18","True","True","True","False","99336"
"555","Safeway","Safeway","","safeway","ACTIVE","630 228th Ave NE","Sammamish","WA","98074","US","America/Los_Angeles","https://local.safeway.com/safeway/wa/sammamish/630-228th-ave-ne.html","8.04","True","True","True","False","98004"
"1586","Safeway","Safeway","","safeway","ACTIVE","12318 15th Ave NE","Seattle","WA","98125","US","America/Los_Angeles","https://local.safeway.com/safeway/wa/seattle/12318-15th-ave-ne.html","7.66","True","True","True","False","98101"
"1551","Safeway","Safeway","","safeway","ACTIVE","1410 E John St","Seattle","WA","98112","US","America/Los_Angeles","https://local.safeway.com/safeway/wa/seattle/1410-e-john-st.html","5.05","True","True","True","False","98004"
"1477","Safeway","Safeway","","safeway","ACTIVE","1423 NW Market St","Seattle","WA","98107","US","America/Los_Angeles","https://local.safeway.com/safeway/wa/seattle/1423-nw-market-st.html","4.5","True","True","True","False","98101"
"3275","Safeway","Safeway","","safeway","ACTIVE","2100 Queen Anne Ave N","Seattle","WA","98109","US","America/Los_Angeles","https://local.safeway.com/safeway/wa/seattle/2100-queen-anne-ave-n.html","7.14","True","True","True","False","98004"
"1993","Safeway","Safeway","","safeway","ACTIVE","2201 E Madison St","Seattle","WA","98112","US","America/Los_Angeles","https://local.safeway.com/safeway/wa/seattle/2201-e-madison-st.html","4.63","True","True","True","False","98004"
"2932","Safeway","Safeway","","safeway","ACTIVE","2622 California Ave SW","Seattle","WA","98116","US","America/Los_Angeles","https://local.safeway.com/safeway/wa/seattle/2622-california-ave-sw.html","3.05","True","True","True","False","98101"
"1508","Safeway","Safeway","","safeway","ACTIVE","3820 Rainier Ave S","Seattle","WA","98118","US","America/Los_Angeles","https://local.safeway.com/safeway/wa/seattle/3820-rainier-ave-s.html","5.53","True","True","True","False","98004"
"219","Safeway","Safeway","","safeway","ACTIVE","3900 S Othello St","Seattle","WA","98118","US","America/Los_Angeles","https://local.safeway.com/safeway/wa/seattle/3900-s-othello-st.html","7.15","True","True","True","False","98004"
"1493","Safeway","Safeway","","safeway","ACTIVE","4011 S 164th","Seattle","WA","98188","US","America/Los_Angeles","https://local.safeway.com/safeway/wa/seattle/4011-s-164th.html","5.96","True","True","True","False","98118"
"2980","Safeway","Safeway","","safeway","ACTIVE","4732 Brooklyn Ave NE","Seattle","WA","98105","US","America/Los_Angeles","https://local.safeway.com/safeway/wa/seattle/4732-brooklyn-ave-ne.html","5.7","True","True","True","False","98004"
"1062","Safeway","Safeway","","safeway","ACTIVE","4754 42nd Ave SW","Seattle","WA","98116","US","America/Los_Angeles","https://local.safeway.com/safeway/wa/seattle/4754-42nd-ave-sw.html","4.07","True","True","True","False","98101"
"1885","Safeway","Safeway","","safeway","ACTIVE","516 1st Ave W","Seattle","WA","98119","US","America/Los_Angeles","https://local.safeway.com/safeway/wa/seattle/516-1st-ave-w.html","7.12","True","True","True","False","98004"
"1550","Safeway","Safeway","","safeway","ACTIVE","7300 Roosevelt Way NE","Seattle","WA","98115","US","America/Los_Angeles","https://local.safeway.com/safeway/wa/seattle/7300-roosevelt-way-ne.html","6.47","True","True","True","False","98004"
"423","Safeway","Safeway","","safeway","ACTIVE","7340 35th Ave NE","Seattle","WA","98115","US","America/Los_Angeles","https://local.safeway.com/safeway/wa/seattle/7340-35th-ave-ne.html","5.52","True","True","True","False","98004"
"1143","Safeway","Safeway","","safeway","ACTIVE","8340 15th Ave NW","Seattle","WA","98117","US","America/Los_Angeles","https://local.safeway.com/safeway/wa/seattle/8340-15th-ave-nw.html","5.94","True","True","True","False","98101"
"1965","Safeway","Safeway","","safeway","ACTIVE","9262 Rainier Ave S","Seattle","WA","98118","US","America/Los_Angeles","https://local.safeway.com/safeway/wa/seattle/9262-rainier-ave-s.html","7.87","True","True","True","False","98004"
"1923","Safeway","Safeway","","safeway","ACTIVE","9620 28th Ave SW","Seattle","WA","98126","US","America/Los_Angeles","https://local.safeway.com/safeway/wa/seattle/9620-28th-ave-sw.html","6.51","True","True","True","False","98101"
"1448","Safeway","Safeway","","safeway","ACTIVE","680F W Washington St","Sequim","WA","98382","US","America/Los_Angeles","https://local.safeway.com/safeway/wa/sequim/680f-w-washington-st.html","8.54","True","True","True","False","98362"
"585","Safeway","Safeway","","safeway","ACTIVE","600 Franklin St","Shelton","WA","98584","US","America/Los_Angeles","https://local.safeway.com/safeway/wa/shelton/600-franklin-st.html","20.17","True","True","False","False","98501"
"3213","Safeway","Safeway","","safeway","ACTIVE","15332 Aurora Ave N","Shoreline","WA","98133","US","America/Los_Angeles","https://local.safeway.com/safeway/wa/shoreline/15332-aurora-ave-n.html","4.42","True","True","True","False","98115"
"497","Safeway","Safeway","","safeway","ACTIVE","17202 15th Ave NE","Shoreline","WA","98155","US","America/Los_Angeles","https://local.safeway.com/safeway/wa/shoreline/17202-15th-ave-ne.html","4.85","True","True","True","False","98115"
"1680","Safeway","Safeway","","safeway","ACTIVE","2890 NW Bucklin Hill Rd","Silverdale","WA","98383","US","America/Los_Angeles","https://local.safeway.com/safeway/wa/silverdale/2890-nw-bucklin-hill-rd.html","6.25","True","True","True","False","98337"
"1076","Safeway","Safeway","","safeway","ACTIVE","1119 13th St","Snohomish","WA","98290","US","America/Los_Angeles","https://local.safeway.com/safeway/wa/snohomish/1119-13th-st.html","6.72","True","True","True","False","98201"
"3419","Safeway","Safeway","","safeway","ACTIVE","17520 SR 9 SE","Snohomish","WA","98296","US","America/Los_Angeles","https://local.safeway.com/safeway/wa/snohomish/17520-sr-9-se.html","11.49","True","True","True","False","98201"
"3613","Safeway","Safeway","","safeway","ACTIVE","34828 SE Douglas St","Snoqualmie","WA","98065","US","America/Los_Angeles","https://local.safeway.com/safeway/wa/snoqualmie/34828-se-douglas-st.html","70.76","True","True","True","False","98801"
"1299","Safeway","Safeway","","safeway","ACTIVE","10100 N Newport Hwy","Spokane","WA","99218","US","America/Los_Angeles","https://local.safeway.com/safeway/wa/spokane/10100-n-newport-hwy.html","72.03","True","True","True","False","99163"
"258","Safeway","Safeway","","safeway","ACTIVE","13606 E 32nd Ave","Spokane","WA","99216","US","America/Los_Angeles","https://local.safeway.com/safeway/wa/spokane/13606-e-32nd-ave.html","63.15","True","True","True","False","99163"
"1473","Safeway","Safeway","","safeway","ACTIVE","14020 E Sprague Ave","Spokane","WA","99216","US","America/Los_Angeles","https://local.safeway.com/safeway/wa/spokane/14020-e-sprague-ave.html","65.22","True","True","True","False","99163"
"342","Safeway","Safeway","","safeway","ACTIVE","1616 W Northwest Blvd","Spokane","WA","99205","US","America/Los_Angeles","https://local.safeway.com/safeway/wa/spokane/1616-w-northwest-blvd.html","67.43","True","True","True","False","99163"
"1494","Safeway","Safeway","","safeway","ACTIVE","2507 W Wellesley Ave","Spokane","WA","99205","US","America/Los_Angeles","https://local.safeway.com/safeway/wa/spokane/2507-w-wellesley-ave.html","68.77","True","True","True","False","99163"
"1242","Safeway","Safeway","","safeway","ACTIVE","2509 E 29th Ave","Spokane","WA","99223","US","America/Los_Angeles","https://local.safeway.com/safeway/wa/spokane/2509-e-29th-ave.html","63.61","True","True","True","False","99163"
"1268","Safeway","Safeway","","safeway","ACTIVE","3010 E 57th Ave","Spokane","WA","99223","US","America/Los_Angeles","https://local.safeway.com/safeway/wa/spokane/3010-e-57th-ave.html","61.61","True","True","True","False","99163"
"1799","Safeway","Safeway","","safeway","ACTIVE","3919 N Market St","Spokane","WA","99207","US","America/Los_Angeles","https://local.safeway.com/safeway/wa/spokane/3919-n-market-st.html","68.04","True","True","True","False","99163"
"265","Safeway","Safeway","","safeway","ACTIVE","6520 N Nevada","Spokane","WA","99208","US","America/Los_Angeles","https://local.safeway.com/safeway/wa/spokane/6520-n-nevada.html","69.78","True","True","True","False","99163"
"246","Safeway","Safeway","","safeway","ACTIVE","8851 E Trent Ave","Spokane","WA","99212","US","America/Los_Angeles","https://local.safeway.com/safeway/wa/spokane/8851-e-trent-ave.html","67.0","True","True","True","False","99163"
"206","Safeway","Safeway","","safeway","ACTIVE","9001 N Indian Trail Rd","Spokane","WA","99208","US","America/Los_Angeles","https://local.safeway.com/safeway/wa/spokane/9001-n-indian-trail-rd.html","71.82","True","True","True","False","99163"
"3248","Safeway","Safeway","","safeway","ACTIVE","902 W Francis Ave","Spokane","WA","99205","US","America/Los_Angeles","https://local.safeway.com/safeway/wa/spokane/902-w-francis-ave.html","69.81","True","True","True","False","99163"
"3255","Safeway","Safeway","","safeway","ACTIVE","933 E Mission Ave","Spokane","WA","99202","US","America/Los_Angeles","https://local.safeway.com/safeway/wa/spokane/933-e-mission-ave.html","66.65","True","True","True","False","99163"
"563","Safeway","Safeway","","safeway","ACTIVE","613 S 6th St","Sunnyside","WA","98944","US","America/Los_Angeles","https://local.safeway.com/safeway/wa/sunnyside/613-s-6th-st.html","75.31","True","True","True","False","98801"
"329","Safeway","Safeway","","safeway","ACTIVE","1112 S M St","Tacoma","WA","98405","US","America/Los_Angeles","https://local.safeway.com/safeway/wa/tacoma/1112-s-m-st.html","0.65","True","True","True","False","98402"
"1437","Safeway","Safeway","","safeway","ACTIVE","1302 S 38th St","Tacoma","WA","98418","US","America/Los_Angeles","https://local.safeway.com/safeway/wa/tacoma/1302-s-38th-st.html","2.17","True","True","True","False","98402"
"3305","Safeway","Safeway","","safeway","ACTIVE","15805 Pacific Ave S","Tacoma","WA","98444","US","America/Los_Angeles","https://local.safeway.com/safeway/wa/tacoma/15805-pacific-ave-s.html","9.7","True","True","True","False","98402"
"1436","Safeway","Safeway","","safeway","ACTIVE","1624 72nd St E","Tacoma","WA","98404","US","America/Los_Angeles","https://local.safeway.com/safeway/wa/tacoma/1624-72nd-st-e.html","4.64","True","True","True","False","98402"
"3424","Safeway","Safeway","","safeway","ACTIVE","2411 N Proctor St","Tacoma","WA","98406","US","America/Los_Angeles","https://local.safeway.com/safeway/wa/tacoma/2411-n-proctor-st.html","2.46","True","True","True","False","98402"
"1978","Safeway","Safeway","","safeway","ACTIVE","2637 N Pearl St","Tacoma","WA","98407","US","America/Los_Angeles","https://local.safeway.com/safeway/wa/tacoma/2637-n-pearl-st.html","3.65","True","True","True","False","98402"
"486","Safeway","Safeway","","safeway","ACTIVE","3842 Bridgeport Way","Tacoma","WA","98466","US","America/Los_Angeles","https://local.safeway.com/safeway/wa/tacoma/3842-bridgeport-way.html","5.08","True","True","True","False","98402"
"1594","Safeway","Safeway","","safeway","ACTIVE","707 S 56th St","Tacoma","WA","98408","US","America/Los_Angeles","https://local.safeway.com/safeway/wa/tacoma/707-s-56th-st.html","3.18","True","True","True","False","98402"
"3411","Safeway","Safeway","","safeway","ACTIVE","8611 Steilacoom Blvd SW","Tacoma","WA","98498","US","America/Los_Angeles","https://local.safeway.com/safeway/wa/tacoma/8611-steilacoom-blvd-sw.html","7.21","True","True","True","False","98402"
"584","Safeway","Safeway","","safeway","ACTIVE","711 W 1st Ave","Toppenish","WA","98948","US","America/Los_Angeles","https://local.safeway.com/safeway/wa/toppenish/711-w-1st-ave.html","69.62","True","True","True","False","98801"
"1503","Safeway","Safeway","","safeway","ACTIVE","520 Cleveland Ave SE","Tumwater","WA","98501","US","America/Los_Angeles","https://local.safeway.com/safeway/wa/tumwater/520-cleveland-ave-se.html","3.45","True","True","True","False","98501"
"1407","Safeway","Safeway","","safeway","ACTIVE","705 Trosper Rd SW","Tumwater","WA","98512","US","America/Los_Angeles","https://local.safeway.com/safeway/wa/tumwater/705-trosper-rd-sw.html","3.16","True","True","True","False","98501"
"1842","Safeway","Safeway","","safeway","ACTIVE","13023 NE Hwy 99 Suite 1","Vancouver","WA","98686","US","America/Los_Angeles","https://local.safeway.com/safeway/wa/vancouver/13023-ne-hwy-99-suite-1.html","5.26","True","True","True","False","98660"
"580","Safeway","Safeway","","safeway","ACTIVE","14300 NE 20th Ave","Vancouver","WA","98686","US","America/Los_Angeles","https://local.safeway.com/safeway/wa/vancouver/14300-ne-20th-ave.html","5.41","True","True","True","False","98660"
"1653","Safeway","Safeway","","safeway","ACTIVE","2615 NE 112th Ave","Vancouver","WA","98684","US","America/Los_Angeles","https://local.safeway.com/safeway/wa/vancouver/2615-ne-112th-ave.html","9.73","True","True","True","False","98660"
"400","Safeway","Safeway","","safeway","ACTIVE","3707 N Main St","Vancouver","WA","98663","US","America/Los_Angeles","https://local.safeway.com/safeway/wa/vancouver/3707-n-main-st.html","4.66","True","True","True","False","98660"
"4405","Safeway","Safeway","","safeway","ACTIVE","408 NE 81st St","Vancouver","WA","98665","US","America/Los_Angeles","https://local.safeway.com/safeway/wa/vancouver/408-ne-81st-st.html","3.9","True","True","True","False","98660"
"1704","Safeway","Safeway","","safeway","ACTIVE","6700 NE 162nd Ave Suite 500","Vancouver","WA","98682","US","America/Los_Angeles","https://local.safeway.com/safeway/wa/vancouver/6700-ne-162nd-ave-suite-500.html","11.68","True","True","True","False","98660"
"1103","Safeway","Safeway","","safeway","ACTIVE","6701 E Mill Plain Blvd","Vancouver","WA","98661","US","America/Los_Angeles","https://local.safeway.com/safeway/wa/vancouver/6701-e-mill-plain-blvd.html","8.1","True","True","True","False","98660"
"1611","Safeway","Safeway","","safeway","ACTIVE","6711 NE 63rd St","Vancouver","WA","98661","US","America/Los_Angeles","https://local.safeway.com/safeway/wa/vancouver/6711-ne-63rd-st.html","7.12","True","True","True","False","98660"
"1160","Safeway","Safeway","","safeway","ACTIVE","1600 Plaza Way","Walla Walla","WA","99362","US","America/Los_Angeles","https://local.safeway.com/safeway/wa/walla-walla/1600-plaza-way.html","69.44","True","True","True","False","99163"
"307","Safeway","Safeway","","safeway","ACTIVE","215 E Rose St","Walla Walla","WA","99362","US","America/Los_Angeles","https://local.safeway.com/safeway/wa/walla-walla/215-e-rose-st.html","68.08","True","True","True","False","99163"
"3414","Safeway","Safeway","","safeway","ACTIVE","450 N Wilbur Ave","Walla Walla","WA","99362","US","America/Los_Angeles","https://local.safeway.com/safeway/wa/walla-walla/450-n-wilbur-ave.html","66.53","True","True","True","False","99163"
"1687","Safeway","Safeway","","safeway","ACTIVE","3307 Evergreen Way Bldg 5","Washougal","WA","98671","US","America/Los_Angeles","https://local.safeway.com/safeway/wa/washougal/3307-evergreen-way-bldg-5.html","21.3","True","True","True","False","98660"
"1449","Safeway","Safeway","","safeway","ACTIVE","501 N Miller St","Wenatchee","WA","98801","US","America/Los_Angeles","https://local.safeway.com/safeway/wa/wenatchee/501-n-miller-st.html","4.17","True","True","True","False","98801"
"533","Safeway","Safeway","","safeway","ACTIVE","19150 NE Woodinville Duvall Rd","Woodinville","WA","98077","US","America/Los_Angeles","https://local.safeway.com/safeway/wa/woodinville/19150-ne-woodinville-duvall-rd.html","6.22","True","True","True","False","98052"
"1762","Safeway","Safeway","","safeway","ACTIVE","1725 Pacific Ave","Woodland","WA","98674","US","America/Los_Angeles","https://local.safeway.com/safeway/wa/woodland/1725-pacific-ave.html","15.83","True","True","True","False","98660"
"149","Safeway","Safeway","","safeway","ACTIVE","1610 W Lincoln Ave","Yakima","WA","98902","US","America/Los_Angeles","https://local.safeway.com/safeway/wa/yakima/1610-w-lincoln-ave.html","54.43","True","True","True","False","98801"
"462","Safeway","Safeway","","safeway","ACTIVE","205 N 5th Ave","Yakima","WA","98902","US","America/Los_Angeles","https://local.safeway.com/safeway/wa/yakima/205-n-5th-ave.html","54.28","True","True","True","False","98801"
"1235","Safeway","Safeway","","safeway","ACTIVE","2204A W Nob Hill Blvd","Yakima","WA","98902","US","America/Los_Angeles","https://local.safeway.com/safeway/wa/yakima/2204a-w-nob-hill-blvd.html","55.75","True","True","True","False","98801"
"502","Safeway","Safeway","","safeway","ACTIVE","5702 Summitview Ave","Yakima","WA","98908","US","America/Los_Angeles","https://local.safeway.com/safeway/wa/yakima/5702-summitview-ave.html","55.07","True","True","True","False","98801"
"1660","Safeway","Safeway","","safeway","ACTIVE","905 E Meade Ave","Yakima","WA","98903","US","America/Los_Angeles","https://local.safeway.com/safeway/wa/yakima/905-e-meade-ave.html","55.86","True","True","False","False","98801"
"1619","Safeway","Safeway","","safeway","ACTIVE","1109 Yelm Ave E","Yelm","WA","98597","US","America/Los_Angeles","https://local.safeway.com/safeway/wa/yelm/1109-yelm-ave-e.html","12.84","True","True","False","False","98501"
"60","Albertsons","Albertsons","","albertsons","ACTIVE","1076 CY Ave","Casper","WY","82604","US","America/Denver","https://local.albertsons.com/wy/casper/1076-cy-ave.html","181.67","True","True","True","False","57701"
"62","Albertsons","Albertsons","","albertsons","ACTIVE","2625 E 2nd St","Casper","WY","82609","US","America/Denver","https://local.albertsons.com/wy/casper/2625-e-2nd-st.html","179.18","True","True","True","False","57701"
"65","Albertsons","Albertsons","","albertsons","ACTIVE","3355 E Pershing Blvd","Cheyenne","WY","82001","US","America/Denver","https://local.albertsons.com/wy/cheyenne/3355-e-pershing-blvd.html","421.68","True","True","True","False","68508"
"66","Albertsons","Albertsons","","albertsons","ACTIVE","5800 Yellowstone Rd","Cheyenne","WY","82009","US","America/Denver","https://local.albertsons.com/wy/cheyenne/5800-yellowstone-rd.html","212.11","True","True","True","False","69101"
"2061","Albertsons","Albertsons","","albertsons","ACTIVE","1825 17th St","Cody","WY","82414","US","America/Denver","https://local.albertsons.com/wy/cody/1825-17th-st.html","108.35","True","True","False","False","83001"
"67","Albertsons","Albertsons","","albertsons","ACTIVE","2610 S Douglas Hwy","Gillette","WY","82718","US","America/Denver","https://local.albertsons.com/wy/gillette/2610-s-douglas-hwy.html","456.97","True","True","True","False","58102"
"183","Albertsons","Albertsons","","albertsons","ACTIVE","105 Buffalo Way","Jackson","WY","83001","US","America/Denver","https://local.albertsons.com/wy/jackson/105-buffalo-way.html","5.87","True","True","True","False","83001"
"3435","Albertsons","Albertsons","","albertsons","ACTIVE","1005 W Coulter Ave","Powell","WY","82435","US","America/Denver","https://local.albertsons.com/wy/powell/1005-w-coulter-ave.html","238.97","True","True","False","False","57783"
"3342","Albertsons","Albertsons","","albertsons","ACTIVE","1323 Dewar Dr","Rock Springs","WY","82901","US","America/Denver","https://local.albertsons.com/wy/rock-springs/1323-dewar-dr.html","150.02","True","True","False","False","83001"
"64","Albertsons","Albertsons","","albertsons","ACTIVE","1865 Coffeen Ave","Sheridan","WY","82801","US","America/Denver","https://local.albertsons.com/wy/sheridan/1865-coffeen-ave.html","508.36","True","True","True","False","58102"
"2667","Safeway","Safeway","","safeway","ACTIVE","700 S Greeley Hwy","Cheyenne","WY","82007","US","America/Denver","https://local.safeway.com/safeway/wy/cheyenne/700-s-greeley-hwy.html","423.41","True","True","True","False","68508"
"467","Safeway","Safeway","","safeway","ACTIVE","1900 E Richards St","Douglas","WY","82633","US","America/Denver","https://local.safeway.com/safeway/wy/douglas/1900-e-richards-st.html","507.72","True","True","True","False","58102"
"2761","Safeway","Safeway","","safeway","ACTIVE","1165 W Main St","Lander","WY","82520","US","America/Denver","https://local.safeway.com/safeway/wy/lander/1165-w-main-st.html","106.54","True","True","False","False","83001"
"2466","Safeway","Safeway","","safeway","ACTIVE","554 N 3rd St","Laramie","WY","82072","US","America/Denver","https://local.safeway.com/safeway/wy/laramie/554-n-3rd-st.html","110.49","True","True","True","False","69361"
"2462","Safeway","Safeway","","safeway","ACTIVE","1307 16th St","Wheatland","WY","82201","US","America/Denver","https://local.safeway.com/safeway/wy/wheatland/1307-16th-st.html","225.28","True","True","True","False","69101"
