"retailer","location_id","identifier","street_address","city","state","zip_code","country","latitude","longitude","phone"
"ALDI 130 Covington Mall","5873448","FP41","130 Covington Mall Drive","Andalusia","AL","36420","US","31.3162906","-86.4961575","+1 855-955-2534"
"ALDI 1617 South College Street","5767769","FF43","1617 South College Street","Auburn","AL","36832","US","32.5763561","-85.4964405","+1 855-955-2534"
"ALDI 30947 Mill Lane","6340826","FF76","30947 Mill Lane","Daphne","AL","36527","US","30.67567111","-87.85271611","+1 855-955-2534"
"ALDI 113 Simmsville Rd","5767528","L266","113 Simmsville Rd","Alabaster","Alabama","35007","US","33.240018","-86.815485","+1 855-955-2534"
"ALDI 1061 U.S. Hwy 280","5766227","FP06","1061 U.S. Hwy 280","Alexander City","Alabama","35010","US","32.92195","-85.9612","+1 855-955-2534"
"ALDI 5303 McClellan Blvd","5768326","L327","5303 McClellan Blvd","Anniston","Alabama","36206","US","33.714948","-85.81875","+1 855-955-2534"
"ALDI 115 US 72","5767872","L314","115 US 72","Athens","Alabama","35611","US","34.790527","-86.967968","+1 855-955-2534"
"ALDI 1617 South College Street","5873440","FP18","1617 South College Street","Auburn","Alabama","36832","US","32.57645","-85.4966","+1 855-955-2534"
"ALDI 2910 Morgan Road Suite 128","5767877","FM80","2910 Morgan Road Suite 128","Bessemer","Alabama","35022","US","33.33556","-86.91927","+1 855-955-2534"
"ALDI 710 Academy Dr","5767468","L259","710 Academy Dr","Bessemer","Alabama","35022","US","33.358984","-87.000026","+1 855-955-2534"
"ALDI 4639 Hwy 280","5768314","L300","4639 Hwy 280","Birmingham","Alabama","35242","US","33.42654","-86.702884","+1 855-955-2534"
"ALDI 520 Gene Reed Rd","5767486","L262","520 Gene Reed Rd","Birmingham","Alabama","35215","US","33.59821","-86.6943","+1 855-955-2534"
"ALDI 5485 Patrick Way","5767491","L263","5485 Patrick Way","Birmingham","Alabama","35235","US","33.610533","-86.623596","+1 855-955-2534"
"ALDI 7400 Crestwood Blvd","5767474","L261","7400 Crestwood Blvd","Birmingham","Alabama","35210","US","33.530445","-86.727346","+1 855-955-2534"
"ALDI 150 Chelsea Corners","5757815","FM85","150 Chelsea Corners","Chelsea","Alabama","35043","US","33.34642","-86.63082","+1 855-955-2534"
"ALDI 1831 Cherokee Ave SW","5767544","L267","1831 Cherokee Ave SW","Cullman","Alabama","35055","US","34.153472","-86.84209","+1 855-955-2534"
"ALDI 27060 US HWY 98","5768354","L987","27060 US HWY 98","Daphne","Alabama","36526","US","30.61957","-87.904294","+1 855-955-2534"
"ALDI 1413 Beltline Rd SW","5767962","L326","1413 Beltline Rd SW","Decatur","Alabama","35601","US","34.56383","-87.01017","+1 855-955-2534"
"ALDI 1151 Ross Clark CIR Suite 100","5873446","FP33","1151 Ross Clark CIR Suite 100","Dothan","Alabama","36301","US","31.21283","-85.36021","+1 855-955-2534"
"ALDI 1571 Westgate PKWY Suite 100","6036553","FP37","1571 Westgate Parkway","Dothan","Alabama","36303","US","31.2594","-85.4321573","+1 855-955-2534"
"ALDI 630 Boll Weevil Cir","5767082","FF88","630 Boll Weevil Cir","Enterprise","Alabama","36330","US","31.318615","-85.828626","+1 855-955-2534"
"ALDI 10101 County Rd 48","5768457","FE11","10101 County Rd 48","Fairhope","Alabama","36532","US","30.524012","-87.851543","+1 855-955-2534"
"ALDI 411 Cox Creek Pkwy","5767944","L324","411 Cox Creek Pkwy","Florence","Alabama","35630","US","34.84187","-87.63994","+1 855-955-2534"
"ALDI 130 E Pride Blvd","5768225","L989","130 E Pride Blvd","Foley","Alabama","36535","US","30.3809","-87.6824","+1 855-955-2534"
"ALDI 1601 Morris Ave","5767522","L265","1601 Morris Ave","Fultondale","Alabama","35068","US","33.608232","-86.80169","+1 855-955-2534"
"ALDI 200 N Hood Ave","5767937","L323","200 N Hood Ave","Gadsden","Alabama","35903","US","34.010296","-85.993368","+1 855-955-2534"
"ALDI 11100 US Hwy 431","5767864","L313","11100 US Hwy 431","Guntersville","Alabama","35976","US","34.29895","-86.266969","+1 855-955-2534"
"ALDI 428 Green Springs Hwy","5767506","L264","428 Green Springs Hwy","Homewood","Alabama","35209","US","33.463862","-86.821484","+1 855-955-2534"
"ALDI 1025 Marble Terrace","5766791","L255","1025 Marble Terrace","Hoover","Alabama","35244","US","33.354608","-86.8473","+1 855-955-2534"
"ALDI 2891 Allison-Bonnett Memori","5767454","L257","2891 Allison-Bonnett Memori","Hueytown","Alabama","35023","US","33.45239","-86.96887","+1 855-955-2534"
"ALDI 11909 Memorial Pkwy S","5767837","L308","11909 Memorial Pkwy S","Huntsville","Alabama","35803","US","34.612789","-86.56585","+1 855-955-2534"
"ALDI 2125 Winchester Rd NE","5767928","L310","2125 Winchester Rd NE","Huntsville","Alabama","35811","US","34.817196","-86.495491","+1 855-955-2534"
"ALDI 2900 Memorial Pkwy SW Ste A","5766857","L311","2900 Memorial Pkwy SW Ste A","Huntsville","Alabama","35801","US","34.70633","-86.59047","+1 855-955-2534"
"ALDI 4710 University Dr Unit R1","5767842","L309","4710 University Dr Unit R1","Huntsville","Alabama","35816","US","34.736724","-86.648936","+1 855-955-2534"
"ALDI 40 N Walston Bridge Rd","5767824","L306","40 N Walston Bridge Rd","Jasper","Alabama","35504","US","33.846959","-87.25789","+1 855-955-2534"
"ALDI 7676 Hwy 72 W","5767953","L325","7676 Hwy 72 W","Madison","Alabama","35758","US","34.755889","-86.736152","+1 855-955-2534"
"ALDI 8455 Madison Blvd","5766251","FF04","8455 Madison Blvd","Madison","Alabama","35758","US","34.682615","-86.735632","+1 855-955-2534"
"ALDI 1550 Government Street","5768033","FP17","1550 Government Street","Mobile","Alabama","36604","US","30.68049","-88.07532","+1 855-955-2534"
"ALDI 3658 Airport Blvd","5768382","L984","3658 Airport Blvd","Mobile","Alabama","36608","US","30.67726","-88.13172","+1 855-955-2534"
"ALDI 5021 Rangeline Crossing Dr","5768045","L986","5021 Rangeline Crossing Dr","Mobile","Alabama","36619","US","30.597774","-88.162642","+1 855-955-2534"
"ALDI 975 Schillinger Rd S","5768344","L985","975 Schillinger Rd S","Mobile","Alabama","36695","US","30.66901","-88.22526","+1 855-955-2534"
"ALDI 9948 Airport Blvd","6367982","FP57","9948 Airport Boulevard","Mobile","Alabama","36608","US","30.67243","-88.2775","+1 855-955-2534"
"ALDI 1568 Eastern Blvd","5768104","L971","1568 Eastern Blvd","Montgomery","Alabama","36117","US","32.355944","-86.21948","+1 855-955-2534"
"ALDI 1740 Carter Hill Road","5873444","FP31","1740 Carter Hill Road","Montgomery","Alabama","36106","US","32.35791","-86.28413","+1 855-955-2534"
"ALDI 7340 Eastchase Parkway","5767856","L974","7340 Eastchase Parkway","Montgomery","Alabama","36117","US","32.359658","-86.16381","+1 855-955-2534"
"ALDI 516 W Avalon Ave","5767853","L312","516 W Avalon Ave","Muscle Shoals","Alabama","35661","US","34.744373","-87.669486","+1 855-955-2534"
"ALDI 10 Mcfarland Blvd","5767995","FP12","10 Mcfarland Blvd","Northport","Alabama","35476","US","33.23727","-87.55249","+1 855-955-2534"
"ALDI 13620 Highway 43 N","5873447","FP30","13620 Highway 43 N","Northport","Alabama","35475","US","33.30629","-87.60287","+1 855-955-2534"
"ALDI 5801 McFarland Blvd","5766995","L305","5801 McFarland Blvd","Northport","Alabama","35476","US","33.2342584","-87.6147206","+1 855-955-2534"
"ALDI 2400 Frederick Road","5873445","FP11","2400 Frederick Road","Opelika","Alabama","36801","US","32.623169","-85.411874","+1 855-955-2534"
"ALDI 75 Holmes Dr","5767460","L258","75 Holmes Dr","Oxford","Alabama","36203","US","33.609614","-85.825809","+1 855-955-2534"
"ALDI 200 Big Mtn Rd","5766827","L260","200 Big Mtn Rd","Pelham","Alabama","35124","US","33.34377","-86.795147","+1 855-955-2534"
"ALDI 3670 Marketplace Drive","5767376","L972","3670 Marketplace Drive","Phenix City","Alabama","36867","US","32.496883","-85.044117","+1 855-955-2534"
"ALDI 4701 Pinson Blvd","5767849","FM81","4701 Pinson Blvd","Pinson","Alabama","35126","US","33.69549","-86.67962","+1 855-955-2534"
"ALDI 1817 East Main Street","5767697","L970","1817 East Main Street","Prattville","Alabama","36066","US","32.461834","-86.42036","+1 855-955-2534"
"ALDI 3331 Rainbow Dr","5766257","FM86","3331 Rainbow Dr","Rainbow City","Alabama","35906","US","33.96028","-86.03699","+1 855-955-2534"
"ALDI 1952 W Dallas Ave","5757803","FP15","1952 W Dallas Ave","Selma","Alabama","36701","US","32.39817","-87.065219","+1 855-955-2534"
"ALDI 9082 Moffett Road","5767956","FP05","9082 Moffett Road","Semmes","Alabama","36575","US","30.78001","-88.25709","+1 855-955-2534"
"ALDI 1349 McFarland Blvd","5767445","L256","1349 McFarland Blvd","Tuscaloosa","Alabama","35404","US","33.199704","-87.524375","+1 855-955-2534"
"ALDI 9750 Highway 69 S","5757805","FP39","9750 Highway 69 S","Tuscaloosa","Alabama","35405","US","33.11789","-87.55311","+1 855-955-2534"
"ALDI 4445 US Hwy 231","5767799","L973","4445 US Hwy 231","Wetumpka","Alabama","36092","US","32.506696","-86.2165675","+1 855-955-2534"
"ALDI 1272 South Amity Road","5767603","FE56","1272 South Amity Road","Conway","AR","72032","US","35.062649","-92.413229","+1 855-955-2534"
"ALDI 4220 E McCain Blvd","5757827","FL07","4220 E McCain Blvd","North Little Rock","AR","72117","US","34.787915","-92.2207","+1 855-955-2534"
"ALDI 2400 E Main Street","5875950","FL06","2400 E Main St","Russellville","AR","72802","US","35.2778","-93.10548","+1 855-955-2534"
"ALDI 2550 E BeeBe Capps Expy","5892829","FL08","2550 E Beebe-Capps Expy","Searcy","AR","72143","US","35.239302","-91.7068","+1 855-955-2534"
"ALDI 9215 Highway 107","5873459","FL05","9215 Highway 107","Sherwood","AR","72120","US","34.839085","-92.232075","+1 855-955-2534"
"ALDI 1361 S WATSON RD","5767830","FC20","1361 S WATSON RD","Buckeye","Arizona","85326","US","33.4337093","-112.5560119","+1 855-955-2534"
"ALDI 1829 E Florence Blvd","5757810","FC33","1829 E Florence Blvd","Casa Grande","Arizona","85122","US","32.879355","-111.709049","+1 855-955-2534"
"ALDI 2844 S Alma School Rd","5767905","FC24","2844 S Alma School Rd","Chandler","Arizona","85286","US","33.264147","-111.860423","+1 855-955-2534"
"ALDI 1801 E Pecos Rd","5767529","FC30","1801 E Pecos Rd","Gilbert","Arizona","85295","US","33.29523","-111.7511","+1 855-955-2534"
"ALDI 16880 N. 59th Ave","5768088","FC22","16880 N. 59th Ave","Glendale","Arizona","85306","US","33.63765","-112.18646","+1 855-955-2534"
"ALDI 845 N Estrella Pkwy","5767923","FC28","845 N Estrella Pkwy","Goodyear","Arizona","85338","US","33.45623","-112.39175","+1 855-955-2534"
"ALDI 5775 W Baseline Rd","5767428","FC25","5775 W Baseline Rd","Laveen Village","Arizona","85339","US","33.3774062","-112.181656","+1 855-955-2534"
"ALDI 2738 S Signal Butte Rd","5768188","FC29","2738 S Signal Butte Rd","Mesa","Arizona","85209","US","33.3652847","-111.6012118","+1 855-955-2534"
"ALDI 24665 N Lake Pleasant Pkwy","5767427","FC27","24665 N Lake Pleasant Pkwy","Peoria","Arizona","85383","US","33.70758","-112.2711","+1 855-955-2534"
"ALDI 1401 E. Bell Rd.","5767458","FC26","1401 E. Bell Rd.","Phoenix","Arizona","85022","US","33.6398797","-112.0520617","+1 855-955-2534"
"ALDI 4553 E Cactus Road","5767209","FC34","4553 E Cactus Road","Phoenix","Arizona","85032","US","33.59852","-111.98533","+1 855-955-2534"
"ALDI 20229 S ELLSWORTH RD","5767678","FC21","20229 S ELLSWORTH RD","Queen Creek","Arizona","85142","US","33.2647177","-111.6338773","+1 855-955-2534"
"ALDI 13723 W Bell Rd","5757785","FO35","13723 W Bell Rd","Surprise","Arizona","85374","US","33.63729","-112.352873","+1 855-955-2534"
"ALDI 17038 W Waddell Rd","5757809","FC32","17038 W Waddell Rd","Surprise","Arizona","85388","US","33.610322","-112.423179","+1 855-955-2534"
"ALDI 1715 E Southern Ave","5768263","FC23","1715 E Southern Ave","Tempe","Arizona","85282","US","33.39224465","-111.9102839","+1 855-955-2534"
"ALDI 23 Eagle Mountain Blvd","5768333","FE55","23 Eagle Mountain Boulevard","Batesville","Arkansas","72501","US","35.7652742","-91.61111290000001","+1 855-955-2534"
"ALDI 1006 SW 14th Street","5767408","F289","1006 SW 14th Street","Bentonville","Arkansas","72712","US","36.357874","-94.224048","+1 855-955-2534"
"ALDI 1118 West Main Street","5768265","FK84","1118 West Main Street","Cabot","Arkansas","72023","US","34.97783039999999","-92.0274142","+1 855-955-2534"
"ALDI 3214 W Martin Luther King","5767170","F326","3214 W Martin Luther King","Fayetteville","Arkansas","72704","US","36.051576","-94.20653","+1 855-955-2534"
"ALDI 2201 South Zero Street","5767010","F258","2201 South Zero Street","Fort Smith","Arkansas","72901","US","35.328456","-94.411486","+1 855-955-2534"
"ALDI 8400 Phoenix Avenue","5766852","F295","8400 Phoenix Avenue","Fort Smith","Arkansas","72903","US","35.345393","-94.338858","+1 855-955-2534"
"ALDI 1105 Hwy. 62/65 North","5766862","F296","1105 Hwy. 62/65 North","Harrison","Arkansas","72601","US","36.259336","-93.125438","+1 855-955-2534"
"ALDI 2610 S Caraway Road","5766563","F160","2610 South Caraway Road","Jonesboro","Arkansas","72401","US","35.8132399","-90.6773968","+1 855-955-2534"
"ALDI 12309 Chenal Pkwy","5767982","FK43","12309 Chenal Parkway","Little Rock","Arkansas","72211","US","34.7518101","-92.41530859999999","+1 855-955-2534"
"ALDI 45 Charles Blackburn Drive","6095444","FL01","45 Charles Blackburn Drive","Mountain Home","Arkansas","72653","US","36.3532405","-92.33643909999999","+1 855-955-2534"
"ALDI 2810 W. Kingshighway","5766578","F162","2810 West Kingshighway","Paragould","Arkansas","72450","US","36.0594261","-90.5245896","+1 855-955-2534"
"ALDI 1316 West Walnut","5767118","F323","1316 West Walnut","Rogers","Arkansas","72756","US","36.333432","-94.135976","+1 855-955-2534"
"ALDI 2802 Hwy. 412 East","5766823","F290","2802 Hwy. 412 East","Siloam Springs","Arkansas","72761","US","36.180114","-94.513216","+1 855-955-2534"
"ALDI 2009 S. Thompson","5767299","F329","2009 S. Thompson","Springdale","Arkansas","72764","US","36.165856","-94.142521","+1 855-955-2534"
"ALDI 5001 Elm Springs Rd","5767518","FK81","5001 Elm Springs Rd","Springdale","Arkansas","72762","US","36.193133","-94.185295","+1 855-955-2534"
"ALDI 2309 Fayetteville Rd","5767781","F288","2309 Fayetteville Rd","Van Buren","Arkansas","72956","US","35.471936","-94.356992","+1 855-955-2534"
"ALDI 1221 N. Arizona Avenue","6050597","FO25","1221 North Arizona Avenue","Gilbert","AZ","85233","US","33.3720201","-111.8409924","+1 855-955-2534"
"ALDI 1045 S. Gilbert Road","6252072","FO39","1045 South Gilbert Road","Mesa","AZ","85204","US","33.3958019","-111.78695204","+1 855-955-2534"
"ALDI 6817 West Peoria Avenue","6252075","FT59","6817 West Peoria Avenue","Peoria","AZ","85345","US","33.5803535","-112.2053358","+1 855-955-2534"
"ALDI 2121 W Main St Ste 100","5768153","FC07","2121 W Main St Ste 100","Alhambra","California","91801","US","34.09245","-118.145569","+1 855-955-2534"
"ALDI 275 S Euclid St","5766840","FB44","275 S Euclid St","Anaheim","California","92802","US","33.829266","-117.94303","+1 855-955-2534"
"ALDI 1403 S Baldwin Ave","5767248","FC04","1403 S Baldwin Ave","Arcadia","California","91007","US","34.123178","-118.056435","+1 855-955-2534"
"ALDI 1221 E Grand Ave","5767565","FC35","1221 E Grand Ave","Arroyo Grande","California","93420","US","35.1193","-120.602194","+1 855-955-2534"
"ALDI 2120 Panama Ln","5767224","FB93","2120 Panama Ln","Bakersfield","California","93307","US","35.296874","-119.026166","+1 855-955-2534"
"ALDI 5190 Stockdale Hwy","5767959","FB92","5190 Stockdale Hwy","Bakersfield","California","93309","US","35.355677","-119.059135","+1 855-955-2534"
"ALDI 1638 E Second St","5767217","FB91","1638 E Second St","Beaumont","California","92223","US","33.925508","-116.949396","+1 855-955-2534"
"ALDI 16123 Bellflower Blvd","5767242","FB76","16123 Bellflower Blvd","Bellflower","California","90706","US","33.887866","-118.126295","+1 855-955-2534"
"ALDI 8351 La Palma Ave","5767035","FB60","8351 La Palma Ave","Buena Park","California","90620","US","33.848672","-117.988061","+1 855-955-2534"
"ALDI 687 N Victory Blvd","5767801","FB26","687 N Victory Blvd","Burbank","California","91502","US","34.18058","-118.319851","+1 855-955-2534"
"ALDI 2450 Rockwood Ave","5767159","FB80","2450 Rockwood Ave","Calexico","California","92231","US","32.695078","-115.496041","+1 855-955-2534"
"ALDI 20700 Avalon Blvd Ste 103","5768364","FC19","20700 Avalon Blvd Ste 103","Carson","California","90746","US","33.84408399","-118.2609355","+1 855-955-2534"
"ALDI 11530 South St","5766835","FB42","11530 South St","Cerritos","California","90703","US","33.8576","-118.087656","+1 855-955-2534"
"ALDI 3840 Grand Ave","5767259","FC08","3840 Grand Ave","Chino","California","91710","US","34.001235","-117.720479","+1 855-955-2534"
"ALDI 1850 Main Ct","5768252","FB97","1850 Main Ct","Chula Vista","California","91911","US","32.593461","-117.035181","+1 855-955-2534"
"ALDI 40 N 4th Avenue Ste 110","5767228","FB95","40 N 4th Avenue Ste 110","Chula Vista","California","91910","US","32.65102","-117.089637","+1 855-955-2534"
"ALDI 1725 Herndon Ave","5768385","FB32","1725 Herndon Ave","Clovis","California","93611","US","36.838024","-119.686158","+1 855-955-2534"
"ALDI 50180 Cesar Chavez Street","5768278","FC37","50180 Cesar Chavez Street","Coachella","California","92236","US","33.68306","-116.18018","+1 855-955-2534"
"ALDI 203 Towne Center Dr","5767709","FB31","203 Towne Center Dr","Compton","California","90220","US","33.879761","-118.220588","+1 855-955-2534"
"ALDI 705 N Main St","5766647","FB90","705 N Main St","Corona","California","92878","US","33.890472","-117.562822","+1 855-955-2534"
"ALDI 1400 N Azusa Ave","5766805","FB25","1400 N Azusa Ave","Covina","California","91722","US","34.104883","-117.907298","+1 855-955-2534"
"ALDI 490 Woollomes Ave","5768244","FB99","490 Woollomes Ave","Delano","California","93215","US","35.7464829","-119.2506038","+1 855-955-2534"
"ALDI 11215 Lakewood Blvd","5766963","FB38","11215 Lakewood Blvd","Downey","California","90241","US","33.934814","-118.12514","+1 855-955-2534"
"ALDI 123 Fletcher Parkway","5768079","FB65","123 Fletcher Parkway","El Cajon","California","92020","US","32.80674","-116.96327","+1 855-955-2534"
"ALDI 2260 N Imperial Ave","5767191","FB86","2260 N Imperial Ave","El Centro","California","92243","US","32.814292","-115.571178","+1 855-955-2534"
"ALDI 333 N El Camino Real","5767814","FC02","333 N El Camino Real","Encinitas","California","92024","US","33.055673","-117.260398","+1 855-955-2534"
"ALDI 1330 E Valley Parkway No. M","5767148","FB77","1330 E Valley Parkway No. M","Escondido","California","92027","US","33.132859","-117.064703","+1 855-955-2534"
"ALDI 1352B W Valley Pkwy","5768272","FB78","1352B W Valley Pkwy","Escondido","California","92029","US","33.112869","-117.10395","+1 855-955-2534"
"ALDI 15080 Summit Ave","5767054","FB68","15080 Summit Ave","Fontana","California","92336","US","34.149811","-117.475416","+1 855-955-2534"
"ALDI 9954 Sierra Avenue Ste 100","5768176","FF67","9954 Sierra Avenue Ste 100","Fontana","California","92335","US","34.072981","-117.435908","+1 855-955-2534"
"ALDI 17070 Magnolia St","5766989","FB47","17070 Magnolia St","Fountain Valley","California","92708","US","33.714804","-117.97028","+1 855-955-2534"
"ALDI 2072 W Shaw Ave","5767314","FB51","2072 W Shaw Ave","Fresno","California","93711","US","36.80861","-119.82794","+1 855-955-2534"
"ALDI 9901 Chapman Ave","5766968","FB46","9901 Chapman Ave","Garden Grove","California","92841","US","33.790066","-117.960114","+1 855-955-2534"
"ALDI 1550 W Redondo Beach Blvd","5767489","FB41","1550 W Redondo Beach Blvd","Gardena","California","90247","US","33.8895418","-118.3036821","+1 855-955-2534"
"ALDI 1251 S Lone Hill Ave","5768288","FC06","1251 S Lone Hill Ave","Glendora","California","91740","US","34.117269","-117.83056","+1 855-955-2534"
"ALDI 1789 W Lacey Blvd","5767302","FC40","1789 W Lacey Blvd","Hanford","California","93230","US","36.327315","-119.675003","+1 855-955-2534"
"ALDI 13360 Main St","5767628","FB94","13360 Main St","Hesperia","California","92345","US","34.427908","-117.372004","+1 855-955-2534"
"ALDI 18667 Bear Valley Rd","5767533","FB98","18667 Bear Valley Rd","Hesperia","California","92345","US","34.469959","-117.257055","+1 855-955-2534"
"ALDI 4020 Highland Ave","5767042","FB62","4020 Highland Ave","Highland","California","92346","US","34.137457","-117.198539","+1 855-955-2534"
"ALDI 3330 W Century Blvd","5766813","FB30","3330 W Century Blvd","Inglewood","California","90303","US","33.944351","-118.329419","+1 855-955-2534"
"ALDI 6365 PATS RANCH RD","5767373","FB36","6365 PATS RANCH RD","JURUPA VALLEY","California","91752","US","33.97346534","-117.5462552","+1 855-955-2534"
"ALDI 8089 Mission Blvd","5767997","FB72","8089 Mission Blvd","Jurupa Valley","California","92509","US","34.0135","-117.4599","+1 855-955-2534"
"ALDI 1001 E Imperial Hwy","5768337","FB27","1001 E Imperial Hwy","La Habra","California","90631","US","33.917893","-117.934671","+1 855-955-2534"
"ALDI 1545 N Hacienda Blvd","5767025","FB59","1545 N Hacienda Blvd","La Puente","California","91744","US","34.048078","-117.947529","+1 855-955-2534"
"ALDI 78601 Highway 111","5767097","FB73","78601 Highway 111","La Quinta","California","92253","US","33.712466","-116.293367","+1 855-955-2534"
"ALDI 2268 Foothill Blvd","5766816","FB33","2268 Foothill Blvd","La Verne","California","91750","US","34.111087","-117.762792","+1 855-955-2534"
"ALDI 24270 El Toro Rd","5768203","FB45","24270 El Toro Rd","Laguna Woods","California","92637","US","33.609773","-117.723293","+1 855-955-2534"
"ALDI 18294 Collier Ave","5767178","FB83","18294 Collier Ave","Lake Elsinore","California","92530","US","33.691995","-117.339307","+1 855-955-2534"
"ALDI 23330 El Toro Road","5767274","FF65","23330 El Toro Road","Lake Forest","California","92630","US","33.623161","-117.696874","+1 855-955-2534"
"ALDI 2014 E Avenue J","5768026","FC01","2014 E Avenue J","Lancaster","California","93535","US","34.689143","-118.094151","+1 855-955-2534"
"ALDI 729 North H Street","5768425","FC39","729 North H Street","Lompoc","California","93436","US","34.6485655","-120.45849035","+1 855-955-2534"
"ALDI 4580 Atlantic Ave","5767014","FB57","4580 Atlantic Ave","Long Beach","California","90807","US","33.842365","-118.183489","+1 855-955-2534"
"ALDI 955 E Anaheim St","5767160","FB81","955 E Anaheim St","Long Beach","California","90813","US","33.78279","-118.1809","+1 855-955-2534"
"ALDI 30163 Haun Rd","5767065","FB69","30163 Haun Rd","Menifee","California","92584","US","33.682877","-117.176843","+1 855-955-2534"
"ALDI 731 E Huntington Dr","5768231","FC05","731 E Huntington Dr","Monrovia","California","91016","US","34.141355","-117.98897","+1 855-955-2534"
"ALDI 12630 Day St","5767171","FB82","12630 Day St","Moreno Valley","California","92553","US","33.936734","-117.276131","+1 855-955-2534"
"ALDI 24865 Iris Ave","5768287","FC42","24865 Iris Ave","Moreno Valley","California","92551","US","33.888331","-117.226423","+1 855-955-2534"
"ALDI 28230 Clinton Keith Road","5767504","FC36","28230 Clinton Keith Road","Murrieta","California","92563","US","33.599544","-117.167912","+1 855-955-2534"
"ALDI 39025 Date St","5767492","FB89","39025 Date St","Murrieta","California","92563","US","33.552304","-117.141026","+1 855-955-2534"
"ALDI 19350 Nordhoff Way Unit F","5767507","FB64","19350 Nordhoff Way Unit F","Northridge","California","91324","US","34.234283","-118.556267","+1 855-955-2534"
"ALDI 4251 Oceanside Blvd","5767219","FB61","4251 Oceanside Blvd","Oceanside","California","92056","US","33.207965","-117.281751","+1 855-955-2534"
"ALDI 1710 E Gonzales Rd","5766618","FB34","1710 E Gonzales Rd","Oxnard","California","93036","US","34.217745","-119.159691","+1 855-955-2534"
"ALDI 635 S Ventura Rd","5767570","FC12","635 S Ventura Rd","Oxnard","California","93030","US","34.196176","-119.196368","+1 855-955-2534"
"ALDI 72543 Highway 111 Ste B","5767124","FB74","72543 Highway 111 Ste B","Palm Desert","California","92260","US","33.725124","-116.401681","+1 855-955-2534"
"ALDI 5200 E Ramon Rd Ste B5","5767135","FB75","5200 E Ramon Rd Ste B5","Palm Springs","California","92264","US","33.818763","-116.492912","+1 855-955-2534"
"ALDI 740 W Rancho Vista Blvd","5767205","FB87","740 W Rancho Vista Blvd","Palmdale","California","93551","US","34.600732","-118.145193","+1 855-955-2534"
"ALDI 14626 Roscoe Blvd","5767221","FB88","14626 Roscoe Blvd","Panorama City","California","91402","US","34.220972","-118.451433","+1 855-955-2534"
"ALDI 80 Citrus Ave","5767342","FB79","80 Citrus Ave","Perris","California","92571","US","33.808737","-117.228269","+1 855-955-2534"
"ALDI 8950 Washington Blvd","5768038","FB39","8950 Washington Blvd","Pico Rivera","California","90660","US","33.982294","-118.098742","+1 855-955-2534"
"ALDI 1670 Indian Hill Blvd","5767368","FC18","1670 Indian Hill Blvd","Pomona","California","91767","US","34.075497","-117.718461","+1 855-955-2534"
"ALDI 770 S Jaye St","5767730","FC41","770 S Jaye St","Porterville","California","93257","US","36.052311","-119.0258418","+1 855-955-2534"
"ALDI 13440 Poway Rd","5767885","FC15","13440 Poway Rd","Poway","California","92064","US","32.957492","-117.038736","+1 855-955-2534"
"ALDI 215 16th St","5768102","FB96","215 16th St","Ramona","California","92065","US","33.03844","-116.87938","+1 855-955-2534"
"ALDI 11070 Foothill Blvd","5767273","FC09","11070 Foothill Blvd","Rancho Cucamonga","California","91730","US","34.108245","-117.563818","+1 855-955-2534"
"ALDI 27641 SanBernardino Ave 110","5767213","FB52","27641 SanBernardino Ave 110","Redlands","California","92374","US","34.075923","-117.202738","+1 855-955-2534"
"ALDI 630 W Foothill Blvd","5767041","FB54","630 W Foothill Blvd","Rialto","California","92376","US","34.107273","-117.382592","+1 855-955-2534"
"ALDI 3750 Tyler St","5767201","FB28","3750 Tyler St","Riverside","California","92503","US","33.910493","-117.461808","+1 855-955-2534"
"ALDI 17406 Colima Rd","5920128","FO29","17406 Colima Rd","Rowland Heights","California","91748","US","33.990493","-117.924346","+1 855-955-2534"
"ALDI 625 E Hospitality Ln","5766996","FB55","625 E Hospitality Ln","San Bernardino","California","92408","US","34.064855","-117.272675","+1 855-955-2534"
"ALDI 5270 Balboa Ave","5767385","FF69","5270 Balboa Ave","San Diego","California","92117","US","32.819369","-117.182027","+1 855-955-2534"
"ALDI 6755 Mira Mesa Blvd Ste 130","5767556","FB40","6755 Mira Mesa Blvd Ste 130","San Diego","California","92121","US","32.906076","-117.172843","+1 855-955-2534"
"ALDI 8788 Navajo Rd","5766706","FB66","8788 Navajo Rd","San Diego","California","92119","US","32.804557","-117.007784","+1 855-955-2534"
"ALDI 9340 Mira Mesa Blvd.","5767216","FO23","9340 Mira Mesa Blvd.","San Diego","California","92126","US","32.91744","-117.124573","+1 855-955-2534"
"ALDI 1667 S San Jacinto Ave","5767721","FB85","1667 S San Jacinto Ave","San Jacinto","California","92583","US","33.769867","-116.958018","+1 855-955-2534"
"ALDI 671 S. Rancho Santa Fe Road","5767488","FB67","671 S. Rancho Santa Fe Road","San Marcos","California","92078","US","33.131408","-117.205568","+1 855-955-2534"
"ALDI 2830 S Bristol St","5768112","FB48","2830 S Bristol St","Santa Ana","California","92704","US","33.708829","-117.886817","+1 855-955-2534"
"ALDI 19361 Soledad Canyon Rd","5768350","FF70","19361 Soledad Canyon Rd","Santa Clarita","California","91351","US","34.415827","-118.472266","+1 855-955-2534"
"ALDI 24860 Orchard Village Rd","5767236","FC03","24860 Orchard Village Rd","Santa Clarita","California","91355","US","34.381612","-118.540431","+1 855-955-2534"
"ALDI 13210 Telegraph Rd","5766975","FC10","13210 Telegraph Rd","Santa Fe Springs","California","90670","US","33.940969","-118.050812","+1 855-955-2534"
"ALDI 425 E Betteravia Rd","5768286","FB49","425 E Betteravia Rd","Santa Maria","California","93454","US","34.925453","-120.426802","+1 855-955-2534"
"ALDI 3963 Cochran St Ste A","5767785","FB63","3963 Cochran St Ste A","Simi Valley","California","93063","US","34.280205","-118.718662","+1 855-955-2534"
"ALDI 425A Cochran St","5767005","FB56","425A Cochran St","Simi Valley","California","93065","US","34.281868","-118.78927","+1 855-955-2534"
"ALDI 5830 Firestone Blvd","5766828","FB37","5830 Firestone Blvd","South Gate","California","90280","US","33.947926","-118.163878","+1 855-955-2534"
"ALDI 29655 Rancho California Rd","5767766","FB71","29655 Rancho California Rd","Temecula","California","92591","US","33.506299","-117.1425482","+1 855-955-2534"
"ALDI 32130 Temecula Pkwy Ste 100","5767575","FF66","32130 Temecula Pkwy Ste 100","Temecula","California","92592","US","33.48145","-117.097344","+1 855-955-2534"
"ALDI 179 N Moorpark Rd Ste A","5767284","FC16","179 N Moorpark Rd Ste A","Thousand Oaks","California","91360","US","34.1826","-118.8757","+1 855-955-2534"
"ALDI 24610 Crenshaw Blvd","5767386","FB29","24610 Crenshaw Blvd","Torrance","California","90509","US","33.802029","-118.328339","+1 855-955-2534"
"ALDI 4240 Redondo Beach Blvd","5768086","FC43","4240 Redondo Beach Blvd","Torrance","California","90504","US","33.875118","-118.350141","+1 855-955-2534"
"ALDI 1091 Irvine Blvd","5768442","FC38","1091 Irvine Blvd","Tustin","California","92780","US","33.74928843","-117.8090054","+1 855-955-2534"
"ALDI 349 S Mountain Ave","5767476","FC13","349 S Mountain Ave","Upland","California","91786","US","34.089861","-117.671788","+1 855-955-2534"
"ALDI 4717 Telephone Rd","5768120","FC17","4717 Telephone Rd","Ventura","California","93003","US","34.26074","-119.23451","+1 855-955-2534"
"ALDI 4320 S Mooney Blvd","5767271","FB50","4320 S Mooney Blvd","Visalia","California","93277","US","36.291032","-119.313284","+1 855-955-2534"
"ALDI 1750 University Dr","5767083","FB70","1750 University Dr","Vista","California","92083","US","33.172864","-117.215199","+1 855-955-2534"
"ALDI 21555 Valley Blvd","5767390","FB84","21555 Valley Blvd","Walnut","California","91789","US","34.027456","-117.837483","+1 855-955-2534"
"ALDI 22741 Victory Blvd","5767384","FB58","22741 Victory Blvd","West Hills","California","91307","US","34.18755342","-118.62245181","+1 855-955-2534"
"ALDI 13900 Goldenwest St","5768169","FB43","13900 Goldenwest St","Westminster","California","92683","US","33.760332","-118.006696","+1 855-955-2534"
"ALDI 15535 Whittier Blvd","5767285","FC14","15535 Whittier Blvd","Whittier","California","90603","US","33.945878","-117.995416","+1 855-955-2534"
"ALDI 34000 Yucaipa Blvd","5766798","FB24","34000 Yucaipa Blvd","Yucaipa","California","92399","US","34.034756","-117.061889","+1 855-955-2534"
"ALDI 57691 Twentynine Palms Hwy","5768406","FB35","57691 Twentynine Palms Hwy","Yucca Valley","California","92284","US","34.12547086","-116.40564925","+1 855-955-2534"
"ALDI 1151 West Main St Unit 1","5757928","L649","1151 West Main St Unit 1","Branford","Connecticut","06405","US","41.275899","-72.826762","+1 855-955-2534"
"ALDI 110 Middle St.","5757881","L605","110 Middle St.","Bristol","Connecticut","06010","US","41.66648","-72.92216","+1 855-955-2534"
"ALDI 101 Albany Tpke No. 107","5757934","L642","101 Albany Tpke No. 107","Canton","Connecticut","06019","US","41.824377","-72.884812","+1 855-955-2534"
"ALDI 63 Newtown Road","5757874","L598","63 Newtown Road","Danbury","Connecticut","06810","US","41.40514","-73.4191","+1 855-955-2534"
"ALDI 728 Hartford Pike","5757871","L592","728 Hartford Pike","Dayville","Connecticut","06241","US","41.83922","-71.87307","+1 855-955-2534"
"ALDI 72 Pershing Drive","5757873","L597","72 Pershing Drive","Derby","Connecticut","06418","US","41.32933","-73.08437","+1 855-955-2534"
"ALDI 801 Silver Lane","5757869","L590","801 Silver Lane","East Hartford","Connecticut","06118","US","41.76455","-72.60874","+1 855-955-2534"
"ALDI 25 Hazard Ave Ste 7","5757866","L587","25 Hazard Ave Ste 7","Enfield","Connecticut","06082","US","41.98989","-72.58104","+1 855-955-2534"
"ALDI 290 Tunxis Hill Road","5757943","L651","290 Tunxis Hill Road","Fairfield","Connecticut","06825","US","41.177486","-73.228433","+1 855-955-2534"
"ALDI 688 Long Hill Road","5757909","L595","688 Long Hill Road","Groton","Connecticut","06340","US","41.34976","-72.055647","+1 855-955-2534"
"ALDI 2300 Dixwell Avenue","5757906","L617","2300 Dixwell Avenue","Hamden","Connecticut","06514","US","41.373003","-72.919283","+1 855-955-2534"
"ALDI 175 River Road","5757867","L588","175 River Road","Lisbon","Connecticut","06351","US","41.58567319","-71.99434162","+1 855-955-2534"
"ALDI 495 Chamberlain Highway","5757918","L654","495 Chamberlain Highway","Meriden","Connecticut","06451","US","41.55199","-72.81139","+1 855-955-2534"
"ALDI 671 Washington Street","5757858","L577","671 Washington Street","Middletown","Connecticut","06457","US","41.5535255","-72.6763409","+1 855-955-2534"
"ALDI 238 Boston Post Road","5757886","L610","238 Boston Post Road","Milford","Connecticut","06460","US","41.22166","-73.07436","+1 855-955-2534"
"ALDI 201 Monroe Turnpike","5757914","FN70","201 Monroe Turnpike","Monroe","Connecticut","06468","US","41.298874","-73.226752","+1 855-955-2534"
"ALDI 693 Farmington Avenue","5757888","L613","693 Farmington Avenue","New Britain","Connecticut","06053","US","41.69671","-72.7911","+1 855-955-2534"
"ALDI 480 Foxon Boulevard","5757882","L604","480 Foxon Boulevard","New Haven","Connecticut","06513","US","41.32048","-72.87002","+1 855-955-2534"
"ALDI 125 Danbury Road","5757877","L601","125 Danbury Road","New Milford","Connecticut","06776","US","41.55651","-73.41719","+1 855-955-2534"
"ALDI 2640 Berlin Turnpike","5757880","L608","2640 Berlin Turnpike","Newington","Connecticut","06111","US","41.679","-72.71258","+1 855-955-2534"
"ALDI 332 Boston Post Road","5757870","L591","332 Boston Post Road","North Windham","Connecticut","06256","US","41.73899","-72.17921","+1 855-955-2534"
"ALDI 282 New Britain Avenue","5757931","FN61","282 New Britain Avenue","Plainville","Connecticut","06062","US","41.67306","-72.838957","+1 855-955-2534"
"ALDI 1863 Silas Deane Highway","5757894","L619","1863 Silas Deane Highway","Rocky Hill","Connecticut","06067","US","41.67679","-72.65139","+1 855-955-2534"
"ALDI 200 Gateway Drive","5757932","L644","200 Gateway Drive","South Windsor","Connecticut","06074","US","41.81391","-72.55282","+1 855-955-2534"
"ALDI 811 Queen Street","5757907","L596","811 Queen Street","Southington","Connecticut","06489","US","41.638626","-72.872432","+1 855-955-2534"
"ALDI 320 East Elm St.","5757876","L602","320 East Elm St.","Torrington","Connecticut","06790","US","41.80754","-73.11441","+1 855-955-2534"
"ALDI 360 Talcottville Rd.","5757865","L586","360 Talcottville Rd.","Vernon","Connecticut","06066","US","41.84264","-72.48838","+1 855-955-2534"
"ALDI 1248 S. Broad St","5757878","L603","1248 S. Broad St","Wallingford","Connecticut","06492","US","41.50601","-72.80993","+1 855-955-2534"
"ALDI 464 Reidville Drive","5757879","L607","464 Reidville Drive","Waterbury","Connecticut","06705","US","41.53942","-72.99735","+1 855-955-2534"
"ALDI 62 Chase Ave","5757887","L611","62 Chase Ave","Waterbury","Connecticut","06704","US","41.5796","-73.03069","+1 855-955-2534"
"ALDI 122 Boston Post Rd No. 124","5757908","L594","122 Boston Post Rd No. 124","Waterford","Connecticut","06385","US","41.34208","-72.1257","+1 855-955-2534"
"ALDI 511 New Park Avenue","5757889","L612","511 New Park Avenue","West Hartford","Connecticut","06110","US","41.73926","-72.71928","+1 855-955-2534"
"ALDI 535 Saw Mill Rd","5757883","L606","535 Saw Mill Rd","West Haven","Connecticut","06516","US","41.26848","-72.97852","+1 855-955-2534"
"ALDI 5300 South Dakota Ave NE Suite C01","5767536","FF14","5300 South Dakota Avenue Northeast","Washington","DC","20011","US","38.9545357","-76.9997256","+1 855-955-2534"
"ALDI 323 West Main Street","5767646","F459","323 West Main Street","Christiana","DE","19702","US","39.66968","-75.66547","+1 855-955-2534"
"ALDI 2205 Farrand Dr.","5766795","F464","2205 Farrand Drive","Wilmington","DE","19808","US","39.7277","-75.6476","+1 855-955-2534"
"ALDI 4130 Concord Pike.","5767461","FL64","4130 Concord Pike","Wilmington","DE","19803","US","39.8113147","-75.5514494","+1 855-955-2534"
"ALDI 390 Walmart Drive","5766213","L404","390 Walmart Drive","Camden","Delaware","19934","US","39.099052","-75.545975","+1 855-955-2534"
"ALDI 10 N Dupont Hwy","5767516","L406","10 N Dupont Hwy","Dover","Delaware","19901","US","39.1638501","-75.5179462","+1 855-955-2534"
"ALDI 1002 Bunker Hill Rd","5766223","L414","1002 Bunker Hill Rd","Middletown","Delaware","19709","US","39.449436","-75.730018","+1 855-955-2534"
"ALDI 696 N Dupont Blvd","5767676","L432","696 N Dupont Blvd","Milford","Delaware","19963","US","38.91847232","-75.43819467","+1 855-955-2534"
"ALDI 26684 Centerview Drive","5767878","FE24","26684 Centerview Drive","Millsboro","Delaware","19966","US","38.57257","-75.2877","+1 855-955-2534"
"ALDI 19563 Coastal Hwy Ste 1","5768219","L428","19563 Coastal Hwy Ste 1","Rehoboth Beach","Delaware","19971","US","38.72","-75.12","+1 855-955-2534"
"ALDI 1382 S Dupont Blvd","5767688","L407","1382 S Dupont Blvd","Smyrna","Delaware","19977","US","39.2833401","-75.5981117","+1 855-955-2534"
"ALDI 801 H ST NE","5768232","FJ13","801 H ST NE","Washington","District of Columbia","20002","US","38.90014","-76.994584","+1 855-955-2534"
"ALDI 901 17th Street, N.E.","5767942","L333","901 17th Street, N.E.","Washington","District of Columbia","20002","US","38.9015","-76.97898","+1 855-955-2534"
"ALDI 8855 Boynton Beach Blvd Suite 310","5768218","FO04","8855 Boynton Beach Blvd","Boynton Beach","FL","33472","US","26.52900703","-80.18601975","+1 855-955-2534"
"ALDI 4525 53rd Avenue East","5767470","FS52","4525 53rd Avenue East","Bradenton","FL","34203","US","27.446756","-82.503956","+1 855-955-2534"
"ALDI 3510 Del Prado Boulevard North","5920127","FF52","3510 Del Prado Boulevard North","Cape Coral","FL","33909","US","26.71268251","-81.93693271","+1 855-955-2534"
"ALDI 2100 Collins Blvd Ste 132","5873411","FP55","2100 Collins Blvd Ste 132","Covington","FL","70433","US","30.49882","-90.10824","+1 855-955-2534"
"ALDI 1106 Beville Road","5767695","FS57","1106 Beville Road","Daytona Beach","FL","32114","US","29.17541","-81.03038","+1 855-955-2534"
"ALDI 2301 West Sample Road","5873394","FF56","2301 West Sample Road","Deerfield Beach","FL","33073","US","26.27573502","-80.15511577","+1 855-955-2534"
"ALDI 1030 US Hwy 331 S, Suite G","5873409","FP47","1030 U.S. 331","DeFuniak Springs","FL","32435","US","30.70761213","-86.12450861","+1 855-955-2534"
"ALDI 1955 N State Road 19","6311944","FI17","1955 N State Road 19","Eustis","FL","32726","US","28.8742268","-81.6855956","+1 855-955-2534"
"ALDI 14600 Palm Beach Boulevard","5920131","FS74","14600 Palm Beach Boulevard","Fort Myers","FL","33905","US","26.7115706","-81.7190566","+1 855-955-2534"
"ALDI 8867 SE Bridge Rd","6264298","FO01","8867 Southeast Bridge Road","Hobe Sound","FL","33455","US","27.0619012","-80.1349506","+1 855-955-2534"
"ALDI 2220 County Rd 210 W, Suite 200","5920134","FT29","2220 County Road 210","Jacksonville","FL","32259","US","30.0614084","-81.5136863","+1 855-955-2534"
"ALDI 777 N Market St","6031143","FT17","777 North Market Street","Jacksonville","FL","32202","US","30.3308345","-81.6516535","+1 855-955-2534"
"ALDI 7214 University Parkway","5768311","FS53","7214 University Parkway","Lakewood Ranch","FL","34240","US","27.3857679","-82.3969728","+1 855-955-2534"
"ALDI 1400 N Wickham Rd","5767692","FK49","1400 North Wickham Road","Melbourne","FL","32935","US","28.1302014","-80.6730518","+1 855-955-2534"
"ALDI 6460 N. Wickham Road","5767674","FO08","6460 North Wickham Road","Melbourne","FL","32940","US","28.2173979","-80.6758287","+1 855-955-2534"
"ALDI 5428 Dogwood Drive","5873418","FP46","5428 Dogwood Drive","Milton","FL","32570","US","30.63276","-87.05536","+1 855-955-2534"
"ALDI 1209 Atlantic Boulevard","5875949","FT27","1209 Atlantic Boulevard","Neptune Beach","FL","32266","US","30.32322249","-81.40965127","+1 855-955-2534"
"ALDI 2335 State Road 44","6252066","FI35","2335 State Road 44","New Smyrna Beach","FL","32168","US","29.0141781","-80.9632198","+1 855-955-2534"
"ALDI 5095 State Road 100 East","6252071","FI32","5095 State Road 100 East","Palm Coast","FL","32164","US","29.47477524","-81.21958939","+1 855-955-2534"
"ALDI 50 S Blue Angel Pkwy","5873415","FP44","50 South Blue Angel Parkway","Pensacola","FL","32506","US","30.40187616","-87.34040176","+1 855-955-2534"
"ALDI 7135 North 9th Avenue","5875948","FP34","7135 North 9th Avenue","Pensacola","FL","32504","US","30.4980894","-87.1893254","+1 855-955-2534"
"ALDI 2057 S Byron Butler Pkwy, Suite 1","5873417","FP42","2057 South Byron Butler Parkway","Perry","FL","32348","US","30.09723","-83.58406","+1 855-955-2534"
"ALDI 628 Barnes Blvd","5767667","FK48","628 Barnes Boulevard","Rockledge","FL","32955","US","28.29683689","-80.72358584","+1 855-955-2534"
"ALDI 995 Sebastian Blvd Ste B","6031144","FO02","995 Sebastian Boulevard","Sebastian","FL","32958","US","27.77929655","-80.4954311","+1 855-955-2534"
"ALDI 11611 E Martin Luther King Jr Blvd","5767893","L766","11611 E Martin Luther King Jr Blvd","Seffner","FL","33584","US","27.98078011","-82.30358078","+1 855-955-2534"
"ALDI 4221 Mariner Blvd","6340825","FI30","4221 Mariner Boulevard","Spring Hill","FL","34609","US","28.4932809","-82.5422322","+1 855-955-2534"
"ALDI 11100 4Th Street North","6031142","FT01","11100 4th Street North","St. Petersburg","FL","33716","US","27.8731227","-82.6401469","+1 855-955-2534"
"ALDI 15692 N. Dale Mabry","5766179","FN46","15692 N. Dale Mabry","Tampa","FL","33618","US","28.09515538","-82.50401666","+1 855-955-2534"
"ALDI 8438 N Armenia Ave","5920132","FI13","8438 North Armenia Avenue","Tampa","FL","33614","US","28.0266","-82.485","+1 855-955-2534"
"ALDI 11935 Mezzo Dr","6162454","FS80","11935 Mezzo Drive","Venice","FL","34293","US","27.0454953","-82.31367663","+1 855-955-2534"
"ALDI 2950 9th Street SW","5920129","FO09","2950 9th Street SW","Vero Beach","FL","32968","US","27.5883427","-80.416517","+1 855-955-2534"
"ALDI 5062 Seminole Pratt Whitney Road","5766202","FF93","5062 Seminole Pratt Whitney Road","Westlake","FL","33470","US","26.754156","-80.30627","+1 855-955-2534"
"ALDI 727 W Noble Ave","6283045","FT30","727 West Noble Avenue","Williston","FL","32696","US","29.38569655","-82.45840238","+1 855-955-2534"
"ALDI 924 State Road 436 No.1410","5767087","L659","924 State Road 436 No.1410","Altamonte Springs","Florida","32714","US","28.664054","-81.42066","+1 855-955-2534"
"ALDI 252 Harbor Village Lane","5768254","FN35","252 Harbor Village Lane","Apollo Beach","Florida","33572","US","27.75149","-82.41257","+1 855-955-2534"
"ALDI 1636 E Semoran Blvd","5767069","L658","1636 E Semoran Blvd","Apopka","Florida","32703","US","28.67227","-81.479726","+1 855-955-2534"
"ALDI 1737 East Oak Street","5766167","FN56","1737 East Oak Street","Arcadia","Florida","34266","US","27.20991","-81.83789","+1 855-955-2534"
"ALDI 2133 US Highway 92 West","5767070","L663","2133 US Highway 92 West","Auburndale","Florida","33823","US","28.056488","-81.814984","+1 855-955-2534"
"ALDI 20417 Biscayne Boulevard","5766189","FO18","20417 Biscayne Boulevard","Aventura","Florida","33180","US","25.96489","-80.14291","+1 855-955-2534"
"ALDI 802 US Highway 27S","5768128","FF38","802 US Highway 27S","Avon Park","Florida","33825","US","27.587415","-81.515346","+1 855-955-2534"
"ALDI 1046 N. Wilson Ave","5767848","L668","1046 N. Wilson Ave","Bartow","Florida","33830","US","27.904047","-81.840457","+1 855-955-2534"
"ALDI 21759 State Road 7","5766830","FA22","21759 State Road 7","Boca Raton","Florida","33428","US","26.351463","-80.204805","+1 855-955-2534"
"ALDI 4901 N Federal Highway","5768419","FA21","4901 N Federal Highway","Boca Raton","Florida","33431","US","26.39338","-80.078182","+1 855-955-2534"
"ALDI 7024 Beracasa Way","5873404","FS67","7024 Beracasa Way","Boca Raton","Florida","33433","US","26.352575","-80.155373","+1 855-955-2534"
"ALDI 8951 Bonita Beach Rd SE 350","5767974","FA19","8951 Bonita Beach Rd SE 350","Bonita Springs","Florida","34135","US","26.3282612","-81.8036474","+1 855-955-2534"
"ALDI 3452 W. Boynton Beach Blvd","5767245","FA12","3452 W. Boynton Beach Blvd","Boynton Beach","Florida","33436","US","26.526886","-80.098337","+1 855-955-2534"
"ALDI 4525 53rd Avenue East","6112153","FI34","4525 53rd Avenue East","Bradenton","Florida","34203","US","27.4468244","-82.503974","+1 855-955-2534"
"ALDI 4705 Cortez Road West","5767434","L700","4705 Cortez Road West","Bradenton","Florida","34210","US","27.461739","-82.609081","+1 855-955-2534"
"ALDI 5715 14th Street West","5766907","L708","5715 14th Street West","Bradenton","Florida","34207","US","27.439437","-82.574904","+1 855-955-2534"
"ALDI 5805 Manatee Ave W","5873395","FN45","5805 Manatee Ave W","Bradenton","Florida","34209","US","27.4947","-82.61951","+1 855-955-2534"
"ALDI 6040 Crossland Trl","5873392","FF33","6040 Crossland Trl","Bradenton","Florida","34211","US","27.432589","-82.419658","+1 855-955-2534"
"ALDI 8580 Heritage Green Way","5768449","L765","8580 Heritage Green Way","Bradenton","Florida","34212","US","27.486515","-82.457367","+1 855-955-2534"
"ALDI 1945-A W. Lumsden Rd","5767410","L697","1945-A W. Lumsden Rd","Brandon","Florida","33511","US","27.921417","-82.316792","+1 855-955-2534"
"ALDI 620 E. Brandon Blvd","5767401","L696","620 E. Brandon Blvd","Brandon","Florida","33511","US","27.938545","-82.276225","+1 855-955-2534"
"ALDI 12261 Cortez Blvd","5766908","L699","12261 Cortez Blvd","Brooksville","Florida","34613","US","28.534641","-82.521737","+1 855-955-2534"
"ALDI 1122 N Main St","5757782","FN53","1122 N Main St","Bushnell","Florida","33513","US","28.682448","-82.11168","+1 855-955-2534"
"ALDI 5500 East 7th Street","5767913","FE45","5500 East 7th Street","Callaway","Florida","32404","US","30.16012","-85.59254","+1 855-955-2534"
"ALDI 1481 SW Pine Island Road","5767057","FA16","1481 SW Pine Island Road","Cape Coral","Florida","33991","US","26.640129","-82.004616","+1 855-955-2534"
"ALDI 1843 NE Pine Island Road","5767524","L996","1843 NE Pine Island Road","Cape Coral","Florida","33909","US","26.672665","-81.934696","+1 855-955-2534"
"ALDI 2301 Del Prado Blvd S No. 1030","5767122","FA13","2301 Del Prado Blvd S No. 1030","Cape Coral","Florida","33990","US","26.611386","-81.938757","+1 855-955-2534"
"ALDI 2615 Santa Barbara Blvd","5768390","FA20","2615 Santa Barbara Blvd","Cape Coral","Florida","33914","US","26.60298","-81.97398","+1 855-955-2534"
"ALDI 153 State Road 436","5767105","L660","153 State Road 436","Casselberry","Florida","32730","US","28.65875","-81.34031","+1 855-955-2534"
"ALDI 2202 N Young Blvd","5873405","FN58","2202 N Young Blvd","Chiefland","Florida","32626","US","29.500992","-82.872914","+1 855-955-2534"
"ALDI 2150 Gulf to Bay Boulevard","5768438","L780","2150 Gulf to Bay Boulevard","Clearwater","Florida","33765","US","27.961729","-82.747783","+1 855-955-2534"
"ALDI 24756 US 19 North","5767550","L715","24756 US 19 North","Clearwater","Florida","33763","US","27.996798","-82.730403","+1 855-955-2534"
"ALDI 2503 S. Highway 27","5767157","L671","2503 S. Highway 27","Clermont","Florida","34711","US","28.534674","-81.73538","+1 855-955-2534"
"ALDI 9550 US Highway 192","5767642","L681","9550 US Highway 192","Clermont","Florida","34714","US","28.346555","-81.664722","+1 855-955-2534"
"ALDI 2609 Clearlake Rd","5767660","FK47","2609 Clearlake Rd","Cocoa","Florida","32922","US","28.393732","-80.755759","+1 855-955-2534"
"ALDI 4298 N. University Drive","5766873","FA39","4298 N. University Drive","Cooper City","Florida","33024","US","26.044785","-80.252585","+1 855-955-2534"
"ALDI 6198 W Sample Rd","5766958","FA61","6198 W Sample Rd","Coral Springs","Florida","33067","US","26.27328","-80.204567","+1 855-955-2534"
"ALDI 651 North University Drive","5768101","FA68","651 North University Drive","Coral Springs","Florida","33071","US","26.239552","-80.253467","+1 855-955-2534"
"ALDI 9184 Wiles Road","5767736","FA26","9184 Wiles Road","Coral Springs","Florida","33067","US","26.2853934","-80.2486854","+1 855-955-2534"
"ALDI 2629 Crawfordville Highway","5766214","FK98","2629 Crawfordville Highway","Crawfordville","Florida","32327","US","30.19232","-84.37033","+1 855-955-2534"
"ALDI 2680 S Ferdon Blvd Unit 201","5768141","FF78","2680 S Ferdon Blvd Unit 201","Crestview","Florida","32536","US","30.73257","-86.56705","+1 855-955-2534"
"ALDI 1651 SE US Highway 19","5766191","FN44","1651 SE US Highway 19","Crystal River","Florida","34429","US","28.88334","-82.58096","+1 855-955-2534"
"ALDI 19650 S. Dixie Highway","5767003","FA66","19650 S. Dixie Highway","Cutler Bay","Florida","33157","US","25.58514","-80.364469","+1 855-955-2534"
"ALDI 700 Stirling Road","5766834","FA41","700 Stirling Road","Dania Beach","Florida","33004","US","26.048769","-80.14934","+1 855-955-2534"
"ALDI 7820 Osceola Polk Line Road","5767264","L672","7820 Osceola Polk Line Road","Davenport","Florida","33896","US","28.259194","-81.588987","+1 855-955-2534"
"ALDI 11290 W State Road 84","6091822","FS76","11290 West State Road 84","Davie","Florida","33325","US","26.1090619","-80.2998953","+1 855-955-2534"
"ALDI 1106 Beville Road","6112158","FI39","1106 Beville Road","Daytona Beach","Florida","32114","US","29.1758842","-81.03097369999999","+1 855-955-2534"
"ALDI 812 N. Nova Rd","5767624","FO07","812 N. Nova Rd","Daytona Beach","Florida","32117","US","29.21967","-81.049721","+1 855-955-2534"
"ALDI 812 N. Nova Rd","6252068","FI36","812 North Nova Road","Daytona Beach","Florida","32117","US","29.2195743","-81.050021","+1 855-955-2534"
"ALDI 3825 W. Hillsboro Blvd.","5766937","FA59","3825 W. Hillsboro Blvd.","Deerfield Beach","Florida","33442","US","26.31869","-80.155641","+1 855-955-2534"
"ALDI 747 S. Federal Highway","5766945","FA60","747 S. Federal Highway","Deerfield Beach","Florida","33441","US","26.307926","-80.093217","+1 855-955-2534"
"ALDI 1470 N. Woodland Blvd.","5767493","L760","1470 N. Woodland Blvd.","Deland","Florida","32720","US","29.054258","-81.305896","+1 855-955-2534"
"ALDI 2701 S. Woodland Blvd.","5767935","L775","2701 S. Woodland Blvd.","Deland","Florida","32720","US","28.980713","-81.29882","+1 855-955-2534"
"ALDI 4801 Linton Blvd.","5766911","FA54","4801 Linton Blvd.","Delray Beach","Florida","33445","US","26.440508","-80.121178","+1 855-955-2534"
"ALDI 7577 Atlantic Ave","5768043","FF61","7577 Atlantic Ave","Delray Beach","Florida","33446","US","26.454302","-80.165051","+1 855-955-2534"
"ALDI 2880 Howland Boulevard","5768236","FN39","2880 Howland Boulevard","Deltona","Florida","32725","US","28.9445","-81.225369","+1 855-955-2534"
"ALDI 5875 NW 105th Ct, Unit 100","5767169","FA52","5875 NW 105th Ct, Unit 100","Doral","Florida","33178","US","25.826831","-80.368247","+1 855-955-2534"
"ALDI 11223 N. Williams St Unit O","5767839","L767","11223 N. Williams St Unit O","Dunnellon","Florida","34432","US","29.06035","-82.453365","+1 855-955-2534"
"ALDI 1825 S. Ridgewood Avenue","5768416","FO16","1825 S. Ridgewood Avenue","Edgewater","Florida","32141","US","28.971859","-80.894787","+1 855-955-2534"
"ALDI 1825 S Ridgewood Ave","6252064","FI43","1825 South Ridgewood Avenue","Edgewater","Florida","32141","US","28.97196169999999","-80.8945801","+1 855-955-2534"
"ALDI 1951 S. Mccall Rd No.300","5757799","FS69","1951 S. Mccall Rd No.300","Englewood","Florida","34223","US","26.9368","-82.33493","+1 855-955-2534"
"ALDI 4100 S Mccall Road","5757792","FN33","4100 S Mccall Road","Englewood","Florida","34224","US","26.933962","-82.270666","+1 855-955-2534"
"ALDI 19951 S Tamiami Trl","5767821","FA14","19951 S Tamiami Trl","Estero","Florida","33928","US","26.45161","-81.8194649","+1 855-955-2534"
"ALDI 17395 U.S. Highway 441","5766927","L758","17395 U.S. Highway 441","Eustis","Florida","32726","US","28.821486","-81.669173","+1 855-955-2534"
"ALDI 947 Amelia Plz","5873412","FI12","947 Amelia Plz","Fernandina Beach","Florida","32034","US","30.646468","-81.458703","+1 855-955-2534"
"ALDI 1545 County Road 220","5766209","FN25","1545 County Road 220","Fleming Island","Florida","32003","US","30.100028","-81.710983","+1 855-955-2534"
"ALDI 33290 S. Dixie Highway","5766859","FA34","33290 S. Dixie Highway","Florida City","Florida","33034","US","25.458702","-80.475806","+1 855-955-2534"
"ALDI 100 W. Sunrise Blvd","5767702","FA36","100 W. Sunrise Blvd","Fort Lauderdale","Florida","33311","US","26.135959","-80.1457512","+1 855-955-2534"
"ALDI 1707 E Commercial Blvd","5766865","FA38","1707 E Commercial Blvd","Fort Lauderdale","Florida","33334","US","26.189747","-80.123976","+1 855-955-2534"
"ALDI 10991 Saxum Dr","5766770","FA09","10991 Saxum Dr","Fort Myers","Florida","33908","US","26.494589","-81.934561","+1 855-955-2534"
"ALDI 11281 S. Cleveland Ave","5767369","L997","11281 S. Cleveland Ave","Fort Myers","Florida","33907","US","26.575883","-81.871129","+1 855-955-2534"
"ALDI 4560 Colonial Blvd","5767810","FA08","4560 Colonial Blvd","Fort Myers","Florida","33966","US","26.6108488","-81.8191093","+1 855-955-2534"
"ALDI 5591 Six Mile Commercial Ct","5767703","FA17","5591 Six Mile Commercial Ct","Fort Myers","Florida","33912","US","26.5288512","-81.8641544","+1 855-955-2534"
"ALDI 1412 S. US Highway One","5768279","FA46","1412 S. US Highway One","Fort Pierce","Florida","34950","US","27.432502","-80.325387","+1 855-955-2534"
"ALDI 5535 Okeechobee Road","5768372","FA23","5535 Okeechobee Road","Fort Pierce","Florida","34947","US","27.4179","-80.3806","+1 855-955-2534"
"ALDI 427 Mary Esther Cutoff","5767548","FK99","427 Mary Esther Cutoff","Fort Walton Beach","Florida","32548","US","30.425296","-86.645139","+1 855-955-2534"
"ALDI 798 Beal Parkway","5768199","FF82","798 Beal Parkway","Fort Walton Beach","Florida","32547","US","30.44752","-86.63983","+1 855-955-2534"
"ALDI 99 Eglin Pkwy","5873403","FP24","99 Eglin Pkwy","Fort Walton Beach","Florida","32548","US","30.418448","-86.607987","+1 855-955-2534"
"ALDI 300 SW 16th Avenue","5757801","FK12","300 SW 16th Avenue","Gainesville","Florida","32601","US","29.63743","-82.32889","+1 855-955-2534"
"ALDI 3003 Clark Butler Blvd.","5767737","L750","3003 Clark Butler Blvd.","Gainesville","Florida","32608","US","29.626255","-82.381886","+1 855-955-2534"
"ALDI 3773 NW 13th Street","5767760","L759","3773 NW 13th Street","Gainesville","Florida","32609","US","29.687575","-82.338206","+1 855-955-2534"
"ALDI 791 NW 120th Ter","5757814","FF36","791 NW 120th Ter","Gainesville","Florida","32607","US","29.659813","-82.469567","+1 855-955-2534"
"ALDI 3401 S. Jog Rd","5767841","FA32","3401 S. Jog Rd","Greenacres","Florida","33467","US","26.625734","-80.146842","+1 855-955-2534"
"ALDI 35770 Highway 27","5767303","L687","35770 Highway 27","Haines City","Florida","33844","US","28.120182","-81.640381","+1 855-955-2534"
"ALDI 1460 W. 49th Street","5766933","FA58","1460 W. 49th Street","Hialeah","Florida","33012","US","25.865304","-80.312739","+1 855-955-2534"
"ALDI 7800 W. 33rd Avenue, Bay No.2","5766906","FA53","7800 W. 33rd Avenue, Bay No.2","Hialeah","Florida","33018","US","25.894629","-80.349831","+1 855-955-2534"
"ALDI 2643 US HWY 19","5767292","L686","2643 US HWY 19","Holiday","Florida","34691","US","28.197598","-82.740751","+1 855-955-2534"
"ALDI 775 S. State Road 7","5767106","FA40","775 S. State Road 7","Hollywood","Florida","33023","US","26.003022","-80.205641","+1 855-955-2534"
"ALDI 11300 SW 248th Street","5767757","FA25","11300 SW 248th Street","Homestead","Florida","33032","US","25.5370181","-80.3730809","+1 855-955-2534"
"ALDI 3792 S Suncoast Blvd","5873398","FK13","3792 S Suncoast Blvd","Homosassa","Florida","34448","US","28.80709","-82.57875","+1 855-955-2534"
"ALDI 12070 Little Road","5767222","L731","12070 Little Road","Hudson","Florida","34667","US","28.332304","-82.6662318","+1 855-955-2534"
"ALDI 10950 San Jose Blvd.","5767367","L749","10950 San Jose Blvd.","Jacksonville","Florida","32223","US","30.176923","-81.629152","+1 855-955-2534"
"ALDI 12777 Atlantic Blvd.","6164194","FT03","12777 Atlantic Blvd.","Jacksonville","Florida","32225","US","30.3204308","-81.4714414","+1 855-955-2534"
"ALDI 1531 Monument Rd","6164195","FT18","1531 Monument Road","Jacksonville","Florida","32225","US","30.346171","-81.524612","+1 855-955-2534"
"ALDI 15325 Max Leggett Pkwy No.200","5767439","L755","15325 Max Leggett Pkwy No.200","Jacksonville","Florida","32218","US","30.485501","-81.636461","+1 855-955-2534"
"ALDI 2261 Edgewood Ave W","5768139","FK09","2261 Edgewood Ave W","Jacksonville","Florida","32209","US","30.37956","-81.69776","+1 855-955-2534"
"ALDI 3538 Blanding Blvd","5873406","FT11","3538 Blanding Blvd","Jacksonville","Florida","32210","US","30.2716","-81.73809","+1 855-955-2534"
"ALDI 3650 Phillips Highway","5767572","L762","3650 Phillips Highway","Jacksonville","Florida","32207","US","30.287896","-81.634267","+1 855-955-2534"
"ALDI 4444 Town Center Parkway","5767594","L746","4444 Town Center Parkway","Jacksonville","Florida","32246","US","30.264205","-81.529033","+1 855-955-2534"
"ALDI 6060 Fort Caroline Rd No.10","5757802","FK15","6060 Fort Caroline Rd No.10","Jacksonville","Florida","32277","US","30.365036","-81.596766","+1 855-955-2534"
"ALDI 7043 Normandy Blvd","5766919","L745","7043 Normandy Blvd","Jacksonville","Florida","32205","US","30.301753","-81.763826","+1 855-955-2534"
"ALDI 8775 Old Kings Road South","5766233","FN50","8775 Old Kings Road South","Jacksonville","Florida","32217","US","30.22132","-81.59112","+1 855-955-2534"
"ALDI 9041 Southside Blvd Unit118","5767649","L724","9041 Southside Blvd Unit118","Jacksonville","Florida","32256","US","30.193214","-81.548747","+1 855-955-2534"
"ALDI 9337 Atlantic Blvd Unit No.1","5766858","L747","9337 Atlantic Blvd Unit No.1","Jacksonville","Florida","32225","US","30.318996","-81.557558","+1 855-955-2534"
"ALDI 9445 Argyle Forest Blvd.","5767501","L751","9445 Argyle Forest Blvd.","Jacksonville","Florida","32222","US","30.195927","-81.822413","+1 855-955-2534"
"ALDI 1105 NE Jensen Beach Blvd.","5766166","FO19","1105 NE Jensen Beach Blvd.","Jensen Beach","Florida","34957","US","27.2455","-80.2372","+1 855-955-2534"
"ALDI 4300 NW Federal Highway","5766896","FA49","4300 NW Federal Highway","Jensen Beach","Florida","34957","US","27.257521","-80.281363","+1 855-955-2534"
"ALDI 6707 W Indiantown Rd","5767543","FA27","6707 W Indiantown Rd","Jupiter","Florida","33458","US","26.935839","-80.135999","+1 855-955-2534"
"ALDI 16500 SW 88th St","5766806","FA06","16500 SW 88th St","Kendall","Florida","33196","US","25.68273","-80.459684","+1 855-955-2534"
"ALDI 105300 Overseas HIghway","6278418","FS75","105300 Overseas Highway","Key Largo","Florida","33037","US","25.16044","-80.38447","+1 855-955-2534"
"ALDI 1040 Buenaventura Blvd.","5767227","L679","1040 Buenaventura Blvd.","Kissimmee","Florida","34743","US","28.34726","-81.364069","+1 855-955-2534"
"ALDI 4425 W. Vine St.","5767238","L682","4425 W. Vine St.","Kissimmee","Florida","34746","US","28.30481","-81.45884","+1 855-955-2534"
"ALDI 5296 W. Irlo Bronson Hwy","5767595","L680","5296 W. Irlo Bronson Hwy","Kissimmee","Florida","34746","US","28.332257","-81.495017","+1 855-955-2534"
"ALDI 864 Cypress Parkway","5767253","L683","864 Cypress Parkway","Kissimmee","Florida","34759","US","28.14632","-81.448991","+1 855-955-2534"
"ALDI 13937 U.S. 441","5767366","L693","13937 U.S. 441","Lady Lake","Florida","32159","US","28.959521","-81.963359","+1 855-955-2534"
"ALDI 944 Bichara Blvd","6221311","FT25","944 Bichara Blvd","Lady Lake","Florida","32159","US","28.93645","-81.94484","+1 855-955-2534"
"ALDI 2016 W US Highway 90","5766912","L743","2016 W US Highway 90","Lake City","Florida","32055","US","30.178607","-82.665472","+1 855-955-2534"
"ALDI 220 North Congress Avenue","5766794","FA05","220 North Congress Avenue","Lake Park","Florida","33403","US","26.798319","-80.084307","+1 855-955-2534"
"ALDI 1860 State Road 60 East","5766175","FN31","1860 State Road 60 East","Lake Wales","Florida","33853","US","27.89205","-81.55834","+1 855-955-2534"
"ALDI 753 Thompson Nursery Road","5766761","L690","753 Thompson Nursery Road","Lake Wales","Florida","33859","US","27.956336","-81.622586","+1 855-955-2534"
"ALDI 4730 Hypoluxo Road","5768322","FA11","4730 Hypoluxo Road","Lake Worth","Florida","33463","US","26.5713","-80.117812","+1 855-955-2534"
"ALDI 8686 Lake Worth Rd","5767304","FF53","8686 Lake Worth Rd","Lake Worth","Florida","33467","US","26.616978","-80.183392","+1 855-955-2534"
"ALDI 2900 Lakeland Highlands Road.","5873402","FN54","2900 Lakeland Highlands Road.","Lakeland","Florida","33803","US","28.00964","-81.92258","+1 855-955-2534"
"ALDI 4532 S. Florida Avenue","5767698","L781","4532 S. Florida Avenue","Lakeland","Florida","33813","US","27.98255","-81.95623","+1 855-955-2534"
"ALDI 4745 US Hwy 98 North","5767280","L685","4745 US Hwy 98 North","Lakeland","Florida","33809","US","28.103446","-81.972858","+1 855-955-2534"
"ALDI 6902 South Florida Ave","5768016","FN40","6902 South Florida Ave","Lakeland","Florida","33813","US","27.940358","-81.97238","+1 855-955-2534"
"ALDI 7214 University Parkway","6162453","FI38","7214 University Parkway","Lakewood Ranch","Florida","34240","US","27.3858345","-82.3969493","+1 855-955-2534"
"ALDI 1233 W LANTANA RD","5768289","FA24","1233 W LANTANA RD","Lantana","Florida","33462","US","26.5879639","-80.0624267","+1 855-955-2534"
"ALDI 1177 N. Missouri Ave","5767508","L711","1177 N. Missouri Ave","Largo","Florida","33770","US","27.927448","-82.789228","+1 855-955-2534"
"ALDI 3301 N. State Road 7","5766921","FA56","3301 N. State Road 7","Lauderdale Lakes","Florida","33319","US","26.166922","-80.204435","+1 855-955-2534"
"ALDI 3155 W Norvell Bryant Hwy","5767306","FK07","3155 W Norvell Bryant Hwy","Lecanto","Florida","34461","US","28.892744","-82.489465","+1 855-955-2534"
"ALDI 2241 N Citrus Suite 103","5767375","L694","2241 N Citrus Suite 103","Leesburg","Florida","34748","US","28.840655","-81.896984","+1 855-955-2534"
"ALDI 27405 US Hwy 27","5757793","FT09","27405 US Hwy 27","Leesburg","Florida","34748","US","28.746438","-81.878035","+1 855-955-2534"
"ALDI 2803 Lee Blvd","5767089","L993","2803 Lee Blvd","Lehigh Acres","Florida","33971","US","26.616824","-81.67086","+1 855-955-2534"
"ALDI 61 Bell Blvd North","5757778","FS55","61 Bell Blvd North","Lehigh Acres","Florida","33936","US","26.60267","-81.61253","+1 855-955-2534"
"ALDI 16751 Fishhawk Blvd","5768165","FK14","16751 Fishhawk Blvd","Lithia","Florida","33547","US","27.86097","-82.20057","+1 855-955-2534"
"ALDI 15439 Southern Blvd.","5767442","FA33","15439 Southern Blvd.","Loxahatchee Groves","Florida","33470","US","26.6831769","-80.2914938","+1 855-955-2534"
"ALDI 18407 US Hwy 41","5766180","FN29","18407 US Hwy 41","Lutz","Florida","33549","US","28.14052","-82.46167","+1 855-955-2534"
"ALDI 2215 Sun Vista Drive","5767583","L730","2215 Sun Vista Drive","Lutz","Florida","33559","US","28.190488","-82.396477","+1 855-955-2534"
"ALDI 2500 Skybrooke Blvd","5768402","L763","2500 Skybrooke Blvd","Lutz","Florida","33558","US","28.193787","-82.5216","+1 855-955-2534"
"ALDI 2260 S Hwy 77","5768403","FE15","2260 S Hwy 77","Lynn Haven","Florida","32444","US","30.224626","-85.650951","+1 855-955-2534"
"ALDI 4478 Market St","5873416","FP54","4478 Market Street","Marianna","Florida","32446","US","30.7747508","-85.223398","+1 855-955-2534"
"ALDI 961 E Eau Gallie Blvd","5766168","FN43","961 E Eau Gallie Blvd","Melbourne","Florida","32937","US","28.13774","-80.5842","+1 855-955-2534"
"ALDI 780 E Merritt Is Cswy Ste 4","5767724","FO10","780 E Merritt Is Cswy Ste 4","Merritt Island","Florida","32952","US","28.3587555","-80.685076","+1 855-955-2534"
"ALDI 12010 SW 8th Street","5766810","FA07","12010 SW 8th Street","Miami","Florida","33184","US","25.760423","-80.39135","+1 855-955-2534"
"ALDI 1290 NE 108th Street","5766837","FA28","1290 NE 108th Street","Miami","Florida","33161","US","25.874454","-80.17212","+1 855-955-2534"
"ALDI 12955 N Kendall Drive","5767732","FA42","12955 N Kendall Drive","Miami","Florida","33186","US","25.6868484","-80.4049479","+1 855-955-2534"
"ALDI 13801 SW 120th St","5766782","FA67","13801 SW 120th St","Miami","Florida","33186","US","25.656651","-80.416359","+1 855-955-2534"
"ALDI 249 NW 6th Street Unit STE 601","5767472","FF58","249 NW 6th Street Unit STE 601","Miami","Florida","33136","US","25.779921","-80.198457","+1 855-955-2534"
"ALDI 3750 S Dixie Hwy","5768126","FA44","3750 S Dixie Hwy","Miami","Florida","33133","US","25.731657","-80.254046","+1 855-955-2534"
"ALDI 7797 W Flagler Street","5768168","FA43","7797 W Flagler Street","Miami","Florida","33144","US","25.772679","-80.32293","+1 855-955-2534"
"ALDI 8621 Coral Way","5766925","FA57","8621 Coral Way","Miami","Florida","33155","US","25.749221","-80.333882","+1 855-955-2534"
"ALDI 8710 SW 72nd Street","6278417","FS70","8710 Southwest 72nd Street","Miami","Florida","33173","US","25.7008953","-80.33483849999999","+1 855-955-2534"
"ALDI 19100 NW 27th Ave","5766986","FA65","19100 NW 27th Ave","Miami Gardens","Florida","33056","US","25.948763","-80.246566","+1 855-955-2534"
"ALDI 16367 NW 57th Ave","5766768","FA02","16367 NW 57th Ave","Miami Lakes","Florida","33014","US","25.922031","-80.292548","+1 855-955-2534"
"ALDI 7960 US Hwy 1, Unit 1","5920130","FS59","7960 U.S. 1","Micco","Florida","32976","US","27.8827878","-80.5044233","+1 855-955-2534"
"ALDI 1702 Blanding Blvd.","5767587","L719","1702 Blanding Blvd.","Middleburg","Florida","32068","US","30.108891","-81.823296","+1 855-955-2534"
"ALDI 5428 Dogwood Drive","5757795","FP26","5428 Dogwood Drive","Milton","Florida","32570","US","30.63196","-87.05435","+1 855-955-2534"
"ALDI 12255 Miramar Parkway","5768448","FA30","12255 Miramar Parkway","Miramar","Florida","33025","US","25.979368","-80.309354","+1 855-955-2534"
"ALDI 1245 S Jefferson St","6278419","FI21","1245 S Jefferson St","Monticello","Florida","32344","US","30.53508","-83.8712","+1 855-955-2534"
"ALDI 13080 Tamiami Trl E","5767672","FA01","13080 Tamiami Trl E","Naples","Florida","34114","US","26.059279","-81.699011","+1 855-955-2534"
"ALDI 13725 Immokalee Rd","5757804","FK41","13725 Immokalee Rd","Naples","Florida","34120","US","26.2848","-81.59522","+1 855-955-2534"
"ALDI 4015 Santa Barbara Blvd, No.6","5767026","L998","4015 Santa Barbara Blvd, No.6","Naples","Florida","34104","US","26.153598","-81.720446","+1 855-955-2534"
"ALDI 6171 Naples Blvd","5766763","L999","6171 Naples Blvd","Naples","Florida","34109","US","26.218751","-81.774485","+1 855-955-2534"
"ALDI 8660 Addison Place Drive","5767744","FA15","8660 Addison Place Drive","Naples","Florida","34119","US","26.2748762","-81.6924071","+1 855-955-2534"
"ALDI 8816 NAVARRE PARKWAY","5768061","L992","8816 NAVARRE PARKWAY","Navarre","Florida","32566","US","30.4038136","-86.8545805","+1 855-955-2534"
"ALDI 12124 Moon Lake Rd","5757788","FN30","12124 Moon Lake Rd","New Port Richey","Florida","34654","US","28.33296","-82.60179","+1 855-955-2534"
"ALDI 6400 Massachusetts Ave","5757798","FN47","6400 Massachusetts Ave","New Port Richey","Florida","34653","US","28.25754","-82.70894","+1 855-955-2534"
"ALDI 9105 Little Rd","6311945","FI07","9105 Little Rd","New Port Richey","Florida","34654","US","28.28956","-82.67718","+1 855-955-2534"
"ALDI 2335 State Road 44","5767444","FS54","2335 State Road 44","New Smyrna Beach","Florida","32168","US","29.014171","-80.963207","+1 855-955-2534"
"ALDI 1030 John Sims Pkwy E","5768381","FE14","1030 John Sims Pkwy E","Niceville","Florida","32578","US","30.51749","-86.47133","+1 855-955-2534"
"ALDI 1235 N. Tamiami Trail","5766757","FO05","1235 N. Tamiami Trail","Nokomis","Florida","34275","US","27.140658","-82.460338","+1 855-955-2534"
"ALDI 1235 N. Tamiami Trail","6252067","FI41","1235 North Tamiami Trail","Nokomis","Florida","34275","US","27.1405908","-82.4604651","+1 855-955-2534"
"ALDI 5690 Bayshore Rd","5757790","FS56","5690 Bayshore Rd","North Fort Myers","Florida","33917","US","26.68775","-81.86352","+1 855-955-2534"
"ALDI 1180 S STATE ROAD 7","5767337","FA45","1180 S STATE ROAD 7","North Lauderdale","Florida","33068","US","26.214169","-80.203621","+1 855-955-2534"
"ALDI 735 NE 167th Street","5766846","FA29","735 NE 167th Street","North Miami Beach","Florida","33162","US","25.929422","-80.185805","+1 855-955-2534"
"ALDI 1455 Sun Market Pl","5767172","FF54","1455 Sun Market Pl","North Port","Florida","34288","US","27.065061","-82.156706","+1 855-955-2534"
"ALDI 6000 S Salford Blvd","5767559","FK45","6000 S Salford Blvd","North Port","Florida","34287","US","27.033475","-82.207716","+1 855-955-2534"
"ALDI 1033 E. Oakland Park Blvd","5768229","FA35","1033 E. Oakland Park Blvd","Oakland Park","Florida","33334","US","26.1674485","-80.1336991","+1 855-955-2534"
"ALDI 184 Marion Oaks Blvd","5766182","FN37","184 Marion Oaks Blvd","Ocala","Florida","34473","US","29.014157","-82.179218","+1 855-955-2534"
"ALDI 2115 N.E. 49th Court Rd","5767340","L691","2115 N.E. 49th Court Rd","Ocala","Florida","34470","US","29.208476","-82.067001","+1 855-955-2534"
"ALDI 2450 SW 19th Ave. Rd","5767355","L692","2450 SW 19th Ave. Rd","Ocala","Florida","34471","US","29.163873","-82.164108","+1 855-955-2534"
"ALDI 7579 SW Hwy 200","5767718","L744","7579 SW Hwy 200","Ocala","Florida","34476","US","29.092804","-82.244669","+1 855-955-2534"
"ALDI 7891 Bahia Road","5767173","L740","7891 Bahia Road","Ocala","Florida","34472","US","29.1117335","-82.0226031","+1 855-955-2534"
"ALDI 9250 W. Colonial Dr","5767078","L664","9250 W. Colonial Dr","Ocoee","Florida","34761","US","28.550767","-81.508322","+1 855-955-2534"
"ALDI 12134 State Road 54","5767405","L735","12134 State Road 54","Odessa","Florida","33556","US","28.189992","-82.614562","+1 855-955-2534"
"ALDI 17649 Gunn Hwy","5766212","FN49","17649 Gunn Hwy","Odessa","Florida","33556","US","28.12723","-82.57411","+1 855-955-2534"
"ALDI 330 South Parrott Avenue","5766776","FA03","330 South Parrott Avenue","Okeechobee","Florida","34974","US","27.240594","-80.830792","+1 855-955-2534"
"ALDI 3705 Tampa Road Suite 13","5767424","L698","3705 Tampa Road Suite 13","Oldsmar","Florida","34677","US","28.045435","-82.678212","+1 855-955-2534"
"ALDI 963 Harley Strickland Blvd.","5768297","FF31","963 Harley Strickland Blvd.","Orange City","Florida","32763","US","28.91852","-81.286229","+1 855-955-2534"
"ALDI 661 Blanding Blvd Suite 301","5768340","L741","661 Blanding Blvd Suite 301","Orange Park","Florida","32073","US","30.148875","-81.75299","+1 855-955-2534"
"ALDI 10401 Curry Ford Road","5767653","L673","10401 Curry Ford Road","Orlando","Florida","32825","US","28.510662","-81.236279","+1 855-955-2534"
"ALDI 10537 E. Colonial Dr","5767129","L669","10537 E. Colonial Dr","Orlando","Florida","32817","US","28.571001","-81.233149","+1 855-955-2534"
"ALDI 11601 Regency Village Drive","5767755","L772","11601 Regency Village Drive","Orlando","Florida","32821","US","28.3921592","-81.4872521","+1 855-955-2534"
"ALDI 12351 S Orange Blossom Tr.","5767223","L678","12351 S Orange Blossom Tr.","Orlando","Florida","32837","US","28.386092","-81.402548","+1 855-955-2534"
"ALDI 12817 Narcoossee Road","5767573","L667","12817 Narcoossee Road","Orlando","Florida","32832","US","28.380263","-81.243593","+1 855-955-2534"
"ALDI 1403 S Hiawassee Rd","5757776","FN36","1403 S Hiawassee Rd","Orlando","Florida","32835","US","28.525449","-81.470051","+1 855-955-2534"
"ALDI 14819 E Colonial Dr","5767142","FO12","14819 E Colonial Dr","Orlando","Florida","32826","US","28.566327","-81.163868","+1 855-955-2534"
"ALDI 14819 E Colonial Dr","6252070","FI40","14819 East Colonial Drive","Orlando","Florida","32826","US","28.5664136","-81.1638955","+1 855-955-2534"
"ALDI 1768 N John Young Pkwy","5768171","FE25","1768 N John Young Pkwy","Orlando","Florida","32808","US","28.569307","-81.416395","+1 855-955-2534"
"ALDI 1900 S. Semoran Blvd","5767167","L674","1900 S. Semoran Blvd","Orlando","Florida","32822","US","28.519941","-81.312065","+1 855-955-2534"
"ALDI 3230 E. Colonial Drive","5768030","L773","3230 E. Colonial Drive","Orlando","Florida","32803","US","28.551878","-81.343334","+1 855-955-2534"
"ALDI 4607 S Orange Blossom Trl","5767181","L675","4607 S Orange Blossom Trl","Orlando","Florida","32839","US","28.497891","-81.396058","+1 855-955-2534"
"ALDI 7031 Narcoossee Rd","5767195","L676","7031 Narcoossee Rd","Orlando","Florida","32822","US","28.464301","-81.273725","+1 855-955-2534"
"ALDI 765 W. Sandlake Rd","5767204","L677","765 W. Sandlake Rd","Orlando","Florida","32809","US","28.451645","-81.385503","+1 855-955-2534"
"ALDI 1260 W. Granada Blvd.","5768315","FO15","1260 W. Granada Blvd.","Ormond Beach","Florida","32174","US","29.264896","-81.104192","+1 855-955-2534"
"ALDI 1260 W. Granada Blvd","6252069","FI37","1260 West Granada Boulevard","Ormond Beach","Florida","32174","US","29.2642693","-81.10481159999999","+1 855-955-2534"
"ALDI 353 West Granada Blvd","5757783","FN38","353 West Granada Blvd","Ormond Beach","Florida","32174","US","29.2823","-81.06851","+1 855-955-2534"
"ALDI 1021 Lockwood Blvd, Unit 8","6091823","FI05","1021 Lockwood Boulevard","Oviedo","Florida","32765","US","28.6564284","-81.1776782","+1 855-955-2534"
"ALDI 1268 Alafaya Trail","5767115","L661","1268 Alafaya Trail","Oviedo","Florida","32765","US","28.652764","-81.209258","+1 855-955-2534"
"ALDI 3915 E County Rd 466","5767469","L705","3915 E County Rd 466","Oxford","Florida","34484","US","28.927193","-82.038052","+1 855-955-2534"
"ALDI 4770 US-90 W","5768413","FE13","4770 US-90 W","Pace","Florida","32571","US","30.60483","-87.12438","+1 855-955-2534"
"ALDI 820 Palm Bay Rd NE No.102","5767706","FO06","820 Palm Bay Rd NE No.102","Palm Bay","Florida","32905","US","28.0335816","-80.6483118","+1 855-955-2534"
"ALDI 12850 Northlake Boulevard","6302393","FK42","12850 Northlake Boulevard","Palm Beach Gardens","Florida","33412","US","26.8110791","-80.2427671","+1 855-955-2534"
"ALDI 5095 E State Highway 100","5767339","FS51","5095 E State Highway 100","Palm Coast","Florida","32164","US","29.474743","-81.219578","+1 855-955-2534"
"ALDI 645 Palm Coast Parkway SW","5767598","L764","645 Palm Coast Parkway SW","Palm Coast","Florida","32137","US","29.5508036","-81.2400337","+1 855-955-2534"
"ALDI 1360 Tampa Rd","5757807","FT13","1360 Tampa Rd","Palm Harbor","Florida","34683","US","28.06706","-82.76262","+1 855-955-2534"
"ALDI 3403 S. Congress Ave","5766851","FA31","3403 S. Congress Ave","Palm Springs","Florida","33461","US","26.62608","-80.09023","+1 855-955-2534"
"ALDI 605 10th Street East","5767725","L748","605 10th Street East","Palmetto","Florida","34221","US","27.520187","-82.55952","+1 855-955-2534"
"ALDI 15033 S. Dixie Hwy","5766826","FA10","15033 S. Dixie Hwy","Palmetto Bay","Florida","33176","US","25.63071","-80.339103","+1 855-955-2534"
"ALDI 23200 Front Beach Road","5767934","FF74","23200 Front Beach Road","Panama City","Florida","32413","US","30.26312","-85.9733","+1 855-955-2534"
"ALDI 2533 Thomas Drive","6048561","FP32","2533 Thomas Drive","Panama City","Florida","32408","US","30.1581283","-85.75142919999999","+1 855-955-2534"
"ALDI 3157 West 23rd Street","5767946","FF79","3157 West 23rd Street","Panama City","Florida","32405","US","30.18872","-85.70304","+1 855-955-2534"
"ALDI 8810 US Highway 301 N","5768318","FE35","8810 US Highway 301 N","Parrish","Florida","34219","US","27.544895","-82.474149","+1 855-955-2534"
"ALDI 11330 Pines Blvd.","5766967","FA63","11330 Pines Blvd.","Pembroke Pines","Florida","33026","US","26.006438","-80.298841","+1 855-955-2534"
"ALDI 18430 Pines Blvd","5766978","FA64","18430 Pines Blvd","Pembroke Pines","Florida","33029","US","26.006046","-80.393304","+1 855-955-2534"
"ALDI 2950 S Blue Angel Pkwy, 600","5768214","L991","2950 S Blue Angel Pkwy, 600","Pensacola","Florida","32506","US","30.361254","-87.357053","+1 855-955-2534"
"ALDI 312 E Nine Mile Rd","5768024","FP10","312 E Nine Mile Rd","Pensacola","Florida","32514","US","30.533708","-87.260593","+1 855-955-2534"
"ALDI 4830 Mobile Hwy","5768330","L990","4830 Mobile Hwy","Pensacola","Florida","32506","US","30.440387","-87.282407","+1 855-955-2534"
"ALDI 6700 66th St.","5767495","L709","6700 66th St.","Pinellas Park","Florida","33781","US","27.833152","-82.729187","+1 855-955-2534"
"ALDI 9021 US Highway 19 North","5767535","L714","9021 US Highway 19 North","Pinellas Park","Florida","33782","US","27.854241","-82.692772","+1 855-955-2534"
"ALDI 3021 James L Redman Pkwy","5767391","L695","3021 James L Redman Pkwy","Plant City","Florida","33566","US","27.97894","-82.12316","+1 855-955-2534"
"ALDI 12190 West Sunrise Blvd","5766785","FA04","12190 West Sunrise Blvd","Plantation","Florida","33323","US","26.144876","-80.311101","+1 855-955-2534"
"ALDI 8210 W Broward Blvd","5767901","FA18","8210 W Broward Blvd","Plantation","Florida","33324","US","26.1207405","-80.2593186","+1 855-955-2534"
"ALDI 960 N. Federal Highway","5768347","FA37","960 N. Federal Highway","Pompano Beach","Florida","33062","US","26.242288","-80.100949","+1 855-955-2534"
"ALDI 1391 Tamiami Trail","5767683","FK46","1391 Tamiami Trail","Port Charlotte","Florida","33948","US","27.01135","-82.144549","+1 855-955-2534"
"ALDI 2000 Kings Highway","5873396","FN42","2000 Kings Highway","Port Charlotte","Florida","33980","US","27.00409","-82.0529","+1 855-955-2534"
"ALDI 3280 Tamiami Trail","5873401","FS62","3280 Tamiami Trail","Port Charlotte","Florida","33952","US","26.98367","-82.09798","+1 855-955-2534"
"ALDI 4025 S Nova Road","5873408","FT10","4025 S Nova Road","Port Orange","Florida","32127","US","29.1181","-80.994545","+1 855-955-2534"
"ALDI 5500 S Williamson Blvd","5766235","FF37","5500 S Williamson Blvd","Port Orange","Florida","32128","US","29.107925","-81.03519","+1 855-955-2534"
"ALDI 6815 Cinema Dr","5767569","L718","6815 Cinema Dr","Port Richey","Florida","34668","US","28.307017","-82.702174","+1 855-955-2534"
"ALDI 10300 SW Discovery Way","5767673","FF60","10300 SW Discovery Way","Port Saint Lucie","Florida","34987","US","27.253337","-80.429498","+1 855-955-2534"
"ALDI 2850 SW Brighton Street","5767120","FA51","2850 SW Brighton Street","Port Saint Lucie","Florida","34953","US","27.258339","-80.377498","+1 855-955-2534"
"ALDI 770 SW St. Lucie West Blvd","5766885","FA48","770 SW St. Lucie West Blvd","Port Saint Lucie","Florida","34986","US","27.317105","-80.37833","+1 855-955-2534"
"ALDI 8560 S US Hwy 1","5767650","FF62","8560 S US Hwy 1","Port Saint Lucie","Florida","34952","US","27.310307","-80.31063","+1 855-955-2534"
"ALDI 6257 US Hwy 1.","5757794","FN55","6257 US Hwy 1.","Port St John","Florida","32927","US","28.47149","-80.76899","+1 855-955-2534"
"ALDI 26279 Jones Loop Road","5767331","L995","26279 Jones Loop Road","Punta Gorda","Florida","33950","US","26.89452","-82.015233","+1 855-955-2534"
"ALDI 1600 W Jefferson St","5768185","FF95","1600 W Jefferson St","Quincy","Florida","32351","US","30.586805","-84.596756","+1 855-955-2534"
"ALDI 10220 Big Bend Rd","5766983","L729","10220 Big Bend Rd","Riverview","Florida","33578","US","27.792969","-82.340977","+1 855-955-2534"
"ALDI 8613 South US Highway 301","5767823","L732","8613 South US Highway 301","Riverview","Florida","33578","US","27.865572","-82.326877","+1 855-955-2534"
"ALDI 1111 N. State Road 7","5766752","L994","1111 N. State Road 7","Royal Palm Beach","Florida","33411","US","26.704389","-80.201924","+1 855-955-2534"
"ALDI 1773 US Hwy 1 S","5767602","L720","1773 US Hwy 1 S","Saint Augustine","Florida","32084","US","29.870042","-81.325224","+1 855-955-2534"
"ALDI 1400 E Irlo Bronson Mem Hwy","5767641","L739","1400 E Irlo Bronson Mem Hwy","Saint Cloud","Florida","34771","US","28.245551","-81.254641","+1 855-955-2534"
"ALDI 3318 Canoe Creek Rd.","5766200","FF96","3318 Canoe Creek Rd.","Saint Cloud","Florida","34772","US","28.19938","-81.294579","+1 855-955-2534"
"ALDI 4056 13th Street","5767265","L684","4056 13th Street","Saint Cloud","Florida","34769","US","28.252407","-81.311803","+1 855-955-2534"
"ALDI 100 Little Cypress Drive","5873393","FF34","100 Little Cypress Drive","Saint Johns","Florida","32259","US","30.103175","-81.479278","+1 855-955-2534"
"ALDI 145 Harper Ln","5767963","L761","145 Harper Ln","Saint Johns","Florida","32259","US","30.104564","-81.544283","+1 855-955-2534"
"ALDI 1551 34th Street North","5766923","L756","1551 34th Street North","Saint Petersburg","Florida","33713","US","27.787019","-82.678975","+1 855-955-2534"
"ALDI 2900 34th Street South","5767614","L721","2900 34th Street South","Saint Petersburg","Florida","33711","US","27.741936","-82.678362","+1 855-955-2534"
"ALDI 3327 9th Street N.","5757808","FN48","3327 9th Street N.","Saint Petersburg","Florida","33704","US","27.80246","-82.64574","+1 855-955-2534"
"ALDI 3707 S Orlando Dr","5767048","L656","3707 S Orlando Dr","Sanford","Florida","32773","US","28.759131","-81.284615","+1 855-955-2534"
"ALDI 4160 W State Road 46","5767036","L655","4160 W State Road 46","Sanford","Florida","32771","US","28.812445","-81.323638","+1 855-955-2534"
"ALDI 3501 S. Tamiami Trail","5767541","FO17","3501 S. Tamiami Trail","Sarasota","Florida","34239","US","27.300984","-82.528689","+1 855-955-2534"
"ALDI 3501 S. Tamiami Trail","6252063","FI33","3501 South Tamiami Trail","Sarasota","Florida","34239","US","27.3006312","-82.528561","+1 855-955-2534"
"ALDI 4230 Bee Ridge Road","5757791","FN57","4230 Bee Ridge Road","Sarasota","Florida","34233","US","27.29798","-82.48356","+1 855-955-2534"
"ALDI 5400 Fruitville Rd","5873399","FN32","5400 Fruitville Rd","Sarasota","Florida","34232","US","27.33611","-82.46074","+1 855-955-2534"
"ALDI 2900 New Life Way","5767326","L689","2900 New Life Way","Sebring","Florida","33870","US","27.507505","-81.49361","+1 855-955-2534"
"ALDI 12975 Park Blvd","5873407","FT12","12975 Park Blvd","Seminole","Florida","33776","US","27.84504","-82.81814","+1 855-955-2534"
"ALDI 7777 Seminole Blvd.","5767530","L712","7777 Seminole Blvd.","Seminole","Florida","33772","US","27.84265","-82.786645","+1 855-955-2534"
"ALDI 1253 Wendy Court","5767430","L717","1253 Wendy Court","Spring Hill","Florida","34607","US","28.452298","-82.632885","+1 855-955-2534"
"ALDI 6765 22nd Ave N","5767618","FF92","6765 22nd Ave N","St Petersburg","Florida","33710","US","27.792417","-82.730049","+1 855-955-2534"
"ALDI 181 Blackford Way","6036552","FT02","181 Blackford Way","St. Augustine","Florida","32086","US","29.791381","-81.321031","+1 855-955-2534"
"ALDI 1371 S. Walnut Street","5768391","L776","1371 S. Walnut Street","Starke","Florida","32091","US","29.93419","-82.11751","+1 855-955-2534"
"ALDI 3937 SE Federal Highway","5766879","FA47","3937 SE Federal Highway","Stuart","Florida","34997","US","27.158296","-80.221345","+1 855-955-2534"
"ALDI 4897 Sun City Center Blvd.","5767748","L757","4897 Sun City Center Blvd.","Sun City Center","Florida","33573","US","27.711491","-82.335788","+1 855-955-2534"
"ALDI 8075 W. Oakland Park","5767240","FA55","8075 W. Oakland Park","Sunrise","Florida","33351","US","26.1673624","-80.2582006","+1 855-955-2534"
"ALDI 2020 W Pensacola St Ste 300","5768083","L783","2020 W Pensacola St Ste 300","Tallahassee","Florida","32304","US","30.441836","-84.317491","+1 855-955-2534"
"ALDI 2425 Apalachee Parkway","5767765","L782","2425 Apalachee Parkway","Tallahassee","Florida","32301","US","30.427574","-84.23997","+1 855-955-2534"
"ALDI 7050 N. University Dr","5766962","FA62","7050 N. University Dr","Tamarac","Florida","33321","US","26.209156","-80.25146","+1 855-955-2534"
"ALDI 10419 Sheldon Rd.","5766620","L713","10419 Sheldon Rd.","TAMPA","Florida","33626","US","28.042842","-82.581933","+1 855-955-2534"
"ALDI 13016 Race Track Rd","5766229","FN52","13016 Race Track Rd","Tampa","Florida","33626","US","28.07095","-82.63309","+1 855-955-2534"
"ALDI 13514 University Plaza","5767450","L703","13514 University Plaza","Tampa","Florida","33613","US","28.070279","-82.429774","+1 855-955-2534"
"ALDI 14933 N. Florida Ave","5767481","L707","14933 N. Florida Ave","Tampa","Florida","33613","US","28.086075","-82.45845","+1 855-955-2534"
"ALDI 18002 Highwoods Preserve Pkwy","5767988","L737","18002 Highwoods Preserve Pkwy","Tampa","Florida","33647","US","28.1303836","-82.3707852","+1 855-955-2534"
"ALDI 2100 W. Swann Ave.","5768264","FN41","2100 W. Swann Ave.","Tampa","Florida","33606","US","27.93611","-82.48151","+1 855-955-2534"
"ALDI 213 N Dale Mabry Hwy","5767202","FF29","213 N Dale Mabry Hwy","Tampa","Florida","33609","US","27.946433","-82.505202","+1 855-955-2534"
"ALDI 6425 County Line Rd","5873397","FN28","6425 County Line Rd","Tampa","Florida","33647","US","28.16903","-82.35669","+1 855-955-2534"
"ALDI 8521 W. Hillsborough Ave","5767464","L704","8521 W. Hillsborough Ave","Tampa","Florida","33615","US","27.997863","-82.580163","+1 855-955-2534"
"ALDI 1171 S Pinellas Ave","6353523","FT20","1171 South Pinellas Avenue","Tarpon Springs","Florida","34689","US","28.1361613","-82.7560788","+1 855-955-2534"
"ALDI 820 Old Camp Rd.","5766192","FN51","820 Old Camp Rd.","The Villages","Florida","32162","US","28.9077","-81.9752","+1 855-955-2534"
"ALDI 4650 South St","5767635","FO14","4650 South St","Titusville","Florida","32780","US","28.556707","-80.847584","+1 855-955-2534"
"ALDI 4650 South St.","6252065","FI42","4650 South Street","Titusville","Florida","32780","US","28.5567695","-80.8478196","+1 855-955-2534"
"ALDI 1254 Jacaranda Blvd","5873400","FS63","1254 Jacaranda Blvd","Venice","Florida","34292","US","27.08038","-82.38712","+1 855-955-2534"
"ALDI 1687 US 41 Bypass S","5767723","FK50","1687 US 41 Bypass S","Venice","Florida","34293","US","27.0754333","-82.4250224","+1 855-955-2534"
"ALDI 458 Venice By-Pass","6048562","FT15","458 Venice Bypass","Venice","Florida","34285","US","27.1079958","-82.4370292","+1 855-955-2534"
"ALDI 1539 W. New Haven Ave","5768437","FO11","1539 West New Haven Avenue","West Melbourne","Florida","32904","US","28.0772499","-80.6469987","+1 855-955-2534"
"ALDI 2481 Okeechobee Blvd.","5766899","FA50","2481 Okeechobee Blvd.","West Palm Beach","Florida","33409","US","26.707737","-80.089525","+1 855-955-2534"
"ALDI 5643 Seven Mile Drive","5766775","L701","5643 Seven Mile Drive","Wildwood","Florida","34785","US","28.865964","-82.009138","+1 855-955-2534"
"ALDI 5865 Winter Garden Vineland","5767364","L771","5865 Winter Garden Vineland","Windermere","Florida","34786","US","28.479161","-81.579695","+1 855-955-2534"
"ALDI 14001 W. Colonial Dr","5767110","L666","14001 W. Colonial Dr","Winter Garden","Florida","34787","US","28.552331","-81.592294","+1 855-955-2534"
"ALDI 333 Avenue K S.W.","5767313","L688","333 Avenue K S.W.","Winter Haven","Florida","33880","US","28.01183","-81.731299","+1 855-955-2534"
"ALDI 6766 Aloma Ave","5767055","L662","6766 Aloma Ave","Winter Park","Florida","32792","US","28.605262","-81.298003","+1 855-955-2534"
"ALDI 1193 E. State Road 434","5768335","L774","1193 E. State Road 434","Winter Springs","Florida","32708","US","28.696244","-81.262352","+1 855-955-2534"
"ALDI 463689 State Road 200","5768267","L742","463689 State Road 200","Yulee","Florida","32097","US","30.629496","-81.55914","+1 855-955-2534"
"ALDI 901 Ward St W","5873454","FP53","901 West Ward Street","Douglas","GA","31533","US","31.51019776","-82.8609039","+1 855-955-2534"
"ALDI 1805 US Hwy 82 W","5767863","FF41","1805 US Hwy 82 W","Tifton","GA","31793","US","31.44752","-83.54177","+1 855-955-2534"
"ALDI 3283 Jack Staten Way","5768355","FF42","3283 Jack Staten Way","Valdosta","GA","31605","US","30.884429","-83.288165","+1 855-955-2534"
"ALDI 2816 Nottingham Way","5873437","FP19","2816 Nottingham Way","Albany","Georgia","31707","US","31.6207","-84.20323","+1 855-955-2534"
"ALDI 1208 Crawford St.","5766170","FP13","1208 Crawford St.","Americus","Georgia","31709","US","32.0765","-84.21561","+1 855-955-2534"
"ALDI 1055 Gaines School Rd No.104","5766634","L882","1055 Gaines School Rd No.104","Athens","Georgia","30605","US","33.926596","-83.336871","+1 855-955-2534"
"ALDI 3400 Atlanta Hwy","5766494","L895","3400 Atlanta Hwy","Athens","Georgia","30606","US","33.940166","-83.452539","+1 855-955-2534"
"ALDI 1461 Moreland Ave.","5766648","L934","1461 Moreland Ave.","Atlanta","Georgia","30316","US","33.713859","-84.350003","+1 855-955-2534"
"ALDI 3221 Peachtree Rd NE No. 101","5766969","L880","3221 Peachtree Rd NE No. 101","Atlanta","Georgia","30305","US","33.8414549","-84.3729714","+1 855-955-2534"
"ALDI 3963 Buford Hwy.","5766649","L933","3963 Buford Hwy.","Atlanta","Georgia","30345","US","33.858168","-84.310677","+1 855-955-2534"
"ALDI 227 Bobby Jones Expressway","5766501","L898","227 Bobby Jones Expressway","Augusta","Georgia","30907","US","33.50643","-82.09244","+1 855-955-2534"
"ALDI 3121 Peach Orchard Road","5767073","L978","3121 Peach Orchard Road","Augusta","Georgia","30906","US","33.41127","-82.02742","+1 855-955-2534"
"ALDI 915 E Shotwell St","5768216","FP38","915 E Shotwell St","Bainbridge","Georgia","39819","US","30.90495","-84.56446","+1 855-955-2534"
"ALDI 40 Farmers Market Way","5767109","FE26","40 Farmers Market Way","Blairsville","Georgia","30512","US","34.88333","-83.95038","+1 855-955-2534"
"ALDI 1919 Glynn Ave Ste 100","5981546","FS12","1919 Glynn Ave Ste 100","Brunswick","Georgia","31520","US","31.15997","-81.4789","+1 855-955-2534"
"ALDI 341 Venture Dr","5767783","FF51","341 Venture Dr","Brunswick","Georgia","31525","US","31.24788","-81.50655","+1 855-955-2534"
"ALDI 1705 Mall of GA Blvd Ste. 3","5767940","L977","1705 Mall of GA Blvd Ste. 3","Buford","Georgia","30519","US","34.06024","-83.99364","+1 855-955-2534"
"ALDI 7507 Spout Springs Rd","5767312","FF40","7507 Spout Springs Rd","Buford","Georgia","30519","US","34.1052","-83.871886","+1 855-955-2534"
"ALDI 647 Hwy 53 East","5766583","L919","647 Hwy 53 East","Calhoun","Georgia","30701","US","34.471856","-84.923484","+1 855-955-2534"
"ALDI 553 Riverstone Parkway","5766590","L921","553 Riverstone Parkway","Canton","Georgia","30114","US","34.245683","-84.485672","+1 855-955-2534"
"ALDI 1495 Highway 27 South","5766510","L900","1495 Highway 27 South","Carrollton","Georgia","30117","US","33.550244","-85.074355","+1 855-955-2534"
"ALDI 500 Rowland Springs Road","5766948","L905","500 Rowland Springs Road","Cartersville","Georgia","30121","US","34.177237","-84.785233","+1 855-955-2534"
"ALDI 202 Parkway Plz","5768459","L982","202 Parkway Plz","Cleveland","Georgia","30528","US","34.57968","-83.76653","+1 855-955-2534"
"ALDI 5820 Riverdale Road","5766635","L931","5820 Riverdale Road","College Park","Georgia","30349","US","33.596478","-84.428016","+1 855-955-2534"
"ALDI 3200 MACON RD","5768394","L988","3200 MACON RD","COLUMBUS","Georgia","31906","US","32.47994","-84.94109","+1 855-955-2534"
"ALDI 6301 Veterans Pkwy Ste 500","5766596","L923","6301 Veterans Pkwy Ste 500","Columbus","Georgia","31909","US","32.535788","-84.956447","+1 855-955-2534"
"ALDI 1794 GA. Highway 138","5766689","L941","1794 GA. Highway 138","Conyers","Georgia","30013","US","33.637762","-84.016493","+1 855-955-2534"
"ALDI 1011 E 16th Avenue","5757806","FP27","1011 E 16th Avenue","Cordele","Georgia","31015","US","31.96442","-83.76618","+1 855-955-2534"
"ALDI 11152 Highway 142 NE","5766600","L924","11152 Highway 142 NE","Covington","Georgia","30014","US","33.607759","-83.826698","+1 855-955-2534"
"ALDI 1760 Buford Hwy","5766548","L911","1760 Buford Hwy","Cumming","Georgia","30041","US","34.161333","-84.115868","+1 855-955-2534"
"ALDI 3610 Browns Bridge Road","5767432","FF46","3610 Browns Bridge Road","Cumming","Georgia","30028","US","34.267266","-84.093037","+1 855-955-2534"
"ALDI 3565 Braselton Highway","5766519","L904","3565 Braselton Highway","Dacula","Georgia","30019","US","34.068898","-83.909078","+1 855-955-2534"
"ALDI 2210 E Walnut Ave","5767919","L321","2210 E Walnut Ave","Dalton","Georgia","30721","US","34.76192","-84.9317","+1 855-955-2534"
"ALDI 3480 Memorial Dr.","5766655","L935","3480 Memorial Dr.","Decatur","Georgia","30032","US","33.753847","-84.270688","+1 855-955-2534"
"ALDI 4900 Flat Shoals Parkway","5766639","L932","4900 Flat Shoals Parkway","Decatur","Georgia","30034","US","33.681288","-84.227937","+1 855-955-2534"
"ALDI 676 Decatur Village Way","5768353","L883","676 Decatur Village Way","Decatur","Georgia","30033","US","33.796123","-84.285242","+1 855-955-2534"
"ALDI 2990 Chapel Hill Rd.","5766472","L889","2990 Chapel Hill Rd.","Douglasville","Georgia","30135","US","33.724304","-84.733697","+1 855-955-2534"
"ALDI 2413 W. Hwy 80","5767186","FF44","2413 W. Hwy 80","Dublin","Georgia","31021","US","32.547551","-82.967915","+1 855-955-2534"
"ALDI 2618 Pleasant Hill Road","5766627","L930","2618 Pleasant Hill Road","Duluth","Georgia","30096","US","33.971215","-84.147266","+1 855-955-2534"
"ALDI 24 W Highlands Dr","5767906","FF48","24 W Highlands Dr","East Ellijay","Georgia","30540","US","34.659275","-84.492147","+1 855-955-2534"
"ALDI 1060 Highway 85 North","5766619","L928","1060 Highway 85 North","Fayetteville","Georgia","30214","US","33.472556","-84.444585","+1 855-955-2534"
"ALDI 1999 Battlefield Pkwy","5767926","L322","1999 Battlefield Pkwy","Fort Oglethorpe","Georgia","30742","US","34.94851","-85.232041","+1 855-955-2534"
"ALDI 3640 Mundy Mill Rd","5766561","L914","3640 Mundy Mill Rd","Gainesville","Georgia","30504","US","34.229391","-83.86673","+1 855-955-2534"
"ALDI 834 B Dawsonville Hwy.","5766483","L893","834 B Dawsonville Hwy.","Gainesville","Georgia","30501","US","34.298185","-83.854614","+1 855-955-2534"
"ALDI 208 W Clinton St","6091824","FS13","208 West Clinton Street","Gray","Georgia","31032","US","33.0080749","-83.54291889999999","+1 855-955-2534"
"ALDI 1418 Highway 16 West","5766940","L968","1418 Highway 16 West","Griffin","Georgia","30223","US","33.246996","-84.288455","+1 855-955-2534"
"ALDI 3020 Gateway Boulevard","5766942","L896","3020 Gateway Boulevard","Grovetown","Georgia","30813","US","33.478383","-82.199219","+1 855-955-2534"
"ALDI 11499 Tara Blvd","5766604","L925","11499 Tara Blvd","Hampton","Georgia","30228","US","33.441725","-84.322789","+1 855-955-2534"
"ALDI 1380 E. Franklin St","5767758","FN82","1380 E. Franklin St","Hartwell","Georgia","30643","US","34.352926","-82.906174","+1 855-955-2534"
"ALDI 5746 Wendy Bagwell Parkway","5766482","L892","5746 Wendy Bagwell Parkway","Hiram","Georgia","30141","US","33.884356","-84.734354","+1 855-955-2534"
"ALDI 1718 Old Pendergrass Road","5767740","L969","1718 Old Pendergrass Road","Jefferson","Georgia","30549","US","34.124351","-83.607112","+1 855-955-2534"
"ALDI 10955 Jones Bridge Rd No. 134","5766521","L903","10955 Jones Bridge Rd No. 134","Johns Creek","Georgia","30022","US","34.045499","-84.221716","+1 855-955-2534"
"ALDI 615 North Avenue","5766666","L938","615 North Avenue","Jonesboro","Georgia","30236","US","33.534191","-84.370102","+1 855-955-2534"
"ALDI 3076 Cobb Parkway NW","5766610","L927","3076 Cobb Parkway NW","Kennesaw","Georgia","30152","US","34.030275","-84.650716","+1 855-955-2534"
"ALDI 860 Cobb Pl Blvd NW Ste 400","5768127","L915","860 Cobb Pl Blvd NW Ste 400","Kennesaw","Georgia","30144","US","34.009914","-84.570903","+1 855-955-2534"
"ALDI 1390 Boone Street","5757823","FS01","1390 Boone Street","Kingsland","Georgia","31548","US","30.784531","-81.649227","+1 855-955-2534"
"ALDI 427 New Franklin Road","5766526","L906","427 New Franklin Road","LaGrange","Georgia","30240","US","33.051488","-85.029356","+1 855-955-2534"
"ALDI 1225 Scenic Highway","5766695","L942","1225 Scenic Highway","Lawrenceville","Georgia","30045","US","33.901458","-84.005697","+1 855-955-2534"
"ALDI 996 Duluth Highway","5766658","L936","996 Duluth Highway","Lawrenceville","Georgia","30043","US","33.968289","-84.028491","+1 855-955-2534"
"ALDI 396 Pleasant Hill Road","5766553","L912","396 Pleasant Hill Road","Lilburn","Georgia","30047","US","33.907719","-84.111034","+1 855-955-2534"
"ALDI 6650 Covington Hwy","5766608","L926","6650 Covington Hwy","Lithonia","Georgia","30058","US","33.718056","-84.146685","+1 855-955-2534"
"ALDI 370 Athens Hwy","5766504","L899","370 Athens Hwy","Loganville","Georgia","30052","US","33.851535","-83.926015","+1 855-955-2534"
"ALDI 5020 Floyd Road SW","5766704","L944","5020 Floyd Road SW","Mableton","Georgia","30126","US","33.831571","-84.576612","+1 855-955-2534"
"ALDI 4501 Log Cabin Drive","5766466","L888","4501 Log Cabin Drive","Macon","Georgia","31204","US","32.821315","-83.710561","+1 855-955-2534"
"ALDI 1260 Powder Springs Street","5766680","L940","1260 Powder Springs Street","Marietta","Georgia","30064","US","33.922334","-84.578586","+1 855-955-2534"
"ALDI 2125 Roswell Rd Ste 30","5766698","L943","2125 Roswell Rd Ste 30","Marietta","Georgia","30062","US","33.96746","-84.491424","+1 855-955-2534"
"ALDI 249 Cobb Parkway SE","5767952","L979","249 Cobb Parkway SE","Marietta","Georgia","30060","US","33.94582","-84.51744","+1 855-955-2534"
"ALDI 450 Jonesboro Rd.","5766532","L908","450 Jonesboro Rd.","McDonough","Georgia","30253","US","33.458192","-84.173204","+1 855-955-2534"
"ALDI 1978 North Columbia Street","5766467","L887","1978 North Columbia Street","Milledgeville","Georgia","31061","US","33.107459","-83.254318","+1 855-955-2534"
"ALDI 12990 Highway 9N. Suite 107","5766534","L907","12990 Highway 9N. Suite 107","Milton","Georgia","30004","US","34.099829","-84.272161","+1 855-955-2534"
"ALDI 1064 Highway 34 East","5766463","L886","1064 Highway 34 East","Newnan","Georgia","30265","US","33.398554","-84.744322","+1 855-955-2534"
"ALDI 2709 Hwy 54","5766461","L885","2709 Hwy 54","Peachtree City","Georgia","30269","US","33.397852","-84.598462","+1 855-955-2534"
"ALDI 6135 Peachtree Pkwy,Ste 302","5766932","L881","6135 Peachtree Pkwy,Ste 302","Peachtree Corners","Georgia","30092","US","33.952641","-84.235694","+1 855-955-2534"
"ALDI 152 Traders Way","5768400","L958","152 Traders Way","Pooler","Georgia","31322","US","32.140139","-81.253189","+1 855-955-2534"
"ALDI 836 Turner McCall Blvd SW","5766566","L916","836 Turner McCall Blvd SW","Rome","Georgia","30161","US","34.259759","-85.167404","+1 855-955-2534"
"ALDI 600 Mansell Road","5766489","L894","600 Mansell Road","Roswell","Georgia","30076","US","34.039722","-84.347296","+1 855-955-2534"
"ALDI 2714 Osborne Rd.","5768307","FF49","2714 Osborne Rd.","Saint Marys","Georgia","31558","US","30.75416","-81.5787","+1 855-955-2534"
"ALDI 6336C Roswell Road","5766497","L897","6336C Roswell Road","Sandy Springs","Georgia","30328","US","33.928087","-84.380164","+1 855-955-2534"
"ALDI 14070 Abercorn Street","5767107","L957","14070 Abercorn Street","Savannah","Georgia","31419","US","31.982078","-81.176781","+1 855-955-2534"
"ALDI 1651 E Victory Dr","5768182","FF39","1651 E Victory Dr","Savannah","Georgia","31404","US","32.04458","-81.07403","+1 855-955-2534"
"ALDI 2589 Spring Rd","5766665","L937","2589 Spring Rd","Smyrna","Georgia","30080","US","33.883794","-84.477168","+1 855-955-2534"
"ALDI 3340 Centerville Hwy.","5766536","L909","3340 Centerville Hwy.","Snellville","Georgia","30039","US","33.810739","-84.041867","+1 855-955-2534"
"ALDI 270 Henry Blvd","5768283","L955","270 Henry Blvd","Statesboro","Georgia","30458","US","32.430085","-81.758609","+1 855-955-2534"
"ALDI 5420 North Henry Blvd","5766675","L939","5420 North Henry Blvd","Stockbridge","Georgia","30281","US","33.550974","-84.255325","+1 855-955-2534"
"ALDI 1165 Peachtree Industrial Blvd","5766545","L910","1165 Peachtree Industrial Blvd","Suwanee","Georgia","30024","US","34.048145","-84.09476","+1 855-955-2534"
"ALDI 1058 Highway 19 N","5768302","FN83","1058 Highway 19 N","Thomaston","Georgia","30286","US","32.922797","-84.333404","+1 855-955-2534"
"ALDI 1530 E Jackson St","5768258","FK90","1530 E Jackson St","Thomasville","Georgia","31792","US","30.855148","-83.953265","+1 855-955-2534"
"ALDI 1805 US Hwy 82 W","5873442","FP21","1805 US Hwy 82 W","Tifton","Georgia","31793","US","31.446254","-83.542153","+1 855-955-2534"
"ALDI 4135 LaVista Road Ste C200","5766938","L884","4135 LaVista Road Ste C200","Tucker","Georgia","30084","US","33.84576","-84.248937","+1 855-955-2534"
"ALDI 4670 Jonesboro Road","5767909","L980","4670 Jonesboro Road","Union City","Georgia","30291","US","33.5687584","-84.5412619","+1 855-955-2534"
"ALDI 3283 Jack Staten Way","5873439","FP20","3283 Jack Staten Way","Valdosta","Georgia","31605","US","30.884242","-83.288227","+1 855-955-2534"
"ALDI 345 Norman Drive","5873467","FP51","345 Norman Drive","Valdosta","Georgia","31601","US","30.8281","-83.318148","+1 855-955-2534"
"ALDI 3003 Watson Blvd.","5766479","L890","3003 Watson Blvd.","Warner Robins","Georgia","31093","US","32.61676","-83.691268","+1 855-955-2534"
"ALDI 160 W. May Street","5766512","L901","160 W. May Street","Winder","Georgia","30680","US","33.994184","-83.733039","+1 855-955-2534"
"ALDI 200 West Village Dr.","5766623","L929","200 West Village Dr.","Woodstock","Georgia","30188","US","34.088346","-84.469292","+1 855-955-2534"
"ALDI 2014 Eagle Drive","5766575","L918","2014 Eagle Drive","Woodstock","Georgia","30189","US","34.113312","-84.567396","+1 855-955-2534"
"ALDI 927 Avenue G","5766616","F173","927 Avenue G","Fort Madison","IA","52627","US","40.6313","-91.3147","+1 855-955-2534"
"ALDI 11340 S.Cicero Ave.","5767947","F576","11340 South Cicero Avenue","Alsip","IL","60803","US","41.68773365","-87.74021182","+1 855-955-2534"
"ALDI 2275 W Galena Blvd","5766086","F052","2275 W Galena Blvd","Aurora","IL","60506","US","41.7655633","-88.3724172","+1 855-955-2534"
"ALDI 300 Aaron Parkway","5766998","F125","300 Aaron Parkway","Centralia","IL","62801","US","38.5332","-89.1471","+1 855-955-2534"
"ALDI 908 North Keller Drive","5766586","F167","908 North Keller Drive","Effingham","IL","62401","US","39.1303","-88.559","+1 855-955-2534"
"ALDI 1635 West US Highway 50","5766934","F114","1635 West Highway 50","O'Fallon","IL","62269","US","38.59188981","-89.95646154","+1 855-955-2534"
"ALDI 6853 S.ARDMORE","5766066","F028","6853 S Ardmore Avenue","Villa Park","IL","60181","US","41.8593492","-87.9788795","+1 855-955-2534"
"ALDI 1038 N. ROHLWING RD.","5766069","F033","1038 N. ROHLWING RD.","Addison","Illinois","60101","US","41.9488808","-88.0351147","+1 855-955-2534"
"ALDI 1100 South Randall Road","5766073","F037","1100 South Randall Road","Algonquin","Illinois","60102","US","42.156154","-88.3367898","+1 855-955-2534"
"ALDI 12050 S. Pulaski Rd.","5768321","F606","12050 S. Pulaski Rd.","Alsip","Illinois","60803","US","41.67381","-87.71944","+1 855-955-2534"
"ALDI 2822 Homer Adams Parkway","5766982","F122","2822 Homer M Adams Parkway","Alton","Illinois","62002","US","38.9161056","-90.1445397","+1 855-955-2534"
"ALDI 1390 Deep Lake Road","5766755","F776","1390 Deep Lake Road","Antioch","Illinois","60002","US","42.465477","-88.063121","+1 855-955-2534"
"ALDI 550 E. GOLF RD.","5766088","F055","550 E. GOLF RD.","Arlington Heights","Illinois","60005","US","42.0520816","-87.9757804","+1 855-955-2534"
"ALDI 1410 E. NEW YORK STREET","5766060","F020","1410 E. NEW YORK STREET","Aurora","Illinois","60505","US","41.7572367","-88.2807104","+1 855-955-2534"
"ALDI 4444 OGDEN AVENUE","5766107","F078","4444 OGDEN AVENUE","Aurora","Illinois","60504","US","41.7539505","-88.2078449","+1 855-955-2534"
"ALDI 200 E Devon","5767636","F086","200 E Devon","Bartlett","Illinois","60103","US","41.98794","-88.182804","+1 855-955-2534"
"ALDI 3701 S. Airport Rd.","5768369","FE96","3701 S. Airport Rd.","Bartonville","Illinois","61607","US","40.644954","-89.68067","+1 855-955-2534"
"ALDI 451 N. RANDALL RD.","5766078","F042","451 N. RANDALL RD.","Batavia","Illinois","60510","US","41.8584851","-88.3428311","+1 855-955-2534"
"ALDI 7020 S. Cicero Avenue","5768377","F617","7020 S. Cicero Avenue","Bedford Park","Illinois","60638","US","41.76529","-87.74204","+1 855-955-2534"
"ALDI 1805 Carlyle Avenue","5767693","FE52","1805 Carlyle Avenue","Belleville","Illinois","62221","US","38.5196049","-89.93091319999999","+1 855-955-2534"
"ALDI 400 Mannheim Rd","5766052","F015","400 Mannheim Rd","Bellwood","Illinois","60104","US","41.8841","-87.883673","+1 855-955-2534"
"ALDI 1021 N. STATE","5766096","F067","1021 N. STATE","Belvidere","Illinois","61008","US","42.2672454","-88.8499282","+1 855-955-2534"
"ALDI 525 West Army Trail Road","5766063","F025","525 West Army Trail Road","Bloomingdale","Illinois","60108","US","41.939594","-88.13265","+1 855-955-2534"
"ALDI 2121 Village Lane","5768207","L124","2121 Village Lane","Bloomington","Illinois","61704","US","40.459822","-88.961975","+1 855-955-2534"
"ALDI 907 Maple Hill Road","5766358","L123","907 Maple Hill Road","Bloomington","Illinois","61705","US","40.486921","-89.035341","+1 855-955-2534"
"ALDI 12215 Western Avenue","5767999","F580","12215 Western Avenue","Blue Island","Illinois","60406","US","41.67118","-87.68049","+1 855-955-2534"
"ALDI 317 N. Weber Road","5766313","L095","317 N. Weber Road","Bolingbrook","Illinois","60490","US","41.7046673","-88.1275515","+1 855-955-2534"
"ALDI 351 Brookview Lane","5766304","L089","351 Brookview Lane","Bolingbrook","Illinois","60440","US","41.6893536","-88.0704555","+1 855-955-2534"
"ALDI 734 East Boughton Road","5768142","L093","734 East Boughton Road","Bolingbrook","Illinois","60440","US","41.725765","-88.036927","+1 855-955-2534"
"ALDI 2051 North State Route 50","5766344","L112","2051 North State Route 50","Bourbonnais","Illinois","60914","US","41.189077","-87.851369","+1 855-955-2534"
"ALDI 950 Main St. NW","5767832","L151","950 Main St. NW","Bourbonnais","Illinois","60914","US","41.1630783","-87.8952928","+1 855-955-2534"
"ALDI 7802 S. Harlem Ave.","5767883","F573","7802 S. Harlem Ave.","Bridgeview","Illinois","60455","US","41.74986","-87.799913","+1 855-955-2534"
"ALDI 1001 CERMAK RD.","5766110","F087","1001 CERMAK RD.","Broadview","Illinois","60155","US","41.8505909","-87.8445003","+1 855-955-2534"
"ALDI 1490 Torrence Avenue","5768194","F590","1490 Torrence Avenue","Calumet City","Illinois","60409","US","41.59212","-87.5595","+1 855-955-2534"
"ALDI 13085 S. Ashland Avenue","5768389","F621","13085 S. Ashland Avenue","Calumet Park","Illinois","60827","US","41.656887","-87.659706","+1 855-955-2534"
"ALDI 20 North 5th Avenue","5766341","L109","20 North 5th Avenue","Canton","Illinois","61520","US","40.5563351","-90.0284971","+1 855-955-2534"
"ALDI 1232 East Main","5766456","F140","1232 East Main Street","Carbondale","Illinois","62901","US","37.7323377","-89.1935173","+1 855-955-2534"
"ALDI 330 S. SCHMALE RD.","5766105","F076","330 S. SCHMALE RD.","Carol Stream","Illinois","60188","US","41.8953935","-88.1032407","+1 855-955-2534"
"ALDI 90 S. WESTERN","5766065","F029","90 S. WESTERN","Carpentersville","Illinois","60110","US","42.1063767","-88.2913486","+1 855-955-2534"
"ALDI 3340 THREE OAKS RD.","5766053","F012","3340 THREE OAKS RD.","Cary","Illinois","60013","US","42.2198439","-88.2642921","+1 855-955-2534"
"ALDI 801 West Interstate Drive","5766381","L148","801 West Interstate Drive","Champaign","Illinois","61822","US","40.14886279","-88.25621124","+1 855-955-2534"
"ALDI 2240 Shawnee Dr.","5766372","L138","2240 Shawnee Dr.","Charleston","Illinois","61920","US","39.4872008","-88.1570339","+1 855-955-2534"
"ALDI 10532 S. Indianapolis Ave.","5768074","F583","10532 S. Indianapolis Ave.","Chicago","Illinois","60617","US","41.70408","-87.52602","+1 855-955-2534"
"ALDI 1440 N. KOSTNER","5766055","F016","1440 N. KOSTNER","Chicago","Illinois","60651","US","41.9072613","-87.7365761","+1 855-955-2534"
"ALDI 1508 W. 47th Street","5768270","F598","1508 W. 47th Street","Chicago","Illinois","60609","US","41.80878","-87.663","+1 855-955-2534"
"ALDI 1739 West Cermak Rd.","5768338","F608","1739 West Cermak Rd.","Chicago","Illinois","60608","US","41.85226","-87.66941","+1 855-955-2534"
"ALDI 1753 N. Milwaukee Ave.","5766836","F064","1753 N. Milwaukee Ave.","Chicago","Illinois","60647","US","41.9135089","-87.6818695","+1 855-955-2534"
"ALDI 201 W Division St.","5767658","F013","201 W Division St.","Chicago","Illinois","60610","US","41.9038477","-87.6344798","+1 855-955-2534"
"ALDI 2333 E. 95th St.","5768414","F626","2333 E. 95th St.","Chicago","Illinois","60617","US","41.7225436","-87.567004","+1 855-955-2534"
"ALDI 2431 W. MONTROSE","5766831","F058","2431 W. MONTROSE","Chicago","Illinois","60618","US","41.9610178","-87.6899049","+1 855-955-2534"
"ALDI 2600 N CLYBOURN AVE","5766064","F026","2600 N CLYBOURN AVE","Chicago","Illinois","60614","US","41.9286161","-87.674792","+1 855-955-2534"
"ALDI 2828 N. CENTRAL","5766113","F090","2828 N. CENTRAL","Chicago","Illinois","60634","US","41.9320219","-87.7665702","+1 855-955-2534"
"ALDI 30 W Huron St","5757831","F100","30 W Huron St","Chicago","Illinois","60654","US","41.894989","-87.629197","+1 855-955-2534"
"ALDI 3030 S. Kedzie Ave.","5768121","F587","3030 S. Kedzie Ave.","Chicago","Illinois","60623","US","41.83792","-87.70519","+1 855-955-2534"
"ALDI 3320 B W. BELMONT","5766111","F082","3320 B W. BELMONT","Chicago","Illinois","60618","US","41.9399094","-87.7114962","+1 855-955-2534"
"ALDI 3930 N Kilpatrick Ave","5767831","FE50","3930 N Kilpatrick Ave","Chicago","Illinois","60641","US","41.952091","-87.744765","+1 855-955-2534"
"ALDI 4030 W. WRIGHTWOOD","5766067","F030","4030 W. WRIGHTWOOD","Chicago","Illinois","60639","US","41.9286513","-87.7287361","+1 855-955-2534"
"ALDI 4500 N. BROADWAY","5766046","F003","4500 N. BROADWAY","Chicago","Illinois","60640","US","41.9637627","-87.6569589","+1 855-955-2534"
"ALDI 4501 S Pulaski","5767816","F570","4501 S Pulaski","Chicago","Illinois","60632","US","41.8112403","-87.72338","+1 855-955-2534"
"ALDI 4627  W. DIVERSEY","5766045","F002","4627 W. DIVERSEY","Chicago","Illinois","60639","US","41.9308554","-87.7427491","+1 855-955-2534"
"ALDI 4934 S. Kedzie Ave.","5768090","F585","4934 S. Kedzie Ave.","Chicago","Illinois","60632","US","41.8032804","-87.7038426","+1 855-955-2534"
"ALDI 5001 N. PULASKI","5766054","F006","5001 N. PULASKI","Chicago","Illinois","60630","US","41.9729259","-87.7278142","+1 855-955-2534"
"ALDI 5501 S Harlem Ave","5768295","F603","5501 S Harlem Ave","Chicago","Illinois","60638","US","41.791603","-87.801151","+1 855-955-2534"
"ALDI 5629 W. Fillmore St.","5767896","F574","5629 W. Fillmore St.","Chicago","Illinois","60644","US","41.86746","-87.76512","+1 855-955-2534"
"ALDI 6025 S. Western Ave.","5768410","F625","6025 S. Western Ave.","Chicago","Illinois","60636","US","41.78386","-87.68329","+1 855-955-2534"
"ALDI 620 W. 63rd St.","5768401","F624","620 W. 63rd St.","Chicago","Illinois","60621","US","41.7798245","-87.6407256","+1 855-955-2534"
"ALDI 6220 N. California Ave.","5766094","F062","6220 N. California Ave.","Chicago","Illinois","60659","US","41.9944243","-87.6998617","+1 855-955-2534"
"ALDI 6221 N BROADWAY ST","5766093","F065","6221 N BROADWAY ST","Chicago","Illinois","60660","US","41.9950081","-87.6600484","+1 855-955-2534"
"ALDI 6520 W. FULLERTON","5766068","F034","6520 W. FULLERTON","Chicago","Illinois","60707","US","41.9259413","-87.788707","+1 855-955-2534"
"ALDI 6621 S. Cottage Grove Ave.","5768343","F609","6621 S. Cottage Grove Ave.","Chicago","Illinois","60637","US","41.77446","-87.6053","+1 855-955-2534"
"ALDI 7345 S. State Street","5767798","F569","7345 S. State Street","Chicago","Illinois","60619","US","41.76104","-87.6248","+1 855-955-2534"
"ALDI 7800 South Chicago Ave.","5768387","F619","7800 South Chicago Ave.","Chicago","Illinois","60619","US","41.75318","-87.58798","+1 855-955-2534"
"ALDI 800 N. KEDZIE","5766048","F004","800 N. KEDZIE","Chicago","Illinois","60651","US","41.8966026","-87.7079381","+1 855-955-2534"
"ALDI 8333 South Cicero Ave.","5768388","F620","8333 South Cicero Ave.","Chicago","Illinois","60652","US","41.741022","-87.7405569","+1 855-955-2534"
"ALDI 8500 S. Holland Road","5768399","F623","8500 S. Holland Road","Chicago","Illinois","60620","US","41.73537","-87.63199","+1 855-955-2534"
"ALDI 527 W. 14th St","5767929","F575","527 W. 14th St","Chicago Heights","Illinois","60411","US","41.50587","-87.66574","+1 855-955-2534"
"ALDI 9640 Ridgeland Ave","5873421","F589","9640 Ridgeland Ave","Chicago Ridge","Illinois","60415","US","41.71704","-87.77985","+1 855-955-2534"
"ALDI 4630 W. Cermak Road","5767854","F572","4630 W. Cermak Road","Cicero","Illinois","60804","US","41.8514","-87.7407","+1 855-955-2534"
"ALDI 1716 Vandalia Street","5766513","F152","1716 Vandalia Street","Collinsville","Illinois","62234","US","38.6903233","-89.97107270000001","+1 855-955-2534"
"ALDI 4820 Cal Sag Rd","5768280","F599","4820 Cal Sag Rd","Crestwood","Illinois","60418","US","41.654575","-87.739853","+1 855-955-2534"
"ALDI 5831 Northwest Hwy","5766050","F010","5831 Northwest Hwy","Crystal Lake","Illinois","60014","US","42.2255794","-88.3131488","+1 855-955-2534"
"ALDI 502 South Gilbert Street","5766379","L147","502 South Gilbert Street","Danville","Illinois","61832","US","40.11391846","-87.63517558","+1 855-955-2534"
"ALDI 2251 75th St.","5766108","F080","2251 75th St.","Darien","Illinois","60561","US","41.7506772","-88.0016383","+1 855-955-2534"
"ALDI 2075 S Mount Zion Rd","5766333","L106","2075 S Mount Zion Rd","Decatur","Illinois","62521","US","39.8167441","-88.8791628","+1 855-955-2534"
"ALDI 510 E. Pershing Road","5766350","L119","510 E. Pershing Road","Decatur","Illinois","62526","US","39.8778635","-88.9514654","+1 855-955-2534"
"ALDI 2540 SYCAMORE ROAD","5766080","F046","2540 SYCAMORE ROAD","DeKalb","Illinois","60115","US","41.954748","-88.719526","+1 855-955-2534"
"ALDI 1365 Lee St.","5766099","F071","1365 Lee St.","Des Plaines","Illinois","60018","US","42.028591","-87.8928226","+1 855-955-2534"
"ALDI 14529 Western Ave","5768374","F616","14529 Western Ave","Dixmoor","Illinois","60426","US","41.6249","-87.6743","+1 855-955-2534"
"ALDI 1760 South Galena Avenue","5766332","L104","1760 South Galena Avenue","Dixon","Illinois","61021","US","41.8238596","-89.4729623","+1 855-955-2534"
"ALDI 28 Ogden Ave","5767519","F081","28 Ogden Ave","Downers Grove","Illinois","60515","US","41.8112165","-87.9860963","+1 855-955-2534"
"ALDI 251 Clock Tower Dr","5766359","L128","251 Clock Tower Dr","East Peoria","Illinois","61611","US","40.6739177","-89.5845229","+1 855-955-2534"
"ALDI 215 S. RANDALL RD","5766074","F038","215 S. RANDALL RD","Elgin","Illinois","60123","US","42.0271242","-88.3367596","+1 855-955-2534"
"ALDI 799 SUMMIT STREET","5766083","F050","799 SUMMIT STREET","Elgin","Illinois","60120","US","42.0459062","-88.2603374","+1 855-955-2534"
"ALDI 905 MEACHAM RD.","5766057","F017","905 MEACHAM RD.","Elk Grove Village","Illinois","60007","US","42.0001633","-88.0437972","+1 855-955-2534"
"ALDI 2211 OAKTON ST.","5766097","F068","2211 OAKTON ST.","Evanston","Illinois","60202","US","42.0277045","-87.7045604","+1 855-955-2534"
"ALDI 2541 W. 95th Street","5768417","F628","2541 W. 95th Street","Evergreen Park","Illinois","60805","US","41.72067","-87.68609","+1 855-955-2534"
"ALDI 3231 W. 87th Street","5768349","F610","3231 W. 87th Street","Evergreen Park","Illinois","60805","US","41.734736","-87.70407","+1 855-955-2534"
"ALDI 5925 N. Illinois St.","5766901","F113","5925 North Illinois Street","Fairview Heights","Illinois","62208","US","38.5862236","-89.9875033","+1 855-955-2534"
"ALDI 215 Harlem Ave","5767399","F098","215 Harlem Ave","Forest Park","Illinois","60130","US","41.882582","-87.805162","+1 855-955-2534"
"ALDI 20230 LaGrange Road","5766335","L107","20230 LaGrange Road","Frankfort","Illinois","60423","US","41.5224374","-87.8516759","+1 855-955-2534"
"ALDI 726 W. SOUTH ST.","5766089","F059","726 W. SOUTH ST.","Freeport","Illinois","61032","US","42.281175","-89.630093","+1 855-955-2534"
"ALDI 2660 North Seminary Street","5766301","L083","2660 North Seminary Street","Galesburg","Illinois","61401","US","40.9797999","-90.3650527","+1 855-955-2534"
"ALDI 975 E. STATE ST.","5766056","F018","975 E. STATE ST.","Geneva","Illinois","60134","US","41.8883646","-88.2881954","+1 855-955-2534"
"ALDI 16 Cottonwood Road","5766506","F150","16 Cottonwood Road","Glen Carbon","Illinois","62034","US","38.7736687","-89.9550859","+1 855-955-2534"
"ALDI 700 Roosevelt Rd.","5766049","F009","700 Roosevelt Rd.","Glen Ellyn","Illinois","60137","US","41.8605456","-88.0574721","+1 855-955-2534"
"ALDI 203 E. ARMY TRAIL RD.","5766072","F031","203 E. ARMY TRAIL RD.","Glendale Heights","Illinois","60139","US","41.9371501","-88.0816788","+1 855-955-2534"
"ALDI 2195 Willow Road","5767347","F048","2195 Willow Road","Glenview","Illinois","60025","US","42.102","-87.811","+1 855-955-2534"
"ALDI 18901 S. Halsted Street","5767745","F567","18901 S. Halsted Street","Glenwood","Illinois","60425","US","41.54738957","-87.63511794","+1 855-955-2534"
"ALDI 7520 Grand Avenue","5767007","F769","7520 Grand Avenue","Gurnee","Illinois","60031","US","42.386778","-87.987263","+1 855-955-2534"
"ALDI 740 North Commercial Street","5766554","F159","740 North Commercial Street","Harrisburg","Illinois","62946","US","37.7447393","-88.52299909999999","+1 855-955-2534"
"ALDI 4703 N. HARLEM AV.","5766071","F035","4703 N. HARLEM AV.","Harwood Heights","Illinois","60706","US","41.9654625","-87.8060706","+1 855-955-2534"
"ALDI 9430 Joliet Rd","5768334","F607","9430 Joliet Rd","Hodgkins","Illinois","60525","US","41.778433","-87.862679","+1 855-955-2534"
"ALDI 375 W HIGGINS ROAD","5766092","F063","375 W HIGGINS ROAD","Hoffman Estates","Illinois","60169","US","42.046366","-88.087857","+1 855-955-2534"
"ALDI 14245 South Greystone Drive","5766367","L133","14245 South Greystone Drive","Homer Glen","Illinois","60491","US","41.6301566","-87.9257432","+1 855-955-2534"
"ALDI 12300 Princeton Dr.","5766091","F061","12300 Princeton Dr.","Huntley","Illinois","60142","US","42.1504022","-88.433952","+1 855-955-2534"
"ALDI 329 East Morton","5766909","F108","329 East Morton Avenue","Jacksonville","Illinois","62650","US","39.7227947","-90.22540049999999","+1 855-955-2534"
"ALDI 2601 W. Jefferson St.","5766343","L113","2601 W. Jefferson St.","Joliet","Illinois","60435","US","41.5221432","-88.1466889","+1 855-955-2534"
"ALDI 3080 Hennepin Drive","5766347","L116","3080 Hennepin Drive","Joliet","Illinois","60431","US","41.5732686","-88.1560503","+1 855-955-2534"
"ALDI 2705 South Schuyler Avenue","5766342","L111","2705 South Schuyler Avenue","Kankakee","Illinois","60901","US","41.0833199","-87.8702426","+1 855-955-2534"
"ALDI 805 Tenney Street","5766314","L096","805 Tenney Street","Kewanee","Illinois","61443","US","41.2195472","-89.9267102","+1 855-955-2534"
"ALDI 333 N Lagrange Road","5768025","FE75","333 N Lagrange Road","La Grange Park","Illinois","60526","US","41.821134","-87.869893","+1 855-955-2534"
"ALDI 981 S. Rand Road","5766717","F771","981 S. Rand Road","Lake Zurich","Illinois","60047","US","42.18075","-88.08129","+1 855-955-2534"
"ALDI 3602 Ridge Road","5768241","F596","3602 Ridge Road","Lansing","Illinois","60438","US","41.56433","-87.52915","+1 855-955-2534"
"ALDI 1237 South State Street","5766366","L134","1237 South State Street","Lemont","Illinois","60439","US","41.6551114","-87.9980053","+1 855-955-2534"
"ALDI 2500 Woodlawn Road","5766322","L102","2500 Woodlawn Road","Lincoln","Illinois","62656","US","40.1586903","-89.4018575","+1 855-955-2534"
"ALDI 5525 Route 53","5766090","F053","5525 Route 53","Lisle","Illinois","60532","US","41.7849871","-88.0726205","+1 855-955-2534"
"ALDI 20 Litchfield Plaza","5766673","F181","20 Litchfield Plaza","Litchfield","Illinois","62056","US","39.1820505","-89.6692126","+1 855-955-2534"
"ALDI 16060 South Farrell Road","5766308","L087","16060 South Farrell Road","Lockport","Illinois","60441","US","41.5943765","-88.0273665","+1 855-955-2534"
"ALDI 205 West Roosevelt Road","5767441","FE51","205 West Roosevelt Road","Lombard","Illinois","60148","US","41.858873","-88.01976","+1 855-955-2534"
"ALDI 6350 Forest Hills Rd","5768080","F069","6350 Forest Hills Rd","Loves Park","Illinois","61111","US","42.31555","-89.03574","+1 855-955-2534"
"ALDI 7235 39th Street","5768392","F622","7235 39th Street","Lyons","Illinois","60534","US","41.820747","-87.8043779","+1 855-955-2534"
"ALDI 1545 W. LANE RD.","5766101","F073","1545 W. LANE RD.","Machesney Park","Illinois","61115","US","42.3647862","-89.0238703","+1 855-955-2534"
"ALDI 1540 East Jackson Street","5766309","L084","1540 East Jackson Street","Macomb","Illinois","61455","US","40.4592863","-90.6490727","+1 855-955-2534"
"ALDI 1305 North Russell Street","5766869","F101","1305 North Russell Street","Marion","Illinois","62959","US","37.7418695","-88.94116199999999","+1 855-955-2534"
"ALDI 20713 South Cicero Avenue","5766356","F602","20713 South Cicero Avenue","Matteson","Illinois","60443","US","41.51303","-87.73186","+1 855-955-2534"
"ALDI 1220 Fort Worth Way","5766340","L110","1220 Fort Worth Way","Mattoon","Illinois","61938","US","39.4831828","-88.3297385","+1 855-955-2534"
"ALDI 2226 N. RICHMOND ROAD","5766062","F023","2226 N. RICHMOND ROAD","McHenry","Illinois","60051","US","42.3591529","-88.2644442","+1 855-955-2534"
"ALDI 1345 West North Avenue","5766082","F044","1345 West North Avenue","Melrose Park","Illinois","60160","US","41.909894","-87.849155","+1 855-955-2534"
"ALDI 4211 Avenue of the Cities","5766323","L101","4211 Avenue of the Cities","Moline","Illinois","61265","US","41.4905287","-90.4768531","+1 855-955-2534"
"ALDI 710 42nd Avenue Drive","5757811","FJ49","710 42nd Avenue Drive","Moline","Illinois","61265","US","41.468998","-90.527301","+1 855-955-2534"
"ALDI 2050 Mayfield Dr.","5766058","F019","2050 Mayfield Dr.","Montgomery","Illinois","60538","US","41.7188327","-88.3780287","+1 855-955-2534"
"ALDI 355 East US Route 6","5766320","L097","355 East US Route 6","Morris","Illinois","60450","US","41.3866791","-88.4177432","+1 855-955-2534"
"ALDI 100 E Courtland St","5767526","L145","100 E Courtland St","Morton","Illinois","61550","US","40.62889","-89.45544","+1 855-955-2534"
"ALDI 7905 GOLF RD.","5766059","F021","7905 GOLF RD.","Morton Grove","Illinois","60053","US","42.0544636","-87.8223743","+1 855-955-2534"
"ALDI 1000 Mt. Prospect Plaza","5766095","F066","1000 Mt. Prospect Plaza","Mount Prospect","Illinois","60056","US","42.068552","-87.9219891","+1 855-955-2534"
"ALDI 201 South Davidson Avenue","5766659","F179","201 Davidson Avenue","Mount Vernon","Illinois","62864","US","38.3075505","-88.96120359999999","+1 855-955-2534"
"ALDI 730 South Route 83","5766713","F767","730 South Route 83","Mundelein","Illinois","60060","US","42.252454","-88.019523","+1 855-955-2534"
"ALDI 1440 Naperville/Wheaton Rd.","5766106","F079","1440 Naperville/Wheaton Rd.","Naperville","Illinois","60563","US","41.7945409","-88.1217408","+1 855-955-2534"
"ALDI 2708 Showplace Drive","5766803","F095","2708 Showplace Drive","Naperville","Illinois","60564","US","41.715526","-88.207236","+1 855-955-2534"
"ALDI 351 East Lincoln Highway","5766374","L143","351 East Lincoln Highway","New Lenox","Illinois","60451","US","41.5128238","-87.9585206","+1 855-955-2534"
"ALDI 6250 W Touhy Ave","5766076","F041","6250 W Touhy Ave","Niles","Illinois","60714","US","42.0130034","-87.7831738","+1 855-955-2534"
"ALDI 301 Greenbriar Drive","5766306","L088","301 Greenbriar Drive","Normal","Illinois","61761","US","40.51581","-88.9520473","+1 855-955-2534"
"ALDI 199 MILLER Drive.","5766075","F040","199 MILLER Drive.","North Aurora","Illinois","60542","US","41.8089332","-88.3517849","+1 855-955-2534"
"ALDI 7517 W Cermak Rd","5767404","F584","7517 W Cermak Rd","North Riverside","Illinois","60546","US","41.84975996","-87.80843212","+1 855-955-2534"
"ALDI 50 WEST NORTH AV.","5766084","F049","50 WEST NORTH AV.","Northlake","Illinois","60164","US","41.907539","-87.906139","+1 855-955-2534"
"ALDI 4250 167th St","5767235","FG47","4250 167th St","Oak Forest","Illinois","60452","US","41.586532","-87.719496","+1 855-955-2534"
"ALDI 9271 West 159th Street","5766373","L139","9271 West 159th Street","Orland Hills","Illinois","60487","US","41.5986101","-87.84569","+1 855-955-2534"
"ALDI 11200 W. 179th St.","5767961","L153","11200 W. 179th St.","Orland Park","Illinois","60467","US","41.56488422","-87.89109327","+1 855-955-2534"
"ALDI 13145 LaGrange Road","5766384","L152","13145 LaGrange Road","Orland Park","Illinois","60462","US","41.651091","-87.8524433","+1 855-955-2534"
"ALDI 540 5th ST.","5766102","F074","540 5th ST.","Oswego","Illinois","60543","US","41.7060764","-88.300494","+1 855-955-2534"
"ALDI 2710 Columbus Street","5766349","L120","2710 Columbus Street","Ottawa","Illinois","61350","US","41.3698722","-88.8341779","+1 855-955-2534"
"ALDI 761 E. Dundee Rd.","5766109","F085","761 E. Dundee Rd.","Palatine","Illinois","60074","US","42.1371632","-88.0247676","+1 855-955-2534"
"ALDI 3475 Court Street","5766328","L105","3475 Court Street","Pekin","Illinois","61554","US","40.5444753","-89.5988788","+1 855-955-2534"
"ALDI 3420 North University Street","5766310","L090","3420 North University Street","Peoria","Illinois","61604","US","40.729227","-89.6121416","+1 855-955-2534"
"ALDI 9129 N Allen Road","5766369","L137","9129 N Allen Road","Peoria","Illinois","61615","US","40.7990993","-89.6321525","+1 855-955-2534"
"ALDI 951 Shooting Park Road","5766311","L092","951 Shooting Park Road","Peru","Illinois","61354","US","41.3397355","-89.1177608","+1 855-955-2534"
"ALDI 13843 S Route 59","5768007","FJ48","13843 S Route 59","Plainfield","Illinois","60544","US","41.630143","-88.202578","+1 855-955-2534"
"ALDI 2301 Route 59","5766345","L115","2301 Route 59","Plainfield","Illinois","60586","US","41.5634193","-88.2016404","+1 855-955-2534"
"ALDI 2450 Ridge Road","5766352","L121","2450 Ridge Road","Plainfield","Illinois","60586","US","41.5658989","-88.2746303","+1 855-955-2534"
"ALDI 7030 Burroughs Avenue","5766336","L108","7030 Burroughs Avenue","Plano","Illinois","60545","US","41.65334","-88.56816","+1 855-955-2534"
"ALDI 701 Rittenhouse Drive","5766355","L122","701 Rittenhouse Drive","Pontiac","Illinois","61764","US","40.8717121","-88.657831","+1 855-955-2534"
"ALDI 146 Backbone Rd E","5757828","FJ47","146 Backbone Rd E","Princeton","Illinois","61356","US","41.393169","-89.466511","+1 855-955-2534"
"ALDI 1432 E. RAND ROAD","5766114","F092","1432 E. RAND ROAD","Prospect Heights","Illinois","60070","US","42.1022084","-87.9659841","+1 855-955-2534"
"ALDI 3511 Broadway","5767027","F128","3511 Broadway","Quincy","Illinois","62301","US","39.9358","-91.3596","+1 855-955-2534"
"ALDI 1251 N. SEVENTH STREET","5766077","F039","1251 N. SEVENTH STREET","Rochelle","Illinois","61068","US","41.9371624","-89.0675897","+1 855-955-2534"
"ALDI 1880 38th Street","5766327","L103","1880 38th Street","Rock Island","Illinois","61201","US","41.4919311","-90.5481637","+1 855-955-2534"
"ALDI 2680 20th St.","5766098","F070","2680 20th St.","Rockford","Illinois","61109","US","42.2367724","-89.0568248","+1 855-955-2534"
"ALDI 3801 W Riverside Blvd","5767111","F054","3801 W Riverside Blvd","Rockford","Illinois","61101","US","42.315671","-89.112429","+1 855-955-2534"
"ALDI 6650 E. STATE STREET","5766103","F075","6650 E. STATE STREET","Rockford","Illinois","61108","US","42.2700624","-88.9857321","+1 855-955-2534"
"ALDI 398 South Weber Road","5766365","L131","398 South Weber Road","Romeoville","Illinois","60446","US","41.6105269","-88.1240671","+1 855-955-2534"
"ALDI 4786 E Rockton Rd","5766112","F770","4786 E Rockton Rd","Roscoe","Illinois","61073","US","42.457263","-89.024105","+1 855-955-2534"
"ALDI 74 West Rollins Road","5766569","F742","74 West Rollins Road","Round Lake Beach","Illinois","60073","US","42.3795","-88.08486","+1 855-955-2534"
"ALDI 2670 W MAIN STREET","5766081","F043","2670 W MAIN STREET","Saint Charles","Illinois","60174","US","41.9136178","-88.3479","+1 855-955-2534"
"ALDI 1233 Camp Jackson Road","5767104","F133","1233 Camp Jackson Road","Sauget","Illinois","62206","US","38.5600996","-90.171503","+1 855-955-2534"
"ALDI 605 N. Dunlap Ave.","5767715","L150","605 N. Dunlap Ave.","Savoy","Illinois","61874","US","40.0606805","-88.2515111","+1 855-955-2534"
"ALDI 1412 E. ALGONQUIN RD.","5766104","F077","1412 E. ALGONQUIN RD.","Schaumburg","Illinois","60173","US","42.0693422","-88.0427001","+1 855-955-2534"
"ALDI 9310 IRVING PARK ROAD","5766047","F005","9310 IRVING PARK ROAD","Schiller Park","Illinois","60176","US","41.9540577","-87.8599457","+1 855-955-2534"
"ALDI 665 Brook Forest Ave","5767119","L114","665 Brook Forest Ave","Shorewood","Illinois","60404","US","41.5346954","-88.1999855","+1 855-955-2534"
"ALDI 1210 18th Street","5766377","L144","1210 18th Street","Silvis","Illinois","61282","US","41.4975234","-90.40464","+1 855-955-2534"
"ALDI 4833 OAKTON ST.","5766087","F057","4833 OAKTON ST.","Skokie","Illinois","60077","US","42.0248629","-87.748414","+1 855-955-2534"
"ALDI 1051 E. 162nd Street","5768261","F597","1051 E. 162nd Street","South Holland","Illinois","60473","US","41.600328","-87.591021","+1 855-955-2534"
"ALDI 1250 N Market St","5767154","F136","1250 North Market Street","Sparta","Illinois","62286","US","38.1374315","-89.70235009999999","+1 855-955-2534"
"ALDI 2731 North Dirksen Parkway","5766316","L099","2731 North Dirksen Parkway","Springfield","Illinois","62702","US","39.8416372","-89.60571947","+1 855-955-2534"
"ALDI 3425 Freedom Drive","5766307","L085","3425 Freedom Drive","Springfield","Illinois","62704","US","39.7509441","-89.7105074","+1 855-955-2534"
"ALDI 3736 Octavus Via","5766361","L127","3736 Octavus Via","Springfield","Illinois","62703","US","39.74828773","-89.64117346","+1 855-955-2534"
"ALDI 3409 East Lincolnway","5766312","L091","3409 East Lincolnway","Sterling","Illinois","61081","US","41.81041","-89.65462","+1 855-955-2534"
"ALDI 960 S Barrington Road","5768376","F007","960 S Barrington Road","Streamwood","Illinois","60107","US","42.0128","-88.14697","+1 855-955-2534"
"ALDI 1725 N. Bloomington Street","5766346","L117","1725 N. Bloomington Street","Streator","Illinois","61364","US","41.1412229","-88.8348906","+1 855-955-2534"
"ALDI 11 W PARK AVE","5766079","F047","11 W PARK AVE","Sugar Grove","Illinois","60554","US","41.7758355","-88.4437576","+1 855-955-2534"
"ALDI 1708 North Illinois","5766915","F109","1708 North Illinois Street","Swansea","Illinois","62226","US","38.5325716","-89.98452619999999","+1 855-955-2534"
"ALDI 1303 W. Burnett Drive","5766944","F117","1303 West Burnett Drive","Taylorville","Illinois","62568","US","39.5658293","-89.3108136","+1 855-955-2534"
"ALDI 16000 Harlem Avenue","5766376","L140","16000 Harlem Avenue","Tinley Park","Illinois","60477","US","41.600509","-87.796752","+1 855-955-2534"
"ALDI 3102 East University Avenue","5766380","L149","3102 East University Avenue","Urbana","Illinois","61802","US","40.1140625","-88.164433","+1 855-955-2534"
"ALDI 1500 North Eighth Street","5766952","F118","1500 North 8th Street","Vandalia","Illinois","62471","US","38.9758721","-89.10115789999999","+1 855-955-2534"
"ALDI 1800 N Milwaukee Avenue","5766719","F768","1800 N Milwaukee Avenue","Vernon HIlls","Illinois","60061","US","42.259642","-87.949721","+1 855-955-2534"
"ALDI 400 W. NORTH AVENUE","5766070","F036","400 W. NORTH AVENUE","Villa Park","Illinois","60181","US","41.906087","-87.986064","+1 855-955-2534"
"ALDI 2741 Hartigan Rd","5766725","F772","2741 Hartigan Rd","Volo","Illinois","60020","US","42.36197","-88.16763","+1 855-955-2534"
"ALDI 1997 Freedom Parkway","5766378","L146","1997 Freedom Parkway","Washington","Illinois","61571","US","40.7077081","-89.4602585","+1 855-955-2534"
"ALDI 1050 S Waukegan Rd","5766628","F753","1050 S Waukegan Rd","Waukegan","Illinois","60085","US","42.339554","-87.895463","+1 855-955-2534"
"ALDI 1620 North Lewis Ave","5766684","F763","1620 North Lewis Ave","Waukegan","Illinois","60085","US","42.382787","-87.85651","+1 855-955-2534"
"ALDI 978 N.NELTNOR BLVD.","5766051","F014","978 N.NELTNOR BLVD.","West Chicago","Illinois","60185","US","41.9013139","-88.2017166","+1 855-955-2534"
"ALDI 6415 S. Cass Ave.","5766100","F072","6415 S. Cass Ave.","Westmont","Illinois","60559","US","41.7716758","-87.9735228","+1 855-955-2534"
"ALDI 20 W. LOOP ROAD","5766061","F024","20 W. LOOP ROAD","Wheaton","Illinois","60189","US","41.83309","-88.1049576","+1 855-955-2534"
"ALDI 399 Wesley Drive","5766546","F158","399 Wesley Drive","Wood River","Illinois","62095","US","38.8659362","-90.06668669999999","+1 855-955-2534"
"ALDI 1270 Lake Ave","5768013","F084","1270 Lake Ave","Woodstock","Illinois","60098","US","42.2962","-88.42477","+1 855-955-2534"
"ALDI 1610 Bridge Street","5766351","L118","1610 Bridge Street","Yorkville","Illinois","60560","US","41.6605","-88.441064","+1 855-955-2534"
"ALDI 2861 Sheridan Road","5766788","F780","2861 Sheridan Road","Zion","Illinois","60099","US","42.443043","-87.82504","+1 855-955-2534"
"ALDI 4551 Charlestown Rd","5873476","FG00","4551 Charlestown Road","New Albany","IN","47150","US","38.3550486","-85.7918874","+1 855-955-2534"
"ALDI 1428 E. 53rd St","5767008","F248","1428 E. 53rd St","Anderson","Indiana","46013","US","40.062748","-85.66144","+1 855-955-2534"
"ALDI 1806 North Wayne Street","5768210","F592","1806 North Wayne Street","Angola","Indiana","46703","US","41.6548475","-84.9995065","+1 855-955-2534"
"ALDI 207 Touring Dr.","5768328","F612","207 Touring Dr.","Auburn","Indiana","46706","US","41.365512","-85.079002","+1 855-955-2534"
"ALDI 13938 Wilson Creek Rd","5766731","F203","13938 Wilson Creek Rd","Aurora","Indiana","47001","US","39.077116","-84.89521","+1 855-955-2534"
"ALDI 9779 E. US Hwy. 36","5766860","F226","9779 E. US Hwy. 36","Avon","Indiana","46123","US","39.761452","-86.349961","+1 855-955-2534"
"ALDI 908 Constitution Avenue","5766746","F205","908 Constitution Avenue","Bedford","Indiana","47421","US","38.868547","-86.518156","+1 855-955-2534"
"ALDI 2035 S Liberty Dr","5766758","F207","2035 S Liberty Dr","Bloomington","Indiana","47403","US","39.147258","-86.5763","+1 855-955-2534"
"ALDI 2813 E. 3rd St.","5768200","F206","2813 E. 3rd St.","Bloomington","Indiana","47401","US","39.165946","-86.496258","+1 855-955-2534"
"ALDI 406 E Northfield Dr","5767510","F223","406 E Northfield Dr","Brownsburg","Indiana","46112","US","39.85679","-86.38589","+1 855-955-2534"
"ALDI 10584 Workout Way","5766735","F251","10584 Workout Way","Carmel","Indiana","46032","US","39.940228","-86.238917","+1 855-955-2534"
"ALDI 14620 Greyhound Plaza","5766924","F237","14620 Greyhound Plaza","Carmel","Indiana","46032","US","40.001235","-86.129329","+1 855-955-2534"
"ALDI 750 Indian Boundary Rd.","5768184","F600","750 Indian Boundary Rd.","Chesterton","Indiana","46304","US","41.615611","-87.040188","+1 855-955-2534"
"ALDI 551 N Line St","5766833","F221","551 N Line St","Columbia City","Indiana","46725","US","41.168515","-85.493515","+1 855-955-2534"
"ALDI 1505 N National Road","5766630","F189","1505 N National Road","Columbus","Indiana","47201","US","39.215366","-85.881057","+1 855-955-2534"
"ALDI 1620 S US Highway 231","5757953","FG07","1620 S US Highway 231","Crawfordsville","Indiana","47933","US","40.016359","-86.903593","+1 855-955-2534"
"ALDI 845 N. Superior Drive","5768048","F582","845 N. Superior Drive","Crown Point","Indiana","46307","US","41.42467","-87.3376","+1 855-955-2534"
"ALDI 2810 Emerson Dr.","5768020","F581","2810 Emerson Dr.","Elkhart","Indiana","46514","US","41.724909","-85.98065","+1 855-955-2534"
"ALDI 214 S Rosenberger Ave","5766589","F184","214 S Rosenberger Ave","Evansville","Indiana","47712","US","37.976637","-87.626394","+1 855-955-2534"
"ALDI 6434 Oak Grove Rd.","5766579","F183","6434 Oak Grove Rd.","Evansville","Indiana","47715","US","37.992164","-87.473243","+1 855-955-2534"
"ALDI 9774 E. 116th Street","5766953","F241","9774 E. 116th Street","Fishers","Indiana","46037","US","39.959735","-85.995949","+1 855-955-2534"
"ALDI 10007 Lima Rd.","5766766","F209","10007 Lima Rd.","Fort Wayne","Indiana","46818","US","41.173848","-85.168567","+1 855-955-2534"
"ALDI 10511 Dupont Oaks Blvd","5768285","FG09","10511 Dupont Oaks Blvd","Fort Wayne","Indiana","46845","US","41.180663","-85.086273","+1 855-955-2534"
"ALDI 4466 Illinois Road","5767433","F208","4466 Illinois Road","Fort Wayne","Indiana","46804","US","41.075711","-85.199614","+1 855-955-2534"
"ALDI 4750 Coldwater Rd","5766870","F227","4750 Coldwater Rd","Fort Wayne","Indiana","46825","US","41.121863","-85.134751","+1 855-955-2534"
"ALDI 7325 S Anthony Blvd","5766773","F210","7325 S Anthony Blvd","Fort Wayne","Indiana","46816","US","41.018318","-85.11139","+1 855-955-2534"
"ALDI 2465 E. Wabash Street","5766705","F200","2465 E. Wabash Street","Frankfort","Indiana","46041","US","40.278296","-86.479692","+1 855-955-2534"
"ALDI 1538 N Morton St","5873474","F198","1538 N Morton St","Franklin","Indiana","46131","US","39.49215","-86.06624","+1 855-955-2534"
"ALDI 3311 Grant Street","5768103","F586","3311 Grant Street","Gary","Indiana","46408","US","41.558449","-87.354684","+1 855-955-2534"
"ALDI 5995 W. Ridge Road","5768310","F605","5995 W. Ridge Road","Gary","Indiana","46408","US","41.54929","-87.41048","+1 855-955-2534"
"ALDI 2036 Lincolnway East","5767707","F565","2036 Lincolnway East","Goshen","Indiana","46526","US","41.55974","-85.7931","+1 855-955-2534"
"ALDI 2815 County Home Road","5767731","F566","2815 County Home Road","Goshen","Indiana","46526","US","41.62417","-85.9059","+1 855-955-2534"
"ALDI 65 Putnam Plaza","5766657","F193","65 Putnam Plaza","Greencastle","Indiana","46135","US","39.647968","-86.828251","+1 855-955-2534"
"ALDI 1780 Muskegon Lane","5766678","F196","1780 Muskegon Lane","Greenfield","Indiana","46140","US","39.810067","-85.772292","+1 855-955-2534"
"ALDI 1700 North Lincoln St","5766876","F228","1700 North Lincoln St","Greensburg","Indiana","47240","US","39.35325","-85.478908","+1 855-955-2534"
"ALDI 1595 US 31 S","5766715","F201","1595 US 31 S","Greenwood","Indiana","46143","US","39.594836","-86.101951","+1 855-955-2534"
"ALDI 300 S. State Road 135","5766697","F199","300 S. State Road 135","Greenwood","Indiana","46142","US","39.611435","-86.159585","+1 855-955-2534"
"ALDI 4415 Calumet Avenue","5767960","F577","4415 Calumet Avenue","Hammond","Indiana","46327","US","41.6334539","-87.508742","+1 855-955-2534"
"ALDI 6518 Columbia Ave","5767971","F578","6518 Columbia Ave","Hammond","Indiana","46320","US","41.59528","-87.5002","+1 855-955-2534"
"ALDI 7925 Indianapolis Blvd","5768300","F604","7925 Indianapolis Blvd","Hammond","Indiana","46324","US","41.57019","-87.47592","+1 855-955-2534"
"ALDI 450 Frontage Rd","5766667","F194","450 Frontage Rd","Huntington","Indiana","46750","US","40.901756","-85.507838","+1 855-955-2534"
"ALDI 10325 Pendleton Pike","5766997","F247","10325 Pendleton Pike","Indianapolis","Indiana","46236","US","39.85635","-85.983269","+1 855-955-2534"
"ALDI 1440 E. 86th Street","5767130","F252","1440 E. 86th Street","Indianapolis","Indiana","46240","US","39.914066","-86.135348","+1 855-955-2534"
"ALDI 2955 Madison Ave.","5766966","F243","2955 Madison Ave.","Indianapolis","Indiana","46225","US","39.723208","-86.149552","+1 855-955-2534"
"ALDI 4470 Lafayette Road","5766984","F246","4470 Lafayette Road","Indianapolis","Indiana","46254","US","39.835875","-86.247718","+1 855-955-2534"
"ALDI 5151 E. 82nd Street","5767311","F253","5151 E. 82nd Street","Indianapolis","Indiana","46250","US","39.904108","-86.082471","+1 855-955-2534"
"ALDI 5235 N. Keystone Ave","5766960","F242","5235 N. Keystone Ave","Indianapolis","Indiana","46220","US","39.848738","-86.121062","+1 855-955-2534"
"ALDI 6691 E. Washington St","5766972","F245","6691 E. Washington St","Indianapolis","Indiana","46219","US","39.770726","-86.052099","+1 855-955-2534"
"ALDI 6835 S. Emerson Ave.","5766943","F240","6835 S. Emerson Ave.","Indianapolis","Indiana","46237","US","39.667725","-86.080595","+1 855-955-2534"
"ALDI 8404 Michigan Rd.","5766939","F239","8404 Michigan Rd.","Indianapolis","Indiana","46268","US","39.907267","-86.221991","+1 855-955-2534"
"ALDI 9989 E Washington St","5766930","F238","9989 E Washington St","Indianapolis","Indiana","46229","US","39.77286","-85.990897","+1 855-955-2534"
"ALDI 3131 E 10th St","5766781","F211","3131 E 10th St","Jeffersonville","Indiana","47130","US","38.327328","-85.712874","+1 855-955-2534"
"ALDI 1381 S. Reed Road","5766617","F188","1381 S. Reed Road","Kokomo","Indiana","46902","US","40.470671","-86.10867","+1 855-955-2534"
"ALDI 957 Sagamore Pkwy S","5766884","F229","957 Sagamore Pkwy S","Lafayette","Indiana","47905","US","40.406048","-86.856639","+1 855-955-2534"
"ALDI 199 Pine Lake Ave","5767094","F601","199 Pine Lake Ave","LaPorte","Indiana","46350","US","41.616108","-86.731873","+1 855-955-2534"
"ALDI 2465 North Lebanon St","5766841","F222","2465 North Lebanon St","Lebanon","Indiana","46052","US","40.072938","-86.473006","+1 855-955-2534"
"ALDI 4129 E. Market Street","5766737","F204","4129 E. Market Street","Logansport","Indiana","46947","US","40.75655","-86.309728","+1 855-955-2534"
"ALDI 1720 E Commercial Ave.","5768380","F618","1720 E Commercial Ave.","Lowell","Indiana","46356","US","41.289297","-87.3990569","+1 855-955-2534"
"ALDI 202 Franks Dr","5766902","F234","202 Franks Dr","Madison","Indiana","47250","US","38.776201","-85.385561","+1 855-955-2534"
"ALDI 2007 S Western Ave","5766690","F197","2007 S Western Ave","Marion","Indiana","46953","US","40.54354","-85.672823","+1 855-955-2534"
"ALDI 10 W. 81st Avenue","5768371","F615","10 W. 81st Avenue","Merrillville","Indiana","46410","US","41.4711","-87.33752","+1 855-955-2534"
"ALDI 5102 Franklin Street","5768363","F614","5102 Franklin Street","Michigan City","Indiana","46360","US","41.67664","-86.89324","+1 855-955-2534"
"ALDI 210 W. Douglas Road","5767669","F564","210 W. Douglas Road","Mishawaka","Indiana","46545","US","41.709435","-86.181141","+1 855-955-2534"
"ALDI 210 W McGalliard","5766611","F187","210 W McGalliard","Muncie","Indiana","47303","US","40.220095","-85.388249","+1 855-955-2534"
"ALDI 3221 S Madison St","5766847","F224","3221 S Madison St","Muncie","Indiana","47302","US","40.164344","-85.382647","+1 855-955-2534"
"ALDI 3118 Grant Line Road","5766799","F214","3118 Grant Line Road","New Albany","Indiana","47150","US","38.3246","-85.818652","+1 855-955-2534"
"ALDI 107 S Memorial Dr","5766644","F191","107 S Memorial Dr","New Castle","Indiana","47362","US","39.930517","-85.383577","+1 855-955-2534"
"ALDI 16971 Clover Rd.","5766632","F190","16971 Clover Rd.","Noblesville","Indiana","46060","US","40.036096","-85.997546","+1 855-955-2534"
"ALDI 2382 E Main Street","5766854","F225","2382 E Main Street","Plainfield","Indiana","46168","US","39.715235","-86.367696","+1 855-955-2534"
"ALDI 2170 North Oak Road","5767776","F568","2170 North Oak Road","Plymouth","Indiana","46563","US","41.36095","-86.32874","+1 855-955-2534"
"ALDI 5761 U.S. Highway 6","5767834","F571","5761 U.S. Highway 6","Portage","Indiana","46368","US","41.55025","-87.1919","+1 855-955-2534"
"ALDI 4401 National Rd E. Ste 1","5766672","F195","4401 National Rd E. Ste 1","Richmond","Indiana","47374","US","39.82984","-84.84187","+1 855-955-2534"
"ALDI 9921 Earl Drive","5768132","F588","9921 Earl Drive","Saint John","Indiana","46373","US","41.43858","-87.4675","+1 855-955-2534"
"ALDI 795 Deer Creek Drive","5767980","F579","795 Deer Creek Drive","Schererville","Indiana","46375","US","41.499845","-87.473237","+1 855-955-2534"
"ALDI 1710 East Tipton St","5766723","F202","1710 East Tipton St","Seymour","Indiana","47274","US","38.957552","-85.861841","+1 855-955-2534"
"ALDI 2695 East Range Road","5767020","F249","2695 East Range Road","Shelbyville","Indiana","46176","US","39.525197","-85.743835","+1 855-955-2534"
"ALDI 202 E. Ireland Road","5768201","F591","202 E. Ireland Road","South Bend","Indiana","46614","US","41.62880843","-86.24873012","+1 855-955-2534"
"ALDI 3502 N. Bendix Drive","5768358","F611","3502 N. Bendix Drive","South Bend","Indiana","46628","US","41.72434527","-86.28892131","+1 855-955-2534"
"ALDI 2502 Founders Square Dr.","5767951","F244","2502 Founders Square Dr.","Speedway","Indiana","46224","US","39.802885","-86.271051","+1 855-955-2534"
"ALDI 2322 SR 46","5767420","F232","2322 SR 46","Terre Haute","Indiana","47803","US","39.438048","-87.332397","+1 855-955-2534"
"ALDI 5501 S US Hwy 41","5766894","F233","5501 S US Hwy 41","Terre Haute","Indiana","47802","US","39.400299","-87.403171","+1 855-955-2534"
"ALDI 2352 Morthland Dr.","5768039","FE31","2352 Morthland Dr.","Valparaiso","Indiana","46385","US","41.46264158","-87.08893163","+1 855-955-2534"
"ALDI 2906 LaPorte Avenue","5768221","F594","2906 LaPorte Avenue","Valparaiso","Indiana","46383","US","41.46879","-87.0253","+1 855-955-2534"
"ALDI 220 Kimmell Road","5768290","FF98","220 Kimmell Road","Vincennes","Indiana","47591","US","38.65963","-87.510184","+1 855-955-2534"
"ALDI 945 N Parker St","5768233","F595","945 N Parker St","Warsaw","Indiana","46582","US","41.247134","-85.822237","+1 855-955-2534"
"ALDI 210 Sagamore Pkwy W","5766891","F230","210 Sagamore Pkwy W","West Lafayette","Indiana","47906","US","40.454186","-86.908798","+1 855-955-2534"
"ALDI 54 E Spring Mill Pointe Dr","5757775","FG14","54 E Spring Mill Pointe Dr","Westfield","Indiana","46074","US","40.042187","-86.159088","+1 855-955-2534"
"ALDI 6479 Center Drive","5767525","FG13","6479 Center Drive","Whitestown","Indiana","46075","US","39.948137","-86.345456","+1 855-955-2534"
"ALDI 611 34th Avenue SW","5767512","L535","611 34th Avenue SW","Altoona","Iowa","50009","US","41.64645","-93.50272","+1 855-955-2534"
"ALDI 108 South 5th Street","5767261","L478","108 South 5th Street","Ames","Iowa","50010","US","42.016968","-93.61217","+1 855-955-2534"
"ALDI 2075 N. Ankeny Boulevard","5767004","L465","2075 N. Ankeny Boulevard","Ankeny","Iowa","50023","US","41.748955","-93.599821","+1 855-955-2534"
"ALDI 3221 Devils Glen Road","5768405","L141","3221 Devils Glen Road","Bettendorf","Iowa","52722","US","41.55598","-90.48304","+1 855-955-2534"
"ALDI 3135 Agency Street","5766370","L136","3135 Agency Street","Burlington","Iowa","52601","US","40.8141438","-91.1365082","+1 855-955-2534"
"ALDI 315 BRANDILYNN BLVD","5767455","L494","315 BRANDILYNN BLVD","Cedar Falls","Iowa","50613","US","42.48656","-92.44247","+1 855-955-2534"
"ALDI 180 Collins Road NE Suite D","5767140","L132","180 Collins Road NE Suite D","Cedar Rapids","Iowa","52402","US","42.0297166","-91.627962","+1 855-955-2534"
"ALDI 1860 Edgewood Road SW","5766363","L130","1860 Edgewood Road SW","Cedar Rapids","Iowa","52404","US","41.9606958","-91.7176177","+1 855-955-2534"
"ALDI 5425 Blairs Forest Blvd NE","5766362","L129","5425 Blairs Forest Blvd NE","Cedar Rapids","Iowa","52402","US","42.0332921","-91.685864","+1 855-955-2534"
"ALDI 2575 Lincoln Way","5766318","L098","2575 Lincoln Way","Clinton","Iowa","52732","US","41.8148582","-90.2471167","+1 855-955-2534"
"ALDI 2750 Heartland Dr","5766357","L125","2750 Heartland Dr","Coralville","Iowa","52241","US","41.7000058","-91.6107505","+1 855-955-2534"
"ALDI 3135 Manawa Centre Dr.","5767137","F324","3135 Manawa Centre Dr.","Council Bluffs","Iowa","51501","US","41.229055","-95.846496","+1 855-955-2534"
"ALDI 1702 Brady Street","5766315","L094","1702 Brady Street","Davenport","Iowa","52803","US","41.5367856","-90.5749197","+1 855-955-2534"
"ALDI 3643 W Kimberly Rd","5767256","FJ65","3643 W Kimberly Rd","Davenport","Iowa","52806","US","41.560539","-90.628853","+1 855-955-2534"
"ALDI 5262 Elmore Avenue","5766375","L142","5262 Elmore Avenue","Davenport","Iowa","52807","US","41.5732062","-90.5311734","+1 855-955-2534"
"ALDI 2543 East University","5767152","L468","2543 East University","Des Moines","Iowa","50317","US","41.599968","-93.568862","+1 855-955-2534"
"ALDI 3940 East 14th Street","5766382","L435","3940 East 14th Street","Des Moines","Iowa","50313","US","41.63272","-93.6012","+1 855-955-2534"
"ALDI 5512 Southeast 14th Street","5767096","L460","5512 Southeast 14th Street","Des Moines","Iowa","50320","US","41.534381","-93.597639","+1 855-955-2534"
"ALDI 2160 Holliday Dr","5766812","F783","2160 Holliday Dr","Dubuque","Iowa","52002","US","42.514144","-90.742081","+1 855-955-2534"
"ALDI 2596 Dodge Street","5767365","FE79","2596 Dodge Street","Dubuque","Iowa","52003","US","42.490917","-90.700442","+1 855-955-2534"
"ALDI 2736 1st Avenue South","5767395","L489","2736 1st Avenue South","Fort Dodge","Iowa","50501","US","42.505969","-94.15933","+1 855-955-2534"
"ALDI 2055 East 1st Street","5767631","L534","2055 East 1st Street","Grimes","Iowa","50111","US","41.688909","-93.772221","+1 855-955-2534"
"ALDI 760 Ruppert Road","5766368","L135","760 Ruppert Road","Iowa City","Iowa","52246","US","41.6461911","-91.5493912","+1 855-955-2534"
"ALDI 3379 Main Street","5766935","F115","3379 Main Street","Keokuk","Iowa","52632","US","40.4192592","-91.4061632","+1 855-955-2534"
"ALDI 1001 50th Street","5766360","L126","1001 50th Street","Marion","Iowa","52302","US","42.0368596","-91.5560153","+1 855-955-2534"
"ALDI 2405 South Center Street","5767196","L473","2405 South Center Street","Marshalltown","Iowa","50158","US","42.016984","-92.913477","+1 855-955-2534"
"ALDI 520 Village Green Drive SW","5767246","L477","520 Village Green Drive SW","Mason City","Iowa","50401","US","43.1467","-93.2501","+1 855-955-2534"
"ALDI 1309 East Washington","5766607","F172","1309 East Washington Street","Mount Pleasant","Iowa","52641","US","40.9639417","-91.53354739999999","+1 855-955-2534"
"ALDI 3200 Northport Drive","5766305","L086","3200 Northport Drive","Muscatine","Iowa","52761","US","41.4593424","-91.0196504","+1 855-955-2534"
"ALDI 375 Iowa Speedway Dr","5767797","FN22","375 Iowa Speedway Dr","Newton","Iowa","50208","US","41.696529","-93.014695","+1 855-955-2534"
"ALDI 725 Hwy 965 NE","5767941","FJ58","725 Hwy 965 NE","North Liberty","Iowa","52317","US","41.753971","-91.608132","+1 855-955-2534"
"ALDI 940 Quincy Avenue","5766595","F169","940 North Quincy Avenue","Ottumwa","Iowa","52501","US","41.0140907","-92.43771","+1 855-955-2534"
"ALDI 3140 Floyd Boulevard","5767497","L456","3140 Floyd Boulevard","Sioux City","Iowa","51108","US","42.533497","-96.370155","+1 855-955-2534"
"ALDI 5001 Sergeant Road Ste 140","5768454","L544","5001 Sergeant Road Ste 140","Sioux City","Iowa","51106","US","42.44598406","-96.34118974","+1 855-955-2534"
"ALDI 8400 Douglas Avenue","5767131","L464","8400 Douglas Avenue","Urbandale","Iowa","50322","US","41.628406","-93.733094","+1 855-955-2534"
"ALDI 1918 Schukei Road","5767116","L463","1918 Schukei Road","Waterloo","Iowa","50702","US","42.46224","-92.3313","+1 855-955-2534"
"ALDI 1030 East Hickman Road","5767145","L466","1030 East Hickman Road","Waukee","Iowa","50263","US","41.614243","-93.854804","+1 855-955-2534"
"ALDI 2701 4th Street South West","5767717","FN23","2701 4th Street South West","Waverly","Iowa","50677","US","42.701459","-92.475127","+1 855-955-2534"
"ALDI 6050 Mills Civic Parkway","5767164","L470","6050 Mills Civic Parkway","West Des Moines","Iowa","50266","US","41.55844","-93.79252","+1 855-955-2534"
"ALDI 7100 University Avenue","5767322","L542","7100 University Avenue","Windsor Heights","Iowa","50324","US","41.600137","-93.71573","+1 855-955-2534"
"ALDI 1719 N. Rock Road","5767418","F335","1719 N. Rock Road","Derby","Kansas","67037","US","37.564772","-97.24448","+1 855-955-2534"
"ALDI 2331 Industrial Rd","5767509","F340","2331 Industrial Rd","Emporia","Kansas","66801","US","38.426256","-96.217085","+1 855-955-2534"
"ALDI 1711 N Waldron St","5767085","F321","1711 N Waldron St","Hutchinson","Kansas","67502","US","38.07434","-97.898046","+1 855-955-2534"
"ALDI 520 East Chestnut Street","5768305","F350","520 East Chestnut Street","Junction City","Kansas","66441","US","39.022696","-96.821429","+1 855-955-2534"
"ALDI 1945 N 110th St","5767661","F266","1945 N 110th St","Kansas City","Kansas","66111","US","39.127587","-94.834447","+1 855-955-2534"
"ALDI 4805 State Ave","5767400","F334","4805 State Ave","Kansas City","Kansas","66102","US","39.115964","-94.689841","+1 855-955-2534"
"ALDI 1217 N Main","5766492","F348","1217 N Main","Lansing","Kansas","66043","US","39.268384","-94.900831","+1 855-955-2534"
"ALDI 3025 Iowa Street","5767463","F336","3025 Iowa Street","Lawrence","Kansas","66046","US","38.929076","-95.261081","+1 855-955-2534"
"ALDI 15751 W 87th Street Parkway","5766910","F304","15751 W 87th Street Parkway","Lenexa","Kansas","66219","US","38.969892","-94.768913","+1 855-955-2534"
"ALDI 140 E. Poyntz","5766480","F346","140 E. Poyntz","Manhattan","Kansas","66502","US","39.180002","-96.554539","+1 855-955-2534"
"ALDI 15290 W. 119th Street","5766471","F345","15290 W. 119th Street","Olathe","Kansas","66062","US","38.915347","-94.763142","+1 855-955-2534"
"ALDI 20250 W. 154th Street","5766465","F344","20250 W. 154th Street","Olathe","Kansas","66062","US","38.850753","-94.819775","+1 855-955-2534"
"ALDI 600 N. Millridge Street","5767609","F260","600 N. Millridge Street","Olathe","Kansas","66061","US","38.88958244","-94.8360274","+1 855-955-2534"
"ALDI 12055 Metcalf Avenue","5767560","FK79","12055 Metcalf Avenue","Overland Park","Kansas","66213","US","38.911418","-94.665591","+1 855-955-2534"
"ALDI 15891 Metcalf Avenue","5766971","F261","15891 Metcalf Avenue","Overland Park","Kansas","66223","US","38.840624","-94.666527","+1 855-955-2534"
"ALDI 8333 W 95th","5767051","F319","8333 W 95th","Overland Park","Kansas","66212","US","38.956629","-94.682176","+1 855-955-2534"
"ALDI 8640 W 135th Street","5766895","F302","8640 W 135th Street","Overland Park","Kansas","66223","US","38.88477","-94.68549","+1 855-955-2534"
"ALDI 3109 N. Broadway","5767490","F339","3109 N. Broadway","Pittsburg","Kansas","66762","US","37.43999","-94.706183","+1 855-955-2534"
"ALDI 4801 Roe Blvd","5766949","F310","4801 Roe Blvd","Roeland Park","Kansas","66205","US","39.040847","-94.639164","+1 855-955-2534"
"ALDI 2403 South 9th St","5766712","F311","2403 South 9th St","Salina","Kansas","67401","US","38.797556","-97.612224","+1 855-955-2534"
"ALDI 15105 W 67th","5766904","F303","15105 W 67th","Shawnee","Kansas","66217","US","39.006988","-94.761872","+1 855-955-2534"
"ALDI 105 SW 29th Street","5767377","F333","105 SW 29th Street","Topeka","Kansas","66611","US","39.014236","-95.682727","+1 855-955-2534"
"ALDI 2320 NW Clay Street","5767858","F262","2320 NW Clay Street","Topeka","Kansas","66618","US","39.09197","-95.677867","+1 855-955-2534"
"ALDI 2323 N. Amidon","5766994","F316","2323 N. Amidon","Wichita","Kansas","67204","US","37.725518","-97.363827","+1 855-955-2534"
"ALDI 2826 S. Seneca","5766874","F298","2826 S. Seneca","Wichita","Kansas","67217","US","37.643406","-97.351455","+1 855-955-2534"
"ALDI 6835 E. 21st Street","5767363","F332","6835 E. 21st Street","Wichita","Kansas","67206","US","37.722198","-97.258169","+1 855-955-2534"
"ALDI 765 N Maize Rd","5766889","F301","765 N Maize Rd","Wichita","Kansas","67212","US","37.696619","-97.463619","+1 855-955-2534"
"ALDI 8011 E Kellogg Dr","5767523","F254","8011 E Kellogg Dr","Wichita","Kansas","67207","US","37.678045","-97.243183","+1 855-955-2534"
"ALDI 130 Russell Rd","5767771","F491","130 Russell Rd","Ashland","Kentucky","41101","US","38.494032","-82.668866","+1 855-955-2534"
"ALDI 1455 Campbell Ln","5767585","L271","1455 Campbell Ln","Bowling Green","Kentucky","42104","US","36.952243","-86.443317","+1 855-955-2534"
"ALDI 24 S Hwy 1223","5767293","L233","24 S Hwy 1223","Corbin","Kentucky","40701","US","36.97039","-84.090731","+1 855-955-2534"
"ALDI 909 Hustonville Rd","5767699","L285","909 Hustonville Rd","Danville","Kentucky","40422","US","37.630442","-84.776193","+1 855-955-2534"
"ALDI 1504 N Dixie Hwy","5766652","F192","1504 N Dixie Hwy","Elizabethtown","Kentucky","42701","US","37.725927","-85.884348","+1 855-955-2534"
"ALDI 5475 Houston Road","5768137","F537","5475 Houston Road","Florence","Kentucky","41042","US","39.011852","-84.645053","+1 855-955-2534"
"ALDI 1300 US Hwy 127 Unit 107","5767484","F220","1300 US Hwy 127 Unit 107","Frankfort","Kentucky","40601","US","38.166697","-84.899693","+1 855-955-2534"
"ALDI 135 American Path","5768383","FE57","135 American Path","Georgetown","Kentucky","40324","US","38.183564","-84.561834","+1 855-955-2534"
"ALDI 190 Clinic Drive","6278420","FM84","190 Clinic Drive","Hopkinsville","Kentucky","42240","US","36.8283575","-87.47077999999999","+1 855-955-2534"
"ALDI 2554 Ft Campbell Blvd","5767392","L248","2554 Fort Campbell Boulevard","Hopkinsville","Kentucky","42240","US","36.84521489999999","-87.4840363","+1 855-955-2534"
"ALDI 2000 Harris Pike","5766338","F561","2000 Harris Pike","Independence","Kentucky","41051","US","38.92784","-84.541785","+1 855-955-2534"
"ALDI 126 Rojay Drive","5766917","F236","126 Rojay Drive","Lexington","Kentucky","40503","US","37.985051","-84.528529","+1 855-955-2534"
"ALDI 1509 Colesbury Circle","5766913","F235","1509 Colesbury Circle","Lexington","Kentucky","40511","US","38.073881","-84.483164","+1 855-955-2534"
"ALDI 10620 Westport Rd.","5766824","F218","10620 Westport Rd.","Louisville","Kentucky","40241","US","38.295575","-85.554095","+1 855-955-2534"
"ALDI 220 Juneau Drive","5767687","FG03","220 Juneau Drive","Louisville","Kentucky","40243","US","38.247023","-85.5251","+1 855-955-2534"
"ALDI 3442 Preston Highway","5766804","F215","3442 Preston Highway","Louisville","Kentucky","40213","US","38.195046","-85.730819","+1 855-955-2534"
"ALDI 4301 Bardstown Rd.","5766817","F216","4301 Bardstown Rd.","Louisville","Kentucky","40218","US","38.187721","-85.636701","+1 855-955-2534"
"ALDI 4901 Outer Loop Ste 128","5766985","F217","4901 Outer Loop Ste 128","Louisville","Kentucky","40219","US","38.140212","-85.665941","+1 855-955-2534"
"ALDI 5109 Dixie Hwy","5766790","F213","5109 Dixie Hwy","Louisville","Kentucky","40216","US","38.167385","-85.82818","+1 855-955-2534"
"ALDI 825 S. Hurstbourne Pkwy","5767251","F219","825 S. Hurstbourne Pkwy","Louisville","Kentucky","40222","US","38.235215","-85.575951","+1 855-955-2534"
"ALDI 535 Whittington Drive","5766222","FM82","535 Whittington Drive","Madisonville","Kentucky","42431","US","37.34892","-87.49082","+1 855-955-2534"
"ALDI 1301 Monmouth Street","5766337","F560","1301 Monmouth Street","Newport","Kentucky","41071","US","39.085713","-84.484918","+1 855-955-2534"
"ALDI 2945 Highway 54","5766594","F185","2945 Highway 54","Owensboro","Kentucky","42303","US","37.756402","-87.064908","+1 855-955-2534"
"ALDI 5156 Hinkleville Rd","5767726","L291","5156 Hinkleville Rd","Paducah","Kentucky","42001","US","37.074161","-88.691957","+1 855-955-2534"
"ALDI 601 North Dixie Blvd","5768345","F212","601 North Dixie Blvd","Radcliff","Kentucky","40160","US","37.846112","-85.944576","+1 855-955-2534"
"ALDI 798 Eastern Byp","5768360","F231","798 Eastern Byp","Richmond","Kentucky","40475","US","37.7305","-84.287444","+1 855-955-2534"
"ALDI 4105 Hwy 27 S","5767596","L272","4105 Hwy 27 S","Somerset","Kentucky","42501","US","37.036874","-84.627519","+1 855-955-2534"
"ALDI 1530 S.W. Arvonia","5766916","F305","1530 S Southwest Arvonia Place","Topeka","KS","66615","US","39.039181","-95.766474","+1 855-955-2534"
"ALDI 641 Keene Centre Drive","5873477","FG16","641 Keene Centre Drive","Nicholasville","KY","40356","US","37.89875943","-84.58431338","+1 855-955-2534"
"ALDI 804 W. Oak Street","5768004","FP01","804 W. Oak Street","Amite","Louisiana","70422","US","30.7278","-90.52065","+1 855-955-2534"
"ALDI 10201 N Reiger Rd","5768365","FE37","10201 N Reiger Rd","Baton Rouge","Louisiana","70809","US","30.384243","-91.066059","+1 855-955-2534"
"ALDI 14350 Grand Settlement Blvd","5768342","FE36","14350 Grand Settlement Blvd","Baton Rouge","Louisiana","70818","US","30.54112","-91.0317","+1 855-955-2534"
"ALDI 2385 ONeal Lane","5767561","FF81","2385 ONeal Lane","Baton Rouge","Louisiana","70816","US","30.434721","-91.007563","+1 855-955-2534"
"ALDI 9720 Cortana Pl","5767632","FK95","9720 Cortana Pl","Baton Rouge","Louisiana","70815","US","30.455226","-91.096595","+1 855-955-2534"
"ALDI 2900 Meadow Creek Dr.","5768056","FK28","2900 Meadow Creek Dr.","Bossier City","Louisiana","71111","US","32.56326","-93.710573","+1 855-955-2534"
"ALDI 3300 Paris Rd","5873443","FP28","3300 Paris Rd","Chalmette","Louisiana","70043","US","29.950027","-89.962365","+1 855-955-2534"
"ALDI 123 Holiday Blvd","5767341","FE21","123 Holiday Blvd","Covington","Louisiana","70433","US","30.43782","-90.08862","+1 855-955-2534"
"ALDI 2100 Collins Blvd. Suite 132","5757832","FP22","2100 Collins Blvd. Suite 132","Covington","Louisiana","70433","US","30.498444","-90.107748","+1 855-955-2534"
"ALDI 2356 S Range Ave","5873466","FP40","2356 S Range Ave","Denham Springs","Louisiana","70726","US","30.45852","-90.95502","+1 855-955-2534"
"ALDI 1313 N AIRLINE HWY STE C","5873434","FF87","1313 N AIRLINE HWY STE C","Gonzales","Louisiana","70737","US","30.244182","-90.920052","+1 855-955-2534"
"ALDI 2302 W. Thomas Street","5757800","FP25","2302 W. Thomas Street","Hammond","Louisiana","70401","US","30.5022","-90.4863","+1 855-955-2534"
"ALDI 1520 Martin Luther King Blv","5767589","FF85","1520 Martin Luther King Blv","Houma","Louisiana","70360","US","29.607356","-90.746391","+1 855-955-2534"
"ALDI 3210 Louisiana Ave","5768357","FB23","3210 Louisiana Ave","Lafayette","Louisiana","70501","US","30.26366","-91.99094","+1 855-955-2534"
"ALDI 4518 Ambassador Caffery Pkw","5767992","FB21","4518 Ambassador Caffery Pkw","Lafayette","Louisiana","70508","US","30.154","-92.04785","+1 855-955-2534"
"ALDI 1910 W Airline Hwy","5768432","FE18","1910 W Airline Hwy","LaPlace","Louisiana","70068","US","30.0742","-90.50502","+1 855-955-2534"
"ALDI 12125 Highway 90","5766208","FK97","12125 Highway 90","Luling","Louisiana","70070","US","29.9129","-90.3432","+1 855-955-2534"
"ALDI 4957 Promenade Blvd","5768362","FE17","4957 Promenade Blvd","Marrero","Louisiana","70072","US","29.878678","-90.09797","+1 855-955-2534"
"ALDI 5901 Airline Drive","5767701","FK96","5901 Airline Drive","Metairie","Louisiana","70003","US","29.978105","-90.19801","+1 855-955-2534"
"ALDI 8855 Veterans Memorial Blvd","5767359","FE20","8855 Veterans Memorial Blvd","Metairie","Louisiana","70003","US","30.00728","-90.22907","+1 855-955-2534"
"ALDI 1102 East Admiral Doyle Dr","5768256","FB22","1102 East Admiral Doyle Dr","New Iberia","Louisiana","70560","US","29.98329","-91.8199","+1 855-955-2534"
"ALDI 3008 Holiday Drive","5766211","FK85","3008 Holiday Drive","New Orleans","Louisiana","70131","US","29.92361","-90.01168","+1 855-955-2534"
"ALDI 17682 Airline Highway","5768192","FP03","17682 Airline Highway","Prairieville","Louisiana","70769","US","30.33434","-90.98333","+1 855-955-2534"
"ALDI 9503 Mansfield Rd","5767389","L877","9503 Mansfield Rd","Shreveport","Louisiana","71118","US","32.390065","-93.813805","+1 855-955-2534"
"ALDI 137 Northshore Blvd","5768373","FE16","137 Northshore Blvd","Slidell","Louisiana","70460","US","30.30494","-89.82726","+1 855-955-2534"
"ALDI 2985 Gause Blvd.","5757787","FP23","2985 Gause Blvd.","Slidell","Louisiana","70461","US","30.290076","-89.72029","+1 855-955-2534"
"ALDI 3030 Pontchartrain Dr","5768072","FP09","3030 Pontchartrain Dr","Slidell","Louisiana","70458","US","30.26184","-89.78384","+1 855-955-2534"
"ALDI 2112 Belle Chasse Highway","5766177","FP08","2112 Belle Chasse Highway","Terrytown","Louisiana","70056","US","29.88812","-90.032019","+1 855-955-2534"
"ALDI 32 Rienzi Dr","5768303","FF86","32 Rienzi Dr","Thibodaux","Louisiana","70301","US","29.804795","-90.817653","+1 855-955-2534"
"ALDI 5005 Church Street","5757954","FP14","5005 Church Street","Zachary","Louisiana","70791","US","30.650369","-91.150905","+1 855-955-2534"
"ALDI 100 Powdermill Road","6302392","FN77","100 Powder Mill Road","Acton","MA","01720","US","42.4420106","-71.4277649","+1 855-955-2534"
"ALDI 1100 Brighton Avenue","5981544","FN60","1100 Brighton Avenue","Portland","Maine","04102","US","43.674882","-70.324967","+1 855-955-2534"
"ALDI 746 South Philadelphia Blvd","5768209","L360","746 South Philadelphia Blvd","Aberdeen","Maryland","21001","US","39.496608","-76.178982","+1 855-955-2534"
"ALDI 3430 Emmorton Rd","5768429","L416","3430 Emmorton Rd","Abingdon","Maryland","21009","US","39.46749","-76.31103","+1 855-955-2534"
"ALDI 133 Holiday Court","5767161","FF13","133 Holiday Court","Annapolis","Maryland","21401","US","38.981668","-76.54634","+1 855-955-2534"
"ALDI 3140 Washington Blvd","5768064","L343","3140 Washington Blvd","Baltimore","Maryland","21230","US","39.25862","-76.66229","+1 855-955-2534"
"ALDI 3250 East Fayette Street","5768099","L347","3250 East Fayette Street","Baltimore","Maryland","21224","US","39.295101","-76.571605","+1 855-955-2534"
"ALDI 3601 West Cold Spring Lane","5768110","L348","3601 West Cold Spring Lane","Baltimore","Maryland","21215","US","39.33528","-76.675993","+1 855-955-2534"
"ALDI 4212 Frankford Avenue","5768008","L338","4212 Frankford Avenue","Baltimore","Maryland","21206","US","39.33748","-76.55061","+1 855-955-2534"
"ALDI 8670 Pulaski Highway","5767983","L335","8670 Pulaski Highway","Baltimore","Maryland","21237","US","39.33671","-76.48422","+1 855-955-2534"
"ALDI 599 Baltimore Pike","5766436","L391","599 Baltimore Pike","Bel Air","Maryland","21014","US","39.525902","-76.352157","+1 855-955-2534"
"ALDI 10912 Baltimore Ave","5768217","L361","10912 Baltimore Ave","Beltsville","Maryland","20705","US","39.03281","-76.91185","+1 855-955-2534"
"ALDI 11330 Samuel Bowen Blvd 600","5767712","L425","11330 Samuel Bowen Blvd 600","Berlin","Maryland","21811","US","38.34211","-75.16566","+1 855-955-2534"
"ALDI 6810 Racetrack Road","5768164","L354","6810 Racetrack Road","Bowie","Maryland","20715","US","38.98263","-76.73055","+1 855-955-2534"
"ALDI 7500 Albert Road","5768170","FE02","7500 Albert Road","Brandywine","Maryland","20613","US","38.67053","-76.877979","+1 855-955-2534"
"ALDI 44755 Oak Crest Road","5768238","FC83","44755 Oak Crest Road","California","Maryland","20619","US","38.308741","-76.529119","+1 855-955-2534"
"ALDI 628 Sunburst Hwy","5768370","L403","628 Sunburst Hwy","Cambridge","Maryland","21613","US","38.563409","-76.065253","+1 855-955-2534"
"ALDI 6400 Allentown Road","5768158","L353","6400 Allentown Road","Camp Springs","Maryland","20748","US","38.80076","-76.90829","+1 855-955-2534"
"ALDI 1741 Ritchie Station Ct","5767984","L370","1741 Ritchie Station Ct","Capitol Heights","Maryland","20743","US","38.86632","-76.85033","+1 855-955-2534"
"ALDI 6503A Baltimore National Pk","5768179","L355","6503A Baltimore National Pk","Catonsville","Maryland","21228","US","39.284673","-76.762872","+1 855-955-2534"
"ALDI 37548 Traveled Lane","5766238","FO60","37548 Traveled Lane","Charlotte Hall","Maryland","20622","US","38.490558","-76.774183","+1 855-955-2534"
"ALDI 6524 Landover Road","5768189","L357","6524 Landover Road","Cheverly","Maryland","20785","US","38.93219","-76.90017","+1 855-955-2534"
"ALDI 8827 Woodyard Road","5768253","L418","8827 Woodyard Road","Clinton","Maryland","20735","US","38.770926","-76.882241","+1 855-955-2534"
"ALDI 9978 York Rd","5768077","L430","9978 York Rd","Cockeysville","Maryland","21030","US","39.462768","-76.637752","+1 855-955-2534"
"ALDI 8904 62nd Avenue","5767049","FF07","8904 62nd Avenue","College Park","Maryland","20740","US","38.996924","-76.908034","+1 855-955-2534"
"ALDI 2109 Concord Blvd","5768393","L365","2109 Concord Blvd","Crofton","Maryland","21114","US","39.019463","-76.69739","+1 855-955-2534"
"ALDI 61 Denton Plz","5767305","L431","61 Denton Plz","Denton","Maryland","21629","US","38.87309693","-75.82456728","+1 855-955-2534"
"ALDI 6301 Marlboro Pike","5768057","L342","6301 Marlboro Pike","District Heights","Maryland","20747","US","38.85349","-76.89885","+1 855-955-2534"
"ALDI 1401-A1 Merritt Boulevard","5767994","L336","1401-A1 Merritt Boulevard","Dundalk","Maryland","21222","US","39.27848","-76.503298","+1 855-955-2534"
"ALDI 8147 Ocean Gateway","5766890","L381","8147 Ocean Gateway","Easton","Maryland","21601","US","38.772798","-76.059643","+1 855-955-2534"
"ALDI 1312 Business Center Way","5768081","L345","1312 Business Center Way","Edgewood","Maryland","21040","US","39.43487","-76.32694","+1 855-955-2534"
"ALDI 1320 Liberty Road, Ste B","5766682","L393","1320 Liberty Road, Ste B","Eldersburg","Maryland","21784","US","39.405423","-76.948337","+1 855-955-2534"
"ALDI 8231 Gateway Overlook Drive","5768262","L392","8231 Gateway Overlook Drive","Elkridge","Maryland","21075","US","39.185202","-76.794156","+1 855-955-2534"
"ALDI 98 Chesapeake Blvd","5767968","L334","98 Chesapeake Blvd","Elkton","Maryland","21921","US","39.60521","-75.78625","+1 855-955-2534"
"ALDI 1600 Old Eastern Avenue","5768029","L340","1600 Old Eastern Avenue","Essex","Maryland","21221","US","39.316577","-76.45042","+1 855-955-2534"
"ALDI 10719 Indian Head Hwy","5768002","L417","10719 Indian Head Hwy","Fort Washington","Maryland","20744","US","38.74366","-76.99329","+1 855-955-2534"
"ALDI 1080 West Patrick Street","5768183","L356","1080 West Patrick Street","Frederick","Maryland","21703","US","39.41471","-77.44449","+1 855-955-2534"
"ALDI 5600-B Urbana Pike","5766742","L366","5600-B Urbana Pike","Frederick","Maryland","21704","US","39.3861","-77.404555","+1 855-955-2534"
"ALDI 19150 Montgomery Village Av","5767714","L413","19150 Montgomery Village Av","Gaithersburg","Maryland","20886","US","39.1715338","-77.2053694","+1 855-955-2534"
"ALDI 608 Quince Orchard Road","5768226","L362","608 Quince Orchard Road","Gaithersburg","Maryland","20878","US","39.142023","-77.223589","+1 855-955-2534"
"ALDI 737 S Frederick Avenue","5768159","FJ11","737 S Frederick Avenue","Gaithersburg","Maryland","20877","US","39.126887","-77.183856","+1 855-955-2534"
"ALDI 20904 Frederick Road","5768196","L358","20904 Frederick Road","Germantown","Maryland","20876","US","39.1988","-77.2472","+1 855-955-2534"
"ALDI 6639 D Governor Ritchie Hwy","5768037","L341","6639 D Governor Ritchie Hwy","Glen Burnie","Maryland","21061","US","39.1942","-76.61174","+1 855-955-2534"
"ALDI 10447 Sharpsburg Pike","5767475","L385","10447 Sharpsburg Pike","Hagerstown","Maryland","21740","US","39.6011791","-77.7295419","+1 855-955-2534"
"ALDI 565 Dual Highway","5768118","L349","565 Dual Highway","Hagerstown","Maryland","21740","US","39.63577","-77.7099","+1 855-955-2534"
"ALDI 7667 Arundel Mills Blvd","5767599","L410","7667 Arundel Mills Blvd","Hanover","Maryland","21076","US","39.15169","-76.729794","+1 855-955-2534"
"ALDI 3025 Hamilton Street","5767833","L328","3025 Hamilton Street","Hyattsville","Maryland","20782","US","38.95575","-76.96393","+1 855-955-2534"
"ALDI 5110 Nicholson Ln","5767879","L429","5110 Nicholson Ln","Kensington","Maryland","20895","US","39.04457","-77.10491","+1 855-955-2534"
"ALDI 155 Rosewick Corner Pl","5767795","FE09","155 Rosewick Corner Pl","La Plata","Maryland","20646","US","38.555444","-76.98474","+1 855-955-2534"
"ALDI 9343 Annapolis Road","5767859","L330","9343 Annapolis Road","Lanham","Maryland","20706","US","38.96426","-76.84711","+1 855-955-2534"
"ALDI 14100 Baltimore Ave Ste 103","5766931","L367","14100 Baltimore Ave Ste 103","Laurel","Maryland","20707","US","39.083716","-76.865139","+1 855-955-2534"
"ALDI 3331 B Corridor Marketplace","5767286","L419","3331 B Corridor Marketplace","Laurel","Maryland","20724","US","39.095851","-76.807411","+1 855-955-2534"
"ALDI 12405 Winchester Road SW","5766474","L232","12405 Winchester Road SW","Lavale","Maryland","21502","US","39.62647","-78.840247","+1 855-955-2534"
"ALDI 21853 Three Notch Rd Unit 101","5873436","FK67","21853 Three Notch Rd Unit 101","Lexington Park","Maryland","20653","US","38.267055","-76.456313","+1 855-955-2534"
"ALDI 8808 Belair Road","5768242","L363","8808 Belair Road","Nottingham","Maryland","21236","US","39.394587","-76.485597","+1 855-955-2534"
"ALDI 9616 Reisterstown Rd, No.101","5768250","L364","9616 Reisterstown Rd, No.101","Owings Mills","Maryland","21117","US","39.404039","-76.761232","+1 855-955-2534"
"ALDI 6301 Livingston Road, Ste B","5767998","L337","6301 Livingston Road, Ste B","Oxon Hill","Maryland","20745","US","38.80259","-76.98955","+1 855-955-2534"
"ALDI 8124 Ritchie Highway","5768138","L351","8124 Ritchie Highway","Pasadena","Maryland","21122","US","39.12401","-76.58877","+1 855-955-2534"
"ALDI 429 Solomons Island Rd N","5766219","FF73","429 Solomons Island Rd N","Prince Frederick","Maryland","20678","US","38.547539","-76.589551","+1 855-955-2534"
"ALDI 8608-A Liberty Road","5768017","L339","8608-A Liberty Road","Randallstown","Maryland","21133","US","39.36323","-76.77821","+1 855-955-2534"
"ALDI 11716 B Reisterstown Road","5768131","L350","11716 B Reisterstown Road","Reisterstown","Maryland","21136","US","39.44359","-76.81127","+1 855-955-2534"
"ALDI 1501 Rockville Pike","5767505","L411","1501 Rockville Pike","Rockville","Maryland","20852","US","39.065105","-77.128252","+1 855-955-2534"
"ALDI 30248 Dagsboro Road","5767558","L383","30248 Dagsboro Road","Salisbury","Maryland","21804","US","38.421047","-75.564184","+1 855-955-2534"
"ALDI 7858 Quarterfield Rd,Unit B","5767230","L424","7858 Quarterfield Rd,Unit B","Severn","Maryland","21144","US","39.1428426","-76.6505665","+1 855-955-2534"
"ALDI 464 Ritchie Hwy","5767852","L371","464 Ritchie Hwy","Severna Park","Maryland","21146","US","39.0827","-76.55077","+1 855-955-2534"
"ALDI 12012 Cherry Hill Road","5767786","L422","12012 Cherry Hill Road","Silver Spring","Maryland","20904","US","39.0530503","-76.9572847","+1 855-955-2534"
"ALDI 2223 Bel Pre Road","5766417","L380","2223 Bel Pre Road","Silver Spring","Maryland","20906","US","39.090508","-77.046866","+1 855-955-2534"
"ALDI 9440 Georgia Avenue","5768100","L382","9440 Georgia Avenue","Silver Spring","Maryland","20910","US","39.009846","-77.041812","+1 855-955-2534"
"ALDI 7609 New Hampshire Avenue","5768092","L346","7609 New Hampshire Avenue","Takoma Park","Maryland","20912","US","38.98636","-76.98674","+1 855-955-2534"
"ALDI 1811 York Road","5767001","L409","1811 York Road","Timonium","Maryland","21093","US","39.432071","-76.620633","+1 855-955-2534"
"ALDI 903 Taylor Avenue","5768149","L352","903 Taylor Avenue","Towson","Maryland","21286","US","39.385313","-76.579395","+1 855-955-2534"
"ALDI 3286 Crain Highway","5768051","FE06","3286 Crain Highway","Waldorf","Maryland","20603","US","38.621007","-76.913808","+1 855-955-2534"
"ALDI 400 Englar Road, Suite B","5768202","L359","400 Englar Road, Suite B","Westminster","Maryland","21157","US","39.585318","-76.989943","+1 855-955-2534"
"ALDI 544 Westgate Drive","5757933","L622","544 Westgate Drive","Brockton","Massachusetts","02301","US","42.0924","-71.051169","+1 855-955-2534"
"ALDI 505 Memorial Drive","5757850","L566","505 Memorial Drive","Chicopee","Massachusetts","01020","US","42.17167","-72.57658","+1 855-955-2534"
"ALDI 100 Independence Way","5757923","L625","100 Independence Way","Danvers","Massachusetts","01923","US","42.552845","-70.939445","+1 855-955-2534"
"ALDI 200 N Dartmouth Mall","5757947","L650","200 N Dartmouth Mall","Dartmouth","Massachusetts","02747","US","41.641265","-70.989382","+1 855-955-2534"
"ALDI 70 Boston Providence Tpke","5757912","L648","70 Boston Providence Tpke","East Walpole","Massachusetts","02032","US","42.155506","-71.201674","+1 855-955-2534"
"ALDI 485 William S Canning Blvd","5757929","L627","485 William S Canning Blvd","Fall River","Massachusetts","02721","US","41.671675","-71.161826","+1 855-955-2534"
"ALDI 39 Davis Straits","5757917","FF25","39 Davis Straits","Falmouth","Massachusetts","02540","US","41.557204","-70.598454","+1 855-955-2534"
"ALDI 360 Timpany Boulevard","5757940","FF26","360 Timpany Boulevard","Gardner","Massachusetts","01440","US","42.558054","-71.989849","+1 855-955-2534"
"ALDI 220 Mohawk Trail","5757779","FF18","220 Mohawk Trail","Greenfield","Massachusetts","01301","US","42.58546","-72.62477","+1 855-955-2534"
"ALDI 354 Russell Street","5757851","L567","354 Russell Street","Hadley","Massachusetts","01035","US","42.35748","-72.55157","+1 855-955-2534"
"ALDI 241 New Lancaster Road","5757892","L618","241 New Lancaster Road","Leominster","Massachusetts","01453","US","42.49801","-71.73102","+1 855-955-2534"
"ALDI 126 Boston St","6340824","FT31","126 Boston Street","Lynn","Massachusetts","01904","US","42.4739228","-70.9566304","+1 855-955-2534"
"ALDI 630 Fellsway","5757895","L621","630 Fellsway","Medford","Massachusetts","02155","US","42.40709","-71.0836","+1 855-955-2534"
"ALDI 225 East Main Street","5757893","L620","225 East Main Street","Milford","Massachusetts","01757","US","42.1508","-71.49851","+1 855-955-2534"
"ALDI 321 Speen Street","5757911","L646","321 Speen Street","Natick","Massachusetts","01760","US","42.304061","-71.379622","+1 855-955-2534"
"ALDI 303 King Street","5757941","FE38","303 King Street","Northampton","Massachusetts","01060","US","42.33391","-72.635272","+1 855-955-2534"
"ALDI 898 Crane Avenue","5757853","L568","898 Crane Avenue","Pittsfield","Massachusetts","01201","US","42.46767","-73.206608","+1 855-955-2534"
"ALDI 246 Colony Place","5757897","L629","246 Colony Place","Plymouth","Massachusetts","02360","US","41.95021","-70.716","+1 855-955-2534"
"ALDI 600 South Street West","5757852","L570","600 South Street West","Raynham","Massachusetts","02767","US","41.90533","-71.04498","+1 855-955-2534"
"ALDI 1284 Boston Road","5757848","L564","1284 Boston Road","Springfield","Massachusetts","01119","US","42.14049","-72.50099","+1 855-955-2534"
"ALDI 2419 Cranberry Hwy PMB E","5757930","L628","2419 Cranberry Hwy PMB E","Wareham","Massachusetts","02571","US","41.7814","-70.7443","+1 855-955-2534"
"ALDI 903 Riverdale Street","5757849","L565","903 Riverdale Street","West Springfield","Massachusetts","01089","US","42.1284","-72.62574","+1 855-955-2534"
"ALDI 235 E Main St","5757920","L626","235 E Main St","Westfield","Massachusetts","01085","US","42.114227","-72.730833","+1 855-955-2534"
"ALDI 500 Lincoln Street","5757891","L616","500 Lincoln Street","Worcester","Massachusetts","01605","US","42.29489","-71.77442","+1 855-955-2534"
"ALDI 1967 S.Telegraph Rd","5766707","F984","1967 South Telegraph Road","Bloomfield Hills","MI","48302","US","42.61128001","-83.3017339","+1 855-955-2534"
"ALDI 1427 E. U.S. 223","5766693","L049","1427 E. U.S. 223","Adrian","Michigan","49221","US","41.874039","-84.035316","+1 855-955-2534"
"ALDI 23035 West Outer Drive","5768133","L075","23035 West Outer Drive","Allen Park","Michigan","48101","US","42.27916","-83.21504","+1 855-955-2534"
"ALDI 11162 Farmway Drive","5767403","FE88","11162 Farmway Drive","Allendale","Michigan","49401","US","42.972054","-85.917403","+1 855-955-2534"
"ALDI 1051 Crittenden Court","5768035","FE95","1051 Crittenden Court","Alpena","Michigan","49707","US","45.061858","-83.487088","+1 855-955-2534"
"ALDI 2340 Dexter Ave.","5766597","L029","2340 Dexter Ave.","Ann Arbor","Michigan","48103","US","42.285223","-83.779134","+1 855-955-2534"
"ALDI 12765 Harper Village Dr.","5768163","L024","12765 Harper Village Dr.","Battle Creek","Michigan","49014","US","42.262346","-85.178613","+1 855-955-2534"
"ALDI 870 West Columbia","5768444","L005","870 West Columbia","Battle Creek","Michigan","49015","US","42.298711","-85.215443","+1 855-955-2534"
"ALDI 4101 North Euclid Avenue","5766626","L035","4101 North Euclid Avenue","Bay City","Michigan","48706","US","43.620669","-83.913356","+1 855-955-2534"
"ALDI 1700 Pipestone Road","5768421","F987","1700 Pipestone Road","Benton Harbor","Michigan","49022","US","42.087208","-86.420814","+1 855-955-2534"
"ALDI 21481 Perry","5768427","F993","21481 Perry","Big Rapids","Michigan","49307","US","43.6874479","-85.513218","+1 855-955-2534"
"ALDI 8385 W. Grand River","5766582","L026","8385 W. Grand River","Brighton","Michigan","48116","US","42.545276","-83.788049","+1 855-955-2534"
"ALDI 1054 Center Road","5766613","L032","1054 Center Road","Burton","Michigan","48509","US","43.020552","-83.634177","+1 855-955-2534"
"ALDI 9051 E. 34 Rd","5768433","F994","9051 E. 34 Rd","Cadillac","Michigan","49601","US","44.282089","-85.396153","+1 855-955-2534"
"ALDI 1849 Marketplace Dr. SE","5768060","L018","1849 Marketplace Dr. SE","Caledonia","Michigan","49316","US","42.84598","-85.61703","+1 855-955-2534"
"ALDI 42053 Ford Rd","5766656","L042","42053 Ford Rd","Canton","Michigan","48187","US","42.321504","-83.456377","+1 855-955-2534"
"ALDI 1181 E. Caro Rd","5767147","L080","1181 E. Caro Rd","Caro","Michigan","48723","US","43.501222","-83.3808379","+1 855-955-2534"
"ALDI 14050 Edgerton Ave","5767874","FE93","14050 Edgerton Ave","Cedar Springs","Michigan","49319","US","43.220342","-85.578954","+1 855-955-2534"
"ALDI 50700 Waterside Drive","5767257","L016","50700 Waterside Drive","Chesterfield","Michigan","48051","US","42.67149","-82.82703","+1 855-955-2534"
"ALDI 10451 S Clare Ave","5767321","FE90","10451 S Clare Ave","Clare","Michigan","48617","US","43.837127","-84.767901","+1 855-955-2534"
"ALDI 1035 W. 14 Mile Rd","5766792","L070","1035 W. 14 Mile Rd","Clawson","Michigan","48017","US","42.532193","-83.161423","+1 855-955-2534"
"ALDI 33650 Gratiot Avenue","5766720","L054","33650 Gratiot Avenue","Clinton Township","Michigan","48035","US","42.543749","-82.904925","+1 855-955-2534"
"ALDI 39827 S Groesbeck Hwy","5766738","L059","39827 S Groesbeck Hwy","Clinton Township","Michigan","48036","US","42.592074","-82.901107","+1 855-955-2534"
"ALDI 41500 Hayes Rd","5766629","L036","41500 Hayes Rd","Clinton Township","Michigan","48038","US","42.600958","-82.971539","+1 855-955-2534"
"ALDI 4460 W Vienna Rd","5767844","FE39","4460 W Vienna Rd","Clio","Michigan","48420","US","43.178429","-83.771803","+1 855-955-2534"
"ALDI 811 E. Chicago Street","5766751","L061","811 E. Chicago Street","Coldwater","Michigan","49036","US","41.935723","-84.966439","+1 855-955-2534"
"ALDI 2155 Haggerty Rd","5766783","L068","2155 Haggerty Rd","Commerce Township","Michigan","48390","US","42.555941","-83.439536","+1 855-955-2534"
"ALDI 4101 Alpine Avenue NW","5768445","L006","4101 Alpine Avenue NW","Comstock Park","Michigan","49321","US","43.038464","-85.690621","+1 855-955-2534"
"ALDI 7480 E Court Street","5768275","FJ36","7480 E Court Street","Davison","Michigan","48423","US","43.01837","-83.556974","+1 855-955-2534"
"ALDI 24130 Van Born Road","5766702","FJ42","24130 Van Born Road","Dearborn Heights","Michigan","48125","US","42.269593","-83.27216","+1 855-955-2534"
"ALDI 14708 Mack Ave.","5766687","L048","14708 Mack Ave.","Detroit","Michigan","48215","US","42.386255","-82.948972","+1 855-955-2534"
"ALDI 15415 Gratiot Avenue","5766676","L046","15415 Gratiot Avenue","Detroit","Michigan","48205","US","42.448964","-82.970171","+1 855-955-2534"
"ALDI 18867 E. 9 Mile Rd","5766668","L045","18867 E. 9 Mile Rd","Eastpointe","Michigan","48021","US","42.466055","-82.923917","+1 855-955-2534"
"ALDI 2520 3rd Avenue North","5767826","F750","2520 3rd Avenue North","Escanaba","Michigan","49829","US","45.749648","-87.083967","+1 855-955-2534"
"ALDI 30790 Orchard Lake Rd","5767582","L067","30790 Orchard Lake Rd","Farmington Hills","Michigan","48334","US","42.5243","-83.358793","+1 855-955-2534"
"ALDI 3235 Owen Rd","5767889","FE89","3235 Owen Rd","Fenton","Michigan","48430","US","42.789779","-83.735987","+1 855-955-2534"
"ALDI 8228 W. Eight Mile Rd","5766701","L050","8228 W. Eight Mile Rd","Ferndale","Michigan","48220","US","42.446486","-83.154114","+1 855-955-2534"
"ALDI 27319 Telegraph Rd","5766263","FJ40","27319 Telegraph Rd","Flat Rock","Michigan","48134","US","42.105956","-83.28521","+1 855-955-2534"
"ALDI 4270 Corunna Road","5766730","L056","4270 Corunna Road","Flint","Michigan","48532","US","43.002879","-83.763578","+1 855-955-2534"
"ALDI 5340 W Pierson Rd","5766734","L057","5340 W Pierson Rd","Flushing","Michigan","48433","US","43.0610882","-83.7880682","+1 855-955-2534"
"ALDI 4189 24th Avenue","5766587","L027","4189 24th Avenue","Fort Gratiot","Michigan","48059","US","43.030316","-82.45892","+1 855-955-2534"
"ALDI 7215 W. 48th St.","5767829","FE32","7215 W. 48th St.","Fremont","Michigan","49412","US","43.4678068","-85.9802176","+1 855-955-2534"
"ALDI 30005 Ford Road","5766708","L052","30005 Ford Road","Garden City","Michigan","48135","US","42.324958","-83.336975","+1 855-955-2534"
"ALDI 1366 W. Main Street","5766557","L015","1366 W. Main Street","Gaylord","Michigan","49735","US","45.027903","-84.698877","+1 855-955-2534"
"ALDI 6248 S Saginaw Rd.","5767074","L014","6248 S Saginaw Rd.","Grand Blanc","Michigan","48439","US","42.937617","-83.645219","+1 855-955-2534"
"ALDI 17233 Hayes St","5757829","FM41","17233 Hayes St","Grand Haven","Michigan","49417","US","43.03037","-86.216041","+1 855-955-2534"
"ALDI 2120 28th Street S.E.","5768435","F997","2120 28th Street S.E.","Grand Rapids","Michigan","49508","US","42.912181","-85.614553","+1 855-955-2534"
"ALDI 3101 Knapp St. NE","5768456","L011","3101 Knapp St. NE","Grand Rapids","Michigan","49525","US","42.999602","-85.593051","+1 855-955-2534"
"ALDI 5114 28th St SE STE B","5768455","L010","5114 28th St SE STE B","Grand Rapids","Michigan","49512","US","42.911144","-85.540097","+1 855-955-2534"
"ALDI 3269 Century Center St SW","5768213","L003","3269 Century Center St SW","Grandville","Michigan","49418","US","42.882492","-85.744847","+1 855-955-2534"
"ALDI 2009 W Washington St","5767128","L076","2009 W Washington St","Greenville","Michigan","48838","US","43.1766173","-85.2865457","+1 855-955-2534"
"ALDI 1455 W. State St.","5766560","L017","1455 W. State St.","Hastings","Michigan","49058","US","42.648954","-85.307029","+1 855-955-2534"
"ALDI 15111 Woodward Ave","5766663","L044","15111 Woodward Ave","Highland Park","Michigan","48203","US","42.409887","-83.101229","+1 855-955-2534"
"ALDI 3751 W Carleton Rd","5768085","FJ37","3751 W Carleton Rd","Hillsdale","Michigan","49242","US","41.954049","-84.661396","+1 855-955-2534"
"ALDI 12511 Felch St","5766550","L013","12511 Felch St","Holland","Michigan","49424","US","42.819824","-86.090897","+1 855-955-2534"
"ALDI 571 E 24th Street","5768447","L007","571 E 24th Street","Holland","Michigan","49423","US","42.776433","-86.081633","+1 855-955-2534"
"ALDI 2260 E. Grand River Ave","5766592","L028","2260 E. Grand River Ave","Howell","Michigan","48843","US","42.599048","-83.908907","+1 855-955-2534"
"ALDI 4010 32nd Avenue","5767184","L077","4010 32nd Avenue","Hudsonville","Michigan","49426","US","42.8417561","-85.8610083","+1 855-955-2534"
"ALDI 3065 S State Rd","5768452","L009","3065 S State Rd","Ionia","Michigan","48846","US","42.942298","-85.074103","+1 855-955-2534"
"ALDI 2025 S Stephenson Ave","5767452","FE80","2025 S Stephenson Ave","Iron Mountain","Michigan","49801","US","45.809986","-88.034309","+1 855-955-2534"
"ALDI 1100 W. North Street","5766544","L012","1100 W. North Street","Jackson","Michigan","49202","US","42.259463","-84.426939","+1 855-955-2534"
"ALDI 3021 East Michigan Ave.","5768341","L079","3021 East Michigan Ave.","Jackson","Michigan","49202","US","42.25405","-84.36623","+1 855-955-2534"
"ALDI 302 Chicago Drive","5768450","L008","302 Chicago Drive","Jenison","Michigan","49428","US","42.90314","-85.789887","+1 855-955-2534"
"ALDI 3720 Gull Road","5766572","L021","3720 Gull Road","Kalamazoo","Michigan","49048","US","42.316874","-85.534348","+1 855-955-2534"
"ALDI 5317 W. Main St.","5766571","L020","5317 W. Main St.","Kalamazoo","Michigan","49009","US","42.295591","-85.654036","+1 855-955-2534"
"ALDI 4584 Gratiot Rd","5768386","FE91","4584 Gratiot Rd","Kimball","Michigan","48074","US","42.909631","-82.501376","+1 855-955-2534"
"ALDI 475 Brown Ave","5768404","L004","475 Brown Ave","Lake Orion","Michigan","48359","US","42.707481","-83.296127","+1 855-955-2534"
"ALDI 5625 W Saginaw Hwy","5768436","F999","5625 W Saginaw Hwy","Lansing","Michigan","48917","US","42.739113","-84.630075","+1 855-955-2534"
"ALDI 6555 Pennsylvania Ave","5768443","L002","6555 Pennsylvania Ave","Lansing","Michigan","48911","US","42.662139","-84.537793","+1 855-955-2534"
"ALDI 815 East St","5767203","L023","815 East St","Lapeer","Michigan","48446","US","43.040164","-83.319098","+1 855-955-2534"
"ALDI 1200 Southfield Road","5766779","L066","1200 Southfield Road","Lincoln Park","Michigan","48146","US","42.250214","-83.175082","+1 855-955-2534"
"ALDI 29330 Schoolcraft Rd","5766848","F986","29330 Schoolcraft Rd","Livonia","Michigan","48150","US","42.384636","-83.332183","+1 855-955-2534"
"ALDI 11755 Fulton Street","6162455","FM43","11755 Fulton Street East","Lowell","Michigan","49331","US","42.93109","-85.3771919","+1 855-955-2534"
"ALDI 4833 W. US-10","5768426","F992","4833 W. US-10","Ludington","Michigan","49431","US","43.955007","-86.399335","+1 855-955-2534"
"ALDI 1200 Joe Mann Blvd.","5766621","L034","1200 Joe Mann Blvd.","Midland","Michigan","48642","US","43.661766","-84.241409","+1 855-955-2534"
"ALDI 4801 Bay City Rd","5767437","FJ34","4801 Bay City Rd","Midland","Michigan","48642","US","43.605439","-84.169361","+1 855-955-2534"
"ALDI 1270 N Telegraph Rd","5768174","FJ41","1270 N Telegraph Rd","Monroe","Michigan","48162","US","41.938685","-83.406071","+1 855-955-2534"
"ALDI 4512 E Blue Grass Rd","5766599","L030","4512 E Blue Grass Rd","Mount Pleasant","Michigan","48858","US","43.574863","-84.757145","+1 855-955-2534"
"ALDI 1680 East Apple Ave","5767958","FE94","1680 East Apple Ave","Muskegon","Michigan","49442","US","43.235764","-86.202024","+1 855-955-2534"
"ALDI 1760 E Sternberg Rd","5766809","F991","1760 E Sternberg Rd","Muskegon","Michigan","49444","US","43.155062","-86.201272","+1 855-955-2534"
"ALDI 2715 Henry Street","5768422","F990","2715 Henry Street","Muskegon","Michigan","49441","US","43.202844","-86.264836","+1 855-955-2534"
"ALDI 1832 S 11th St","5757825","FM42","1832 S 11th St","Niles","Michigan","49120","US","41.798254","-86.248776","+1 855-955-2534"
"ALDI 26300 Greenfield Road","5766762","L063","26300 Greenfield Road","Oak Park","Michigan","48237","US","42.485461","-83.200918","+1 855-955-2534"
"ALDI 5165 Marsh Rd","5768439","L001","5165 Marsh Rd","Okemos","Michigan","48864","US","42.730548","-84.412781","+1 855-955-2534"
"ALDI 1630 E. Main Street","5766646","L040","1630 E. Main Street","Owosso","Michigan","48867","US","42.997329","-84.138217","+1 855-955-2534"
"ALDI 2130 Anderson Rd","5768430","F996","2130 Anderson Rd","Petoskey","Michigan","49770","US","45.347355","-84.97147","+1 855-955-2534"
"ALDI 1323 W. M-89 Hwy","5766581","L022","1323 W. M-89 Hwy","Plainwell","Michigan","49080","US","42.450392","-85.67302","+1 855-955-2534"
"ALDI 5070 S Westnedge Ave","5768299","FJ35","5070 S Westnedge Ave","Portage","Michigan","49002","US","42.244092","-85.591688","+1 855-955-2534"
"ALDI 6291 S Westnedge","5766565","L019","6291 S Westnedge","Portage","Michigan","49002","US","42.226204","-85.587119","+1 855-955-2534"
"ALDI 25851 Grand River Avenue","5766714","L053","25851 Grand River Avenue","Redford","Michigan","48240","US","42.432364","-83.298855","+1 855-955-2534"
"ALDI 9009 Telegraph Rd","5766797","L072","9009 Telegraph Rd","Redford","Michigan","48239","US","42.359299","-83.276282","+1 855-955-2534"
"ALDI 1106 S. Rochester Rd.","5767086","L071","1106 S. Rochester Rd.","Rochester Hills","Michigan","48307","US","42.664296","-83.133971","+1 855-955-2534"
"ALDI 2636 South Adams Rd","5757820","FM40","2636 South Adams Rd","Rochester Hills","Michigan","48309","US","42.641141","-83.202428","+1 855-955-2534"
"ALDI 25671 Gratiot Avenue","5768259","L074","25671 Gratiot Avenue","Roseville","Michigan","48066","US","42.48548","-82.94531","+1 855-955-2534"
"ALDI 5275 Bay Road","5766615","L033","5275 Bay Road","Saginaw","Michigan","48604","US","43.484087","-83.975278","+1 855-955-2534"
"ALDI 6015 State Street","5766605","L031","6015 State Street","Saginaw","Michigan","48603","US","43.436384","-84.035344","+1 855-955-2534"
"ALDI 14257 Hall Road","5767775","L082","14257 Hall Road","Shelby Township","Michigan","48315","US","42.6298925","-82.9843436","+1 855-955-2534"
"ALDI 47342 Van Dyke Ave","5766745","L060","47342 Van Dyke Ave","Shelby Township","Michigan","48317","US","42.642931","-83.031705","+1 855-955-2534"
"ALDI 04353 73rd Street","5768423","F988","04353 73rd Street","South Haven","Michigan","49090","US","42.401895","-86.249777","+1 855-955-2534"
"ALDI 29712 Southfield Rd","5920133","FM49","29712 Southfield Road","Southfield","Michigan","48076","US","42.5083644","-83.2192707","+1 855-955-2534"
"ALDI 17379 Eureka Road","5766679","L047","17379 Eureka Road","Southgate","Michigan","48195","US","42.198048","-83.221116","+1 855-955-2534"
"ALDI 34030 Van Dyke Avenue","5766767","L064","34030 Van Dyke Avenue","Sterling Heights","Michigan","48312","US","42.544392","-83.028077","+1 855-955-2534"
"ALDI 5110 Red Arrow Hwy","5767895","L081","5110 Red Arrow Hwy","Stevensville","Michigan","49127","US","42.02496","-86.52104","+1 855-955-2534"
"ALDI 811 S. Centerville Rd","5767973","FE34","811 S. Centerville Rd","Sturgis","Michigan","49091","US","41.79005","-85.43079","+1 855-955-2534"
"ALDI 23351 Eureka Rd","5873426","FM48","23351 Eureka Rd","Taylor","Michigan","48180","US","42.19535","-83.26021","+1 855-955-2534"
"ALDI 1220 W. Broadway St.","5768418","F985","1220 W. Broadway St.","Three Rivers","Michigan","49093","US","41.932046","-85.649721","+1 855-955-2534"
"ALDI 3123 W. South Airport","5768431","F995","3123 W. South Airport","Traverse City","Michigan","49684","US","44.722782","-85.635567","+1 855-955-2534"
"ALDI 2967 E. Big Beaver","5766778","L065","2967 E. Big Beaver","Troy","Michigan","48083","US","42.565424","-83.089934","+1 855-955-2534"
"ALDI 10017 Belleville Rd","5767250","L039","10017 Belleville Rd","Van Buren Township","Michigan","48111","US","42.229614","-83.4845075","+1 855-955-2534"
"ALDI 146 Wilson Ave W","5767843","F998","146 Wilson Ave W","Walker","Michigan","49534","US","42.967501","-85.775609","+1 855-955-2534"
"ALDI 29475 Mound Rd.","5768063","L073","29475 Mound Rd.","Warren","Michigan","48092","US","42.508427","-83.048703","+1 855-955-2534"
"ALDI 5038 Highland Rd","5766654","L041","5038 Highland Rd","Waterford","Michigan","48327","US","42.661247","-83.387551","+1 855-955-2534"
"ALDI 2883 Cook Rd.","5767666","F989","2883 Cook Rd.","West Branch","Michigan","48661","US","44.253281","-84.22476","+1 855-955-2534"
"ALDI 707 S. Wayne Rd","5766661","L043","707 S. Wayne Rd","Westland","Michigan","48186","US","42.304771","-83.38766","+1 855-955-2534"
"ALDI 9054 Highland Road","5768269","L078","9054 Highland Road","White Lake","Michigan","48386","US","42.658693","-83.465015","+1 855-955-2534"
"ALDI 3255 Colby Rd Ste B","5757816","FJ43","3255 Colby Rd Ste B","Whitehall","Michigan","49461","US","43.407393","-86.321959","+1 855-955-2534"
"ALDI 28971 S Wixom Rd","5767262","L069","28971 S Wixom Rd","Wixom","Michigan","48393","US","42.503385","-83.537061","+1 855-955-2534"
"ALDI 20076 West Rd","5766637","L037","20076 West Rd","Woodhaven","Michigan","48183","US","42.141506","-83.22778","+1 855-955-2534"
"ALDI 2931 Fort St.","5766642","L038","2931 Fort St.","Wyandotte","Michigan","48192","US","42.202999","-83.17979","+1 855-955-2534"
"ALDI 2840 Clyde Park Ave. SW","5766726","L055","2840 Clyde Park Ave. SW","Wyoming","Michigan","49509","US","42.912513","-85.684871","+1 855-955-2534"
"ALDI 289 54th Street SW","5766759","L062","289 54th Street SW","Wyoming","Michigan","49548","US","42.866304","-85.671046","+1 855-955-2534"
"ALDI 1420 S Huron St","5767545","FE92","1420 S Huron St","Ypsilanti","Michigan","48197","US","42.22035","-83.618839","+1 855-955-2534"
"ALDI 3299 Carpenter Rd.","5767132","L025","3299 Carpenter Rd.","Ypsilanti","Michigan","48197","US","42.242033","-83.679901","+1 855-955-2534"
"ALDI 1406 Blake Avenue","5757821","FO83","1406 Blake Avenue","Albert Lea","Minnesota","56007","US","43.660694","-93.327693","+1 855-955-2534"
"ALDI 600 50th Avenue West","5767278","L480","600 50th Avenue West","Alexandria","Minnesota","56308","US","45.84502","-95.385512","+1 855-955-2534"
"ALDI 7589 153rd Street W.","5767179","L471","7589 153rd Street W.","Apple Valley","Minnesota","55124","US","44.728551","-93.219959","+1 855-955-2534"
"ALDI 1700 17th Street NW","5767537","L504","1700 17th Street NW","Austin","Minnesota","55912","US","43.682152","-92.996492","+1 855-955-2534"
"ALDI 14620 Dellwood Drive","5766387","L439","14620 Dellwood Drive","Baxter","Minnesota","56425","US","46.362769","-94.243303","+1 855-955-2534"
"ALDI 1313 Paul Bunyan Dr. NW","5767772","L540","1313 Paul Bunyan Dr. NW","Bemidji","Minnesota","56601","US","47.493527","-94.898441","+1 855-955-2534"
"ALDI 12913 Central Avenue NE","5767515","L501","12913 Central Avenue NE","Blaine","Minnesota","55434","US","45.20579","-93.233","+1 855-955-2534"
"ALDI 7600 Brooklyn Boulevard","5767352","L486","7600 Brooklyn Boulevard","Brooklyn Park","Minnesota","55443","US","45.09288","-93.3531","+1 855-955-2534"
"ALDI 1294 County Road 42 W.","5766864","L472","1294 County Road 42 W.","Burnsville","Minnesota","55337","US","44.747911","-93.295702","+1 855-955-2534"
"ALDI 160 Balsam Street. N.","5766400","L449","160 Balsam Street. N.","Cambridge","Minnesota","55008","US","45.573864","-93.198086","+1 855-955-2534"
"ALDI 11620 Theatre Drive","5767435","L492","11620 Theatre Drive","Champlin","Minnesota","55316","US","45.164995","-93.392537","+1 855-955-2534"
"ALDI 551 West 78th Street","5768407","L438","551 West 78th Street","Chanhassen","Minnesota","55317","US","44.86128","-93.535096","+1 855-955-2534"
"ALDI 1110 Hazeltine Boulevard","5767362","L459","1110 Hazeltine Boulevard","Chaska","Minnesota","55318","US","44.834279","-93.601316","+1 855-955-2534"
"ALDI 131 Big Lake Road","5767199","L526","131 Big Lake Road","Cloquet","Minnesota","55720","US","46.713294","-92.464719","+1 855-955-2534"
"ALDI 5025 Central Avenue","5766383","L436","5025 Central Avenue","Columbia Heights","Minnesota","55421","US","45.05979","-93.24636","+1 855-955-2534"
"ALDI 3410 Northdale Boulevard","5767654","L513","3410 Northdale Boulevard","Coon Rapids","Minnesota","55448","US","45.20595","-93.35285","+1 855-955-2534"
"ALDI 8800 Springbrook Drive North West","5767500","L500","8800 Springbrook Drive Northwest","Coon Rapids","Minnesota","55433","US","45.130702","-93.271746","+1 855-955-2534"
"ALDI 9010 Jamaica Avenue South","5766395","L446","9010 Jamaica Avenue South","Cottage Grove","Minnesota","55016","US","44.818731","-92.932154","+1 855-955-2534"
"ALDI 5620 West Broadway","5767622","L510","5620 West Broadway","Crystal","Minnesota","55428","US","45.055405","-93.364996","+1 855-955-2534"
"ALDI 1305 Highway 10 West","5767784","L539","1305 Highway 10 West","Detroit Lakes","Minnesota","56501","US","46.82643","-95.86885","+1 855-955-2534"
"ALDI 833 34th Street N.","5767861","L434","833 34th Street N.","Dilworth","Minnesota","56529","US","46.884775","-96.724619","+1 855-955-2534"
"ALDI 1724 Mall Drive","5767812","L524","1724 Mall Drive","Duluth","Minnesota","55811","US","46.805838","-92.166204","+1 855-955-2534"
"ALDI 611 Stafford Road North","5767751","L514","611 Stafford Road North","Dundas","Minnesota","55019","US","44.430084","-93.19216","+1 855-955-2534"
"ALDI 1550 Quarry Road","5766892","L469","1550 Quarry Road","Eagan","Minnesota","55121","US","44.833996","-93.175173","+1 855-955-2534"
"ALDI 8595 Columbine Road","5766388","L441","8595 Columbine Road","Eden Prairie","Minnesota","55344","US","44.848323","-93.43949","+1 855-955-2534"
"ALDI 19620 Holt Street","5767713","L519","19620 Holt Street","Elk River","Minnesota","55330","US","45.32689","-93.56341","+1 855-955-2534"
"ALDI 300 Park Avenue","5767670","L515","300 Park Avenue","Faribault","Minnesota","55021","US","44.293645","-93.293803","+1 855-955-2534"
"ALDI 1802 West Lincoln Avenue","5767297","L481","1802 West Lincoln Avenue","Fergus Falls","Minnesota","56537","US","46.286712","-96.104438","+1 855-955-2534"
"ALDI 289 12th Street SW","5766390","L444","289 12th Street SW","Forest Lake","Minnesota","55025","US","45.27623","-92.99726","+1 855-955-2534"
"ALDI 85 SE 13th Street","5767754","L523","85 SE 13th Street","Grand Rapids","Minnesota","55744","US","47.217881","-93.527257","+1 855-955-2534"
"ALDI 12060 Highway 169 W","5873457","FO80","12060 Highway 169 W","Hibbing","Minnesota","55746","US","47.399795","-92.957516","+1 855-955-2534"
"ALDI 1320 Highway 15 S., Ste 101","5766402","L450","1320 Highway 15 S., Ste 101","Hutchinson","Minnesota","55350","US","44.870325","-94.378164","+1 855-955-2534"
"ALDI 1414 Mendota Road","5767571","L506","1414 Mendota Road","Inver Grove Heights","Minnesota","55077","US","44.882073","-93.079012","+1 855-955-2534"
"ALDI 6520 Cahill Avenue","5767380","L488","6520 Cahill Avenue","Inver Grove Heights","Minnesota","55076","US","44.85422","-93.0435","+1 855-955-2534"
"ALDI 11542 207th Street West","5767922","L532","11542 207th Street West","Lakeville","Minnesota","55044","US","44.648662","-93.299139","+1 855-955-2534"
"ALDI 7085 Otter Lake Road","5873461","FO84","7085 Otter Lake Road","Lino Lakes","Minnesota","55038","US","45.163652","-93.026963","+1 855-955-2534"
"ALDI 2350 Rice Street","5767370","L487","2350 Rice Street","Little Canada","Minnesota","55113","US","45.011492","-93.105301","+1 855-955-2534"
"ALDI 14986 18th Steet NE","5768368","L518","14986 18th Steet NE","Little Falls","Minnesota","56345","US","45.978726","-94.333775","+1 855-955-2534"
"ALDI 750 Wildwood Road","5767611","L509","750 Wildwood Road","Mahtomedi","Minnesota","55115","US","45.049614","-92.980637","+1 855-955-2534"
"ALDI 1621 E. Madison Avenue","5767584","L507","1621 E. Madison Avenue","Mankato","Minnesota","56001","US","44.166191","-93.962478","+1 855-955-2534"
"ALDI 9610 Grove Circle North","5767742","L521","9610 Grove Circle North","Maple Grove","Minnesota","55369","US","45.12974","-93.482","+1 855-955-2534"
"ALDI 3000 White Bear Avenue North","5766872","L511","3000 White Bear Avenue North","Maplewood","Minnesota","55109","US","45.032084","-93.016699","+1 855-955-2534"
"ALDI 1400 Boyer Drive","5767659","L455","1400 Boyer Drive","Marshall","Minnesota","56258","US","44.430008","-95.769577","+1 855-955-2534"
"ALDI 100 Westfalen Trail","5766389","L442","100 Westfalen Trail","Medina","Minnesota","55340","US","45.0424","-93.5243","+1 855-955-2534"
"ALDI 1311 East Franklin Avenue","5767485","L497","1311 East Franklin Avenue","Minneapolis","Minnesota","55404","US","44.96246","-93.2551","+1 855-955-2534"
"ALDI 2601 Lyndale Avenue South","5768073","L499","2601 Lyndale Avenue South","Minneapolis","Minnesota","55408","US","44.95518","-93.28771","+1 855-955-2534"
"ALDI 2929 27th Avenue South","5766747","L531","2929 27th Avenue South","Minneapolis","Minnesota","55406","US","44.9495","-93.2324","+1 855-955-2534"
"ALDI 11100 Cedar Lake Road","5767446","L493","11100 Cedar Lake Road","Minnetonka","Minnesota","55305","US","44.95291","-93.4194","+1 855-955-2534"
"ALDI 9400 Cedar Street","5767084","L458","9400 Cedar Street","Monticello","Minnesota","55362","US","45.286706","-93.802092","+1 855-955-2534"
"ALDI 2537 County Highway 10 NE","5767729","L520","2537 County Highway 10 NE","Mounds View","Minnesota","55112","US","45.1068","-93.20982","+1 855-955-2534"
"ALDI 2101 N. Highland Avenue","5767601","L508","2101 N. Highland Avenue","New Ulm","Minnesota","56073","US","44.327027","-94.498248","+1 855-955-2534"
"ALDI 13747 60th Street North","5766386","L440","13747 60th Street North","Oak Park Heights","Minnesota","55082","US","45.035223","-92.826109","+1 855-955-2534"
"ALDI 3504 Highpoint Dr N","5767591","FK04","3504 Highpoint Dr N","Oakdale","Minnesota","55128","US","44.99825","-92.95198","+1 855-955-2534"
"ALDI 2414 Hoffman Drive","5766396","L445","2414 Hoffman Drive","Owatonna","Minnesota","55060","US","44.09648","-93.25756","+1 855-955-2534"
"ALDI 1310 1st Street East","5767333","FJ97","1310 1st Street East","Park Rapids","Minnesota","56470","US","46.92235","-95.033943","+1 855-955-2534"
"ALDI 100 Evergreen SQ SW","5768284","FO81","100 Evergreen SQ SW","Pine City","Minnesota","55063","US","45.818655","-92.979851","+1 855-955-2534"
"ALDI 1911 5th Street North","5766696","L527","1911 5th Street North","Princeton","Minnesota","55371","US","45.574504","-93.603483","+1 855-955-2534"
"ALDI 7992 Sunwood Drive NW","5768152","FF94","7992 Sunwood Drive NW","Ramsey","Minnesota","55303","US","45.236892","-93.469281","+1 855-955-2534"
"ALDI 160 Tyler Road N.","5768186","L485","160 Tyler Road N.","Red Wing","Minnesota","55066","US","44.5702","-92.5867","+1 855-955-2534"
"ALDI 6310 Penn Avenue South","5767466","L495","6310 Penn Avenue South","Richfield","Minnesota","55423","US","44.88869","-93.30905","+1 855-955-2534"
"ALDI 860 West 78th Street","5768124","L528","860 West 78th Street","Richfield","Minnesota","55423","US","44.86325","-93.290933","+1 855-955-2534"
"ALDI 1201 S. Broadway Suite 220","5767532","L503","1201 S. Broadway Suite 220","Rochester","Minnesota","55904","US","44.005892","-92.466245","+1 855-955-2534"
"ALDI 2215 Commerce Drive North West","5767551","L505","2215 Commerce Drive North West","Rochester","Minnesota","55901","US","44.047299","-92.519617","+1 855-955-2534"
"ALDI 14995 South Robert Trail","5767422","L491","14995 South Robert Trail","Rosemount","Minnesota","55068","US","44.732347","-93.128962","+1 855-955-2534"
"ALDI 1161 Larpenteur Avenue West","5767593","L529","1161 Larpenteur Avenue West","Roseville","Minnesota","55113","US","44.992675","-93.149246","+1 855-955-2534"
"ALDI 2005 Twin Lakes Parkway","5766861","L447","2005 Twin Lakes Parkway","Roseville","Minnesota","55113","US","45.022645","-93.185222","+1 855-955-2534"
"ALDI 8950 Highway 7","5767050","L462","8950 Highway 7","Saint Louis Park","Minnesota","55426","US","44.937793","-93.392733","+1 855-955-2534"
"ALDI 1134 University Avenue West","5767478","L496","1134 University Avenue West","Saint Paul","Minnesota","55104","US","44.95536","-93.14837","+1 855-955-2534"
"ALDI 1160 Clarence Street","5767316","L467","1160 Clarence Street","Saint Paul","Minnesota","55106","US","44.976276","-93.042862","+1 855-955-2534"
"ALDI 2005 Suburban Avenue","5767407","L490","2005 Suburban Avenue","Saint Paul","Minnesota","55119","US","44.95059","-93.016","+1 855-955-2534"
"ALDI 2481 7th Street West","5767101","L530","2481 7th Street West","Saint Paul","Minnesota","55116","US","44.902374","-93.170796","+1 855-955-2534"
"ALDI 32752 River Oaks Lane","5767247","FJ96","32752 River Oaks Lane","Sartell","Minnesota","56303","US","45.596708","-94.192266","+1 855-955-2534"
"ALDI 7845 Old Carriage Court","5767309","L482","7845 Old Carriage Court","Shakopee","Minnesota","55379","US","44.776064","-93.419176","+1 855-955-2534"
"ALDI 1414 S. 12th Ave W., Ste C","5767498","L522","1414 S. 12th Ave W., Ste C","Virginia","Minnesota","55792","US","47.511008","-92.553505","+1 855-955-2534"
"ALDI 10620 10th Street W.","5766818","L457","10620 10th Street W.","Waconia","Minnesota","55387","US","44.83967","-93.79427","+1 855-955-2534"
"ALDI 256 2nd Street South","5767700","L517","256 2nd Street South","Waite Park","Minnesota","56387","US","45.548489","-94.22073","+1 855-955-2534"
"ALDI 495 19th Street South East","5766406","L451","495 19th Street South East","Willmar","Minnesota","56201","US","45.104062","-95.038299","+1 855-955-2534"
"ALDI 1443 Service Drive","5767045","L541","1443 Service Drive","Winona","Minnesota","55987","US","44.046883","-91.677116","+1 855-955-2534"
"ALDI 8472 Tamarack Bay","5766391","L443","8472 Tamarack Bay","Woodbury","Minnesota","55125","US","44.93823","-92.93606","+1 855-955-2534"
"ALDI 840 Brookway Blvd","5767620","FK89","840 Brookway Blvd","Brookhaven","Mississippi","39601","US","31.580314","-90.46299","+1 855-955-2534"
"ALDI 1825 South Harper Rd","5766955","L287","1825 South Harper Rd","Corinth","Mississippi","38834","US","34.914518","-88.499195","+1 855-955-2534"
"ALDI 10511 DIberville Blvd.","5767921","FP02","10511 DIberville Blvd.","Diberville","Mississippi","39540","US","30.4388","-88.8988","+1 855-955-2534"
"ALDI 101 Primos RD","5768177","FF80","101 Primos RD","Flowood","Mississippi","39232","US","32.354702","-90.021723","+1 855-955-2534"
"ALDI 11312 H Hwy 49","5757781","FF83","11312 H Hwy 49","Gulfport","Mississippi","39503","US","30.450899","-89.097939","+1 855-955-2534"
"ALDI 6042 US Hwy 98","5767417","FF84","6042 US Hwy 98","Hattiesburg","Mississippi","39402","US","31.321319","-89.377693","+1 855-955-2534"
"ALDI 4065 Goodman Road West","5767813","L304","4065 Goodman Road West","Horn Lake","Mississippi","38637","US","34.962492","-90.061127","+1 855-955-2534"
"ALDI 109 North Cleveland Ave.","5873500","FP04","109 North Cleveland Ave.","Long Beach","Mississippi","39560","US","30.35366","-89.1485","+1 855-955-2534"
"ALDI 105 Edgewood Dr","5767716","FE28","105 Edgewood Dr","McComb","Mississippi","39648","US","31.26234","-90.47752","+1 855-955-2534"
"ALDI 131 S. Frontage Road","5768412","FE19","131 S. Frontage Road","Meridian","Mississippi","39301","US","32.3641794","-88.6713035","+1 855-955-2534"
"ALDI 5100 Highway 39 N","5873450","FP52","5100 Mississippi 39","Meridian","Mississippi","39301","US","32.4124181","-88.6769583","+1 855-955-2534"
"ALDI 1515 Bienville Boulevard","5757822","FP29","1515 Bienville Boulevard","Ocean Springs","Mississippi","39564","US","30.4172","-88.81752","+1 855-955-2534"
"ALDI 3801 Bienville Blvd","5768396","FE12","3801 Bienville Blvd","Ocean Springs","Mississippi","39564","US","30.40994","-88.76419","+1 855-955-2534"
"ALDI 6626 Goodman Rd","5767802","L301","6626 Goodman Rd","Olive Branch","Mississippi","38654","US","34.96245","-89.87256","+1 855-955-2534"
"ALDI 3809 Denny Avenue","5767927","FF77","3809 Denny Avenue","Pascagoula","Mississippi","39581","US","30.381134","-88.52318","+1 855-955-2534"
"ALDI 750 Highland Colony Pkwy","5757952","FK87","750 Highland Colony Pkwy","Ridgeland","Mississippi","39157","US","32.424138","-90.148401","+1 855-955-2534"
"ALDI 7051 Sleepy Hollow Dr","5767762","L295","7051 Sleepy Hollow Dr","Southaven","Mississippi","38671","US","34.9636","-89.996898","+1 855-955-2534"
"ALDI 671 Hwy 12 West","5767630","FE29","671 Hwy 12 West","Starkville","Mississippi","39759","US","33.44969","-88.8363","+1 855-955-2534"
"ALDI 3990 N Gloster St.","5767882","L289","3990 N Gloster St.","Tupelo","Mississippi","38804","US","34.3136","-88.70607","+1 855-955-2534"
"ALDI 11185 South Towne Sq","5766533","F155","11185 South Towne Square","Affton","Missouri","63123","US","38.514216","-90.3396906","+1 855-955-2534"
"ALDI 14654 Manchester","5766976","F121","14654 Manchester Road","Ballwin","Missouri","63011","US","38.5908848","-90.5307588","+1 855-955-2534"
"ALDI 1011 E. North Avenue","5766920","F306","1011 E. North Avenue","Belton","Missouri","64012","US","38.813246","-94.517956","+1 855-955-2534"
"ALDI 530 S. 7 Hwy","5767346","F331","530 S. 7 Hwy","Blue Springs","Missouri","64014","US","39.013372","-94.271397","+1 855-955-2534"
"ALDI 700 E. San Martin","5767323","F330","700 E. San Martin","Bolivar","Missouri","65613","US","37.593378","-93.405662","+1 855-955-2534"
"ALDI 1231 Branson Hills Parkway","5767000","F256","1231 Branson Hills Parkway","Branson","Missouri","65616","US","36.674674","-93.229529","+1 855-955-2534"
"ALDI 12290 St. Charles Rock Road","5767192","F138","12290 Saint Charles Rock Road","Bridgeton","Missouri","63044","US","38.7526379","-90.42997319999999","+1 855-955-2534"
"ALDI 2145 Independence","5766681","F182","2145 Independence Street","Cape Girardeau","Missouri","63703","US","37.306036","-89.55039029999999","+1 855-955-2534"
"ALDI 2442 Grand Ave","5766979","F315","2442 Grand Ave","Carthage","Missouri","64836","US","37.145994","-94.309106","+1 855-955-2534"
"ALDI 300 THF Blvd","5766502","F149","300 THF Boulevard","Chesterfield","Missouri","63005","US","38.6660697","-90.603853","+1 855-955-2534"
"ALDI 612 South Pawnee Street","5767334","F353","612 South Pawnee Street","Clinton","Missouri","64735","US","38.363847","-93.75516","+1 855-955-2534"
"ALDI 1000 East Green Meadows Rd.","5766688","F178","1000 Green Meadows Road","Columbia","Missouri","65201","US","38.9124956","-92.3269522","+1 855-955-2534"
"ALDI 2901 E Business Loop 70","5767283","F166","2901 East Business Loop 70","Columbia","Missouri","65201","US","38.9579535","-92.29514239999999","+1 855-955-2534"
"ALDI 807 Business Loop 70 West","5766641","F176","807 Business Loop 70 West","Columbia","Missouri","65203","US","38.9668764","-92.3488903","+1 855-955-2534"
"ALDI 11745 Olive Blvd","5767030","F129","11745 Olive Boulevard","Creve Coeur","Missouri","63141","US","38.6710655","-90.44250799999999","+1 855-955-2534"
"ALDI 402 N State St","5767835","FL02","404 North State Street","Desloge","Missouri","63601","US","37.88225810000001","-90.51092179999999","+1 855-955-2534"
"ALDI 2351 Vintage Ct","5766929","F307","2351 Vintage Ct","Excelsior Springs","Missouri","64024","US","39.33369","-94.264733","+1 855-955-2534"
"ALDI 787 Maple Valley Center","5766886","F103","787 Maple Valley Drive","Farmington","Missouri","63640","US","37.7900009","-90.4380132","+1 855-955-2534"
"ALDI 60 Fenton Plaza","5766887","F104","60 Fenton Plaza","Fenton","Missouri","63026","US","38.511403","-90.44273729999999","+1 855-955-2534"
"ALDI 21 Adams Avenue","5766450","F139","21 Adams Street","Ferguson","Missouri","63135","US","38.7422314","-90.3030387","+1 855-955-2534"
"ALDI 11296 W. Florissant","5767176","F137","11296 West Florissant Avenue","Florissant","Missouri","63033","US","38.7743578","-90.2788054","+1 855-955-2534"
"ALDI 240 Howdershell Road","5767243","FF91","240 Howdershell Road","Florissant","Missouri","63031","US","38.8071343","-90.3606597","+1 855-955-2534"
"ALDI 2505 North Highway 67","5767080","F132","2505 North Highway 67","Florissant","Missouri","63033","US","38.80578120000001","-90.3069261","+1 855-955-2534"
"ALDI 7604 N Oak","5766964","F313","7604 N Oak","Gladstone","Missouri","64118","US","39.23253","-94.577634","+1 855-955-2534"
"ALDI 1801 W. Mechanic Street","5767916","F255","1801 W. Mechanic Street","Harrisonville","Missouri","64701","US","38.654004","-94.362514","+1 855-955-2534"
"ALDI 1025 Crossroads Place","5767892","F164","1025 Crossroads Place","High Ridge","Missouri","63049","US","38.4630294","-90.5286282","+1 855-955-2534"
"ALDI 11004 East US Hwy. 40","5766956","F312","11004 East US Hwy. 40","Independence","Missouri","64055","US","39.050998","-94.449225","+1 855-955-2534"
"ALDI 16007 E. 23rd St.","5766946","F309","16007 E. 23rd St.","Independence","Missouri","64055","US","39.07751","-94.388107","+1 855-955-2534"
"ALDI 2502 East Jackson Blvd","5767126","FE54","2502 East Jackson Boulevard","Jackson","Missouri","63755","US","37.367889","-89.639979","+1 855-955-2534"
"ALDI 2413 Missouri Blvd","5766650","F177","2413 Missouri Boulevard","Jefferson City","Missouri","65109","US","38.5804324","-92.2151368","+1 855-955-2534"
"ALDI 8445 Lucas & Hunt Road","5766525","F154","8445 Lucas-Hunt Road","Jennings","Missouri","63136","US","38.7278612","-90.2723381","+1 855-955-2534"
"ALDI 2630 McClelland Blvd.","5767155","F286","2630 McClelland Blvd.","Joplin","Missouri","64804","US","37.061679","-94.532601","+1 855-955-2534"
"ALDI 3205 E. 20th St.","5766485","F347","3205 E. 20th St.","Joplin","Missouri","64801","US","37.070287","-94.475576","+1 855-955-2534"
"ALDI 10475 Blue Ridge Blvd","5766974","F314","10475 Blue Ridge Blvd","Kansas City","Missouri","64134","US","38.93442","-94.50707","+1 855-955-2534"
"ALDI 3830 Prospect Ave.","5767588","F342","3830 Prospect Ave.","Kansas City","Missouri","64128","US","39.056581","-94.554169","+1 855-955-2534"
"ALDI 4851 North Oak Trafficway","5767226","FK82","4851 North Oak Trafficway","Kansas City","Missouri","64118","US","39.184207","-94.574301","+1 855-955-2534"
"ALDI 6238 North Chatham Ave","5767619","F351","6238 North Chatham Ave","Kansas City","Missouri","64151","US","39.20916","-94.64465","+1 855-955-2534"
"ALDI 6300 Independence Ave","5767580","F341","6300 Independence Ave","Kansas City","Missouri","64125","US","39.10563","-94.507878","+1 855-955-2534"
"ALDI 6415 Troost","5767263","F328","6415 Troost","Kansas City","Missouri","64131","US","39.010524","-94.573687","+1 855-955-2534"
"ALDI 721 Paseo Blvd.","5766796","F282","721 Paseo Blvd.","Kansas City","Missouri","64106","US","39.104464","-94.563179","+1 855-955-2534"
"ALDI 7511 Wornall Road","5766883","F300","7511 Wornall Road","Kansas City","Missouri","64114","US","38.991599","-94.592771","+1 855-955-2534"
"ALDI 8251 Oxford Ave.","5766807","F283","8251 Oxford Ave.","Kansas City","Missouri","64158","US","39.242764","-94.465962","+1 855-955-2534"
"ALDI 8780 N. Ambassador Drive","5766777","F279","8780 N. Ambassador Drive","Kansas City","Missouri","64154","US","39.257382","-94.650454","+1 855-955-2534"
"ALDI 2115 N. Baltimore","5766601","F170","2115 North Baltimore Street","Kirksville","Missouri","63501","US","40.2140389","-92.5837444","+1 855-955-2534"
"ALDI 1125 S. Kirkwood Rd.","5767059","F151","1125 South Kirkwood Road","Kirkwood","Missouri","63122","US","38.564069","-90.40726599999999","+1 855-955-2534"
"ALDI 800 Kestrel Lane","5767056","F168","800 Kestrel Lane","Lake Ozark","Missouri","65049","US","38.177554","-92.61327","+1 855-955-2534"
"ALDI 464 Hawk Ridge Trail","5766897","F107","464 Hawk Ridge Trail","Lake Saint Louis","Missouri","63367","US","38.7664136","-90.7810485","+1 855-955-2534"
"ALDI 668 S. Jefferson","5766692","F268","668 S. Jefferson","Lebanon","Missouri","65536","US","37.676172","-92.656545","+1 855-955-2534"
"ALDI 560 NW Chipman Rd","5767608","F259","560 NW Chipman Rd","Lees Summit","Missouri","64086","US","38.927425","-94.392426","+1 855-955-2534"
"ALDI 600 SE Oldham Parkway","5766936","F308","600 SE Oldham Parkway","Lees Summit","Missouri","64081","US","38.901451","-94.362406","+1 855-955-2534"
"ALDI 7725 Manchester Road","5766490","F147","7725 Manchester Road","Maplewood","Missouri","63143","US","38.613538","-90.32747649999999","+1 855-955-2534"
"ALDI 975 W. College Ave.","5767023","F318","975 W. College Ave.","Marshall","Missouri","65340","US","39.110134","-93.212412","+1 855-955-2534"
"ALDI 2875 S. Clark Street","5766633","F175","2875 South Clark Street","Mexico","Missouri","65265","US","39.1466841","-91.8916519","+1 855-955-2534"
"ALDI 400 Hwy. 24 East","5766625","F174","400 U.S. 24","Moberly","Missouri","65270","US","39.4410898","-92.43108860000001","+1 855-955-2534"
"ALDI 2551 Lusk Drive","5767796","F285","2551 Lusk Drive","Neosho","Missouri","64850","US","36.842776","-94.393763","+1 855-955-2534"
"ALDI 310 N Old Wilderness Rd","5766811","F287","310 N Old Wilderness Rd","Nixa","Missouri","65714","US","37.046267","-93.304239","+1 855-955-2534"
"ALDI 8615 Veterans Memorial Dr.","5766987","F123","8615 Veterans Memorial Parkway","O'Fallon","Missouri","63366","US","38.800723","-90.6977072","+1 855-955-2534"
"ALDI 1979 W. Waverly St","5873438","FL20","1979 W. Waverly St","Ozark","Missouri","65721","US","37.00614","-93.227537","+1 855-955-2534"
"ALDI 300 N Perryville Blvd","5767067","FE53","300 North Perryville Boulevard","Perryville","Missouri","63775","US","37.729018","-89.88489","+1 855-955-2534"
"ALDI 601 North Westwood","5767123","F134","601 North Westwood Boulevard","Poplar Bluff","Missouri","63901","US","36.7625323","-90.41163859999999","+1 855-955-2534"
"ALDI 9215 E. 350 Hwy.","5767600","F343","9215 E. 350 Hwy.","Raytown","Missouri","64133","US","38.993947","-94.474402","+1 855-955-2534"
"ALDI 1434 US Hwy 60 E","5767028","F284","1434 US Hwy 60 E","Republic","Missouri","65738","US","37.132395","-93.456437","+1 855-955-2534"
"ALDI 500 Hwy 72 West","5766541","F157","500 Missouri 72","Rolla","Missouri","65401","US","37.9431404","-91.77499759999999","+1 855-955-2534"
"ALDI 10680 St. Charles Rock Road","5766468","F142","10680 Saint Charles Rock Road","Saint Ann","Missouri","63074","US","38.731895","-90.3904776","+1 855-955-2534"
"ALDI 1095 Regency Parkway","5767763","FE47","1095 Regency Parkway","Saint Charles","Missouri","63303","US","38.7831402","-90.5299917","+1 855-955-2534"
"ALDI 1335 Bass Pro Drive","5767044","F130","1335 Bass Pro Drive","Saint Charles","Missouri","63301","US","38.7723355","-90.4952959","+1 855-955-2534"
"ALDI 3201 South Belt Hwy","5767991","F269","3201 South Belt Hwy","Saint Joseph","Missouri","64503","US","39.736287","-94.799743","+1 855-955-2534"
"ALDI 4132 N. Belt Hwy.","5767183","F327","4132 N. Belt Hwy.","Saint Joseph","Missouri","64506","US","39.807467","-94.816651","+1 855-955-2534"
"ALDI 477 VFW Memorial Drive","5767845","FE44","477 VFW Memorial Drive","Saint Robert","Missouri","65584","US","37.8129152","-92.1427143","+1 855-955-2534"
"ALDI 311 Watson Plaza","5768420","F144","311 Watson Plaza","Sappington","Missouri","63126","US","38.5585116","-90.3896049","+1 855-955-2534"
"ALDI 3701 W. Broadway","5767479","F338","3701 W. Broadway","Sedalia","Missouri","65301","US","38.711331","-93.275473","+1 855-955-2534"
"ALDI 1045 South Main","5766669","F180","1045 South Main Street","Sikeston","Missouri","63801","US","36.8669854","-89.58181069999999","+1 855-955-2534"
"ALDI 1645 E Kearney","5767098","F322","1645 E Kearney","Springfield","Missouri","65803","US","37.241169","-93.263992","+1 855-955-2534"
"ALDI 2847 E. Sunshine Street","5768411","F349","2847 E. Sunshine Street","Springfield","Missouri","65804","US","37.181676","-93.238092","+1 855-955-2534"
"ALDI 421 E. Battlefield","5767006","F317","421 E. Battlefield","Springfield","Missouri","65807","US","37.161165","-93.290383","+1 855-955-2534"
"ALDI 1033 Lemay Ferry","5767011","F126","1033 Lemay Ferry Road","St. Louis","Missouri","63125","US","38.5348707","-90.2871553","+1 855-955-2534"
"ALDI 10800 Bellefontaine Road","5766898","F106","10800 Bellefontaine Road","St. Louis","Missouri","63137","US","38.7677776","-90.21984979999999","+1 855-955-2534"
"ALDI 13047 Butler Crest Drive","5767426","FK39","13047 Butler Crest Drive","St. Louis","Missouri","63128","US","38.493946","-90.380945","+1 855-955-2534"
"ALDI 3616 Natural Bridge","5766499","F148","3616 Natural Bridge Avenue","St. Louis","Missouri","63107","US","38.6608265","-90.2180273","+1 855-955-2534"
"ALDI 3865 Gravois Ave","5766537","F156","3865 Gravois Avenue","St. Louis","Missouri","63116","US","38.5932134","-90.251003","+1 855-955-2534"
"ALDI 6601 Gravois Ave","5766957","F119","6601 Gravois Avenue","St. Louis","Missouri","63116","US","38.5729465","-90.28263729999999","+1 855-955-2534"
"ALDI 702 N Kingshighway Blvd","5766523","F153","702 Kingshighway Boulevard","St. Louis","Missouri","63108","US","38.6522232","-90.26197169999999","+1 855-955-2534"
"ALDI 9530 Manchester Rd","5767990","FE48","9530 Manchester Road","St. Louis","Missouri","63119","US","38.6076857","-90.36424699999999","+1 855-955-2534"
"ALDI 1665 Jungermann Rd","5766486","F146","1665 Jungermann Road","St. Peters","Missouri","63304","US","38.7437015","-90.59118269999999","+1 855-955-2534"
"ALDI 343 Mid Rivers Mall Dr","5767062","F131","343 Mid Rivers Mall Drive","St. Peters","Missouri","63376","US","38.7912044","-90.6259389","+1 855-955-2534"
"ALDI 320 Park Ridge Road","5766941","F116","320 Park Ridge Road","Sullivan","Missouri","63080","US","38.2207833","-91.1569153","+1 855-955-2534"
"ALDI No.6 The Plaza","5767138","F135","#6 No.6 The Plaza","Troy","Missouri","63379","US","38.977681","-90.984754","+1 855-955-2534"
"ALDI 1144 Meramec Station Road","5768415","F165","1144 Meramec Station Road","Twin Oaks","Missouri","63021","US","38.56853","-90.49534","+1 855-955-2534"
"ALDI 1631 Denmark Road","5767606","F163","1631 Denmark Road","Union","Missouri","63084","US","38.4320532","-90.967657","+1 855-955-2534"
"ALDI 7701 Olive Blvd","5766470","F143","7701 Olive Boulevard","University City","Missouri","63130","US","38.6730609","-90.33688099999999","+1 855-955-2534"
"ALDI 1115 N. Simpson Drive","5767068","F320","1115 N. Simpson Drive","Warrensburg","Missouri","64093","US","38.782616","-93.736745","+1 855-955-2534"
"ALDI 531 Anwijo Way","5766568","F161","531 Anwijo Way","Warrenton","Missouri","63383","US","38.8247862","-91.13844309999999","+1 855-955-2534"
"ALDI 3142 Phoenix Center Dr","5767811","F105","3142 Phoenix Center Drive","Washington","Missouri","63090","US","38.5349126","-90.98070030000001","+1 855-955-2534"
"ALDI 7369 Watson Road","5766481","F145","7369 Watson Road","Webster Groves","Missouri","63119","US","38.5809928","-90.3243203","+1 855-955-2534"
"ALDI 150 Crossroads South Drive","5767017","F124","150 Crossroads South Drive","Wentzville","Missouri","63385","US","38.8109724","-90.877271","+1 855-955-2534"
"ALDI 1210 Missouri Ave","5766875","F102","1210 Missouri Avenue","West Plains","Missouri","65775","US","36.7431617","-91.87027959999999","+1 855-955-2534"
"ALDI 10985 Ulysses Street North East Number 200","5767189","L533","10985 Ulysses Street Northeast","Blaine","MN","55434","US","45.1705757","-93.2362812","+1 855-955-2534"
"ALDI 1451 Riverwood Drive","5767633","L512","1451 Riverwood Drive","Burnsville","MN","55337","US","44.7856484","-93.2544525","+1 855-955-2534"
"ALDI 10216 Lexington Avenue North East","5766398","L448","10216 Lexington Avenue North East","Circle Pines","MN","55014","US","45.153995","-93.163993","+1 855-955-2534"
"ALDI 8700 Parkview Avenue North East","5768379","FJ95","8700 Parkview Avenue Northeast","Otsego","MN","55330","US","45.27732083","-93.56655398","+1 855-955-2534"
"ALDI 2154 Michigan Avenue","5766918","F110","2154 Michigan Avenue","Arnold","MO","63010","US","38.4396","-90.3797","+1 855-955-2534"
"ALDI 700 South Truman Blvd","5766928","F111","700 South Truman Boulevard","Crystal City","MO","63019","US","38.2103056","-90.3922914","+1 855-955-2534"
"ALDI 12145 Manchester Road","5766460","F141","12145 Manchester Road","Des Peres","MO","63131","US","38.6039","-90.4387","+1 855-955-2534"
"ALDI 15907 Manchester Road","5767419","F112","15907 Manchester Road","Ellisville","MO","63011","US","38.594309","-90.587417","+1 855-955-2534"
"ALDI 1421 W 5th St","5882240","FL03","1421 W 5th St","Eureka","MO","63025","US","38.50442","-90.65217","+1 855-955-2534"
"ALDI 1503 N Bluff St","5767808","FF97","1503 N Bluff St","Fulton","MO","65251","US","38.861685","-91.9448624","+1 855-955-2534"
"ALDI 4419 McMasters Avenue","5766965","F120","4419 McMasters Avenue","Hannibal","MO","63401","US","39.7223679","-91.3947923","+1 855-955-2534"
"ALDI 12632 Dorsett Road","5767790","FE43","12632 Dorsett Road","Maryland Heights","MO","63043","US","38.7135126","-90.4556913","+1 855-955-2534"
"ALDI 9175 Olive Crossing","5767981","FE42","9175 Olive Crossing","Olivette","MO","63132","US","38.67367837","-90.36594172","+1 855-955-2534"
"ALDI 1315 Kildaire Farm Road","6048567","FO68","1315 Kildaire Farm Road","Cary","NC","27511","US","35.760624","-78.781875","+1 855-955-2534"
"ALDI 1800 E. Franklin St Ste 13","5873451","F979","1800 East Franklin Street","Chapel Hill","NC","27514","US","35.93514849","-79.02599215","+1 855-955-2534"
"ALDI 7906 NC Hwy 751","6048569","FO71","7906 North Carolina 751","Durham","NC","27713","US","35.900572","-78.9602","+1 855-955-2534"
"ALDI 5141 Veterans Parkway","6048564","FO65","5141 Veterans Parkway","Garner","NC","27529","US","35.61216263","-78.55535581","+1 855-955-2534"
"ALDI 750 Timber Dr.","6048565","FO66","750 Timber Dr","Garner","NC","27529","US","35.68672914","-78.61520046","+1 855-955-2534"
"ALDI 3550 Martin Luther King Jr Blvd","5768234","FC75","3550 Martin Luther King Jr Blvd","New Bern","NC","28562","US","35.0980445","-77.1023835","+1 855-955-2534"
"ALDI 2900 Sunrise Valley Place","5920136","FO64","2900 Sunrise Valley Place","Raleigh","NC","27610","US","35.794054","-78.547186","+1 855-955-2534"
"ALDI 4031 Wake Forest Rd.","5873473","FO63","4031 Wake Forest Road","Raleigh","NC","27609","US","35.8364027","-78.6151358","+1 855-955-2534"
"ALDI 4031 Wake Forest Rd","5920126","FF72","4031 Wake Forest Road","Raleigh","NC","27609","US","35.83647679","-78.61510381","+1 855-955-2534"
"ALDI 4031 Wake Forest Road","6252074","FO72","4031 Wake Forest Road","Raleigh","NC","27609","US","35.8364027","-78.6151358","+1 855-955-2534"
"ALDI 6101 Capital Boulevard","5920138","FO62","6101 Capital Boulevard","Raleigh","NC","27616","US","35.86893255","-78.58331985","+1 855-955-2534"
"ALDI 6300 Creedmoor Road","6048566","FO67","6300 Creedmoor Road","Raleigh","NC","27612","US","35.87200336","-78.67828085","+1 855-955-2534"
"ALDI 4525 Dahlman Ave.","5766839","F292","4525 Dahlman Avenue","Omaha","NE","68107","US","41.214477","-95.9579631","+1 855-955-2534"
"ALDI 2112 Cornhusker","5766832","F291","2112 Cornhusker","Bellevue","Nebraska","68123","US","41.160226","-95.943531","+1 855-955-2534"
"ALDI 3650 E Elk Ln","5767625","F264","3650 E Elk Ln","Fremont","Nebraska","68025","US","41.4506478","-96.4506912","+1 855-955-2534"
"ALDI 19311 Oakmount Dr","5768115","FK83","19311 Oakmount Dr","Gretna","Nebraska","68028","US","41.147495","-96.217644","+1 855-955-2534"
"ALDI 8350 O Street","5766772","F278","8350 O Street","Lincoln","Nebraska","68510","US","40.814428","-96.606644","+1 855-955-2534"
"ALDI 8701 S. 28th Street","5766787","F280","8701 S. 28th Street","Lincoln","Nebraska","68516","US","40.724181","-96.681773","+1 855-955-2534"
"ALDI 13215 West Center Road","5767910","F293","13215 West Center Road","Omaha","Nebraska","68144","US","41.23282","-96.12078","+1 855-955-2534"
"ALDI 17240 Evans St","5766867","F297","17240 Evans St","Omaha","Nebraska","68116","US","41.29172","-96.185486","+1 855-955-2534"
"ALDI 19261 Gold Street","5768111","F263","19261 Gold Street","Omaha","Nebraska","68130","US","41.234998","-96.216229","+1 855-955-2534"
"ALDI 3433 N. 90th Street","5767150","F325","3433 N. 90th Street","Omaha","Nebraska","68134","US","41.291113","-96.051923","+1 855-955-2534"
"ALDI 4801 N. 30th St.","5766845","F294","4801 N. 30th St.","Omaha","Nebraska","68111","US","41.302755","-95.955882","+1 855-955-2534"
"ALDI 885 South 72nd Street","5768296","F299","885 South 72nd Street","Omaha","Nebraska","68114","US","41.252266","-96.022545","+1 855-955-2534"
"ALDI 9549 South 71st Plaza","5768015","FK80","9549 South 71st Plaza","Papillion","Nebraska","68133","US","41.163893","-96.020925","+1 855-955-2534"
"ALDI 621 Marks Street","5768055","FO36","621 Marks Street","Henderson","Nevada","89014","US","36.063938","-115.037762","+1 855-955-2534"
"ALDI 1200 S. Decatur","5757812","FO37","1200 S. Decatur","Las Vegas","Nevada","89102","US","36.157367","-115.207146","+1 855-955-2534"
"ALDI 7150 S Rainbow Blvd","5757944","FO31","7150 S Rainbow Blvd","Las Vegas","Nevada","89118","US","36.05864","-115.2416","+1 855-955-2534"
"ALDI 2106 W. Craig Road","5768047","FO32","2106 W. Craig Road","North Las Vegas","Nevada","89032","US","36.240333","-115.172861","+1 855-955-2534"
"ALDI 289 Loudon Road","5757936","L630","289 Loudon Road","Concord","New Hampshire","03301","US","43.226064","-71.487121","+1 855-955-2534"
"ALDI 30 Manchester Road","5757896","L633","30 Manchester Road","Derry","New Hampshire","03038","US","42.8969","-71.332","+1 855-955-2534"
"ALDI 828 Central Avenue","5757913","L639","828 Central Avenue","Dover","New Hampshire","03820","US","43.216167","-70.880238","+1 855-955-2534"
"ALDI 478 West Street","5757898","L636","478 West Street","Keene","New Hampshire","03431","US","42.93369","-72.2967","+1 855-955-2534"
"ALDI 1111 South Willow Street","5757899","L631","1111 South Willow Street","Manchester","New Hampshire","03103","US","42.960379","-71.4389","+1 855-955-2534"
"ALDI 270 Amherst Street","5757900","L635","270 Amherst Street","Nashua","New Hampshire","03063","US","42.77753","-71.4949","+1 855-955-2534"
"ALDI 2024 Woodbury Avenue","5757925","L632","2024 Woodbury Avenue","Newington","New Hampshire","03801","US","43.0954302","-70.7967017","+1 855-955-2534"
"ALDI 9 Plaistow Road","5757901","L637","9 Plaistow Road","Plaistow","New Hampshire","03865","US","42.81732","-71.1024","+1 855-955-2534"
"ALDI 541 South Broadway","5757902","L638","541 South Broadway","Salem","New Hampshire","03079","US","42.74606","-71.20085","+1 855-955-2534"
"ALDI 570 Layafette Rd","5873433","L634","570 Layafette Rd","Seabrook","New Hampshire","03874","US","42.891914","-70.868752","+1 855-955-2534"
"ALDI 676 White Horse Pike Unit 2","5768304","FL65","676 White Horse Pike Unit 2","Absecon","New Jersey","08201","US","39.43554","-74.514678","+1 855-955-2534"
"ALDI 244 Bloomfield Ave","5766183","F421","244 Bloomfield Avenue","Bloomfield","New Jersey","07003","US","40.7823245","-74.19239379999999","+1 855-955-2534"
"ALDI 262C Route 130","5766143","F374","262C Route 130","Bordentown","New Jersey","08505","US","40.139515","-74.708557","+1 855-955-2534"
"ALDI 18 Cornwell Drive","5766132","F367","18 Cornwell Drive","Bridgeton","New Jersey","08302","US","39.4625925","-75.2091615","+1 855-955-2534"
"ALDI 1801 Mount Holly Road","5873465","FL74","1801 Mount Holly Road","Burlington","New Jersey","08016","US","40.056361","-74.844445","+1 855-955-2534"
"ALDI 30 White Horse Pike","5766157","F403","30 White Horse Pike","Collingswood","New Jersey","08107","US","39.9204609","-75.0924049","+1 855-955-2534"
"ALDI 1755 Deptford Center Road","5873463","FL69","1755 Deptford Center Road","Deptford","New Jersey","08096","US","39.827277","-75.09785","+1 855-955-2534"
"ALDI 50 Racetrack Road","5766850","F449","50 Racetrack Road","East Brunswick","New Jersey","08816","US","40.429369","-74.386456","+1 855-955-2534"
"ALDI 2140 Route 27","5766194","F428","2140 Route 27","Edison","New Jersey","08817","US","40.527464","-74.384955","+1 855-955-2534"
"ALDI 1650 N Olden Ave","5766171","F412","1650 North Olden Avenue","Ewing Township","New Jersey","08638","US","40.2460905","-74.76188719999999","+1 855-955-2534"
"ALDI 3681 Route 9","5768122","F471","3681 Route 9","Freehold","New Jersey","07728","US","40.245417","-74.280197","+1 855-955-2534"
"ALDI 812 N. Delsea Dr.","5766118","F357","812 N. Delsea Dr.","Glassboro","New Jersey","08028","US","39.721114","-75.112293","+1 855-955-2534"
"ALDI 492 Main St","5766844","F411","492 Main Street","Hackensack","New Jersey","07601","US","40.8943308","-74.03889649999999","+1 855-955-2534"
"ALDI 215 Mountain Ave","5873453","FL63","215 Mountain Avenue","Hackettstown","New Jersey","07840","US","40.8391973","-74.82256129999999","+1 855-955-2534"
"ALDI 1250 Route 33","5768018","F440","1250 Route 33","Hamilton","New Jersey","08690","US","40.2286022","-74.6648293","+1 855-955-2534"
"ALDI 3020 Route 35","5766126","F389","3020 Route 35","Hazlet","New Jersey","07730","US","40.416862","-74.180932","+1 855-955-2534"
"ALDI 5010 US Highway 9","5766125","F387","5010 US Highway 9","Howell","New Jersey","07731","US","40.129081","-74.223835","+1 855-955-2534"
"ALDI 1705 W. Edgar Road","5766185","F422","1705 West Edgar Road","Linden","New Jersey","07036","US","40.6115655","-74.2525273","+1 855-955-2534"
"ALDI 4 Memorial Dr Ste 1","5766152","F379","4 Memorial Dr Ste 1","Lodi","New Jersey","07644","US","40.87559","-74.08608","+1 855-955-2534"
"ALDI 623 Texas Road","5767668","F467","623 Texas Road","Morganville","New Jersey","07751","US","40.3634857","-74.3020293","+1 855-955-2534"
"ALDI 3105 Route 38","5766144","F397","3105 Route 38","Mount Laurel","New Jersey","08054","US","39.9717103","-74.8758882","+1 855-955-2534"
"ALDI 722 State Route 35 S","5767502","FJ03","722 State Route 35 S","Neptune","New Jersey","07753","US","40.224421","-74.034143","+1 855-955-2534"
"ALDI 6 Van Dyke Avenue","5766174","F414","6 Van Dyke Avenue","New Brunswick","New Jersey","08901","US","40.48446","-74.47584","+1 855-955-2534"
"ALDI 8101 Tonnelle Avenue","5766151","F378","8101 Tonnelle Avenue","North Bergen","New Jersey","07047","US","40.80728","-74.01618","+1 855-955-2534"
"ALDI 1043 Route 9","5767397","F452","1043 Route 9","Old Bridge","New Jersey","08857","US","40.447957","-74.29503","+1 855-955-2534"
"ALDI 1316 US-22","5767146","F454","1316 U.S. 22","Phillipsburg","New Jersey","08865","US","40.6741875","-75.1410313","+1 855-955-2534"
"ALDI 1321 Centennial Avenue","5766164","F385","1321 Centennial Avenue","Piscataway","New Jersey","08854","US","40.55185","-74.4396","+1 855-955-2534"
"ALDI 1300 NJ-17","5767462","F476","1300 NJ-17","Ramsey","New Jersey","07446","US","41.072422","-74.138791","+1 855-955-2534"
"ALDI 212 Route 46 East","5766124","F386","212 Route 46 East","Rockaway","New Jersey","07866","US","40.8896552","-74.5168573","+1 855-955-2534"
"ALDI 600 Cross Keys Road","5767158","F462","600 Cross Keys Road","Sicklerville","New Jersey","08081","US","39.744375","-74.9947532","+1 855-955-2534"
"ALDI 907 Oak Tree Ave","5767590","F388","907 Oak Tree Ave","South Plainfield","New Jersey","07080","US","40.5785261","-74.3891278","+1 855-955-2534"
"ALDI 240 Route 22","5767734","FL61","240 Route 22","Springfield","New Jersey","07081","US","40.686276","-74.322362","+1 855-955-2534"
"ALDI 1102 White Horse Pike","5766220","F444","1102 White Horse Pike","Stratford","New Jersey","08084","US","39.8409672","-75.0178926","+1 855-955-2534"
"ALDI 86 Route 70","5768070","F469","86 Route 70","Toms River","New Jersey","08755","US","40.043227","-74.230265","+1 855-955-2534"
"ALDI 465 Route 46","5767770","F474","465 Route 46","Totowa","New Jersey","07512","US","40.895639","-74.231473","+1 855-955-2534"
"ALDI 4601 Route 42","5766158","F382","4601 Route 42","Turnersville","New Jersey","08012","US","39.744047","-75.0476343","+1 855-955-2534"
"ALDI 1020 Commerce Avenue","5766154","F380","1020 Commerce Avenue","Union","New Jersey","07083","US","40.69983","-74.28126","+1 855-955-2534"
"ALDI 3880 S. Delsea Dr.","5768409","F406","3880 South Delsea Drive","Vineland","New Jersey","08360","US","39.4315897","-75.0411209","+1 855-955-2534"
"ALDI 142 Route 73","5766951","F450","142 Route 73","Voorhees","New Jersey","08043","US","39.833269","-74.925697","+1 855-955-2534"
"ALDI 625 Hamburg Pike","5767182","FE67","625 Hamburg Pike","Wayne","New Jersey","07470","US","40.954605","-74.22059","+1 855-955-2534"
"ALDI 200 State Highway Route 36","5766163","F408","200 State Highway Route 36","West Long Branch","New Jersey","07764","US","40.2962262","-74.0279063","+1 855-955-2534"
"ALDI 450 King Georges Rd","5766130","F390","450 King Georges Road","Woodbridge","New Jersey","07095","US","40.5356967","-74.2984122","+1 855-955-2534"
"ALDI 203 S. Broad Street","5766195","F426","203 South Broad Street","Woodbury","New Jersey","08096","US","39.8352686","-75.15608859999999","+1 855-955-2534"
"ALDI 4030 Maple Rd","5767095","F855","4030 Maple Rd","Amherst","New York","14226","US","42.99198","-78.813391","+1 855-955-2534"
"ALDI 4888 State Hwy 30","5766371","L580","4888 State Hwy 30","Amsterdam","New York","12010","US","42.968464","-74.187947","+1 855-955-2534"
"ALDI 217 Grant Ave","5767989","F811","217 Grant Ave","Auburn","New York","13021","US","42.950006","-76.548582","+1 855-955-2534"
"ALDI 2254 Downer Street","5767354","F829","2254 Downer Street","Baldwinsville","New York","13027","US","43.151034","-76.350122","+1 855-955-2534"
"ALDI 2008 Doubleday Ave","5766353","L561","2008 Doubleday Ave","Ballston Spa","New York","12020","US","43.0109921","-73.84810539","+1 855-955-2534"
"ALDI 587 E. Main St. Suite 200","5767517","F871","587 E. Main St. Suite 200","Batavia","New York","14020","US","42.995825","-78.1633859","+1 855-955-2534"
"ALDI 1851 Sunrise Highway","5757843","L556","1851 Sunrise Highway","Bay Shore","New York","11706","US","40.7384","-73.2364","+1 855-955-2534"
"ALDI 1149 Upper Front Street","5768215","F836","1149 Upper Front Street","Binghamton","New York","13905","US","42.150778","-75.899616","+1 855-955-2534"
"ALDI 3750 McKinley Parkway","5767577","F874","3750 McKinley Parkway","Blasdell","New York","14219","US","42.782121","-78.812518","+1 855-955-2534"
"ALDI 5147 Sunrise Highway","5757935","L653","5147 Sunrise Highway","Bohemia","New York","11716","US","40.764095","-73.094666","+1 855-955-2534"
"ALDI 4899 Lake Road","5767440","F868","4899 Lake Road","Brockport","New York","14420","US","43.194919","-77.945557","+1 855-955-2534"
"ALDI 1750 E Gun Hill Rd, Suite B","5757847","L563","1750 E Gun Hill Rd, Suite B","Bronx","New York","10469","US","40.86433","-73.83457","+1 855-955-2534"
"ALDI 3006 3rd Avenue","5757841","L552","3006 3rd Avenue","Bronx","New York","10455","US","40.8194","-73.91296","+1 855-955-2534"
"ALDI 4720 Third Avenue","5757951","FF28","4720 Third Avenue","Bronx","New York","10458","US","40.859754","-73.89096","+1 855-955-2534"
"ALDI 5532 Broadway","5757838","L549","5532 Broadway","Bronx","New York","10463","US","40.8777","-73.9056","+1 855-955-2534"
"ALDI 845 White Plains Rd","5757955","FF24","845 White Plains Rd","Bronx","New York","10473","US","40.82259","-73.85872","+1 855-955-2534"
"ALDI 1628 Flatbush Avenue","5757946","L647","1628 Flatbush Avenue","Brooklyn","New York","11210","US","40.63092","-73.94649","+1 855-955-2534"
"ALDI 3785 Nostrand Avenue","5757842","L553","3785 Nostrand Avenue","Brooklyn","New York","11235","US","40.59146","-73.94008","+1 855-955-2534"
"ALDI 528 Gateway Drive","5757839","L551","528 Gateway Drive","Brooklyn","New York","11239","US","40.6558","-73.8684","+1 855-955-2534"
"ALDI 535 Morgan Ave.","6340823","FN69","535 Morgan Avenue","Brooklyn","New York","11222","US","40.72273209999999","-73.9393812","+1 855-955-2534"
"ALDI 625 Fulton St.","5757826","FF27","625 Fulton St.","Brooklyn","New York","11201","US","40.688639","-73.979892","+1 855-955-2534"
"ALDI 1820 Sheridan Dr","5767077","F854","1820 Sheridan Dr","Buffalo","New York","14223","US","42.982044","-78.867329","+1 855-955-2534"
"ALDI 2090 Elmwood Ave","5767212","F860","2090 Elmwood Ave","Buffalo","New York","14207","US","42.95432","-78.87984","+1 855-955-2534"
"ALDI 3060 Main St","5767656","F877","3060 Main St","Buffalo","New York","14214","US","42.94856","-78.829681","+1 855-955-2534"
"ALDI 992 Broadway St","5767317","F864","992 Broadway","Buffalo","New York","14212","US","42.8938958","-78.8378642","+1 855-955-2534"
"ALDI 3747 Milton Ave.","5767809","F798","3747 Milton Ave.","Camillus","New York","13031","US","43.051918","-76.26353","+1 855-955-2534"
"ALDI 3138 County Rd 10","5767918","F805","3138 County Rd 10","Canandaigua","New York","14424","US","42.87737","-77.246893","+1 855-955-2534"
"ALDI 3348 Seneca Turnpike","5768130","F824","3348 Seneca Turnpike","Canastota","New York","13032","US","43.068887","-75.754912","+1 855-955-2534"
"ALDI 221 Glen Cove Rd","5757915","FE30","221 Glen Cove Rd","Carle Place","New York","11514","US","40.748227","-73.617447","+1 855-955-2534"
"ALDI 120 Nelson St","5768325","F845","120 Nelson St","Cazenovia","New York","13035","US","42.924472","-75.838748","+1 855-955-2534"
"ALDI 215 Carleton Avenue","5757926","FF21","215 Carleton Avenue","Central Islip","New York","11722","US","40.77048","-73.1992","+1 855-955-2534"
"ALDI 45 Centre Drive","5757910","L641","45 Centre Drive","Central Valley","New York","10917","US","41.312406","-74.133299","+1 855-955-2534"
"ALDI 1685 Walden Avenue","5767350","F865","1685 Walden Avenue","Cheektowaga","New York","14225","US","42.906042","-78.774803","+1 855-955-2534"
"ALDI 5962 State Route 31","5767966","F808","5962 State Route 31","Cicero","New York","13039","US","43.174604","-76.106641","+1 855-955-2534"
"ALDI 1681 RT 9","5766364","L571","1681 RT 9","Clifton Park","New York","12065","US","42.85976","-73.76495","+1 855-955-2534"
"ALDI 1885 Central Avenue","5766407","L623","1885 Central Avenue","Colonie","New York","12205","US","42.73472","-73.8523","+1 855-955-2534"
"ALDI 908 State Route 13","5767640","F876","908 State Route 13","Cortland","New York","13045","US","42.575763","-76.215472","+1 855-955-2534"
"ALDI 4931 Transit Road","5768237","F839","4931 Transit Road","Depew","New York","14043","US","42.879106","-78.695818","+1 855-955-2534"
"ALDI 3878 Vineyard Drive","5767586","L220","3878 Vineyard Drive","Dunkirk","New York","14048","US","42.460423","-79.313915","+1 855-955-2534"
"ALDI 9290-9300 Transit Road","5768271","F850","9290-9300 Transit Road","East Amherst","New York","14051","US","43.021654","-78.697765","+1 855-955-2534"
"ALDI 4000 Jericho Turnpike","5757922","FN66","4000 Jericho Turnpike","East Northport","New York","11731","US","40.83879","-73.31601","+1 855-955-2534"
"ALDI 6633 Manlius Center Road","5768198","F834","6633 Manlius Center Road","East Syracuse","New York","13057","US","43.064153","-76.059771","+1 855-955-2534"
"ALDI 110 W Hudson St","5768247","F841","110 W Hudson St","Elmira","New York","14904","US","42.08439","-76.80383","+1 855-955-2534"
"ALDI 26163 US Route 11","5768076","F819","26163 US Route 11","Evans Mills","New York","13637","US","44.046339","-75.83813","+1 855-955-2534"
"ALDI 6687 Pittsford-Palmyra Road","5767416","F866","6687 Pittsford-Palmyra Road","Fairport","New York","14450","US","43.068459","-77.445686","+1 855-955-2534"
"ALDI 1302 State Route 332","5768205","F835","1302 State Route 332","Farmington","New York","14425","US","42.971888","-77.354683","+1 855-955-2534"
"ALDI 6820 East Genesee Street","5767886","F803","6820 East Genesee Street","Fayetteville","New York","13066","US","43.029967","-76.050854","+1 855-955-2534"
"ALDI 555 South 4th Street","5768331","F810","555 South 4th Street","Fulton","New York","13069","US","43.313865","-76.403884","+1 855-955-2534"
"ALDI 8 Spencerport Rd.","5767180","F859","8 Spencerport Rd.","Gates","New York","14606","US","43.166594","-77.693473","+1 855-955-2534"
"ALDI 4566 Morganview Rd.","5767612","F875","4566 Morganview Rd.","Geneseo","New York","14454","US","42.798846","-77.780301","+1 855-955-2534"
"ALDI 303 Saratoga Road","5767324","L624","303 Saratoga Road","Glenville","New York","12302","US","42.8739","-73.9311","+1 855-955-2534"
"ALDI 38 Great Neck Road","6050596","FN76","38 Great Neck Road","Great Neck","New York","11021","US","40.7855911","-73.72674230000001","+1 855-955-2534"
"ALDI 3600 Mt. Read Boulevard","5767252","F861","3600 Mt. Read Boulevard","Greece","New York","14616","US","43.224817","-77.65765","+1 855-955-2534"
"ALDI 714 Long Pond Road","5768181","F831","714 Long Pond Road","Greece","New York","14612","US","43.25075","-77.695836","+1 855-955-2534"
"ALDI 5999 South Park Ave.","5768282","F851","5999 South Park Ave.","Hamburg","New York","14075","US","42.732803","-78.826529","+1 855-955-2534"
"ALDI 280 Peninsula Boulevard","5757945","FF20","280 Peninsula Boulevard","Hempstead","New York","11550","US","40.70565","-73.62411","+1 855-955-2534"
"ALDI 1191 County Rd 66","5768000","F812","1191 County Rd 66","Hornell","New York","14843","US","42.3667","-77.6726","+1 855-955-2534"
"ALDI 1700 County Route 64","5768257","F842","1700 County Route 64","Horseheads","New York","14845","US","42.159169","-76.859744","+1 855-955-2534"
"ALDI 157 Fairview Ave","5757921","L560","157 Fairview Ave","Hudson","New York","12534","US","42.254713","-73.767499","+1 855-955-2534"
"ALDI 166 Central Avenue","5768084","F821","166 Central Avenue","Ilion","New York","13357","US","43.018901","-75.031364","+1 855-955-2534"
"ALDI 2194 Hudson Avenue","5767153","F858","2194 Hudson Avenue","Irondequoit","New York","14617","US","43.208782","-77.600389","+1 855-955-2534"
"ALDI 2309 North Triphammer Rd","5768424","F840","2309 North Triphammer Rd","Ithaca","New York","14850","US","42.4832015","-76.4822585","+1 855-955-2534"
"ALDI 505 Third St.","5767903","F804","505 Third St.","Ithaca","New York","14850","US","42.449439","-76.507009","+1 855-955-2534"
"ALDI 92-29 168th Street","5757924","L652","92-29 168th Street","Jamaica","New York","11433","US","40.705562","-73.791652","+1 855-955-2534"
"ALDI 930 Fairmount Avenue","5767597","L221","930 Fairmount Avenue","Jamestown","New York","14701","US","42.098785","-79.289841","+1 855-955-2534"
"ALDI 560 Harry L Dr Ste 50","5768291","F852","560 Harry L Dr Ste 50","Johnson City","New York","13790","US","42.123094","-75.969961","+1 855-955-2534"
"ALDI 266 North Comrie Avenue","5766348","L554","266 North Comrie Avenue","Johnstown","New York","12095","US","43.01626","-74.36124","+1 855-955-2534"
"ALDI 767-795 E Chester St","5757837","L550","767-795 E Chester St","Kingston","New York","12401","US","41.958687","-73.991447","+1 855-955-2534"
"ALDI 139 Alexander Avenue","5757844","L557","139 Alexander Avenue","Lake Grove","New York","11755","US","40.86615","-73.13316","+1 855-955-2534"
"ALDI 147 Ronkonkoma Avenue","5757797","FN73","147 Ronkonkoma Avenue","Lake Ronkonkoma","New York","11779","US","40.824438","-73.110731","+1 855-955-2534"
"ALDI 481 Park Avenue","5757846","L559","481 Park Avenue","Lindenhurst","New York","11757","US","40.68619","-73.35274","+1 855-955-2534"
"ALDI 3942 St. Rt. 31","5768095","F822","3942 St. Rt. 31","Liverpool","New York","13090","US","43.18361","-76.239139","+1 855-955-2534"
"ALDI 7421 Oswego Rd","5768175","F830","7421 Oswego Rd","Liverpool","New York","13090","US","43.127917","-76.220397","+1 855-955-2534"
"ALDI 601 South Transit","5767270","F862","601 South Transit","Lockport","New York","14094","US","43.151971","-78.697745","+1 855-955-2534"
"ALDI 20 State Route 31","5767840","F800","20 State Route 31","Lyons","New York","14489","US","43.059469","-77.002221","+1 855-955-2534"
"ALDI 3324 State Route 11","5767780","F796","3324 State Route 11","Malone","New York","12953","US","44.846562","-74.318153","+1 855-955-2534"
"ALDI 2 Malby Ave","5768062","F820","2 Malby Ave","Massena","New York","13662","US","44.927307","-74.876851","+1 855-955-2534"
"ALDI 2799 Route 112","5757777","FF19","2799 Route 112","Medford","New York","11763","US","40.824984","-72.993339","+1 855-955-2534"
"ALDI 11248 Maple Ridge Road","5768187","F832","11248 Maple Ridge Road","Medina","New York","14103","US","43.206287","-78.395688","+1 855-955-2534"
"ALDI 341 State Route 211 East","5757875","L600","341 State Route 211 East","Middletown","New York","10940","US","41.4559","-74.39034","+1 855-955-2534"
"ALDI 121 Broadway","5757872","L599","121 Broadway","Monticello","New York","12701","US","41.65148","-74.67678","+1 855-955-2534"
"ALDI 195 East Route 59","5757942","L555","195 East Route 59","Nanuet","New York","10954","US","41.09436","-74.00378","+1 855-955-2534"
"ALDI 8432 Seneca Turnpike","5768143","F825","8432 Seneca Turnpike","New Hartford","New York","13413","US","43.082006","-75.325863","+1 855-955-2534"
"ALDI 311 West 42nd Street","5873430","FT33","311 West 42nd Street","New York","New York","10036","US","40.7577483","-73.9904066","+1 855-955-2534"
"ALDI 517 East 117th Street","5757835","L546","517 East 117th Street","New York","New York","10035","US","40.79568","-73.93243","+1 855-955-2534"
"ALDI 13 Rte 17K","5757890","L615","13 Rte 17K","Newburgh","New York","12550","US","41.50293","-74.05197","+1 855-955-2534"
"ALDI 6035 Porter Road","5767291","F863","6035 Porter Road","Niagara Falls","New York","14305","US","43.106579","-78.992735","+1 855-955-2534"
"ALDI 1261 Deer Park Ave","5757927","L643","1261 Deer Park Ave","North Babylon","New York","11703","US","40.73907","-73.31863","+1 855-955-2534"
"ALDI 3512 Brewerton Rd.","5767869","F802","3512 Brewerton Rd.","North Syracuse","New York","13212","US","43.113976","-76.145282","+1 855-955-2534"
"ALDI 3939 Niagara Falls Blvd","5767483","F870","3939 Niagara Falls Blvd","North Tonawanda","New York","14120","US","43.055406","-78.826757","+1 855-955-2534"
"ALDI 6134 State Hwy 12","5767188","F846","6134 State Hwy 12","Norwich","New York","13815","US","42.55015","-75.524789","+1 855-955-2534"
"ALDI 1101 Park Street","5768032","F815","1101 Park Street","Ogdensburg","New York","13669","US","44.693033","-75.472994","+1 855-955-2534"
"ALDI 2731 West State Street","5767568","L219","2731 West State Street","Olean","New York","14760","US","42.076375","-78.461766","+1 855-955-2534"
"ALDI 763 State Highway 28","5768268","F847","763 State Highway 28","Oneonta","New York","13820","US","42.447995","-75.052216","+1 855-955-2534"
"ALDI 1903 State Route 104","5873425","FG97","1903 State Route 104","Ontario","New York","14519","US","43.227818","-77.288679","+1 855-955-2534"
"ALDI 3366 Orchard Park Road","5768273","FE81","3366 Orchard Park Road","Orchard Park","New York","14127","US","42.795522","-78.752248","+1 855-955-2534"
"ALDI 290 State Route 104","5768012","F813","290 State Route 104","Oswego","New York","13126","US","43.46113","-76.47867","+1 855-955-2534"
"ALDI 1150 State Route 17C","5768157","FG93","1150 State Route 17C","Owego","New York","13827","US","42.098608","-76.235646","+1 855-955-2534"
"ALDI 3133 Silverback Lane","5768260","F843","3133 Silverback Lane","Painted Post","New York","14870","US","42.153291","-77.105223","+1 855-955-2534"
"ALDI 367 Sunrise Highway","5757840","L547","367 Sunrise Highway","Patchogue","New York","11772","US","40.77709","-73.0321","+1 855-955-2534"
"ALDI 2208 Penfield Road","5768294","F853","2208 Penfield Road","Penfield","New York","14526","US","43.131209","-77.438251","+1 855-955-2534"
"ALDI 204 Liberty Street","5768167","F828","204 Liberty Street","Penn Yan","New York","14527","US","42.659059","-77.056537","+1 855-955-2534"
"ALDI 328 Cornelia Street","5767764","F795","328 Cornelia Street","Plattsburgh","New York","12901","US","44.698706","-73.481145","+1 855-955-2534"
"ALDI 7495 US Highway Route 11","5767827","F799","7495 US Highway Route 11","Potsdam","New York","13676","US","44.66628","-75.028015","+1 855-955-2534"
"ALDI 3863 Rome Road","5768054","F817","3863 Rome Road","Pulaski","New York","13142","US","43.559239","-76.121769","+1 855-955-2534"
"ALDI 763 Glen Street","5766354","L562","763 Glen Street","Queensbury","New York","12804","US","43.32922356","-73.67191245","+1 855-955-2534"
"ALDI 61-11 Junction Boulevard","5757834","L545","61-11 Junction Boulevard","Rego Park","New York","11374","US","40.73338","-73.86259","+1 855-955-2534"
"ALDI 500 N Greenbush Rd","5768313","FE83","500 N Greenbush Rd","Rensselaer","New York","12144","US","42.65679","-73.69403","+1 855-955-2534"
"ALDI 1773 Old Country Road","5757845","L558","1773 Old Country Road","Riverhead","New York","11901","US","40.92395","-72.7034","+1 855-955-2534"
"ALDI 1733 E Ridge Road","5768129","FG95","1733 E Ridge Road","Rochester","New York","14622","US","43.200196","-77.570629","+1 855-955-2534"
"ALDI 175 North Winton Road","5768222","F848","175 North Winton Road","Rochester","New York","14610","US","43.147895","-77.554619","+1 855-955-2534"
"ALDI 1925 S Clinton Ave","5768147","FG92","1925 S Clinton Ave","Rochester","New York","14618","US","43.121485","-77.594917","+1 855-955-2534"
"ALDI 3170 Chili Ave Ste T3","5767902","F849","3170 Chili Ave Ste T3","Rochester","New York","14624","US","43.10826","-77.746629","+1 855-955-2534"
"ALDI 400 Lake Avenue","5768023","F814","400 Lake Avenue","Rochester","New York","14608","US","43.171838","-77.627037","+1 855-955-2534"
"ALDI 615 Jefferson Rd","5767114","F856","615 Jefferson Rd","Rochester","New York","14623","US","43.086337","-77.627242","+1 855-955-2534"
"ALDI 75 Route 25A","5757948","FF22","75 Route 25A","Rocky Point","New York","11778","US","40.9456","-72.95893","+1 855-955-2534"
"ALDI 205 S. Madison St.","5767950","F807","205 S. Madison St.","Rome","New York","13440","US","43.211689","-75.464565","+1 855-955-2534"
"ALDI 3075 Broadway","5768434","L578","3075 Broadway","Rotterdam","New York","12306","US","42.790834","-73.979789","+1 855-955-2534"
"ALDI 587 Lake Flower Ave","5768190","F833","587 Lake Flower Ave","Saranac Lake","New York","12983","US","44.312485","-74.114939","+1 855-955-2534"
"ALDI 3 Marketplace Rd","5767063","L593","3 Marketplace Rd","Saratoga Springs","New York","12866","US","43.106397","-73.744656","+1 855-955-2534"
"ALDI 614 Middle Country Road","5757836","L548","614 Middle Country Road","Selden","New York","11784","US","40.86697","-73.0329","+1 855-955-2534"
"ALDI 2065 Routes 5 & 20","5768107","F823","2065 Routes 5 & 20","Seneca Falls","New York","13148","US","42.90475","-76.8283","+1 855-955-2534"
"ALDI 855 Montauk Highway","5757950","L645","855 Montauk Highway","Shirley","New York","11967","US","40.802722","-72.867099","+1 855-955-2534"
"ALDI 175 South Cascade Drive","5768230","F838","175 South Cascade Drive","Springville","New York","14141","US","42.50482","-78.69102","+1 855-955-2534"
"ALDI 3285 Richmond Avenue","5757949","FF23","3285 Richmond Avenue","Staten Island","New York","10312","US","40.55782","-74.16885","+1 855-955-2534"
"ALDI 430 New Dorp Lane","5757939","FN63","430 New Dorp Lane","Staten Island","New York","10306","US","40.568999","-74.109039","+1 855-955-2534"
"ALDI 156 South Liberty Drive","5757884","L609","156 South Liberty Drive","Stony Point","New York","10980","US","41.21757","-73.98451","+1 855-955-2534"
"ALDI 1055 West Genesee Street","5767977","F809","1055 West Genesee Street","Syracuse","New York","13204","US","43.05338","-76.172837","+1 855-955-2534"
"ALDI 2015 Erie Blvd.","5768046","F816","2015 Erie Blvd.","Syracuse","New York","13224","US","43.052457","-76.114511","+1 855-955-2534"
"ALDI 6111 S. Salina Street","5767791","F797","6111 S. Salina Street","Syracuse","New York","13205","US","42.982095","-76.141741","+1 855-955-2534"
"ALDI 662 Hoosick Road","5768050","FE49","662 Hoosick Road","Troy","New York","12180","US","42.7415763","-73.6498222","+1 855-955-2534"
"ALDI 121 Herkimer Road","5767166","F827","121 Herkimer Road","Utica","New York","13502","US","43.116188","-75.207702","+1 855-955-2534"
"ALDI 750 Sunrise Highway","5757916","L640","750 Sunrise Highway","Valley Stream","New York","11581","US","40.663552","-73.726443","+1 855-955-2534"
"ALDI 134 Vestal Parkway West","5768223","F837","134 Vestal Parkway West","Vestal","New York","13850","US","42.086723","-76.0547","+1 855-955-2534"
"ALDI 1830 South Road","5757885","L614","1830 South Road","Wappingers Falls","New York","12590","US","41.61643","-73.91531","+1 855-955-2534"
"ALDI 1165 Arsenal St.","5767933","F806","1165 Arsenal St.","Watertown","New York","13601","US","43.97634","-75.941516","+1 855-955-2534"
"ALDI 915 Ridge Rd.","5767552","F873","915 Ridge Rd.","Webster","New York","14580","US","43.206836","-77.465806","+1 855-955-2534"
"ALDI 14 N. Broad St","5768078","F818","14 N. Broad St","West Carthage","New York","13619","US","43.968972","-75.623626","+1 855-955-2534"
"ALDI 1980 Ridge Road","5767539","F872","1980 Ridge Road","West Seneca","New York","14224","US","42.830512","-78.781751","+1 855-955-2534"
"ALDI 865 Harlem Rd","5767136","F857","865 Harlem Rd","West Seneca","New York","14224","US","42.866618","-78.786098","+1 855-955-2534"
"ALDI 4259 Transit Rd.","5767471","F869","4259 Transit Rd.","Williamsville","New York","14221","US","42.963704","-78.694866","+1 855-955-2534"
"ALDI 5435 Sheridan Drive","5768065","F867","5435 Sheridan Drive","Williamsville","New York","14221","US","42.9768809","-78.7337159","+1 855-955-2534"
"ALDI 315 Oriskany Blvd","5768150","F826","315 Oriskany Blvd","Yorkville","New York","13495","US","43.112897","-75.276257","+1 855-955-2534"
"ALDI 156 W. Browning Road","5766138","F371","156 West Browning Road","Bellmawr","NJ","08031","US","39.86576","-75.086826","+1 855-955-2534"
"ALDI 433 S. Washington Ave.","5767689","F479","433 South Washington Avenue","Bergenfield","NJ","07621","US","40.91368976","-73.99651431","+1 855-955-2534"
"ALDI 235 Ridgedale Avenue","6252073","FU02","235 Ridgedale Avenue","Cedar Knolls","NJ","07927","US","40.8089604","-74.457875","+1 855-955-2534"
"ALDI 56 Lakeview Avenue","5766162","F384","56 Lakeview Avenue","Clifton","NJ","07011","US","40.8769422","-74.1370266","+1 855-955-2534"
"ALDI 327 Mount Hope Ave","6278421","FL71","327 Mount Hope Avenue","Dover","NJ","07866","US","40.90788463","-74.5487992","+1 855-955-2534"
"ALDI 6028 Black Horse Pike","5766819","F427","6028 Black Horse Pike","Egg Harbor Township","NJ","08234","US","39.4373577","-74.6133584","+1 855-955-2534"
"ALDI 325 US 202","5768001","F456","325 U.S. 202","Flemington","NJ","08822","US","40.50609549","-74.84831466","+1 855-955-2534"
"ALDI 277 Eisenhower Pkwy","5767531","F466","277 Eisenhower Parkway","Livingston","NJ","07039","US","40.79859","-74.343927","+1 855-955-2534"
"ALDI 3201 Route 9 S","5766178","F416","3201 Route 9 South","Rio Grande","NJ","08242","US","39.016754","-74.876934","+1 855-955-2534"
"ALDI 179 Newman Springs Rd","5768274","FE65","179 Newman Springs Road","Shrewsbury","NJ","07702","US","40.3365859","-74.0721718","+1 855-955-2534"
"ALDI 425 New Road","6225648","FJ06","425 New Road","Somers Point","NJ","08244","US","39.3260863","-74.6000898","+1 855-955-2534"
"ALDI 2735 S. Broad Street","5766117","F356","2735 South Broad Street","Trenton","NJ","08610","US","40.189949","-74.712948","+1 855-955-2534"
"ALDI 1500 North Sandhills Blvd","5767708","F980","1500 North Sandhills Blvd","Aberdeen","North Carolina","28315","US","35.151852","-79.416224","+1 855-955-2534"
"ALDI 1920 E. Main Street","5767093","F883","1920 E. Main Street","Albemarle","North Carolina","28001","US","35.347837","-80.163768","+1 855-955-2534"
"ALDI 1770 West Williams Street","5766871","F981","1770 West Williams Street","Apex","North Carolina","27523","US","35.759419","-78.874874","+1 855-955-2534"
"ALDI 330 Airport Road","5766721","L947","330 Airport Road","Arden","North Carolina","28704","US","35.450624","-82.528661","+1 855-955-2534"
"ALDI 1318 E. Dixie Dr.","5767210","F916","1318 E. Dixie Dr.","Asheboro","North Carolina","27203","US","35.696705","-79.787776","+1 855-955-2534"
"ALDI 1344 Patton Avenue","5766718","L946","1344 Patton Avenue","Asheville","North Carolina","28806","US","35.5832","-82.604392","+1 855-955-2534"
"ALDI 480 Swannanoa River Road","5757905","L949","480 Swannanoa River Road","Asheville","North Carolina","28805","US","35.577946","-82.511248","+1 855-955-2534"
"ALDI 6402 Wilkinson Blvd.","5767127","F885","6402 Wilkinson Blvd.","Belmont","North Carolina","28012","US","35.251557","-81.045902","+1 855-955-2534"
"ALDI 165 Asheville Hwy","5768042","L956","165 Asheville Hwy","Brevard","North Carolina","28712","US","35.245162","-82.724219","+1 855-955-2534"
"ALDI 1801 South Church Street","5767294","F938","1801 South Church Street","Burlington","North Carolina","27215","US","36.085061","-79.460126","+1 855-955-2534"
"ALDI 225 Dogwood Tree Ln","6048570","FO70","225 Dogwood Tree Lane","Cary","North Carolina","27519","US","35.8239784","-78.9008278","+1 855-955-2534"
"ALDI 2303 NW Maynard Road","6048568","FO69","2303 Northwest Maynard Road","Cary","North Carolina","27513","US","35.8028123","-78.78623259999999","+1 855-955-2534"
"ALDI 10629 Park Rd.","5767657","F967","10629 Park Rd.","Charlotte","North Carolina","28210","US","35.092227","-80.86848","+1 855-955-2534"
"ALDI 10710 South Tryon Street","5767015","F878","10710 South Tryon Street","Charlotte","North Carolina","28273","US","35.120145","-80.955977","+1 855-955-2534"
"ALDI 2526 Freedom Drive","5767520","F951","2526 Freedom Drive","Charlotte","North Carolina","28208","US","35.237094","-80.8804","+1 855-955-2534"
"ALDI 4006 Connection Point Blvd","5766993","F931","4006 Connection Point Blvd","Charlotte","North Carolina","28212","US","35.185057","-80.761388","+1 855-955-2534"
"ALDI 4120 Sunset Road","5767198","F892","4120 Sunset Road","Charlotte","North Carolina","28216","US","35.304218","-80.85926","+1 855-955-2534"
"ALDI 5550 Old Pineville Road","5767511","F950","5550 Old Pineville Road","Charlotte","North Carolina","28217","US","35.164496","-80.878811","+1 855-955-2534"
"ALDI 5817 Prosperity Church Road","5767175","F890","5817 Prosperity Church Road","Charlotte","North Carolina","28269","US","35.372513","-80.786123","+1 855-955-2534"
"ALDI 6454 Albemarle Road","5767534","F952","6454 Albemarle Road","Charlotte","North Carolina","28212","US","35.201283","-80.734521","+1 855-955-2534"
"ALDI 9609 N Tryon Street","5766172","FE86","9609 N Tryon Street","Charlotte","North Carolina","28262","US","35.317152","-80.738959","+1 855-955-2534"
"ALDI 2455 Market Center Dr","5768251","F954","2455 Market Center Dr","Clemmons","North Carolina","27012","US","36.0322541","-80.3828114","+1 855-955-2534"
"ALDI 961 Concord Parkway South","5767581","F958","961 Concord Parkway South","Concord","North Carolina","28027","US","35.392457","-80.62107","+1 855-955-2534"
"ALDI 18027 Liath Way","5767272","F982","18027 Liath Way","Cornelius","North Carolina","28031","US","35.482107","-80.883856","+1 855-955-2534"
"ALDI 7208 NC 73 Hwy.","5767100","F910","7208 NC 73 Hwy.","Denver","North Carolina","28037","US","35.447723","-81.003781","+1 855-955-2534"
"ALDI 3805 Conlon Way","5766882","FC74","3805 Conlon Way","Elizabeth City","North Carolina","27909","US","36.2946327","-76.2903141","+1 855-955-2534"
"ALDI 4920 Raeford Road","5767276","F898","4920 Raeford Road","Fayetteville","North Carolina","28304","US","35.043885","-78.959471","+1 855-955-2534"
"ALDI 5201 Ramsey Street","5767289","F937","5201 Ramsey Street","Fayetteville","North Carolina","28311","US","35.131102","-78.878878","+1 855-955-2534"
"ALDI 7640 South Raeford Road","5768317","F964","7640 South Raeford Road","Fayetteville","North Carolina","28304","US","35.027603","-79.050437","+1 855-955-2534"
"ALDI 1916 College Ave","5767610","F960","1916 College Ave","Forest City","North Carolina","28043","US","35.339023","-81.904711","+1 855-955-2534"
"ALDI 1320 Siler Road","5768014","FE33","1320 Siler Road","Franklin","North Carolina","28734","US","35.164397","-83.37161","+1 855-955-2534"
"ALDI 1375 North Main Street","5767112","F884","1375 North Main Street","Fuquay Varina","North Carolina","27526","US","35.592701","-78.775827","+1 855-955-2534"
"ALDI 2108 Union Road","5767310","F940","2108 Union Road","Gastonia","North Carolina","28054","US","35.234428","-81.169528","+1 855-955-2534"
"ALDI 3201 East Franklin Blvd","5767694","F922","3201 East Franklin Blvd","Gastonia","North Carolina","28056","US","35.2587259","-81.1242612","+1 855-955-2534"
"ALDI 1203 N Berkeley Blvd","5767887","FC82","1203 N Berkeley Blvd","Goldsboro","North Carolina","27534","US","35.381822","-77.931422","+1 855-955-2534"
"ALDI 1507 New Garden Rd.","5767696","F974","1507 New Garden Rd.","Greensboro","North Carolina","27410","US","36.110806","-79.883135","+1 855-955-2534"
"ALDI 2920 Randleman Rd.","5767308","F900","2920 Randleman Rd.","Greensboro","North Carolina","27406","US","36.016402","-79.805674","+1 855-955-2534"
"ALDI 2965 Battleground Ave","5768148","F977","2965 Battleground Ave","Greensboro","North Carolina","27408","US","36.1138378","-79.8384527","+1 855-955-2534"
"ALDI 4222 W Gate City Boulevard","5767162","F888","4222 W Gate City Boulevard","Greensboro","North Carolina","27407","US","36.036996","-79.863517","+1 855-955-2534"
"ALDI 4515 East 10th St.","5767090","FC61","4515 East 10th St.","Greenville","North Carolina","27858","US","35.581737","-77.305685","+1 855-955-2534"
"ALDI 3891 Main St.","5767075","F908","3891 Main St.","Harrisburg","North Carolina","28075","US","35.32427","-80.643573","+1 855-955-2534"
"ALDI 160 Dabney Road","5767279","FC76","160 Dabney Road","Henderson","North Carolina","27537","US","36.3385385","-78.4407319","+1 855-955-2534"
"ALDI 110 Duncan Hill Road","5766710","L945","110 Duncan Hill Road","Hendersonville","North Carolina","28792","US","35.332078","-82.449917","+1 855-955-2534"
"ALDI 1545 8th Street Drive SE","5767381","F944","1545 8th Street Drive SE","Hickory","North Carolina","28602","US","35.706612","-81.31079","+1 855-955-2534"
"ALDI 2651 S. Main Street","5767638","F961","2651 S. Main Street","High Point","North Carolina","27263","US","35.927683","-79.986956","+1 855-955-2534"
"ALDI 3306 N. Main St.","5767371","F903","3306 N. Main St.","High Point","North Carolina","27265","US","36.004023","-80.036616","+1 855-955-2534"
"ALDI 2010 NC Hwy 86 South","5767805","F983","2010 NC Hwy 86 South","Hillsborough","North Carolina","27278","US","36.05576","-79.07964","+1 855-955-2534"
"ALDI 7400 GB Alford Hwy","5767328","F971","7400 GB Alford Hwy","Holly Springs","North Carolina","27540","US","35.633536","-78.828441","+1 855-955-2534"
"ALDI 14126 S Statesville Rd","5767117","F973","14126 S Statesville Rd","Huntersville","North Carolina","28078","US","35.40934","-80.85452","+1 855-955-2534"
"ALDI 5704 W. Hwy 74","5767637","F965","5704 W. Hwy 74","Indian Trail","North Carolina","28079","US","35.063294","-80.634915","+1 855-955-2534"
"ALDI 2721 Richlands Hwy","5767072","FC86","2721 Richlands Hwy","Jacksonville","North Carolina","28540","US","34.754","-77.460723","+1 855-955-2534"
"ALDI 4150 Western Blvd.","5767108","FC62","4150 Western Blvd.","Jacksonville","North Carolina","28546","US","34.799863","-77.414123","+1 855-955-2534"
"ALDI 600 S. Cannon Blvd.","5767438","F947","600 S. Cannon Blvd.","Kannapolis","North Carolina","28083","US","35.486149","-80.611922","+1 855-955-2534"
"ALDI 819 S. Main St. Suite D","5767254","F897","819 S. Main St. Suite D","Kernersville","North Carolina","27284","US","36.110181","-80.086926","+1 855-955-2534"
"ALDI 4120 W. Vernon Ave.","5767567","FE07","4120 W. Vernon Ave.","Kinston","North Carolina","28504","US","35.26085","-77.6452","+1 855-955-2534"
"ALDI 9410 Ploof Rd. SE","5768245","FC60","9410 Ploof Rd. SE","Leland","North Carolina","28451","US","34.215334","-78.018894","+1 855-955-2534"
"ALDI 205 Wilkesboro Blvd - NE","5767037","F880","205 Wilkesboro Blvd - NE","Lenoir","North Carolina","28645","US","35.91668","-81.52111","+1 855-955-2534"
"ALDI 101 N. Talbert Blvd.","5767425","F946","101 N. Talbert Blvd.","Lexington","North Carolina","27292","US","35.815358","-80.245091","+1 855-955-2534"
"ALDI 529 North Generals Blvd.","5767412","F945","529 North Generals Blvd.","Lincolnton","North Carolina","28092","US","35.493178","-81.247129","+1 855-955-2534"
"ALDI 3725 Fayetteville Road","5767113","F912","3725 Fayetteville Road","Lumberton","North Carolina","28358","US","34.644276","-78.998908","+1 855-955-2534"
"ALDI 555 West John Street","5767071","F881","555 West John Street","Matthews","North Carolina","28105","US","35.120963","-80.728977","+1 855-955-2534"
"ALDI 8000 Blair Rd. Unit B","5767058","F906","8000 Blair Rd. Unit B","Mint Hill","North Carolina","28227","US","35.180234","-80.646142","+1 855-955-2534"
"ALDI 1404 W Roosevelt Blvd","5767349","F942","1404 W Roosevelt Blvd","Monroe","North Carolina","28110","US","34.997241","-80.543649","+1 855-955-2534"
"ALDI 132 E. Plaza Dr.","5767232","F918","132 E. Plaza Dr.","Mooresville","North Carolina","28115","US","35.58794","-80.835811","+1 855-955-2534"
"ALDI 528 West Fleming Dr.","5767318","F901","528 West Fleming Dr.","Morganton","North Carolina","28655","US","35.73312","-81.68996","+1 855-955-2534"
"ALDI 1215 State Street","5766877","F976","1215 State Street","Mount Airy","North Carolina","27030","US","36.477819","-80.619379","+1 855-955-2534"
"ALDI 723 US Hwy 74E","5767394","F904","723 US Hwy 74E","Rockingham","North Carolina","28379","US","34.916948","-79.734151","+1 855-955-2534"
"ALDI 1237 Jeffreys Road","5767356","FC69","1237 Jeffreys Road","Rocky Mount","North Carolina","27804","US","35.9772744","-77.8062493","+1 855-955-2534"
"ALDI 115 South Avalon Drive","5767547","F953","115 South Avalon Drive","Salisbury","North Carolina","28146","US","35.649405","-80.457411","+1 855-955-2534"
"ALDI 920 Jake Alexander Blvd. W.","5767686","F972","920 Jake Alexander Blvd. W.","Salisbury","North Carolina","28147","US","35.669567","-80.498831","+1 855-955-2534"
"ALDI 2903 South Horner Boulevard","5767914","F926","2903 South Horner Boulevard","Sanford","North Carolina","27332","US","35.454607","-79.137254","+1 855-955-2534"
"ALDI 413 Earl Road","5767592","F959","413 Earl Road","Shelby","North Carolina","28150","US","35.277905","-81.53528","+1 855-955-2534"
"ALDI 125 North Pointe Blvd.","5767143","F887","125 North Pointe Blvd.","Statesville","North Carolina","28625","US","35.815412","-80.878817","+1 855-955-2534"
"ALDI 1033 Randolph St Ste 1A","5767336","F902","1033 Randolph St Ste 1A","Thomasville","North Carolina","27360","US","35.864537","-80.070935","+1 855-955-2534"
"ALDI 2132 South Main St.","6048563","FO61","2132 South Main Street","Wake Forest","North Carolina","27587","US","35.9483991","-78.535511","+1 855-955-2534"
"ALDI 2909 S. Providence Road","5767329","F882","2909 S. Providence Road","Waxhaw","North Carolina","28173","US","34.961004","-80.760292","+1 855-955-2534"
"ALDI 58 Weaver Blvd","5766727","L948","58 Weaver Blvd","Weaverville","North Carolina","28787","US","35.702768","-82.563825","+1 855-955-2534"
"ALDI 1915 US Hwy 421","5767733","F889","1915 US Hwy 421","Wilkesboro","North Carolina","28697","US","36.14856","-81.199454","+1 855-955-2534"
"ALDI 3701 S. College Rd.","5767387","FE08","3701 S. College Rd.","Wilmington","North Carolina","28412","US","34.174812","-77.890396","+1 855-955-2534"
"ALDI 7954 Market St","5767047","FC85","7954 Market St","Wilmington","North Carolina","28411","US","34.2900284","-77.8002985","+1 855-955-2534"
"ALDI 2106 Forest Hills Road West","5767125","FC79","2106 Forest Hills Road West","Wilson","North Carolina","27893","US","35.72885","-77.9507","+1 855-955-2534"
"ALDI 2715 Peters Creek Parkway","5767499","F949","2715 Peters Creek Parkway","Winston-Salem","North Carolina","27127","US","36.054194","-80.25842","+1 855-955-2534"
"ALDI 5622 W Hanes Mill Rd","5767564","F957","5622 W Hanes Mill Rd","Winston-Salem","North Carolina","27105","US","36.17384","-80.278431","+1 855-955-2534"
"ALDI 655 S. Square Drive","5767149","FC80","655 S. Square Drive","Winterville","North Carolina","28590","US","35.55631","-77.4059","+1 855-955-2534"
"ALDI 3760 51st Avenue S.","5767244","L538","3760 51st Avenue S.","Fargo","North Dakota","58104","US","46.805213","-96.843868","+1 855-955-2534"
"ALDI 4303 13th Avenue South","5767867","L433","4303 13th Avenue South","Fargo","North Dakota","58103","US","46.86344355","-96.85421057","+1 855-955-2534"
"ALDI 2771 32nd Avenue S","5767477","L537","2771 32nd Avenue S","Grand Forks","North Dakota","58201","US","47.88782","-97.06896","+1 855-955-2534"
"ALDI 3988 Hempstead Turnpike","5757789","FN62","3988 Hempstead Turnpike","Bethpage","NY","11714","US","40.72405945","-73.48867318","+1 855-955-2534"
"ALDI 1210 S. Main. St.","6311947","FL43","1210 South Main Street","Bryan","OH","43506","US","41.46083582","-84.55274065","+1 855-955-2534"
"ALDI 1333 South Arlington St","5768028","F658","1333 South Arlington St","Akron","Ohio","44306","US","41.036307","-81.490562","+1 855-955-2534"
"ALDI 1620 Brittain Road","5768006","F655","1620 Brittain Road","Akron","Ohio","44310","US","41.107205","-81.467458","+1 855-955-2534"
"ALDI 1890 W Market St Ste 200","5768248","FG70","1890 W Market St Ste 200","Akron","Ohio","44313","US","41.110984","-81.576176","+1 855-955-2534"
"ALDI 2100 Romig Road","5768068","F663","2100 Romig Road","Akron","Ohio","44320","US","41.056587","-81.582705","+1 855-955-2534"
"ALDI 2981 S Arlington Rd","5766218","FG76","2981 S Arlington Rd","Akron","Ohio","44312","US","40.990402","-81.491525","+1 855-955-2534"
"ALDI 772 S. Main St.","5767862","F639","772 S. Main St.","Akron","Ohio","44311","US","41.067321","-81.526411","+1 855-955-2534"
"ALDI 2150 W. State St","5766423","F690","2150 W. State St","Alliance","Ohio","44601","US","40.90136","-81.141819","+1 855-955-2534"
"ALDI 1386 State Route 125","5873423","FG35","1386 State Route 125","Amelia","Ohio","45102","US","39.038636","-84.231727","+1 855-955-2534"
"ALDI 2241 Kresge Drive","5766416","F685","2241 Kresge Drive","Amherst","Ohio","44001","US","41.415545","-82.206856","+1 855-955-2534"
"ALDI 1033 Commerce Parkway","5768010","F656","1033 Commerce Parkway","Ashland","Ohio","44805","US","40.857871","-82.270766","+1 855-955-2534"
"ALDI 3124 North Ridge East","5767911","F643","3124 North Ridge East","Ashtabula","Ohio","44004","US","41.877812","-80.754654","+1 855-955-2534"
"ALDI 932 E State St","5767819","F496","932 E State St","Athens","Ohio","45701","US","39.3373","-82.0659","+1 855-955-2534"
"ALDI 7050 Aurora Road","5768155","F674","7050 Aurora Road","Aurora","Ohio","44202","US","41.356355","-81.388302","+1 855-955-2534"
"ALDI 5863 Mahoning Avenue","5768075","F664","5863 Mahoning Avenue","Austintown","Ohio","44515","US","41.0989","-80.772273","+1 855-955-2534"
"ALDI 35920 Chester Road","5768144","F673","35920 Chester Road","Avon","Ohio","44011","US","41.468028","-82.018597","+1 855-955-2534"
"ALDI 2451 Lakeview Dr","5766331","F551","2451 Lakeview Dr","Beavercreek","Ohio","45431","US","39.758833","-84.052248","+1 855-955-2534"
"ALDI 2175 US Highway 68 S","5767954","F512","2175 US Highway 68 S","Bellefontaine","Ohio","43311","US","40.33007","-83.76062","+1 855-955-2534"
"ALDI 6600 South Avenue","5768087","F665","6600 South Avenue","Boardman","Ohio","44512","US","41.031664","-80.635433","+1 855-955-2534"
"ALDI 1010 S. Main St.","5766444","F698","1010 S. Main St.","Bowling Green","Ohio","43402","US","41.360202","-83.651853","+1 855-955-2534"
"ALDI 1500 Royalton Road","5768266","F707","1500 Royalton Road","Broadview Heights","Ohio","44147","US","41.314305","-81.690094","+1 855-955-2534"
"ALDI 5170 Tiedeman Rd","5768022","F657","5170 Tiedeman Rd","Brooklyn","Ohio","44144","US","41.420529","-81.75955","+1 855-955-2534"
"ALDI 4221 Center Rd","5766446","F699","4221 Center Rd","Brunswick","Ohio","44212","US","41.239202","-81.837722","+1 855-955-2534"
"ALDI 1885 E. Mansfield Street","5768011","F706","1885 E. Mansfield Street","Bucyrus","Ohio","44820","US","40.81173","-82.94457","+1 855-955-2534"
"ALDI 61240 Southgate Rd","5767747","F486","61240 Southgate Rd","Cambridge","Ohio","43725","US","39.98963","-81.57251","+1 855-955-2534"
"ALDI 720 W Waterloo St","5767414","F515","720 W Waterloo St","Canal Winchester","Ohio","43110","US","39.855794","-82.826086","+1 855-955-2534"
"ALDI 4165 Westford Dr","5768293","FG71","4165 Westford Dr","Canfield","Ohio","44406","US","41.023768","-80.727053","+1 855-955-2534"
"ALDI 3715 Harmont Avenue NE","5767378","FG67","3715 Harmont Avenue NE","Canton","Ohio","44705","US","40.838025","-81.328141","+1 855-955-2534"
"ALDI 4082 Belden Village Ave.NW","5766410","F681","4082 Belden Village Ave.NW","Canton","Ohio","44718","US","40.854329","-81.424894","+1 855-955-2534"
"ALDI 2001 Havemann Rd","5767939","F511","2001 Havemann Rd","Celina","Ohio","45822","US","40.55743","-84.53848","+1 855-955-2534"
"ALDI 6250 Wilmington Pike","5766321","F541","6250 Wilmington Pike","Centerville","Ohio","45459","US","39.646669","-84.107983","+1 855-955-2534"
"ALDI 8368 Washington Street","5768255","FE76","8368 Washington Street","Chagrin Falls","Ohio","44023","US","41.414561","-81.342753","+1 855-955-2534"
"ALDI 302 Center Street","5767955","F647","302 Center Street","Chardon","Ohio","44024","US","41.584281","-81.213013","+1 855-955-2534"
"ALDI 1075 N Bridge Street","5767964","F513","1075 N Bridge Street","Chillicothe","Ohio","45601","US","39.357976","-82.975021","+1 855-955-2534"
"ALDI 10400 Reading Rd","5768027","F521","10400 Reading Rd","Cincinnati","Ohio","45241","US","39.252926","-84.420783","+1 855-955-2534"
"ALDI 5505 Ridge Ave","5767915","F507","5505 Ridge Ave","Cincinnati","Ohio","45213","US","39.172","-84.4276","+1 855-955-2534"
"ALDI 5555 Glenway Ave","5768019","F520","5555 Glenway Ave","Cincinnati","Ohio","45238","US","39.131867","-84.611148","+1 855-955-2534"
"ALDI 821 Clepper Ln","5768145","F538","821 Clepper Ln","Cincinnati","Ohio","45245","US","39.09173","-84.26522","+1 855-955-2534"
"ALDI 8594 Beechmont Ave","5768049","F524","8594 Beechmont Ave","Cincinnati","Ohio","45255","US","39.07347","-84.31548","+1 855-955-2534"
"ALDI 9450 Fields Ertel Rd","5768040","F523","9450 Fields Ertel Rd","Cincinnati","Ohio","45249","US","39.29173","-84.30023","+1 855-955-2534"
"ALDI 9490 Colerain Ave","5768123","F535","9490 Colerain Ave","Cincinnati","Ohio","45251","US","39.24423","-84.594209","+1 855-955-2534"
"ALDI 23455 US Highway 23 S","5767978","F514","23455 US Highway 23 S","Circleville","Ohio","43113","US","39.5886","-82.955704","+1 855-955-2534"
"ALDI 10815 Kinsman","5768059","F662","10815 Kinsman","Cleveland","Ohio","44104","US","41.470051","-81.608474","+1 855-955-2534"
"ALDI 14651 Lorain Avenue","5768224","FE40","14651 Lorain Avenue","Cleveland","Ohio","44111","US","41.45302","-81.79857","+1 855-955-2534"
"ALDI 3586 Steel Yard Drive","5767986","F653","3586 Steel Yard Drive","Cleveland","Ohio","44109","US","41.456135","-81.689787","+1 855-955-2534"
"ALDI 7500 Euclid Avenue","5766424","F693","7500 Euclid Avenue","Cleveland","Ohio","44103","US","41.503882","-81.636558","+1 855-955-2534"
"ALDI 1331 W Mound St","5768089","F530","1331 W Mound St","Columbus","Ohio","43223","US","39.94544","-83.03398","+1 855-955-2534"
"ALDI 1393 Edgehill Road","5768243","FE72","1393 Edgehill Road","Columbus","Ohio","43212","US","39.987924","-83.029325","+1 855-955-2534"
"ALDI 2296 Morse Rd","5768106","F533","2296 Morse Rd","Columbus","Ohio","43229","US","40.06059","-82.957603","+1 855-955-2534"
"ALDI 2395 Silver Dr.","5767924","F509","2395 Silver Dr.","Columbus","Ohio","43211","US","40.013006","-82.995205","+1 855-955-2534"
"ALDI 3600 S High St","5768009","F519","3600 S High St","Columbus","Ohio","43207","US","39.887403","-82.996943","+1 855-955-2534"
"ALDI 4664 Sawmill Rd","5767881","F504","4664 Sawmill Rd","Columbus","Ohio","43220","US","40.06335","-83.09247","+1 855-955-2534"
"ALDI 5455 N. High Street","5768440","F549","5455 N. High Street","Columbus","Ohio","43214","US","40.0742389","-83.0216257","+1 855-955-2534"
"ALDI 5487 W Broad St","5767894","F505","5487 W Broad St","Columbus","Ohio","43228","US","39.95054","-83.1463","+1 855-955-2534"
"ALDI 5531 N Hamilton Rd","5767993","F517","5531 N Hamilton Rd","Columbus","Ohio","43230","US","40.06934","-82.86373","+1 855-955-2534"
"ALDI 2120 Elm Street","5768195","F701","2120 Elm Street","Cortland","Ohio","44410","US","41.275732","-80.775194","+1 855-955-2534"
"ALDI 811 South Second Street","5766412","F682","811 South Second Street","Coshocton","Ohio","43812","US","40.261864","-81.870859","+1 855-955-2534"
"ALDI 2619 Miamisburg Centerville","5768428","F552","2619 Miamisburg Centerville","Dayton","Ohio","45459","US","39.6369683","-84.2175685","+1 855-955-2534"
"ALDI 6415 Miller Ln","5767820","FG29","6415 Miller Ln","Dayton","Ohio","45414","US","39.840578","-84.192361","+1 855-955-2534"
"ALDI 950 N. Clinton Street","5766429","F694","950 N. Clinton Street","Defiance","Ohio","43512","US","41.299879","-84.362224","+1 855-955-2534"
"ALDI 973 Sunbury Rd","5767727","F484","973 Sunbury Rd","Delaware","Ohio","43015","US","40.29555","-83.03568","+1 855-955-2534"
"ALDI 15849 SR 170","5766451","L166","15849 SR 170","East Liverpool","Ohio","43920","US","40.672319","-80.583052","+1 855-955-2534"
"ALDI 38275 Chestnut Ridge Rd","5767681","FG66","38275 Chestnut Ridge Rd","Elyria","Ohio","44035","US","41.342749","-82.066063","+1 855-955-2534"
"ALDI 1190 S Main St","5768034","F522","1190 S Main St","Englewood","Ohio","45322","US","39.861558","-84.281511","+1 855-955-2534"
"ALDI 22300 Lake Shore Blvd.","5768109","F668","22300 Lake Shore Blvd.","Euclid","Ohio","44123","US","41.609141","-81.525978","+1 855-955-2534"
"ALDI 5065 Pleasant Ave","5766866","F525","5065 Pleasant Ave","Fairfield","Ohio","45014","US","39.341373","-84.561248","+1 855-955-2534"
"ALDI 120 S. Cleveland Massillon","5767828","F636","120 S. Cleveland Massillon","Fairlawn","Ohio","44333","US","41.132852","-81.637747","+1 855-955-2534"
"ALDI 2227 Tiffin Ave","5768117","F669","2227 Tiffin Ave","Findlay","Ohio","45840","US","41.054954","-83.597504","+1 855-955-2534"
"ALDI 2096 Enterprise Drive","5767792","F631","2096 Enterprise Drive","Fremont","Ohio","43420","US","41.374483","-83.115791","+1 855-955-2534"
"ALDI 176 Upper River Rd","5767788","F493","176 Upper River Rd","Gallipolis","Ohio","45631","US","38.830197","-82.162014","+1 855-955-2534"
"ALDI 12782 Rockside Rd","5767743","FG75","12782 Rockside Rd","Garfield Heights","Ohio","44125","US","41.399756","-81.596305","+1 855-955-2534"
"ALDI 415 Wagner Ave","5768161","F540","415 Wagner Ave","Greenville","Ohio","45331","US","40.114091","-84.622039","+1 855-955-2534"
"ALDI 2398 STRINGTOWN RD","5768281","F531","2398 STRINGTOWN RD","Grove City","Ohio","43123","US","39.8805745","-83.0689225","+1 855-955-2534"
"ALDI 3945 South Hamilton Rd","5767778","F492","3945 South Hamilton Rd","Groveport","Ohio","43125","US","39.89421","-82.88331","+1 855-955-2534"
"ALDI 1431 Main St","5767865","F501","1431 Main St","Hamilton","Ohio","45013","US","39.42322","-84.594732","+1 855-955-2534"
"ALDI 121 Grandin Road","6302391","FG27","121 Grandin Road","Hamilton Township","Ohio","45039","US","39.3454695","-84.221024","+1 855-955-2534"
"ALDI 1250 W. Maple Street","5768135","F671","1250 W. Maple Street","Hartville","Ohio","44632","US","40.968916","-81.353638","+1 855-955-2534"
"ALDI 963B Hebron Rd","5768113","F534","963B Hebron Rd","Heath","Ohio","43056","US","40.027389","-82.44905","+1 855-955-2534"
"ALDI 1786 Hilliard Rome Rd","5768351","F555","1786 Hilliard Rome Rd","Hilliard","Ohio","43026","US","39.98848","-83.148742","+1 855-955-2534"
"ALDI 4489 Cemetery Rd","5767904","F506","4489 Cemetery Rd","Hilliard","Ohio","43026","US","40.030731","-83.136274","+1 855-955-2534"
"ALDI 211 Harry Sauner Road","5757813","FG37","211 Harry Sauner Road","Hillsboro","Ohio","45133","US","39.227561","-83.614358","+1 855-955-2534"
"ALDI 7101 Spring Meadows West","5768041","F660","7101 Spring Meadows West","Holland","Ohio","43528","US","41.611181","-83.71156","+1 855-955-2534"
"ALDI 6300 Brandt Pike","5767838","F498","6300 Brandt Pike","Huber Heights","Ohio","45424","US","39.84385","-84.11501","+1 855-955-2534"
"ALDI 110 Brimfield Ridge Circle","5768204","F709","110 Brimfield Ridge Circle","Kent","Ohio","44240","US","41.100798","-81.389539","+1 855-955-2534"
"ALDI 1940 E Dorothy Ln","5766330","F553","1940 E Dorothy Ln","Kettering","Ohio","45420","US","39.70256","-84.12917","+1 855-955-2534"
"ALDI 1600 W. 117th Street","5768053","F661","1600 W. 117th Street","Lakewood","Ohio","44107","US","41.478475","-81.769957","+1 855-955-2534"
"ALDI 1904 N Memorial Dr","5766329","F550","1904 N Memorial Dr","Lancaster","Ohio","43130","US","39.733761","-82.620798","+1 855-955-2534"
"ALDI 1280 Columbus Ave","5768069","F527","1280 Columbus Ave","Lebanon","Ohio","45036","US","39.45175","-84.18004","+1 855-955-2534"
"ALDI 8156 Orange Centre Dr","5767739","F485","8156 Orange Centre Dr","Lewis Center","Ohio","43035","US","40.17334","-83.02052","+1 855-955-2534"
"ALDI 5418 Liberty Square Dr","5768346","FE73","5418 Liberty Square Dr","Liberty Township","Ohio","45011","US","39.418368","-84.474928","+1 855-955-2534"
"ALDI 2290 Harding Highway","5767750","F547","2290 Harding Highway","Lima","Ohio","45804","US","40.730149","-84.063685","+1 855-955-2534"
"ALDI 3285 Elida Rd","5766325","F546","3285 Elida Rd","Lima","Ohio","45805","US","40.76927","-84.163886","+1 855-955-2534"
"ALDI 1050 Eagleton Boulevard","5757824","FG36","1050 Eagleton Boulevard","London","Ohio","43140","US","39.909206","-83.425582","+1 855-955-2534"
"ALDI 5144 Mayfield Road","5766419","F687","5144 Mayfield Road","Lyndhurst","Ohio","44124","US","41.519111","-81.494464","+1 855-955-2534"
"ALDI 371 East Aurora Road","5767876","F640","371 East Aurora Road","Macedonia","Ohio","44067","US","41.315257","-81.525314","+1 855-955-2534"
"ALDI 6521 N. Ridge Road","5768125","F670","6521 N. Ridge Road","Madison","Ohio","44057","US","41.803627","-81.05511","+1 855-955-2534"
"ALDI 708 Pike St","5767800","F494","708 Pike St","Marietta","Ohio","45750","US","39.4063","-81.42039","+1 855-955-2534"
"ALDI 1916 Mrn Mt Gilead Rd","5767936","F510","1916 Mrn Mt Gilead Rd","Marion","Ohio","43302","US","40.58234","-83.07874","+1 855-955-2534"
"ALDI 15740 US Highway 36","5767875","F502","15740 US Highway 36","Marysville","Ohio","43040","US","40.24141","-83.34044","+1 855-955-2534"
"ALDI 2624 Lincoln Way East","5768235","FF89","2624 Lincoln Way East","Massillon","Ohio","44646","US","40.797621","-81.485043","+1 855-955-2534"
"ALDI 3541 Erie Street South","5768332","F703","3541 Erie Street South","Massillon","Ohio","44646","US","40.757633","-81.516845","+1 855-955-2534"
"ALDI 1385 SOM Center Road","5768114","F702","1385 SOM Center Road","Mayfield Heights","Ohio","44124","US","41.523109","-81.437544","+1 855-955-2534"
"ALDI 1150 N Court St","5767208","F632","1150 N Court St","Medina","Ohio","44256","US","41.158239","-81.861162","+1 855-955-2534"
"ALDI 3444 Medina Road","5767943","F646","3444 Medina Road","Medina","Ohio","44256","US","41.135547","-81.810192","+1 855-955-2534"
"ALDI 7885 Mentor Avenue","5768096","F667","7885 Mentor Avenue","Mentor","Ohio","44060","US","41.662378","-81.359158","+1 855-955-2534"
"ALDI 18324 Bagley Road","5767768","F629","18324 Bagley Road","Middleburg Heights","Ohio","44130","US","41.373036","-81.829673","+1 855-955-2534"
"ALDI 6820 Pearl Rd","5768206","FG69","6820 Pearl Rd","Middleburg Heights","Ohio","44130","US","41.380689","-81.786974","+1 855-955-2534"
"ALDI 15611 W High St","5767372","F651","15611 W High St","Middlefield","Ohio","44062","US","41.462107","-81.084466","+1 855-955-2534"
"ALDI 3634 S Dixie Hwy","5766319","F542","3634 S Dixie Hwy","Middletown","Ohio","45005","US","39.49753","-84.33447","+1 855-955-2534"
"ALDI 5959 Lorven Drive","5768119","FE69","5959 Lorven Drive","Milford","Ohio","45150","US","39.197479","-84.22903","+1 855-955-2534"
"ALDI 1545 Coshocton Ave","5767720","F483","1545 Coshocton Ave","Mount Vernon","Ohio","43050","US","40.40392","-82.44431","+1 855-955-2534"
"ALDI 9895 Johnstown Rd","5768446","F559","9895 Johnstown Rd","New Albany","Ohio","43054","US","40.0921651","-82.7935339","+1 855-955-2534"
"ALDI 1187 W. High Street","5767817","F634","1187 W. High Street","New Philadelphia","Ohio","44663","US","40.494372","-81.469983","+1 855-955-2534"
"ALDI 1350 N 21st St","5767985","F516","1350 N 21st St","Newark","Ohio","43055","US","40.08395","-82.42612","+1 855-955-2534"
"ALDI 8100 Cleveland Ave NW","5768193","F710","8100 Cleveland Ave NW","North Canton","Ohio","44720","US","40.903874","-81.405082","+1 855-955-2534"
"ALDI 4692 Great Northern Blvd.","5766430","F695","4692 Great Northern Blvd.","North Olmsted","Ohio","44070","US","41.420974","-81.903048","+1 855-955-2534"
"ALDI 4650 Northfield Rd.","5768160","F675","4650 Northfield Rd.","North Randall","Ohio","44128","US","41.430888","-81.526874","+1 855-955-2534"
"ALDI 35111 Center Ridge Road","5766408","F679","35111 Center Ridge Road","North Ridgeville","Ohio","44039","US","41.392627","-82.007077","+1 855-955-2534"
"ALDI 195 Milan Ave","5767851","F638","195 Milan Ave","Norwalk","Ohio","44857","US","41.259067","-82.613805","+1 855-955-2534"
"ALDI 14885 State Route 58","5767665","F708","14885 State Route 58","Oberlin","Ohio","44074","US","41.2678791","-82.2149005","+1 855-955-2534"
"ALDI 955 N. Lexington-Springmill","5766404","F676","955 N. Lexington-Springmill","Ontario","Ohio","44906","US","40.778711","-82.591068","+1 855-955-2534"
"ALDI 3728 Navarre Avenue","5766421","F688","3728 Navarre Avenue","Oregon","Ohio","43616","US","41.636726","-83.458388","+1 855-955-2534"
"ALDI 2045 Mentor Avenue","5767920","F644","2045 Mentor Avenue","Painesville","Ohio","44077","US","41.688539","-81.288475","+1 855-955-2534"
"ALDI 1770 Snow Road","5767296","F677","1770 Snow Road","Parma","Ohio","44134","US","41.406364","-81.693516","+1 855-955-2534"
"ALDI 6805 Ridge Rd","5767258","FG77","6805 Ridge Rd","Parma","Ohio","44129","US","41.379693","-81.733813","+1 855-955-2534"
"ALDI 1400 Hill Rd North","5768178","F489","1400 Hill Rd North","Pickerington","Ohio","43147","US","39.918945","-82.780417","+1 855-955-2534"
"ALDI 1243 E Ash St Ste 100","5768156","F539","1243 E Ash St Ste 100","Piqua","Ohio","45356","US","40.1498","-84.21218","+1 855-955-2534"
"ALDI 7390 State Route 161 E","5766903","F508","7390 State Route 161 E","Plain City","Ohio","43064","US","40.110091","-83.190818","+1 855-955-2534"
"ALDI 3236 Center Rd","5767578","FG72","3236 Center Rd","Poland","Ohio","44514","US","41.023911","-80.591161","+1 855-955-2534"
"ALDI 2339 Gallia St","5767807","F495","2339 Gallia St","Portsmouth","Ohio","45662","US","38.7405","-82.969313","+1 855-955-2534"
"ALDI 9965 Sawmill Parkway","5767546","F488","9965 Sawmill Parkway","Powell","Ohio","43065","US","40.15398","-83.09156","+1 855-955-2534"
"ALDI 1350 E. Main Street","5767607","F680","1350 E. Main Street","Ravenna","Ohio","44266","US","41.156584","-81.221524","+1 855-955-2534"
"ALDI 8301 E Broad St","5768005","F518","8301 E Broad St","Reynoldsburg","Ohio","43068","US","39.9857","-82.78147","+1 855-955-2534"
"ALDI 21329 Center Ridge Road","5767884","F641","21329 Center Ridge Road","Rocky River","Ohio","44116","US","41.459994","-81.855923","+1 855-955-2534"
"ALDI 9806 South Compass Dr.","5767787","F630","9806 South Compass Dr.","Rossford","Ohio","43460","US","41.548493","-83.584393","+1 855-955-2534"
"ALDI 68525 Addie Way","5766457","L168","68525 Addie Way","Saint Clairsville","Ohio","43950","US","40.078093","-80.871248","+1 855-955-2534"
"ALDI 2495 East State Street","5767897","F642","2495 East State Street","Salem","Ohio","44460","US","40.900562","-80.824846","+1 855-955-2534"
"ALDI 3612 Milan Road","5766422","F689","3612 Milan Road","Sandusky","Ohio","44870","US","41.424865","-82.679724","+1 855-955-2534"
"ALDI 7305 Broadview Road","5767932","F645","7305 Broadview Road","Seven Hills","Ohio","44131","US","41.367465","-81.683596","+1 855-955-2534"
"ALDI 5216 Detroit Rd","5767803","F633","5216 Detroit Rd","Sheffield Village","Ohio","44035","US","41.424802","-82.079103","+1 855-955-2534"
"ALDI 2500 Michigan St","5768058","F526","2500 Michigan St","Sidney","Ohio","45365","US","40.28828","-84.19318","+1 855-955-2534"
"ALDI 6217 SOM Center Road","5768398","F705","6217 SOM Center Road","Solon","Ohio","44139","US","41.390285","-81.437267","+1 855-955-2534"
"ALDI 228 Township Rd 1430","5767197","FG34","228 Township Rd 1430","South Point","Ohio","45680","US","38.416757","-82.511146","+1 855-955-2534"
"ALDI 827 W Central Ave","5766210","FG39","827 W Central Ave","Springboro","Ohio","45066","US","39.561248","-84.261278","+1 855-955-2534"
"ALDI 425 E Kemper Road","5768134","F536","425 E Kemper Road","Springdale","Ohio","45246","US","39.286521","-84.462796","+1 855-955-2534"
"ALDI 2091 N Bechtle Ave","5766326","F544","2091 N Bechtle Ave","Springfield","Ohio","45504","US","39.95327","-83.82905","+1 855-955-2534"
"ALDI 51 4th Avenue","6369167","FG38","51 4th Avenue","Springfield","Ohio","45505","US","39.922557","-83.760243","+1 855-955-2534"
"ALDI 4150 Mall Drive","5766452","L167","4150 Mall Drive","Steubenville","Ohio","43952","US","40.369962","-80.672203","+1 855-955-2534"
"ALDI 3804 Fishcreek Road","5766437","F696","3804 Fishcreek Road","Stow","Ohio","44224","US","41.159421","-81.401647","+1 855-955-2534"
"ALDI 9570 State Route 14","5767868","FG68","9570 State Route 14","Streetsboro","Ohio","44241","US","41.246862","-81.358363","+1 855-955-2534"
"ALDI 14267 Pearl Road","5768091","F666","14267 Pearl Road","Strongsville","Ohio","44136","US","41.31181","-81.834017","+1 855-955-2534"
"ALDI 5539 Monroe Street","5767967","F648","5539 Monroe Street","Sylvania","Ohio","43560","US","41.706345","-83.667286","+1 855-955-2534"
"ALDI 2124 West Market Street","5766401","F678","2124 West Market Street","Tiffin","Ohio","44883","US","41.109777","-83.211158","+1 855-955-2534"
"ALDI 1430 East Alexis Road","5767975","F650","1430 East Alexis Road","Toledo","Ohio","43612","US","41.722392","-83.512977","+1 855-955-2534"
"ALDI 3160 Percentum Rd","5768312","FG73","3160 Percentum Rd","Toledo","Ohio","43617","US","41.675606","-83.709211","+1 855-955-2534"
"ALDI 50 Troy Town Drive","5768384","FE70","50 Troy Town Drive","Troy","Ohio","45373","US","40.05276","-84.237774","+1 855-955-2534"
"ALDI 4055 Massillon Road","5767343","F652","4055 Massillon Road","Uniontown","Ohio","44685","US","40.951313","-81.465775","+1 855-955-2534"
"ALDI 3280 Tremont Road","5768276","F554","3280 Tremont Road","Upper Arlington","Ohio","43221","US","40.023676","-83.057783","+1 855-955-2534"
"ALDI 741 Scioto Street","5768319","FE71","741 Scioto Street","Urbana","Ohio","43078","US","40.106905","-83.736058","+1 855-955-2534"
"ALDI 174 Park Centre Drive","5766448","F700","174 Park Centre Drive","Wadsworth","Ohio","44281","US","41.049188","-81.726613","+1 855-955-2534"
"ALDI 1246 Bellefontaine St","5766324","F548","1246 Bellefontaine St","Wapakoneta","Ohio","45895","US","40.56501","-84.17795","+1 855-955-2534"
"ALDI 2425 Niles Cortland Rd SE","5766415","F684","2425 Niles Cortland Rd SE","Warren","Ohio","44484","US","41.210037","-80.739153","+1 855-955-2534"
"ALDI 2774 Parkman Road N.W.","5767996","F654","2774 Parkman Road N.W.","Warren","Ohio","44485","US","41.255312","-80.85833","+1 855-955-2534"
"ALDI 4087 Richmond Rd","5768108","FG74","4087 Richmond Rd","Warrensville Heights","Ohio","44122","US","41.445913","-81.496299","+1 855-955-2534"
"ALDI 200 Commerce Blvd","5768071","F528","200 Commerce Blvd","Washington Court House","Ohio","43160","US","39.52129","-83.46106","+1 855-955-2534"
"ALDI 880 West Emmitt Avenue","6311946","FG31","880 West Emmitt Avenue","Waverly","Ohio","45690","US","39.11235","-82.997609","+1 855-955-2534"
"ALDI 7910 Tylersville Square Dr","5766317","F543","7910 Tylersville Square Dr","West Chester","Ohio","45069","US","39.35317","-84.37676","+1 855-955-2534"
"ALDI 5996 Westerville Rd","5767756","F487","5996 Westerville Rd","Westerville","Ohio","43081","US","40.095046","-82.923786","+1 855-955-2534"
"ALDI 30700 Detroit Road","5766445","F697","30700 Detroit Road","Westlake","Ohio","44145","US","41.462168","-81.959825","+1 855-955-2534"
"ALDI 3831 E Main St","5768097","F532","3831 E Main St","Whitehall","Ohio","43213","US","39.95542","-82.89635","+1 855-955-2534"
"ALDI 37100 Euclid Avenue","5767749","F691","37100 Euclid Avenue","Willoughby","Ohio","44094","US","41.6281531","-81.4206381","+1 855-955-2534"
"ALDI 2821 Bishop Road","5767225","F704","2821 Bishop Road","Willoughby Hills","Ohio","44092","US","41.586218","-81.479179","+1 855-955-2534"
"ALDI 30960 Lake Shore Blvd","5766414","F683","30960 Lake Shore Blvd","Willowick","Ohio","44095","US","41.64147","-81.47097","+1 855-955-2534"
"ALDI 1801 Rombach Ave","5768082","F529","1801 Rombach Ave","Wilmington","Ohio","45177","US","39.45148","-83.79681","+1 855-955-2534"
"ALDI 2249 Akron Rd","5767836","F637","2249 Akron Rd","Wooster","Ohio","44691","US","40.827493","-81.907433","+1 855-955-2534"
"ALDI 3743 Burbank Road","5766801","F672","3743 Burbank Road","Wooster","Ohio","44691","US","40.845582","-81.942915","+1 855-955-2534"
"ALDI 37 Hospitality Dr","5767847","F499","37 Hospitality Dr","Xenia","Ohio","45385","US","39.690719","-83.965383","+1 855-955-2534"
"ALDI 3497 Belmont Ave.","5768036","F659","3497 Belmont Ave.","Youngstown","Ohio","44505","US","41.145594","-80.66387","+1 855-955-2534"
"ALDI 3500 Maple Ave","5767761","F490","3500 Maple Ave","Zanesville","Ohio","43701","US","39.98613","-82.02149","+1 855-955-2534"
"ALDI 1320 Lonnie Abbott","5766243","L800","1320 Lonnie Abbott","Ada","Oklahoma","74820","US","34.79078","-96.6603","+1 855-955-2534"
"ALDI 510 N. Commerce St.","5766244","L802","510 N. Commerce St.","Ardmore","Oklahoma","73401","US","34.18068","-97.14222","+1 855-955-2534"
"ALDI 2553 SE Washington Blvd","5766743","F275","2553 SE Washington Blvd","Bartlesville","Oklahoma","74006","US","36.711507","-95.936262","+1 855-955-2534"
"ALDI 2400 W. Kenosha Street","5766733","F274","2400 W. Kenosha Street","Broken Arrow","Oklahoma","74012","US","36.061961","-95.820913","+1 855-955-2534"
"ALDI 525 W Tucson St","5768458","F257","525 W Tucson St","Broken Arrow","Oklahoma","74011","US","35.98854347","-95.79774202","+1 855-955-2534"
"ALDI 2318 S. 4th St","5766973","L879","2318 S. 4th St","Chickasha","Oklahoma","73018","US","35.0265","-97.9365","+1 855-955-2534"
"ALDI 1700 S Scissortail Ave","5767870","F265","1700 S Scissortail Ave","Claremore","Oklahoma","74017","US","36.292473","-95.628202","+1 855-955-2534"
"ALDI 2412 W Main St","5981545","FK21","2412 W Main St","Durant","Oklahoma","74701","US","34.00051","-96.40683","+1 855-955-2534"
"ALDI 1001 W. Edmond Rd.","5766254","L814","1001 W. Edmond Rd.","Edmond","Oklahoma","73003","US","35.653113","-97.496822","+1 855-955-2534"
"ALDI 5001 W. Garriott Rd.","5766236","L793","5001 W. Garriott Rd.","Enid","Oklahoma","73703","US","36.3907","-97.93842","+1 855-955-2534"
"ALDI 935 NW Sheridan Rd.","5766294","L856","935 NW Sheridan Rd.","Lawton","Oklahoma","73505","US","34.6185","-98.422","+1 855-955-2534"
"ALDI 601 S. Air Depot","5766230","L790","601 S. Air Depot","Midwest City","Oklahoma","73110","US","35.45988","-97.40642","+1 855-955-2534"
"ALDI 601 SW 19th Street","5766225","L786","601 SW 19th Street","Moore","Oklahoma","73160","US","35.32045","-97.49524","+1 855-955-2534"
"ALDI 436 W. Shawnee Street","5766709","F271","436 W. Shawnee Street","Muskogee","Oklahoma","74401","US","35.771184","-95.366816","+1 855-955-2534"
"ALDI 2440 W. Main St.","5766815","L794","2440 W. Main St.","Norman","Oklahoma","73069","US","35.2183","-97.4779","+1 855-955-2534"
"ALDI 3101 Classen Blvd","5767456","L862","3101 Classen Blvd","Norman","Oklahoma","73071","US","35.18","-97.4158","+1 855-955-2534"
"ALDI 13301 N. Penn. Ave","5766240","L795","13301 N. Penn. Ave","Oklahoma City","Oklahoma","73120","US","35.6043","-97.55029","+1 855-955-2534"
"ALDI 2150 SW 59th Street","5766224","L785","2150 SW 59th Street","Oklahoma City","Oklahoma","73119","US","35.40613","-97.54916","+1 855-955-2534"
"ALDI 4805 N May Avenue","5766822","L872","4805 N May Avenue","Oklahoma City","Oklahoma","73112","US","35.5204","-97.5657","+1 855-955-2534"
"ALDI 6010 N.W. 23rd","5766242","L798","6010 N.W. 23rd","Oklahoma City","Oklahoma","73127","US","35.49326","-97.62218","+1 855-955-2534"
"ALDI 6965 NW Expressway","5766234","L792","6965 NW Expressway","Oklahoma City","Oklahoma","73132","US","35.55744","-97.63695","+1 855-955-2534"
"ALDI 9259 N Owasso Expy","5766756","F277","9259 N Owasso Expy","Owasso","Oklahoma","74055","US","36.287999","-95.839577","+1 855-955-2534"
"ALDI 1000 E. Prospect Ave.","5766232","L791","1000 E. Prospect Ave.","Ponca City","Oklahoma","74601","US","36.73768","-97.073966","+1 855-955-2534"
"ALDI 101 W Alexander Blvd","5768352","F267","101 W Alexander Blvd","Sand Springs","Oklahoma","74063","US","36.13614","-96.112744","+1 855-955-2534"
"ALDI 4640 N Kickapoo St","5766231","L789","4640 N Kickapoo St","Shawnee","Oklahoma","74804","US","35.3792","-96.9304","+1 855-955-2534"
"ALDI 1188 N. Perkins Rd.","5766241","L799","1188 N. Perkins Rd.","Stillwater","Oklahoma","74075","US","36.13427","-97.05146","+1 855-955-2534"
"ALDI 12572 E 21st Street","5766750","F276","12572 E 21st Street","Tulsa","Oklahoma","74129","US","36.132707","-95.834042","+1 855-955-2534"
"ALDI 2711 South Harvard Ave.","5768173","F352","2711 South Harvard Ave.","Tulsa","Oklahoma","74114","US","36.123948","-95.939501","+1 855-955-2534"
"ALDI 8205 S. Olympia Ave.","5766716","F272","8205 S. Olympia Ave.","Tulsa","Oklahoma","74132","US","36.045135","-96.003685","+1 855-955-2534"
"ALDI 8207 E. 103rd Street","5766728","F273","8207 E. 103rd Street","Tulsa","Oklahoma","74133","US","36.014595","-95.884268","+1 855-955-2534"
"ALDI 8221 E. 61st Street Suite S","5766700","F270","8221 E. 61st Street Suite S","Tulsa","Oklahoma","74133","US","36.076668","-95.885081","+1 855-955-2534"
"ALDI 935 N. Cemetery Road","5766228","L788","935 N. Cemetery Road","Yukon","Oklahoma","73099","US","35.47828","-97.76093","+1 855-955-2534"
"ALDI 620 Rockhill Dr","5767680","F366","620 Rockhill Drive","Bensalem","PA","19020","US","40.1366628","-74.9602324","+1 855-955-2534"
"ALDI 1890 W. Front Street","5766193","F429","1890 West Front Street","Berwick","PA","18603","US","41.04738857","-76.26617245","+1 855-955-2534"
"ALDI 177 Columbia Mall Dr.","5767752","F465","177 Columbia Mall Drive","Bloomsburg","PA","17815","US","41.0164094","-76.4903461","+1 855-955-2534"
"ALDI 1205 MacDade Blvd","5766115","F355","1205 Macdade Boulevard","Collingdale","PA","19023","US","39.9091267","-75.2841484","+1 855-955-2534"
"ALDI 2510 Freemansburg Avenue","5766199","F432","2510 Freemansburg Avenue","Easton","PA","18045","US","40.67411510000001","-75.24698459999999","+1 855-955-2534"
"ALDI 15 Wilderness Trl","5766878","F451","15 Wilderness Trail","Hamburg","PA","19526","US","40.5614342","-76.0085514","+1 855-955-2534"
"ALDI 2339 E. Lincoln Highway","5766134","F392","2339 East Lincoln Highway","Langhorne","PA","19047","US","40.1795829","-74.8760894","+1 855-955-2534"
"ALDI 48 W. Baltimore Ave.","5766122","F362","48 West Baltimore Avenue","Lansdowne","PA","19050","US","39.9372789","-75.2731587","+1 855-955-2534"
"ALDI 876 Blakeslee Blvd Drive E","5766206","F439","876 Blakeslee Boulevard Drive East","Lehighton","PA","18235","US","40.8190886","-75.7279724","+1 855-955-2534"
"ALDI 11 Matthews Road","5767382","F453","11 Matthews Road","Malvern","PA","19355","US","40.0505747","-75.5234754","+1 855-955-2534"
"ALDI 2595 Wilmont Drive","5766215","F442","2595 Wilmont Drive","Montoursville","PA","17754","US","41.2466206","-76.952623","+1 855-955-2534"
"ALDI 4034 Jandy Blvd.","5766140","F373","4034 Jandy Blvd","Nazareth","PA","18064","US","40.731533","-75.307397","+1 855-955-2534"
"ALDI 550 S. Trooper Road","5766141","F396","550 South Trooper Road","Norristown","PA","19403","US","40.1291309","-75.3986549","+1 855-955-2534"
"ALDI 1300 Fairmount Ave.","5767102","F473","1300 Fairmount Avenue","Philadelphia","PA","19123","US","39.96646374","-75.15999617","+1 855-955-2534"
"ALDI 1911 N. 76th Street","5766146","F376","1911 North 76th Street","Philadelphia","PA","19151","US","39.9787561","-75.2702501","+1 855-955-2534"
"ALDI 2830A S 20th St","5767949","F478","2830A South 20th Street","Philadelphia","PA","19145","US","39.9164118","-75.1814074","+1 855-955-2534"
"ALDI 4421 Market Street","5766159","F405","4421 Market Street","Philadelphia","PA","19104","US","39.9593119","-75.2129908","+1 855-955-2534"
"ALDI 6119 N. Broad Street","5766123","F363","6119 North Broad Street","Philadelphia","PA","19141","US","40.0465143","-75.14245939999999","+1 855-955-2534"
"ALDI 7900 Roosevelt Blvd.","5766127","F364","7900 Roosevelt Boulevard","Philadelphia","PA","19152","US","40.0560213","-75.0483297","+1 855-955-2534"
"ALDI 297 Schuylkill Road","6048887","FE68","297 Schuylkill Road","Phoenixville","PA","19460","US","40.137658","-75.543396","+1 855-955-2535"
"ALDI 297 Armand Hammer Blvd","5766217","F445","297 Armand Hammer Boulevard","Pottstown","PA","19464","US","40.2357153","-75.6173495","+1 855-955-2534"
"ALDI 384 Pottsville Saint Clair Hwy","5766187","F424","384 Pottsville Saint Clair Highway","Pottsville","PA","17901","US","40.7054114","-76.1864444","+1 855-955-2534"
"ALDI 606 N. West End Blvd.","5766128","F368","606 North West End Boulevard","Quakertown","PA","18951","US","40.4596243","-75.3706007","+1 855-955-2534"
"ALDI 1010 Cedar Top Road","5766197","F430","1010 Cedar Top Road","Reading","PA","19607","US","40.2978788","-75.9472096","+1 855-955-2534"
"ALDI 3152 N. Susquehanna Trail","5766203","F435","3152 North Susquehanna Trail","Shamokin Dam","PA","17876","US","40.8477289","-76.8196136","+1 855-955-2534"
"ALDI 811 Hunter Hwy","5767873","F455","811 Hunter Highway","Tunkhannock","PA","18657","US","41.5244879","-75.9510513","+1 855-955-2534"
"ALDI 260 E. Street Rd.","5767815","F472","260 East Street Road","Warminster Heights","PA","18974","US","40.1916483","-75.0751849","+1 855-955-2534"
"ALDI 100 Easton Rd.","5766139","F395","100 Easton Road","Warrington","PA","18976","US","40.213948","-75.141249","+1 855-955-2534"
"ALDI 2540 MacArthur Road","5766186","F423","2540 MacArthur Road","Whitehall","PA","18052","US","40.6432898","-75.494564","+1 855-955-2534"
"ALDI 908 Wilkes Barre Township Blvd.","5767604","FE60","908 Wilkes Barre Township Boulevard","Wilkes Barre","PA","18702","US","41.2254744","-75.87956890000001","+1 855-955-2534"
"ALDI 1811 Lycoming Creek Rd","5767521","FJ02","1811 Lycoming Creek Road","Williamsport","PA","17701","US","41.2524857","-77.0441362","+1 855-955-2534"
"ALDI 1300 MacDade Blvd.","5767931","F482","1300 MacDade Boulevard","Woodlyn","PA","19094","US","39.87562877","-75.34629022","+1 855-955-2534"
"ALDI 8200 Ogontz Avenue","5766165","F409","8200 Ogontz Avenue","Wyncote","PA","19095","US","40.0771373","-75.1598964","+1 855-955-2534"
"ALDI 2011 Sheffield Road","5767704","L228","2011 Sheffield Road","Aliquippa","Pennsylvania","15001","US","40.607142","-80.277263","+1 855-955-2534"
"ALDI 1856 Catasauqua Road","5766121","F361","1856 Catasauqua Road","Allentown","Pennsylvania","18109","US","40.639033","-75.430048","+1 855-955-2534"
"ALDI 4578 Route 8","5767415","L205","4578 Route 8","Allison Park","Pennsylvania","15101","US","40.589194","-79.948487","+1 855-955-2534"
"ALDI 1706 McMahon Road","5766462","L171","1706 McMahon Road","Altoona","Pennsylvania","16602","US","40.49684","-78.388798","+1 855-955-2534"
"ALDI 351 Logan Lane","5767099","L180","351 Logan Lane","Baden","Pennsylvania","15005","US","40.62733","-80.227242","+1 855-955-2534"
"ALDI 2580 Constitution Blvd","5767344","L199","2580 Constitution Blvd","Beaver Falls","Pennsylvania","15010","US","40.774004","-80.372182","+1 855-955-2534"
"ALDI 780 Rostraver Road","5766432","L160","780 Rostraver Road","Belle Vernon","Pennsylvania","15012","US","40.135951","-79.841032","+1 855-955-2534"
"ALDI 1445 Street Road","5766147","F399","1445 Street Road","Bensalem","Pennsylvania","19020","US","40.090411","-74.9411559","+1 855-955-2534"
"ALDI 5169 Library Road","5767267","L191","5169 Library Road","Bethel Park","Pennsylvania","15102","US","40.335431","-80.02287","+1 855-955-2534"
"ALDI 3833 Nazareth Pike","5768323","FE63","3833 Nazareth Pike","Bethlehem","Pennsylvania","18020","US","40.6735064","-75.3455889","+1 855-955-2534"
"ALDI 930 Dekalb Pike","5766135","F393","930 Dekalb Pike","Blue Bell","Pennsylvania","19422","US","40.1661492","-75.2900063","+1 855-955-2534"
"ALDI 1033 East Main Street","5768316","L218","1033 East Main Street","Bradford","Pennsylvania","16701","US","41.97910365","-78.61782893","+1 855-955-2534"
"ALDI 3013 Washington Pike","5767553","L217","3013 Washington Pike","Bridgeville","Pennsylvania","15017","US","40.354106","-80.112892","+1 855-955-2534"
"ALDI 339 West Freedom Avenue","5766403","L203","339 West Freedom Avenue","Burnham","Pennsylvania","17009","US","40.62975","-77.5809","+1 855-955-2534"
"ALDI 196 Bon Aire Plaza","5767722","L229","196 Bon Aire Plaza","Butler","Pennsylvania","16001","US","40.882548","-79.897953","+1 855-955-2534"
"ALDI 300 Butler Commons","5767043","L177","300 Butler Commons","Butler","Pennsylvania","16001","US","40.876093","-79.945002","+1 855-955-2534"
"ALDI 3437 Simpson Ferry Road","5766418","L386","3437 Simpson Ferry Road","Camp Hill","Pennsylvania","17011","US","40.22739","-76.94083","+1 855-955-2534"
"ALDI 250 Westminster Drive","5766447","L400","250 Westminster Drive","Carlisle","Pennsylvania","17013","US","40.19611","-77.15651","+1 855-955-2534"
"ALDI 1160 Washington Avenue","5767735","L230","1160 Washington Avenue","Carnegie","Pennsylvania","15106","US","40.397596","-80.085244","+1 855-955-2534"
"ALDI 561 Gateway Avenue","5766464","L399","561 Gateway Avenue","Chambersburg","Pennsylvania","17201","US","39.938794","-77.631867","+1 855-955-2534"
"ALDI 22827 Route 68","5767218","L188","22827 Route 68","Clarion","Pennsylvania","16214","US","41.197132","-79.392386","+1 855-955-2534"
"ALDI 154 Airport Road","5766136","F370","154 Airport Road","Coatesville","Pennsylvania","19320","US","39.9838033","-75.8721212","+1 855-955-2534"
"ALDI 104 Alan Wood Road","5768180","F477","104 Alan Wood Road","Conshohocken","Pennsylvania","19428","US","40.098413","-75.302132","+1 855-955-2534"
"ALDI 2415 State Rt. 257","5767022","L174","2415 State Rt. 257","Cranberry","Pennsylvania","16319","US","41.35148","-79.712545","+1 855-955-2534"
"ALDI 20111 Route 19","5767447","L207","20111 Route 19","Cranberry Township","Pennsylvania","16066","US","40.682383","-80.103589","+1 855-955-2534"
"ALDI 1350 Gettysburg Pike","5873499","FJ14","1350 Gettysburg Pike","Dillsburg","Pennsylvania","17019","US","40.132304","-77.020724","+1 855-955-2534"
"ALDI 5700 Shaffer Road","5767494","L212","5700 Shaffer Road","Dubois","Pennsylvania","15801","US","41.123675","-78.726817","+1 855-955-2534"
"ALDI 4490 Admiral Peary Hwy.","5766674","L175","4490 Admiral Peary Hwy.","Ebensburg","Pennsylvania","15931","US","40.471354","-78.753131","+1 855-955-2534"
"ALDI 230 Route 288","5766198","FF00","230 Route 288","Ellwood City","Pennsylvania","16117","US","40.845918","-80.265072","+1 855-955-2534"
"ALDI 830 East Main Street","5768140","F372","830 East Main Street","Ephrata","Pennsylvania","17522","US","40.166848","-76.159499","+1 855-955-2534"
"ALDI 2222 Downs Drive","5766441","L165","2222 Downs Drive","Erie","Pennsylvania","16509","US","42.05118","-80.086364","+1 855-955-2534"
"ALDI 2647 West 12th Street","5766443","L164","2647 West 12th Street","Erie","Pennsylvania","16505","US","42.101159","-80.140001","+1 855-955-2534"
"ALDI 4728 Buffalo Road","5766434","L162","4728 Buffalo Road","Erie","Pennsylvania","16510","US","42.15114","-79.995625","+1 855-955-2534"
"ALDI 190 W. Lincoln Highway","5766133","F369","190 West Lincoln Highway","Exton","Pennsylvania","19341","US","40.0265947","-75.632076","+1 855-955-2534"
"ALDI 2348 Ardmore Blvd","5767287","L193","2348 Ardmore Blvd","Forest Hills","Pennsylvania","15221","US","40.416161","-79.848821","+1 855-955-2534"
"ALDI 1115 York Rd","5768208","FF11","1115 York Rd","Gettysburg","Pennsylvania","17325","US","39.84145","-77.20437","+1 855-955-2534"
"ALDI 119 Triangle Drive","5767081","L179","119 Triangle Drive","Greensburg","Pennsylvania","15601","US","40.301057","-79.521801","+1 855-955-2534"
"ALDI 6207 US 30 Suite 1027","5768359","FE98","6207 US 30 Suite 1027","Greensburg","Pennsylvania","15601","US","40.307178","-79.590399","+1 855-955-2534"
"ALDI 33 Williamson Road","5767300","L194","33 Williamson Road","Greenville","Pennsylvania","16125","US","41.412658","-80.357458","+1 855-955-2534"
"ALDI 2 Pine Grv Village Drive","5767121","L181","2 Pine Grv Village Drive","Grove City","Pennsylvania","16127","US","41.166896","-80.110493","+1 855-955-2534"
"ALDI 391 Eisenhower Drive","5766442","L398","391 Eisenhower Drive","Hanover","Pennsylvania","17331","US","39.82385","-76.98204","+1 855-955-2534"
"ALDI 236 Perry Hwy","5768227","FJ75","236 Perry Hwy","Harmony","Pennsylvania","16037","US","40.812447","-80.126782","+1 855-955-2534"
"ALDI 2020 EG Dr","5757796","FJ10","2020 EG Dr","Harrisburg","Pennsylvania","17110","US","40.334127","-76.84505","+1 855-955-2534"
"ALDI 4702 Jonestown Rd Ste B","5767241","L396","4702 Jonestown Rd Ste B","Harrisburg","Pennsylvania","17109","US","40.304062","-76.810379","+1 855-955-2534"
"ALDI 6445 Grayson Road","5766420","L387","6445 Grayson Road","Harrisburg","Pennsylvania","17111","US","40.26056","-76.7748","+1 855-955-2534"
"ALDI 316 Laurel Mall Drive","5766216","F443","316 Laurel Mall Drive","Hazle Township","Pennsylvania","18202","US","40.98229","-76.01806","+1 855-955-2534"
"ALDI 2909 E. State St.","5766438","L163","2909 E. State St.","Hermitage","Pennsylvania","16148","US","41.234604","-80.456749","+1 855-955-2534"
"ALDI 127 East 7th Avenue","5767753","L231","127 East 7th Avenue","Homestead","Pennsylvania","15120","US","40.407516","-79.912514","+1 855-955-2534"
"ALDI 7495 Huntingdon Plz","5767496","FF01","7495 Huntingdon Plz","Huntingdon","Pennsylvania","16652","US","40.482249","-78.015865","+1 855-955-2534"
"ALDI 2910 Oakland Avenue","5766999","L172","2910 Oakland Avenue","Indiana","Pennsylvania","15701","US","40.602639","-79.190498","+1 855-955-2534"
"ALDI 475 Galleria Drive","5767012","L173","475 Galleria Drive","Johnstown","Pennsylvania","15904","US","40.29706","-78.837876","+1 855-955-2534"
"ALDI 197 E Dekalb Pike Ste 300","5767449","F458","197 E Dekalb Pike Ste 300","King of Prussia","Pennsylvania","19406","US","40.0948149","-75.3613135","+1 855-955-2534"
"ALDI 481 Pierce Street","5766221","F446","481 Pierce Street","Kingston","Pennsylvania","18704","US","41.25799","-75.88396","+1 855-955-2534"
"ALDI 12 Hilltop Plaza","5767383","L201","12 Hilltop Plaza","Kittanning","Pennsylvania","16201","US","40.81477","-79.544653","+1 855-955-2534"
"ALDI 1884 Fruitville Pike","5766453","L405","1884 Fruitville Pike","Lancaster","Pennsylvania","17601","US","40.07241","-76.321345","+1 855-955-2534"
"ALDI 2210 Embassy Dr Bldg 3","5768136","L415","2210 Embassy Dr Bldg 3","Lancaster","Pennsylvania","17603","US","40.044185","-76.364433","+1 855-955-2534"
"ALDI 2350 Lincoln Hwy East No.750","5766458","L401","2350 Lincoln Hwy East No.750","Lancaster","Pennsylvania","17602","US","40.02393","-76.207793","+1 855-955-2534"
"ALDI 2301 Sharkys Drive","5767327","L196","2301 Sharkys Drive","Latrobe","Pennsylvania","15650","US","40.2867","-79.388734","+1 855-955-2534"
"ALDI 105 North 11th Avenue","5766484","F377","105 North 11th Avenue","Lebanon","Pennsylvania","17046","US","40.3456","-76.39411","+1 855-955-2534"
"ALDI 451 Hyde Park Rd Ste 270","5767409","FJ74","451 Hyde Park Rd Ste 270","Leechburg","Pennsylvania","15656","US","40.606392","-79.606527","+1 855-955-2534"
"ALDI 2990 Edgely Road","5766142","F375","2990 Edgely Road","Levittown","Pennsylvania","19057","US","40.1420169","-74.8471874","+1 855-955-2534"
"ALDI 114 Chartiers Ave.","5767473","L210","114 Chartiers Ave.","McKees Rocks","Pennsylvania","15136","US","40.465765","-80.055964","+1 855-955-2534"
"ALDI 300 Eden Park Boulevard","5767627","L223","300 Eden Park Boulevard","McKeesport","Pennsylvania","15132","US","40.327856","-79.838685","+1 855-955-2534"
"ALDI 4041 Washington Road","5767945","L214","4041 Washington Road","McMurray","Pennsylvania","15317","US","40.267014","-80.127326","+1 855-955-2534"
"ALDI 16500 Conneaut Lake Road","5767206","L187","16500 Conneaut Lake Road","Meadville","Pennsylvania","16335","US","41.623539","-80.20591","+1 855-955-2534"
"ALDI 6476 Carlisle Pike","5767421","L412","6476 Carlisle Pike","Mechanicsburg","Pennsylvania","17050","US","40.2470429","-77.018213","+1 855-955-2534"
"ALDI 101 Center Commons Blvd","5767315","L195","101 Center Commons Blvd","Monaca","Pennsylvania","15061","US","40.678772","-80.30957","+1 855-955-2534"
"ALDI 1766 Golden Mile Highway","5767174","L184","1766 Golden Mile Highway","Monroeville","Pennsylvania","15146","US","40.444462","-79.712707","+1 855-955-2534"
"ALDI 3995 William Penn Highway","5768348","L186","3995 William Penn Highway","Monroeville","Pennsylvania","15146","US","40.438432","-79.7720187","+1 855-955-2534"
"ALDI 2830 Gracy Ctr.Way,Ste.100","5767031","L202","2830 Gracy Ctr.Way,Ste.100","Moon Township","Pennsylvania","15108","US","40.517798","-80.217141","+1 855-955-2534"
"ALDI 100 Crossroads Plaza","5766843","L158","100 Crossroads Plaza","Mount Pleasant","Pennsylvania","15666","US","40.125437","-79.550669","+1 855-955-2534"
"ALDI 275 Dworman Lane","5767034","L176","275 Dworman Lane","New Castle","Pennsylvania","16101","US","41.01521","-80.396159","+1 855-955-2534"
"ALDI 648 E Forrest Ave","5873422","FJ15","648 E Forrest Ave","New Freedom","Pennsylvania","17349","US","39.770863","-76.665884","+1 855-955-2534"
"ALDI 100 Tarentum Bridge Road","5767860","L198","100 Tarentum Bridge Road","New Kensington","Pennsylvania","15068","US","40.59068","-79.75064","+1 855-955-2534"
"ALDI 8775 Norwin Avenue","5767398","L204","8775 Norwin Avenue","North Huntingdon","Pennsylvania","15642","US","40.318698","-79.693947","+1 855-955-2534"
"ALDI 100 Aldi Drive","5767141","L182","100 Aldi Drive","North Versailles","Pennsylvania","15137","US","40.369743","-79.779143","+1 855-955-2534"
"ALDI 1210 Bethlehem Pike","5766205","F437","1210 Bethlehem Pike","North Wales","Pennsylvania","19454","US","40.2085737","-75.22714169999999","+1 855-955-2534"
"ALDI 11 E Steuben St","6340827","FJ79","11 East Steuben Street","Oakdale","Pennsylvania","15071","US","40.440453","-80.236898","+1 855-955-2534"
"ALDI 16 Federal Drive","5767275","L192","16 Federal Drive","Penn Hills","Pennsylvania","15235","US","40.463707","-79.827303","+1 855-955-2534"
"ALDI 7350 Saltsburg Road","5767643","L224","7350 Saltsburg Road","Penn Hills","Pennsylvania","15235","US","40.477511","-79.786034","+1 855-955-2534"
"ALDI 2103 Washington Ave","5768094","FE59","2103 Washington Ave","Philadelphia","Pennsylvania","19146","US","39.939438","-75.178404","+1 855-955-2534"
"ALDI 2603 S. Front Street","5766153","F401","2603 South Front Street","Philadelphia","Pennsylvania","19148","US","39.9149547","-75.14860949999999","+1 855-955-2534"
"ALDI 3101 West Girard Avenue","5766137","F394","3101 West Girard Avenue","Philadelphia","Pennsylvania","19130","US","39.9760574","-75.1890341","+1 855-955-2534"
"ALDI 3320 Grant Avenue Ste A","5766207","F441","3320 Grant Avenue Ste A","Philadelphia","Pennsylvania","19114","US","40.0679505","-75.0088972","+1 855-955-2534"
"ALDI 3500 Aramingo Avenue","5768277","FE66","3500 Aramingo Avenue","Philadelphia","Pennsylvania","19134","US","39.99297","-75.1017416","+1 855-955-2534"
"ALDI 3975 Castor Avenue","5766129","F391","3975 Castor Avenue","Philadelphia","Pennsylvania","19124","US","40.006873","-75.098433","+1 855-955-2534"
"ALDI 5200 Whiteaker Ave","5766150","F400","5200 Whiteaker Ave","Philadelphia","Pennsylvania","19124","US","40.0067687","-75.0997979","+1 855-955-2534"
"ALDI 9303 Krewstown Road","5766116","F360","9303 Krewstown Road","Philadelphia","Pennsylvania","19115","US","40.085292","-75.045687","+1 855-955-2534"
"ALDI 100 Costco Drive","5767239","L190","100 Costco Drive","Pittsburgh","Pennsylvania","15205","US","40.457504","-80.166729","+1 855-955-2534"
"ALDI 2515 Banksville Rd.","5873424","FM60","2515 Banksville Rd.","Pittsburgh","Pennsylvania","15216","US","40.405938","-80.035849","+1 855-955-2534"
"ALDI 2628 East Carson Street","5767527","L215","2628 East Carson Street","Pittsburgh","Pennsylvania","15203","US","40.427552","-79.96783","+1 855-955-2534"
"ALDI 3089 Sussex Avenue","5767457","L209","3089 Sussex Avenue","Pittsburgh","Pennsylvania","15226","US","40.384091","-80.014093","+1 855-955-2534"
"ALDI 450 56th St.","5767647","FJ77","450 56th St.","Pittsburgh","Pennsylvania","15201","US","40.483331","-79.948527","+1 855-955-2534"
"ALDI 5200 Penn Avenue","5767662","L225","5200 Penn Avenue","Pittsburgh","Pennsylvania","15224","US","40.464522","-79.939418","+1 855-955-2534"
"ALDI 5239 Brownsville Rd","5767675","L226","5239 Brownsville Rd","Pittsburgh","Pennsylvania","15236","US","40.342632","-79.984238","+1 855-955-2534"
"ALDI 5631 Baum Boulevard","5767540","L216","5631 Baum Boulevard","Pittsburgh","Pennsylvania","15206","US","40.458438","-79.934727","+1 855-955-2534"
"ALDI 6290 Northway Drive","5873420","L206","6290 Northway Drive","Pittsburgh","Pennsylvania","15237","US","40.55111","-80.022671","+1 855-955-2534"
"ALDI 7221 McKnight Road","5767429","L227","7221 McKnight Road","Pittsburgh","Pennsylvania","15237","US","40.536736","-80.012713","+1 855-955-2534"
"ALDI 880 Butler Street","5767156","L183","880 Butler Street","Pittsburgh","Pennsylvania","15223","US","40.511982","-79.945041","+1 855-955-2534"
"ALDI 5000 N Township Blvd","5766190","F425","5000 N Township Blvd","Pittston","Pennsylvania","18640","US","41.3211625","-75.7642347","+1 855-955-2534"
"ALDI 2995 SR 940","5767965","F447","2995 SR 940","Pocono Summit","Pennsylvania","18346","US","41.117469","-75.381982","+1 855-955-2534"
"ALDI 223 Shoemaker Rd. Ste 123","5766914","F461","223 Shoemaker Rd. Ste 123","Pottstown","Pennsylvania","19464","US","40.2529756","-75.6659629","+1 855-955-2534"
"ALDI 545 W Mahoning Street","5767361","L200","545 W Mahoning Street","Punxsutawney","Pennsylvania","15767","US","40.941725","-78.980484","+1 855-955-2534"
"ALDI 3520 N. Fifth Street Hwy","5766173","F413","3520 North 5th Street","Reading","Pennsylvania","19605","US","40.36929629999999","-75.92674590000001","+1 855-955-2534"
"ALDI 4703 Perkiomen Avenue","5766201","F433","4703 Perkiomen Avenue","Reading","Pennsylvania","19606","US","40.30595","-75.85812","+1 855-955-2534"
"ALDI 3209 Cape Horn Rd","5767969","L420","3209 Cape Horn Rd","Red Lion","Pennsylvania","17356","US","39.9153","-76.6282","+1 855-955-2534"
"ALDI 818 South St. Marys Street","5768246","FE99","818 South St. Marys Street","Saint Marys","Pennsylvania","15857","US","41.411426","-78.561668","+1 855-955-2534"
"ALDI 2756 Elmira St.","5767855","F801","2756 Elmira St.","Sayre","Pennsylvania","18840","US","41.987553","-76.545301","+1 855-955-2534"
"ALDI 1115 Scranton Carbondale Hw","5766814","F438","1115 Scranton Carbondale Hw","Scranton","Pennsylvania","18508","US","41.46988","-75.64115","+1 855-955-2534"
"ALDI 40 Shippensburg Shop Ctr No. 4","5766475","L402","40 Shippensburg Shop Ctr No. 4","Shippensburg","Pennsylvania","17257","US","40.057424","-77.498652","+1 855-955-2534"
"ALDI 1606 North Center Ave.","5767482","L211","1606 North Center Ave.","Somerset","Pennsylvania","15501","US","40.037022","-79.073134","+1 855-955-2534"
"ALDI 703 Route 113","5766131","F365","703 Route 113","Souderton","Pennsylvania","18964","US","40.315314","-75.309897","+1 855-955-2534"
"ALDI 1798 N. Atherton Street","5768212","L170","1798 N. Atherton Street","State College","Pennsylvania","16803","US","40.808574","-77.9036919","+1 855-955-2534"
"ALDI 780 Benner Pike","5768003","L169","780 Benner Pike","State College","Pennsylvania","16801","US","40.835167","-77.8011436","+1 855-955-2534"
"ALDI 700 N. Ninth Street","5766204","F436","700 N. Ninth Street","Stroudsburg","Pennsylvania","18360","US","40.98765","-75.20737","+1 855-955-2534"
"ALDI 1040 Village Center Drive","5768052","L197","1040 Village Center Drive","Tarentum","Pennsylvania","15084","US","40.56868","-79.802573","+1 855-955-2534"
"ALDI 3215 Lincoln Hwy","5768116","FE46","3215 Lincoln Hwy","Thorndale","Pennsylvania","19372","US","39.994691","-75.760368","+1 855-955-2534"
"ALDI 1112 Golden Mile Rd","5768367","F844","1112 Golden Mile Rd","Towanda","Pennsylvania","18848","US","41.770454","-76.416297","+1 855-955-2534"
"ALDI 650 West Main Street","5766425","L159","650 West Main Street","Uniontown","Pennsylvania","15401","US","39.912921","-79.747002","+1 855-955-2534"
"ALDI 1300 Robert William Drive","5767144","FE97","1300 Robert William Drive","Valencia","Pennsylvania","16059","US","40.694102","-79.973377","+1 855-955-2534"
"ALDI 3917 Market Street","5767615","L222","3917 Market Street","Warren","Pennsylvania","16365","US","41.895834","-79.149892","+1 855-955-2534"
"ALDI 18 Trinity Point Drive","5767231","L189","18 Trinity Point Drive","Washington","Pennsylvania","15301","US","40.182418","-80.224213","+1 855-955-2534"
"ALDI 1521 East Main Street","5768220","FF09","1521 East Main Street","Waynesboro","Pennsylvania","17268","US","39.745596","-77.552833","+1 855-955-2534"
"ALDI 210 Greene Plaza","5766428","L161","210 Greene Plaza","Waynesburg","Pennsylvania","15370","US","39.898217","-80.146678","+1 855-955-2534"
"ALDI 833 Paoli Pike","5768162","FE58","833 Paoli Pike","West Chester","Pennsylvania","19380","US","39.9678339","-75.5923288","+1 855-955-2534"
"ALDI 239 Clairton Boulevard","5767193","L185","239 Clairton Boulevard","West Mifflin","Pennsylvania","15236","US","40.340386","-79.954579","+1 855-955-2534"
"ALDI 11800 Perry Highway","5767513","L213","11800 Perry Highway","Wexford","Pennsylvania","15090","US","40.630231","-80.05567","+1 855-955-2534"
"ALDI 401 Penn Avenue","5767972","FJ85","401 Penn Avenue","Wilkinsburg","Pennsylvania","15221","US","40.445452","-79.889206","+1 855-955-2534"
"ALDI 1955 Davisville Road","5766145","F398","1955 Davisville Road","Willow Grove","Pennsylvania","19090","US","40.140342","-75.116339","+1 855-955-2534"
"ALDI 280 Northern Way","5766427","L389","280 Northern Way","York","Pennsylvania","17402","US","39.97748","-76.67563","+1 855-955-2534"
"ALDI 905 Loucks Road","5766433","L390","905 Loucks Road","York","Pennsylvania","17404","US","39.981033","-76.753892","+1 855-955-2534"
"ALDI 1015 Cranston Street","5757859","L579","1015 Cranston Street","Cranston","Rhode Island","02920","US","41.79932","-71.44794","+1 855-955-2534"
"ALDI 1138 Pontiac Avenue","5757862","L582","1138 Pontiac Avenue","Cranston","Rhode Island","02920","US","41.75315","-71.44991","+1 855-955-2534"
"ALDI 1386 Atwood Avenue","5757937","L569","1386 Atwood Avenue","Johnston","Rhode Island","02919","US","41.815499","-71.497363","+1 855-955-2534"
"ALDI 872 West Main Road","5757868","L589","872 West Main Road","Middletown","Rhode Island","02842","US","41.52763","-71.29617","+1 855-955-2534"
"ALDI 11 Dowling Village Blvd","5757857","L576","11 Dowling Village Blvd","North Smithfield","Rhode Island","02896","US","41.978189","-71.506854","+1 855-955-2534"
"ALDI 539 Smith Street","5757863","L584","539 Smith Street","Providence","Rhode Island","02908","US","41.83617","-71.42859","+1 855-955-2534"
"ALDI 70 Newport Avenue","5757860","L583","70 Newport Avenue","Rumford","Rhode Island","02916","US","41.85734","-71.35445","+1 855-955-2534"
"ALDI 444 Quaker Lane","5757861","L581","444 Quaker Lane","Warwick","Rhode Island","02886","US","41.68309","-71.50044","+1 855-955-2534"
"ALDI 100 Franklin Street","5757864","L585","100 Franklin Street","Westerly","Rhode Island","02891","US","41.3623","-71.8101","+1 855-955-2534"
"ALDI 2209 W Dekalb St Suite G1","5873449","FM22","2209 West Dekalb Street","Camden","SC","29020","US","34.2477086","-80.6473942","+1 855-955-2534"
"ALDI 4430 Highway","5873469","FM25","4430 US Highway 17 Bypass South","Murrells Inlet","SC","29576","US","33.554004","-79.0471144","+1 855-955-2534"
"ALDI 2510 Whiskey Road","5766585","L920","2510 Whiskey Road","Aiken","South Carolina","29803","US","33.50771","-81.709667","+1 855-955-2534"
"ALDI 4115 Clemson Blvd","5766740","L954","4115 Clemson Blvd","Anderson","South Carolina","29621","US","34.559779","-82.693392","+1 855-955-2534"
"ALDI 624 Highway 28 Bypass","5766954","L951","624 Highway 28 Bypass","Anderson","South Carolina","29624","US","34.488765","-82.673728","+1 855-955-2534"
"ALDI 361 Robert Smalls Pkwy","5757818","FF50","361 Robert Smalls Pkwy","Beaufort","South Carolina","29906","US","32.42242","-80.73469","+1 855-955-2534"
"ALDI 1131 Fording Island Road","5767728","FE27","1131 Fording Island Road","Bluffton","South Carolina","29910","US","32.25194","-80.84282","+1 855-955-2534"
"ALDI 4031 Hwy 9","5766784","L963","4031 Hwy 9","Boiling Springs","South Carolina","29316","US","35.050061","-81.987059","+1 855-955-2534"
"ALDI 856 Folly Road","5768306","FJ26","856 Folly Road","Charleston","South Carolina","29412","US","32.736519","-79.965552","+1 855-955-2534"
"ALDI 1240 Longreen Pkwy.","5767651","F966","1240 Longreen Pkwy.","Columbia","South Carolina","29229","US","34.140545","-80.943194","+1 855-955-2534"
"ALDI 6075 St. Andrews Road S","5767134","F913","6075 St. Andrews Road S","Columbia","South Carolina","29212","US","34.054226","-81.161037","+1 855-955-2534"
"ALDI 7610 Garners Ferry Rd","5767249","F919","7610 Garners Ferry Rd","Columbia","South Carolina","29209","US","33.960524","-80.938823","+1 855-955-2534"
"ALDI 101 Wild Wing Boulevard","5767579","F955","101 Wild Wing Boulevard","Conway","South Carolina","29526","US","33.783623","-78.98918","+1 855-955-2534"
"ALDI 2904 Church Street","5767684","F927","2904 Church Street","Conway","South Carolina","29526","US","33.862503","-79.092571","+1 855-955-2534"
"ALDI 1907 E Main St","5757830","FN96","1907 E Main St","Duncan","South Carolina","29334","US","34.892407","-82.078064","+1 855-955-2534"
"ALDI 4835 Calhoun Memorial Highw","5766771","L961","4835 Calhoun Memorial Highw","Easley","South Carolina","29640","US","34.825564","-82.543956","+1 855-955-2534"
"ALDI 1814 S. Irby Street","5767332","F941","1814 S. Irby Street","Florence","South Carolina","29505","US","34.158913","-79.76584","+1 855-955-2534"
"ALDI 2367 David H McLeod Blvd.","5767266","F921","2367 David H McLeod Blvd.","Florence","South Carolina","29501","US","34.190119","-79.822977","+1 855-955-2534"
"ALDI 3665 Vandora Springs Rd.","5767626","F963","3665 Vandora Springs Rd.","Fort Mill","South Carolina","29708","US","35.051964","-80.991359","+1 855-955-2534"
"ALDI 1560 W. Floyd Baker Blvd.","5766454","F886","1560 W. Floyd Baker Blvd.","Gaffney","South Carolina","29341","US","35.092793","-81.662118","+1 855-955-2534"
"ALDI 205 St. James Ave","5768093","F978","205 St. James Ave","Goose Creek","South Carolina","29445","US","33.0047425","-80.0446729","+1 855-955-2534"
"ALDI 100 Chalmers Road","5766739","L953","100 Chalmers Road","Greenville","South Carolina","29605","US","34.7992","-82.3748","+1 855-955-2534"
"ALDI 1725 Woodruff Road","5766789","L966","1725 Woodruff Road","Greenville","South Carolina","29607","US","34.820093","-82.271894","+1 855-955-2534"
"ALDI 510 Worley Road","5768228","L952","510 Worley Road","Greenville","South Carolina","29609","US","34.88717","-82.392471","+1 855-955-2534"
"ALDI 6149 White Horse Road","5766793","L967","6149 White Horse Road","Greenville","South Carolina","29611","US","34.854463","-82.457162","+1 855-955-2534"
"ALDI 1322 Montague Ave","5766558","L913","1322 Montague Ave","Greenwood","South Carolina","29649","US","34.217128","-82.182132","+1 855-955-2534"
"ALDI 1050 W Wade Hampton Blvd.","5766774","L962","1050 W Wade Hampton Blvd.","Greer","South Carolina","29650","US","34.944388","-82.254219","+1 855-955-2534"
"ALDI 7864 Charlotte Hwy","5767396","F975","7864 Charlotte Hwy","Indian Land","South Carolina","29707","US","34.940605","-80.837841","+1 855-955-2534"
"ALDI 9553 Charlotte Hwy","5767088","F909","9553 Charlotte Hwy","Indian Land","South Carolina","29707","US","34.994371","-80.85553","+1 855-955-2534"
"ALDI 1169 Dutch Fork Road","5767091","FE85","1169 Dutch Fork Road","Irmo","South Carolina","29063","US","34.125597","-81.224105","+1 855-955-2534"
"ALDI 1201 Old Charlotte Rd","5767621","F962","1201 Old Charlotte Rd","Lancaster","South Carolina","29720","US","34.73636","-80.77595","+1 855-955-2534"
"ALDI 1752 Hwy 14 E","5768324","FF45","1752 Hwy 14 E","Landrum","South Carolina","29356","US","35.179414","-82.16162","+1 855-955-2534"
"ALDI 401 Exchange Dr.","5766760","L959","401 Exchange Dr.","Laurens","South Carolina","29360","US","34.495824","-81.985015","+1 855-955-2534"
"ALDI 5182 Sunset Boulevard","5767214","F893","5182 Sunset Boulevard","Lexington","South Carolina","29072","US","34.006545","-81.201833","+1 855-955-2534"
"ALDI 5548 Platt Springs Road","5766992","F970","5548 Platt Springs Road","Lexington","South Carolina","29073","US","33.908151","-81.227006","+1 855-955-2534"
"ALDI 209 N Main Street","5768197","L976","209 N Main Street","Mauldin","South Carolina","29662","US","34.7826011","-82.3119935","+1 855-955-2534"
"ALDI 3153 N Highway 17","5768105","FE84","3153 N Highway 17","Mount Pleasant","South Carolina","29466","US","32.867525","-79.780635","+1 855-955-2534"
"ALDI 613 Johnnie Dodds Blvd","5767016","F923","613 Johnnie Dodds Blvd","Mount Pleasant","South Carolina","29464","US","32.806372","-79.881749","+1 855-955-2534"
"ALDI 2625 Beaver Run Boulevard","5767029","F924","2625 Beaver Run Boulevard","Myrtle Beach","South Carolina","29575","US","33.642088","-78.986648","+1 855-955-2534"
"ALDI 1360 Knox Avenue","5766515","L902","1360 Knox Avenue","North Augusta","South Carolina","29841","US","33.508257","-81.959187","+1 855-955-2534"
"ALDI 7620 Rivers Ave Suite 100","5767679","F936","7620 Rivers Ave Suite 100","North Charleston","South Carolina","29406","US","32.9416785","-80.038797","+1 855-955-2534"
"ALDI 244 N HWY 17","5767133","F917","244 N HWY 17","North Myrtle Beach","South Carolina","29582","US","33.831515","-78.676594","+1 855-955-2534"
"ALDI 2690 North Road","5767061","F907","2690 North Road","Orangeburg","South Carolina","29118","US","33.525652","-80.88624","+1 855-955-2534"
"ALDI 75 Petigru Drive","5757817","FJ24","75 Petigru Drive","Pawleys Island","South Carolina","29585","US","33.43651","-79.132848","+1 855-955-2534"
"ALDI 3340 Highway 153","5767413","L975","3340 Highway 153","Piedmont","South Carolina","29673","US","34.7865013","-82.4791904","+1 855-955-2534"
"ALDI 1182 North Anderson Road","5767459","F948","1182 North Anderson Road","Rock Hill","South Carolina","29730","US","34.968345","-80.991704","+1 855-955-2534"
"ALDI 4952 Old York Rd","5767617","F943","4952 Old York Rd","Rock Hill","South Carolina","29732","US","34.9829091","-81.0916731","+1 855-955-2534"
"ALDI 13190 Clemson Boulevard","5766922","L950","13190 Clemson Boulevard","Seneca","South Carolina","29678","US","34.6897137","-82.8588972","+1 855-955-2534"
"ALDI 249 Applewood Center Place","5766477","L891","249 Applewood Center Place","Seneca","South Carolina","29678","US","34.690188","-82.989912","+1 855-955-2534"
"ALDI 655 Fairview Road Suite C","5767357","L965","655 Fairview Road Suite C","Simpsonville","South Carolina","29680","US","34.711878","-82.255161","+1 855-955-2534"
"ALDI 150 E. Blackstock Rd Ste.B","5766959","L964","150 E. Blackstock Rd Ste.B","Spartanburg","South Carolina","29301","US","34.931866","-81.990288","+1 855-955-2534"
"ALDI 1605 E. Main Street","5766765","L960","1605 E. Main Street","Spartanburg","South Carolina","29307","US","34.964127","-81.897325","+1 855-955-2534"
"ALDI 1001 N. Main Street","5767448","F911","1001 N. Main Street","Summerville","South Carolina","29483","US","33.031323","-80.166665","+1 855-955-2534"
"ALDI 10015 Dorchester Rd.","5767163","F914","10015 Dorchester Rd.","Summerville","South Carolina","29485","US","32.951481","-80.164314","+1 855-955-2534"
"ALDI 829 Broad Street","5767024","F879","829 Broad Street","Sumter","South Carolina","29150","US","33.944003","-80.36879","+1 855-955-2534"
"ALDI 3034 Wade Hampton Blvd.","5766573","L917","3034 Wade Hampton Blvd.","Taylors","South Carolina","29687","US","34.907018","-82.328369","+1 855-955-2534"
"ALDI 2930 Augusta Road","5767260","F920","2930 Augusta Road","West Columbia","South Carolina","29170","US","33.979783","-81.116455","+1 855-955-2534"
"ALDI 3018 PasqueFlower Place","5873455","FO82","3018 PasqueFlower Place","Brookings","South Dakota","57006","US","44.312343","-96.753234","+1 855-955-2534"
"ALDI 2808 S. Louise Avenue","5767053","L452","2808 S. Louise Avenue","Sioux Falls","South Dakota","57106","US","43.5199","-96.7703","+1 855-955-2534"
"ALDI 4201 West 61st Circle North","5767165","L543","4201 West 61st Circle North","Sioux Falls","South Dakota","57107","US","43.602529","-96.780131","+1 855-955-2534"
"ALDI 5105 East Arrowhead Parkway","5767066","L453","5105 East Arrowhead Parkway","Sioux Falls","South Dakota","57110","US","43.5433","-96.6633","+1 855-955-2534"
"ALDI 600 West 85th Street","5766977","L454","600 West 85th Street","Sioux Falls","South Dakota","57108","US","43.476135","-96.731847","+1 855-955-2534"
"ALDI 2822 8th Avenue SE","5767562","L536","2822 8th Avenue SE","Watertown","South Dakota","57201","US","44.89087","-97.06897","+1 855-955-2534"
"ALDI 836 Louisville Rd","5767338","L242","836 Louisville Rd","Alcoa","Tennessee","37701","US","35.773474","-83.98966","+1 855-955-2534"
"ALDI 1518 Decatur Pike","5768397","L307","1518 Decatur Pike","Athens","Tennessee","37303","US","35.447437","-84.625496","+1 855-955-2534"
"ALDI 2867 Kirby Whitten Pkwy","5767759","L294","2867 Kirby Whitten Pkwy","Bartlett","Tennessee","38134","US","35.203728","-89.841656","+1 855-955-2534"
"ALDI 1701 Mallory Lane","5767139","L234","1701 Mallory Lane","Brentwood","Tennessee","37027","US","35.966075","-86.814895","+1 855-955-2534"
"ALDI 7117 Southpoint Pkwy","5767866","L278","7117 Southpoint Pkwy","Brentwood","Tennessee","37027","US","35.99502","-86.68686","+1 855-955-2534"
"ALDI 2020 Gunbarrel Rd, Ste 154","5768356","L318","2020 Gunbarrel Rd, Ste 154","Chattanooga","Tennessee","37421","US","35.033123","-85.15134","+1 855-955-2534"
"ALDI 5706 Lee Hwy","5767898","L319","5706 Lee Hwy","Chattanooga","Tennessee","37421","US","35.01821","-85.2044","+1 855-955-2534"
"ALDI 637 Mundy Street","5767443","L315","637 Mundy Street","Chattanooga","Tennessee","37405","US","35.097667","-85.326153","+1 855-955-2534"
"ALDI 1570 Fort Campbell Blvd","5767402","L249","1570 Fort Campbell Blvd","Clarksville","Tennessee","37042","US","36.5713","-87.407007","+1 855-955-2534"
"ALDI 2829 Wilma Rudolph Blvd","5768066","FJ89","2829 Wilma Rudolph Blvd","Clarksville","Tennessee","37040","US","36.586548","-87.293601","+1 855-955-2534"
"ALDI 2385 McGrady Drive SE","5767351","FF06","2385 McGrady Drive SE","Cleveland","Tennessee","37323","US","35.128404","-84.864599","+1 855-955-2534"
"ALDI 305 Paul Huff Pkwy NW","5767890","L317","305 Paul Huff Pkwy NW","Cleveland","Tennessee","37312","US","35.205809","-84.852641","+1 855-955-2534"
"ALDI 523 W Poplar Ave","5767806","L302","523 W Poplar Ave","Collierville","Tennessee","38017","US","35.04569","-89.6801","+1 855-955-2534"
"ALDI 311 S James Campbell Blvd","5767557","L268","311 S James Campbell Blvd","Columbia","Tennessee","38401","US","35.59041","-87.0479","+1 855-955-2534"
"ALDI 442 S Jefferson Ave","5767431","L254","442 S Jefferson Ave","Cookeville","Tennessee","38501","US","36.15372","-85.499887","+1 855-955-2534"
"ALDI 1610 N Germantown Pkwy","5767738","L292","1610 N Germantown Pkwy","Cordova","Tennessee","38016","US","35.169404","-89.792046","+1 855-955-2534"
"ALDI 781 Hwy 46 S","5767411","L252","781 Hwy 46 S","Dickson","Tennessee","37055","US","36.049302","-87.362032","+1 855-955-2534"
"ALDI 170 Brooklawn Street","5768378","L235","170 Brooklawn Street","Farragut","Tennessee","37934","US","35.881621","-84.156476","+1 855-955-2534"
"ALDI 209 South Royal Oaks Blvd","5767664","L280","209 South Royal Oaks Blvd","Franklin","Tennessee","37064","US","35.91212","-86.831883","+1 855-955-2534"
"ALDI 571 Village Green Dr","5767711","L288","571 Village Green Dr","Gallatin","Tennessee","37066","US","36.378403","-86.474611","+1 855-955-2534"
"ALDI 3800 E. Andrew Johnson Hwy","5766724","F935","3800 E. Andrew Johnson Hwy","Greeneville","Tennessee","37745","US","36.184004","-82.75964","+1 855-955-2534"
"ALDI 217 Indian Lake Blvd No.700","5767710","L284","217 Indian Lake Blvd No.700","Hendersonville","Tennessee","37075","US","36.321492","-86.601735","+1 855-955-2534"
"ALDI 4751 Lebanon Pike","5767655","L279","4751 Lebanon Pike","Hermitage","Tennessee","37076","US","36.214385","-86.591784","+1 855-955-2534"
"ALDI 5510 Hwy 153 Ste 1","5767912","L320","5510 Hwy 153 Ste 1","Hixson","Tennessee","37343","US","35.143375","-85.247991","+1 855-955-2534"
"ALDI 6 Stonebridge Blvd","5767818","L303","6 Stonebridge Blvd","Jackson","Tennessee","38305","US","35.67121","-88.85241","+1 855-955-2534"
"ALDI 108 Whitewood Blvd","5768191","FE87","108 Whitewood Blvd","Johnson City","Tennessee","37601","US","36.374544","-82.405391","+1 855-955-2534"
"ALDI 1400 W Market St","5766749","F932","1400 W Market St","Johnson City","Tennessee","37604","US","36.314105","-82.381546","+1 855-955-2534"
"ALDI 2617 East Stone Drive","5766753","F933","2617 East Stone Drive","Kingsport","Tennessee","37660","US","36.549031","-82.492915","+1 855-955-2534"
"ALDI 110 Moss Grove Blvd","5767330","L241","110 Moss Grove Blvd","Knoxville","Tennessee","37922","US","35.909991","-84.090304","+1 855-955-2534"
"ALDI 2801 Schaad Rd","5767307","L239","2801 Schaad Rd","Knoxville","Tennessee","37921","US","36.004207","-84.023232","+1 855-955-2534"
"ALDI 4109 E Emory Rd","5767319","L240","4109 E Emory Rd","Knoxville","Tennessee","37938","US","36.08435","-83.93422","+1 855-955-2534"
"ALDI 5220 Kingston Pike","5767360","L244","5220 Kingston Pike","Knoxville","Tennessee","37919","US","35.937557","-83.989897","+1 855-955-2534"
"ALDI 5416 Millertown Pike","5766950","L237","5416 Millertown Pike","Knoxville","Tennessee","37924","US","36.0350303","-83.8687981","+1 855-955-2534"
"ALDI 5331 Murfreesboro Rd","5767907","FJ92","5331 Murfreesboro Rd","La Vergne","Tennessee","37086","US","36.01691","-86.56189","+1 855-955-2534"
"ALDI 9970 US Highway 64","5767644","L250","9970 US Highway 64","Lakeland","Tennessee","38002","US","35.206138","-89.730429","+1 855-955-2534"
"ALDI 108 Circle Dr","5767574","L270","108 Circle Dr","Lebanon","Tennessee","37087","US","36.19003651","-86.29729413","+1 855-955-2534"
"ALDI 725 US Hwy 321 N","5766988","L236","725 US Hwy 321 N","Lenoir City","Tennessee","37771","US","35.811513","-84.262569","+1 855-955-2534"
"ALDI 135 S. Gallatin Pike","5767388","L246","135 S. Gallatin Pike","Madison","Tennessee","37115","US","36.262101","-86.71159","+1 855-955-2534"
"ALDI 2235 US Highway 411 S","5768146","FF02","2235 US Highway 411 S","Maryville","Tennessee","37801","US","35.719787","-84.010038","+1 855-955-2534"
"ALDI 2765 S Perkins","5767773","L296","2765 S Perkins","Memphis","Tennessee","38118","US","35.073111","-89.906286","+1 855-955-2534"
"ALDI 3176 Austin Peay Hwy","5767719","L290","3176 Austin Peay Hwy","Memphis","Tennessee","38128","US","35.211568","-89.917732","+1 855-955-2534"
"ALDI 4056 Elvis Presley Blvd","5767789","L298","4056 Elvis Presley Blvd","Memphis","Tennessee","38116","US","35.03833","-90.0245","+1 855-955-2534"
"ALDI 4720 Summer Ave","5767782","L297","4720 Summer Ave","Memphis","Tennessee","38122","US","35.14953","-89.903483","+1 855-955-2534"
"ALDI 7520 Winchester Rd","5767746","L293","7520 Winchester Rd","Memphis","Tennessee","38125","US","35.05046","-89.81245","+1 855-955-2534"
"ALDI 785 Union Ave","5768172","FJ93","785 Union Ave","Memphis","Tennessee","38103","US","35.138205","-90.035074","+1 855-955-2534"
"ALDI 8699 US Hwy 51 North Unit 101","5767538","FF05","8699 US Hwy 51 North Unit 101","Millington","Tennessee","38053","US","35.363066","-89.890624","+1 855-955-2534"
"ALDI 154 W. Pin Lane","5767301","L238","154 W. Pin Lane","Morristown","Tennessee","37814","US","36.192905","-83.361783","+1 855-955-2534"
"ALDI 315 N Mt Juliet Rd","5767691","L283","315 N Mt Juliet Rd","Mount Juliet","Tennessee","37122","US","36.17627","-86.5119","+1 855-955-2534"
"ALDI 3267 Memorial Blvd","5767151","L247","3267 Memorial Blvd","Murfreesboro","Tennessee","37129","US","35.905647","-86.384613","+1 855-955-2534"
"ALDI 3439 South Church Street","5768240","L251","3439 South Church Street","Murfreesboro","Tennessee","37127","US","35.77761","-86.401205","+1 855-955-2534"
"ALDI 5109 Franklin Road","5768327","FF03","5109 Franklin Road","Murfreesboro","Tennessee","37128","US","35.843823","-86.484837","+1 855-955-2534"
"ALDI 640 Robert Rose Dr","5767566","L269","640 Robert Rose Dr","Murfreesboro","Tennessee","37129","US","35.85416","-86.43216","+1 855-955-2534"
"ALDI 1911 Ransom Pl","5767605","L273","1911 Ransom Pl","Nashville","Tennessee","37217","US","36.088164","-86.650808","+1 855-955-2534"
"ALDI 3758 Nolensville Pike","5767634","L276","3758 Nolensville Pike","Nashville","Tennessee","37211","US","36.0905","-86.732207","+1 855-955-2534"
"ALDI 405 American Rd","5767616","L274","405 American Rd","Nashville","Tennessee","37209","US","36.14516","-86.8739","+1 855-955-2534"
"ALDI 615 Gallatin Ave","5767623","L275","615 Gallatin Ave","Nashville","Tennessee","37206","US","36.183397","-86.747358","+1 855-955-2534"
"ALDI 7035 Highway 70 S.","5766991","L286","7035 Highway 70 S.","Nashville","Tennessee","37221","US","36.075279","-86.917582","+1 855-955-2534"
"ALDI 111 Woodland Terrace E","5767353","L243","111 Woodland Terrace E","Oak Ridge","Tennessee","37830","US","36.00355","-84.24722","+1 855-955-2534"
"ALDI 5974 Elementary Way","5767880","L316","5974 Elementary Way","Ooltewah","Tennessee","37363","US","35.082411","-85.059933","+1 855-955-2534"
"ALDI 538 Winfield-Dunn Parkway","5767374","L245","538 Winfield-Dunn Parkway","Sevierville","Tennessee","37876","US","35.876673","-83.57337","+1 855-955-2534"
"ALDI 407 S Lowry St","5767423","L253","407 S Lowry St","Smyrna","Tennessee","37167","US","35.971462","-86.507833","+1 855-955-2534"
"ALDI 4917 Main St","5767671","L281","4917 Main St","Spring Hill","Tennessee","37174","US","35.776491","-86.917541","+1 855-955-2534"
"ALDI 3438 Tom Austin Hwy","5767639","L277","3438 Tom Austin Hwy","Springfield","Tennessee","37172","US","36.486889","-86.884685","+1 855-955-2534"
"ALDI 2014 N Jackson St.","5767682","L282","2014 N Jackson St.","Tullahoma","Tennessee","37388","US","35.389529","-86.23697","+1 855-955-2534"
"ALDI 4765 Southwest Dr","5767652","L878","4765 Southwest Dr","Abilene","Texas","79606","US","32.406242","-99.786866","+1 855-955-2534"
"ALDI 1730 North Greenville Ave","5766853","L824","1730 North Greenville Ave","Allen","Texas","75002","US","33.1282","-96.6459","+1 855-955-2534"
"ALDI 2373 Bypass 35 S.","5766547","FA80","2373 Bypass 35 S.","Alvin","Texas","77511","US","29.40508","-95.23648","+1 855-955-2534"
"ALDI 1200 W. Nathan Lowe Road","5766279","L837","1200 W. Nathan Lowe Road","Arlington","Texas","76017","US","32.65553","-97.13107","+1 855-955-2534"
"ALDI 5045 Little School Rd","5766300","L868","5045 Little School Rd","Arlington","Texas","76017","US","32.6648","-97.2063","+1 855-955-2534"
"ALDI 5521 Garth Road","5766686","FB13","5521 Garth Road","Baytown","Texas","77521","US","29.7851","-94.9791","+1 855-955-2534"
"ALDI 519 W. Commerce Street","5766729","L864","519 W. Commerce Street","Brownwood","Texas","76801","US","31.729185","-98.985872","+1 855-955-2534"
"ALDI 1760 Briarcrest Dr.","5766711","FB17","1760 Briarcrest Dr.","Bryan","Texas","77802","US","30.6533","-96.337","+1 855-955-2534"
"ALDI 1201 SW Wilshire Blvd.","5766281","L845","1201 SW Wilshire Blvd.","Burleson","Texas","76028","US","32.5244","-97.34396","+1 855-955-2534"
"ALDI 3044 Old Denton Rd Ste 200","5766237","L796","3044 Old Denton Rd Ste 200","Carrollton","Texas","75007","US","32.99847","-96.90972","+1 855-955-2534"
"ALDI 805 E. Beltline Rd.","5766285","L843","805 E. Beltline Rd.","Cedar Hill","Texas","75104","US","32.59032","-96.92302","+1 855-955-2534"
"ALDI 850 N Bell Blvd, Suite 210","5981543","FK58","850 N Bell Blvd, Suite 210","Cedar Park","Texas","78613","US","30.51975","-97.82797","+1 855-955-2534"
"ALDI 1708 W Henderson","5767779","L875","1708 W Henderson","Cleburne","Texas","76033","US","32.33538","-97.42436","+1 855-955-2534"
"ALDI 2045 North Loop 336 West","5766496","FA71","2045 North Loop 336 West","Conroe","Texas","77304","US","30.3301","-95.48785","+1 855-955-2534"
"ALDI 3851 FM 2181","5766303","L866","3851 FM 2181","Corinth","Texas","76210","US","33.1306","-97.0498","+1 855-955-2534"
"ALDI 3623 W. State Hwy. 31","5766631","L821","3623 W. State Hwy. 31","Corsicana","Texas","75110","US","32.0701513","-96.5035894","+1 855-955-2534"
"ALDI 14130 FM 2100 Rd.","5766636","FB02","14130 FM 2100 Rd.","Crosby","Texas","77532","US","29.8957","-95.0626","+1 855-955-2534"
"ALDI 8650 Barker Cypress Road","5766660","FB08","8650 Barker Cypress Road","CYPRESS","Texas","77433","US","29.90448","-95.68685","+1 855-955-2534"
"ALDI 13548 Preston Road","5766245","L804","13548 Preston Road","Dallas","Texas","75240","US","32.9324","-96.80253","+1 855-955-2534"
"ALDI 2440 W. Illinois Ave","5766277","L836","2440 W. Illinois Ave","Dallas","Texas","75233","US","32.7202","-96.8578","+1 855-955-2534"
"ALDI 2505 Ft. Worth Ave.","5766273","L830","2505 Ft. Worth Ave.","Dallas","Texas","75211","US","32.7593","-96.86355","+1 855-955-2534"
"ALDI 2926 S Buckner Blvd","5766246","L801","2926 S Buckner Blvd","Dallas","Texas","75227","US","32.76211","-96.68263","+1 855-955-2534"
"ALDI 3128 Forest Lane, No.245","5766265","L823","3128 Forest Lane, No.245","Dallas","Texas","75234","US","32.90907","-96.87109","+1 855-955-2534"
"ALDI 3632 Frankford Rd Ste 200C","5766226","L787","3632 Frankford Rd Ste 200C","Dallas","Texas","75287","US","32.99597","-96.85424","+1 855-955-2534"
"ALDI 4120 Gaston Ave","5766261","L822","4120 Gaston Ave","Dallas","Texas","75246","US","32.79403","-96.77667","+1 855-955-2534"
"ALDI 5828 Abrams Road","5766259","L816","5828 Abrams Road","Dallas","Texas","75214","US","32.85634","-96.75008","+1 855-955-2534"
"ALDI 8034 Chrysalis Drive","5766291","L852","8034 Chrysalis Drive","Dallas","Texas","75237","US","32.64948","-96.85934","+1 855-955-2534"
"ALDI 9779 Forest Lane Suite 200C","5766252","L811","9779 Forest Lane Suite 200C","Dallas","Texas","75243","US","32.90957","-96.71874","+1 855-955-2534"
"ALDI 1105 S. Loop 288","5766260","L818","1105 S. Loop 288","Denton","Texas","76205","US","33.19916","-97.09125","+1 855-955-2534"
"ALDI 1317 Ector Street","5767645","L871","1317 Ector Street","Denton","Texas","76201","US","33.2292","-97.1552","+1 855-955-2534"
"ALDI 102 W. Pleasant Run Rd.","5766295","L854","102 W. Pleasant Run Rd.","DeSoto","Texas","75115","US","32.603979","-96.85752","+1 855-955-2534"
"ALDI 333 S Cedar Ridge","5766284","L844","333 S Cedar Ridge","Duncanville","Texas","75116","US","32.64803","-96.92557","+1 855-955-2534"
"ALDI 1201 W Airport Fwy No.201","5766292","L853","1201 W Airport Fwy No.201","Euless","Texas","76040","US","32.83727","-97.1019","+1 855-955-2534"
"ALDI 895 N Fm 548","5766249","L805","895 N Fm 548","Forney","Texas","75126","US","32.75136","-96.44423","+1 855-955-2534"
"ALDI 1620 Eastchase Pkwy.","5766296","L859","1620 Eastchase Pkwy.","Fort Worth","Texas","76120","US","32.7543","-97.1704","+1 855-955-2534"
"ALDI 5129 Golden Triangle Blvd","5767555","L870","5129 Golden Triangle Blvd","Fort Worth","Texas","76244","US","32.932009","-97.272706","+1 855-955-2534"
"ALDI 5617 S Hulen St","5766288","L851","5617 S Hulen St","Fort Worth","Texas","76132","US","32.66699","-97.39984","+1 855-955-2534"
"ALDI 5728 N. Tarrant Pkwy","5766290","L849","5728 N. Tarrant Pkwy","Fort Worth","Texas","76244","US","32.89387","-97.26297","+1 855-955-2534"
"ALDI 700 Alta Mere Dr","5766283","L841","700 Alta Mere Dr","Fort Worth","Texas","76116","US","32.74971","-97.43434","+1 855-955-2534"
"ALDI 8977 Tehama Ridge Parkway","5766855","L867","8977 Tehama Ridge Parkway","Fort Worth","Texas","76177","US","32.90375","-97.3237","+1 855-955-2534"
"ALDI 9660 Legacy Drive","5766271","L831","9660 Legacy Drive","Fort Worth","Texas","76108","US","32.76374","-97.48528","+1 855-955-2534"
"ALDI 6951 Preston Rd","5766248","L806","6951 Preston Rd","Frisco","Texas","75034","US","33.13617","-96.80437","+1 855-955-2534"
"ALDI 5840 FM 1463 Rd.","5767282","FA92","5840 FM 1463 Rd.","Fulshear","Texas","77494","US","29.707","-95.8473","+1 855-955-2534"
"ALDI 1518 Buckingham Rd","5766250","L810","1518 Buckingham Rd","Garland","Texas","75042","US","32.93025","-96.6508","+1 855-955-2534"
"ALDI 1601 Northwest Hwy","5766275","L834","1601 Northwest Hwy","Garland","Texas","75041","US","32.86362","-96.65115","+1 855-955-2534"
"ALDI 926 W. University Ave.","5768021","FB01","926 W. University Ave.","Georgetown","Texas","78626","US","30.63243","-97.687881","+1 855-955-2534"
"ALDI 1339 N. Plaza Dr.","5766722","L863","1339 N. Plaza Dr.","Granbury","Texas","76048","US","32.43649","-97.7681","+1 855-955-2534"
"ALDI 2601 Bardin Rd","5766299","L865","2601 Bardin Rd","Grand Prairie","Texas","75052","US","32.6723","-97.0429","+1 855-955-2534"
"ALDI 424 E. Pioneer Pkwy","5766287","L850","424 E. Pioneer Pkwy","Grand Prairie","Texas","75051","US","32.70955","-96.99942","+1 855-955-2534"
"ALDI 6606 Wesley St","5766267","L825","6606 Wesley St","Greenville","Texas","75402","US","33.1027","-96.1102","+1 855-955-2534"
"ALDI 3173 Denton Hwy","5766293","L857","3173 Denton Hwy","Haltom City","Texas","76117","US","32.8063","-97.2646","+1 855-955-2534"
"ALDI 10064 Almeda Genoa Rd","5766744","FB19","10064 Almeda Genoa Rd","Houston","Texas","77075","US","29.6275","-95.2375","+1 855-955-2534"
"ALDI 13340 Tomball Pkwy","5766509","FA73","13340 Tomball Pkwy","Houston","Texas","77086","US","29.91574","-95.48712","+1 855-955-2534"
"ALDI 161 West Road","5768366","FB14","161 West Road","Houston","Texas","77037","US","29.9143","-95.4094","+1 855-955-2534"
"ALDI 16701 El Camino Real No. 101","5767103","FB12","16701 El Camino Real No. 101","Houston","Texas","77062","US","29.556737","-95.120801","+1 855-955-2534"
"ALDI 2550 Gessner Rd.","5767079","FB05","2550 Gessner Rd.","Houston","Texas","77080","US","29.81815","-95.544762","+1 855-955-2534"
"ALDI 3601 Hwy. 6 South","5766643","FB03","3601 Hwy. 6 South","Houston","Texas","77082","US","29.7177","-95.6432","+1 855-955-2534"
"ALDI 3618 Old Spanish Trail","5766584","FA86","3618 Old Spanish Trail","Houston","Texas","77021","US","29.702","-95.3637","+1 855-955-2534"
"ALDI 3715 FM 1960 West","5766577","FA85","3715 FM 1960 West","Houston","Texas","77068","US","29.99359","-95.48596","+1 855-955-2534"
"ALDI 3938 N. Shepherd Dr.","5768320","FB16","3938 N. Shepherd Dr.","Houston","Texas","77018","US","29.8233","-95.4106","+1 855-955-2534"
"ALDI 5855 Hwy 6 North","5766524","FA76","5855 Hwy 6 North","Houston","Texas","77084","US","29.86167","-95.64567","+1 855-955-2534"
"ALDI 6751 Bissonnet St.","5766662","FB09","6751 Bissonnet St.","Houston","Texas","77074","US","29.6898","-95.5028","+1 855-955-2534"
"ALDI 9251 Jones Road","5766552","FA81","9251 Jones Road","Houston","Texas","77065","US","29.909431","-95.584702","+1 855-955-2534"
"ALDI 9525 Westheimer","5768329","FA94","9525 Westheimer","Houston","Texas","77063","US","29.7361","-95.5337","+1 855-955-2534"
"ALDI 9870 Louetta Rd.","5766651","FB07","9870 Louetta Rd.","Houston","Texas","77070","US","30.0012","-95.5601","+1 855-955-2534"
"ALDI 6900 FM 1960 E","5766517","FA75","6900 FM 1960 E","Humble","Texas","77346","US","29.9969","-95.1739","+1 855-955-2534"
"ALDI 8755 FM 1960 Bypass W","5766559","FA82","8755 FM 1960 Bypass W","Humble","Texas","77338","US","30.0052","-95.2914","+1 855-955-2534"
"ALDI 111 Interstate 45 S Ste M","5767021","FA93","111 Interstate 45 S Ste M","Huntsville","Texas","77340","US","30.716493","-95.571212","+1 855-955-2534"
"ALDI 1628 Precinct Line Rd.","5766274","L833","1628 Precinct Line Rd.","Hurst","Texas","76054","US","32.84428","-97.18621","+1 855-955-2534"
"ALDI 2926 N. Beltline Road","5766278","L838","2926 N. Beltline Road","Irving","Texas","75062","US","32.84555","-96.99225","+1 855-955-2534"
"ALDI 912 E. Irving Boulevard","5766286","L846","912 E. Irving Boulevard","Irving","Texas","75060","US","32.81203","-96.93542","+1 855-955-2534"
"ALDI 2009 S. Mason Road","5766800","FA69","2009 S. Mason Road","Katy","Texas","77450","US","29.74919","-95.75108","+1 855-955-2534"
"ALDI 5930 N. Fry Road","5766529","FA77","5930 N. Fry Road","Katy","Texas","77449","US","29.85825","-95.71903","+1 855-955-2534"
"ALDI 222 FM 518","5766570","FA84","222 FM 518","Kemah","Texas","77565","US","29.53713","-95.02093","+1 855-955-2534"
"ALDI 2500 E Central TX Expy No. E","5766736","FB18","2500 E Central TX Expy No. E","Killeen","Texas","76543","US","31.0878","-97.7196","+1 855-955-2534"
"ALDI 3501 W. Stan Schlueter Loop","5766685","FA91","3501 W. Stan Schlueter Loop","Killeen","Texas","76549","US","31.086587","-97.786644","+1 855-955-2534"
"ALDI 1387 Kingwood Dr.","5768361","FB04","1387 Kingwood Dr.","Kingwood","Texas","77339","US","30.05034","-95.234962","+1 855-955-2534"
"ALDI 9002 Spencer Highway","5766683","FB11","9002 Spencer Highway","La Porte","Texas","77571","US","29.6637","-95.0973","+1 855-955-2534"
"ALDI 206 Hwy 332 E.","5766624","FA99","206 Hwy 332 E.","Lake Jackson","Texas","77566","US","29.0403","-95.4549","+1 855-955-2534"
"ALDI 1585 W. Main St.","5766282","L842","1585 W. Main St.","Lewisville","Texas","75067","US","33.04255","-97.03503","+1 855-955-2534"
"ALDI 6150 N Josey Lane","5766970","L803","6150 N Josey Lane","Lewisville","Texas","75056","US","33.06","-96.885","+1 855-955-2534"
"ALDI 2650 Little Elm Parkway","5766258","L817","2650 Little Elm Parkway","Little Elm","Texas","75068","US","33.16863","-96.89311","+1 855-955-2534"
"ALDI 1725 W. Loop 281","5766612","L809","1725 W. Loop 281","Longview","Texas","75604","US","32.5271","-94.7822","+1 855-955-2534"
"ALDI 6210 FM 1488","5767930","FA98","6210 FM 1488","Magnolia","Texas","77354","US","30.2235","-95.5623","+1 855-955-2534"
"ALDI 3018 Matlock Road","5766276","L835","3018 Matlock Road","Mansfield","Texas","76063","US","32.60838","-97.11654","+1 855-955-2534"
"ALDI 8801 Stacy Rd","5766270","L827","8801 Stacy Rd","McKinney","Texas","75070","US","33.1523","-96.729","+1 855-955-2534"
"ALDI 11709 W. Airport Blvd.","5767076","FA97","11709 W. Airport Blvd.","Meadows Place","Texas","77477","US","29.6477","-95.5825","+1 855-955-2534"
"ALDI 3635 Gus Thomasson Rd Ste A","5766239","L797","3635 Gus Thomasson Rd Ste A","Mesquite","Texas","75150","US","32.8136","-96.63507","+1 855-955-2534"
"ALDI 300 Harvest Hill Dr","5767690","L874","300 Harvest Hill Dr","Midlothian","Texas","76065","US","32.4610743","-96.9985015","+1 855-955-2534"
"ALDI 6016 Sienna Ranch Road","5766507","FA74","6016 Sienna Ranch Road","Missouri City","Texas","77459","US","29.54165","-95.54827","+1 855-955-2534"
"ALDI 2306 S. Jefferson Ave No.130","5767046","L876","2306 S. Jefferson Ave No.130","Mount Pleasant","Texas","75455","US","33.135","-94.9695","+1 855-955-2534"
"ALDI 4919 North St, Suite 101","5766266","FK20","4919 North St, Suite 101","Nacogdoches","Texas","75965","US","31.65142","-94.65737","+1 855-955-2534"
"ALDI 8537 Davis Blvd","5766289","L847","8537 Davis Blvd","North Richland Hills","Texas","76182","US","32.90801","-97.1907","+1 855-955-2534"
"ALDI 2117 South Loop 256","5768098","FK29","2117 South Loop 256","Palestine","Texas","75801","US","31.735816","-95.612089","+1 855-955-2534"
"ALDI 2417 W. Park Row Blvd","5766302","L860","2417 W. Park Row Blvd","Pantego","Texas","76013","US","32.7218","-97.1478","+1 855-955-2534"
"ALDI 3518 Lamar Ave Ste 310","5766264","L819","3518 Lamar Ave Ste 310","Paris","Texas","75460","US","33.661053","-95.511518","+1 855-955-2534"
"ALDI 4140 Fairmont Parkway","5766540","FA79","4140 Fairmont Parkway","Pasadena","Texas","77504","US","29.6501","-95.17936","+1 855-955-2534"
"ALDI 11510 Broadway","5766505","FA72","11510 Broadway","Pearland","Texas","77584","US","29.55538","-95.39826","+1 855-955-2534"
"ALDI 3412 Broadway St","5767052","FA95","3412 Broadway St","Pearland","Texas","77581","US","29.5605","-95.2768","+1 855-955-2534"
"ALDI 1415 Fm 685 Rd","5767846","FB20","1415 Fm 685 Rd","Pflugerville","Texas","78660","US","30.450164","-97.604758","+1 855-955-2534"
"ALDI 2220 Coit Rd. No.250","5766262","L820","2220 Coit Rd. No.250","Plano","Texas","75075","US","33.02888","-96.76997","+1 855-955-2534"
"ALDI 2400 K Avenue","5766253","L812","2400 K Avenue","Plano","Texas","75074","US","33.03029","-96.69905","+1 855-955-2534"
"ALDI 26617 Us Hwy 380 E","5767393","L784","26617 Us Hwy 380 E","Providence Village","Texas","76227","US","33.2219","-96.9619","+1 855-955-2534"
"ALDI 1549 E. Beltline Road","5766256","L815","1549 E. Beltline Road","Richardson","Texas","75081","US","32.94541","-96.69677","+1 855-955-2534"
"ALDI 7945 W. Grand Parkway South","5766598","FA88","7945 W. Grand Parkway South","Richmond","Texas","77407","US","29.6627","-95.745","+1 855-955-2534"
"ALDI 1315 N. Hwy. 377","5766820","L848","1315 N. Hwy. 377","Roanoke","Texas","76262","US","33.01656","-97.21965","+1 855-955-2534"
"ALDI 3085 Ridge Road","5766247","L807","3085 Ridge Road","Rockwall","Texas","75032","US","32.88576","-96.47391","+1 855-955-2534"
"ALDI 3251 N. Goliad Street","5767453","L829","3251 N. Goliad Street","Rockwall","Texas","75087","US","32.9707","-96.4656","+1 855-955-2534"
"ALDI 6450 Reading Rd.","5766591","FA87","6450 Reading Rd.","Rosenberg","Texas","77471","US","29.543976","-95.7594","+1 855-955-2534"
"ALDI 3500 Lakeview Pkwy","5766255","L813","3500 Lakeview Pkwy","Rowlett","Texas","75088","US","32.9075","-96.56867","+1 855-955-2534"
"ALDI 901 N. Saginaw Blvd.","5766272","L832","901 N. Saginaw Blvd.","Saginaw","Texas","76179","US","32.87227","-97.37539","+1 855-955-2534"
"ALDI 3201 N. Hwy. 75, Suite 104","5766269","L828","3201 N. Hwy. 75, Suite 104","Sherman","Texas","75090","US","33.67162","-96.60765","+1 855-955-2534"
"ALDI 2302 FM 2920","5767039","FA70","2302 FM 2920","Spring","Texas","77388","US","30.07039","-95.45136","+1 855-955-2534"
"ALDI 2412 Rayford Rd.","5767177","FA90","2412 Rayford Rd.","Spring","Texas","77386","US","30.123057","-95.405147","+1 855-955-2534"
"ALDI 6912 FM 2920 Rd.","5766671","FB10","6912 FM 2920 Rd.","Spring","Texas","77379","US","30.0775","-95.5305","+1 855-955-2534"
"ALDI 2865 West Washington Street","5767298","L869","2865 West Washington Street","Stephenville","Texas","76401","US","32.20305","-98.24323","+1 855-955-2534"
"ALDI 10402 Hwy. 6 South","5766535","FA78","10402 Hwy. 6 South","Sugar land","Texas","77498","US","29.66316","-95.6438","+1 855-955-2534"
"ALDI 3310 S. 31st Street","5766703","FB15","3310 S. 31st Street","Temple","Texas","76502","US","31.06827","-97.37092","+1 855-955-2534"
"ALDI 2315 Richmond Rd Suite 1A","5767774","FK26","2315 Richmond Rd Suite 1A","Texarkana","Texas","75503","US","33.453161","-94.085498","+1 855-955-2534"
"ALDI 3442 Palmer Hwy","5767542","FA89","3442 Palmer Hwy","Texas City","Texas","77590","US","29.396346","-94.948311","+1 855-955-2534"
"ALDI 8615 Hufsmith Rd.","5767060","FA96","8615 Hufsmith Rd.","Tomball","Texas","77375","US","30.131","-95.5541","+1 855-955-2534"
"ALDI 200 SSW Loop 323","5766606","L808","200 SSW Loop 323","Tyler","Texas","75702","US","32.3519","-95.3438","+1 855-955-2534"
"ALDI 2660 E. Front Street","5767269","L873","2660 E. Front Street","Tyler","Texas","75702","US","32.3475","-95.2673","+1 855-955-2534"
"ALDI 5312 North Navarro Street","5767487","FB06","5312 North Navarro Street","Victoria","Texas","77904","US","28.8448","-96.9985","+1 855-955-2534"
"ALDI 1220 N. Valley Mills Dr.","5766691","L855","1220 N. Valley Mills Dr.","Waco","Texas","76710","US","31.5302","-97.1895","+1 855-955-2534"
"ALDI 401 B North US Hwy. 77","5766297","L858","401 B North US Hwy. 77","Waxahachie","Texas","75165","US","32.40656","-96.8436","+1 855-955-2534"
"ALDI 1710 S. Main Street","5766298","L861","1710 S. Main Street","Weatherford","Texas","76086","US","32.73883","-97.7975","+1 855-955-2534"
"ALDI 3100 FM 528 No.B","5766564","FA83","3100 FM 528 No.B","Webster","Texas","77598","US","29.52337","-95.1605","+1 855-955-2534"
"ALDI 3121 Lawrence Rd.","5766280","L839","3121 Lawrence Rd.","Wichita Falls","Texas","76308","US","33.87836","-98.53987","+1 855-955-2534"
"ALDI 3463 W. FM 544","5766268","L826","3463 W. FM 544","Wylie","Texas","75098","US","33.01176","-96.59269","+1 855-955-2534"
"ALDI 805 Pennell Ln","6091825","FJ91","805 Pennell Lane","Dyersburg","TN","38024","US","36.0619795","-89.3970145","+1 855-955-2534"
"ALDI 791 W Elk Ave","5873458","FM20","791 W Elk Ave","Elizabethton","TN","37643","US","36.35115","-82.23924","+1 855-955-2534"
"ALDI 2000 N Locust Ave","6268521","FM89","2000 North Locust Avenue","Lawrenceburg","TN","38464","US","35.268","-87.31999","+1 855-955-2534"
"ALDI 10310 Washington Highway","6103909","FK66","10310 Washington Highway","Glen Allen","VA","23059","US","37.689305","-77.4622085","+1 855-955-2534"
"ALDI 10 Kocher Dr","5757854","L572","10 Kocher Dr","Bennington","Vermont","05201","US","42.89548","-73.20083","+1 855-955-2534"
"ALDI 762 Putney Road","5757856","L575","762 Putney Road","Brattleboro","Vermont","05301","US","42.87505","-72.56229","+1 855-955-2534"
"ALDI 263 S Main St","5757855","L574","263 S Main St","Rutland","Vermont","05701","US","43.58993","-72.97007","+1 855-955-2534"
"ALDI 425 E. Monroe Avenue","5766413","L377","425 E. Monroe Avenue","Alexandria","Virginia","22301","US","38.820928","-77.053473","+1 855-955-2534"
"ALDI 4580 Duke Street","5766881","L374","4580 Duke Street","Alexandria","Virginia","22304","US","38.81171","-77.110518","+1 855-955-2534"
"ALDI 4602 Kenmore Avenue","5766409","L375","4602 Kenmore Avenue","Alexandria","Virginia","22304","US","38.828808","-77.109627","+1 855-955-2534"
"ALDI 6001 Kingstowne Village Pkw","5767467","L423","6001 Kingstowne Village Pkw","Alexandria","Virginia","22315","US","38.7678618","-77.1396181","+1 855-955-2534"
"ALDI 6218 North Kings Highway","5767648","FE23","6218 North Kings Highway","Alexandria","Virginia","22303","US","38.78226","-77.07971","+1 855-955-2534"
"ALDI 8256 Richmond Highway","5768067","L344","8256 Richmond Highway","Alexandria","Virginia","22309","US","38.7345","-77.10021","+1 855-955-2534"
"ALDI 7008 Columbia Pike","5766888","L378","7008 Columbia Pike","Annandale","Virginia","22003","US","38.834574","-77.187806","+1 855-955-2534"
"ALDI 720 Merchant Trce","5767976","F934","720 Merchant Trce","Bristol","Virginia","24202","US","36.630383","-82.144026","+1 855-955-2534"
"ALDI 43150 Broadlands Ctr Pl 146","5767948","L394","43150 Broadlands Ctr Pl 146","Broadlands","Virginia","20148","US","39.026946","-77.508545","+1 855-955-2534"
"ALDI 13920A Lee Jackson Mem Hwy","5766393","L368","13920A Lee Jackson Mem Hwy","Chantilly","Virginia","20151","US","38.893928","-77.427902","+1 855-955-2534"
"ALDI 100 Albemarle Square","5767793","FC81","100 Albemarle Square","Charlottesville","Virginia","22901","US","38.08098","-78.4722","+1 855-955-2534"
"ALDI 1256 Executive Blvd","5767406","FC84","1256 Executive Blvd","Chesapeake","Virginia","23320","US","36.765639","-76.234994","+1 855-955-2534"
"ALDI 1269 Cedar Road","5766893","FC66","1269 Cedar Road","Chesapeake","Virginia","23322","US","36.718548","-76.287341","+1 855-955-2534"
"ALDI 4107 Portsmouth Blvd","5766542","FC54","4107 Portsmouth Blvd","Chesapeake","Virginia","23321","US","36.82196","-76.411656","+1 855-955-2534"
"ALDI 11100 Iron Bridge Rd","5766900","FC56","11100 Iron Bridge Rd","Chester","Virginia","23831","US","37.363026","-77.498493","+1 855-955-2534"
"ALDI 7500 Harpers Green Way","5766980","FC97","7500 Harpers Green Way","Chesterfield","Virginia","23832","US","37.397235","-77.711606","+1 855-955-2534"
"ALDI 2265 N Franklin St","5766926","F939","2265 N Franklin St","Christiansburg","Virginia","24073","US","37.16068","-80.420699","+1 855-955-2534"
"ALDI 465 Charles H Dimmock Pkwy","5766567","FC88","465 Charles H Dimmock Pkwy","Colonial Heights","Virginia","23834","US","37.253006","-77.384331","+1 855-955-2534"
"ALDI 15179 Montanus Drive","5767871","FC51","15179 Montanus Drive","Culpeper","Virginia","22701","US","38.48413","-77.97041","+1 855-955-2534"
"ALDI 3465 Riverside Dr.","5767237","F896","3465 Riverside Dr.","Danville","Virginia","24541","US","36.582475","-79.427938","+1 855-955-2534"
"ALDI 17010 Richmond Hwy","5766397","FC99","17010 Richmond Hwy","Dumfries","Virginia","22026","US","38.583023","-77.31139","+1 855-955-2534"
"ALDI 11001 Lee Hwy Ste G","5766392","L369","11001 Lee Hwy Ste G","Fairfax","Virginia","22030","US","38.852214","-77.324384","+1 855-955-2534"
"ALDI 13033 Fair Lakes Shop Ctr","5767200","L395","13033 Fair Lakes Shop Ctr","Fairfax","Virginia","22033","US","38.856567","-77.391539","+1 855-955-2534"
"ALDI 155 Hillwood Avenue","5766961","L388","155 Hillwood Avenue","Falls Church","Virginia","22046","US","38.879743","-77.172027","+1 855-955-2534"
"ALDI 5725 Columbia Pike","5768308","L421","5725 Columbia Pike","Falls Church","Virginia","22041","US","38.851596","-77.126368","+1 855-955-2534"
"ALDI 8100A Arlington Blvd","5767987","L379","8100A Arlington Blvd","Falls Church","Virginia","22042","US","38.866385","-77.225617","+1 855-955-2534"
"ALDI 1030 Warrenton Road","5767925","FC55","1030 Warrenton Road","Fredericksburg","Virginia","22406","US","38.363816","-77.520808","+1 855-955-2534"
"ALDI 10762 Patriot Hwy","5767822","FC47","10762 Patriot Hwy","Fredericksburg","Virginia","22408","US","38.25462","-77.50092","+1 855-955-2534"
"ALDI 4173 Plank Road","5767957","FC57","4173 Plank Road","Fredericksburg","Virginia","22407","US","38.29081","-77.5342","+1 855-955-2534"
"ALDI 134 Riverton Commons Drive","5766411","L376","134 Riverton Commons Drive","Front Royal","Virginia","22630","US","38.963895","-78.186823","+1 855-955-2534"
"ALDI 7176 George Washington Mem","5767451","FC70","7176 George Washington Mem","Gloucester","Virginia","23061","US","37.395953","-76.526873","+1 855-955-2534"
"ALDI 1980 Saville Row","5767320","FC68","1980 Saville Row","Hampton","Virginia","23666","US","37.041207","-76.382526","+1 855-955-2534"
"ALDI 1990 Country Club Rd","5767290","FC73","1990 Country Club Rd","Harrisonburg","Virginia","22802","US","38.428598","-78.839388","+1 855-955-2534"
"ALDI 6701 Lea Berry Way","5768239","L427","6701 Lea Berry Way","Haymarket","Virginia","20169","US","38.8135","-77.6418","+1 855-955-2534"
"ALDI 12390 West Broad Street","5766530","FC52","12390 West Broad Street","Henrico","Virginia","23233","US","37.661861","-77.644414","+1 855-955-2534"
"ALDI 1776 North Parham Road","5766576","FC89","1776 North Parham Road","Henrico","Virginia","23229","US","37.609958","-77.564728","+1 855-955-2534"
"ALDI 8951 Staples Mill Road","5766488","FC44","8951 Staples Mill Road","Henrico","Virginia","23228","US","37.6362","-77.5108","+1 855-955-2534"
"ALDI 125 Robinson Mill Plaza","5767345","L408","125 Robinson Mill Plaza","Leesburg","Virginia","20175","US","39.09558","-77.532258","+1 855-955-2534"
"ALDI 2617 Lakeside Dr.","5767281","FC98","2617 Lakeside Dr.","Lynchburg","Virginia","24501","US","37.395512","-79.227426","+1 855-955-2534"
"ALDI 4026 Wards Rd Ste N","5768336","FF75","4026 Wards Rd Ste N","Lynchburg","Virginia","24502","US","37.348322","-79.189917","+1 855-955-2534"
"ALDI 10294 Portsmouth Road","5767777","FE01","10294 Portsmouth Road","Manassas","Virginia","20109","US","38.77944","-77.50573","+1 855-955-2534"
"ALDI 9714 Liberia Avenue","5767908","FE05","9714 Liberia Avenue","Manassas","Virginia","20110","US","38.74624","-77.45159","+1 855-955-2534"
"ALDI 388 Commonwealth Blvd. West","5767295","F899","388 Commonwealth Blvd. West","Martinsville","Virginia","24112","US","36.698215","-79.891171","+1 855-955-2534"
"ALDI 7003 Mechanicsville Tnpk","5766491","FC63","7003 Mechanicsville Tnpk","Mechanicsville","Virginia","23111","US","37.611","-77.3377","+1 855-955-2534"
"ALDI 12431 Hull Street Road","5766880","FC90","12431 Hull Street Road","Midlothian","Virginia","23112","US","37.428592","-77.620932","+1 855-955-2534"
"ALDI 14381 Winterview Parkway","5768339","FC96","14381 Winterview Parkway","Midlothian","Virginia","23113","US","37.506553","-77.667999","+1 855-955-2534"
"ALDI 11975 Jefferson Ave","5766905","FC59","11975 Jefferson Ave","Newport News","Virginia","23606","US","37.096209","-76.488676","+1 855-955-2534"
"ALDI 549 Bland Blvd","5766538","FC53","549 Bland Blvd","Newport News","Virginia","23602","US","37.126127","-76.516814","+1 855-955-2534"
"ALDI 1050 N. Military Highway","5767277","FC92","1050 N. Military Highway","Norfolk","Virginia","23502","US","36.858434","-76.208981","+1 855-955-2534"
"ALDI 1600 E. Little Creek Rd.","5768395","FC91","1600 E. Little Creek Rd.","Norfolk","Virginia","23518","US","36.917255","-76.230972","+1 855-955-2534"
"ALDI 730 West 21st Street","5767379","FC78","730 West 21st Street","Norfolk","Virginia","23517","US","36.8705339","-76.2943599","+1 855-955-2534"
"ALDI 1670 Mall Drive","5766511","FC48","1670 Mall Drive","North Chesterfield","Virginia","23235","US","37.519895","-77.606624","+1 855-955-2534"
"ALDI 5811 West High Street","5766522","FC50","5811 West High Street","Portsmouth","Virginia","23703","US","36.8606","-76.3937","+1 855-955-2534"
"ALDI 6295 W Broad St","5766498","FC46","6295 W Broad St","Richmond","Virginia","23230","US","37.5959","-77.511","+1 855-955-2534"
"ALDI 7319 Forest Hill Avenue","5766503","FC64","7319 Forest Hill Avenue","Richmond","Virginia","23225","US","37.5365","-77.5309","+1 855-955-2534"
"ALDI 927 Myers Street","5766514","FC49","927 Myers Street","Richmond","Virginia","23230","US","37.5633","-77.4687","+1 855-955-2534"
"ALDI 1521 Hershberger Road NW","5767190","F915","1521 Hershberger Road NW","Roanoke","Virginia","24012","US","37.316258","-79.961373","+1 855-955-2534"
"ALDI 6129 Backlick Road","5766394","L372","6129 Backlick Road","Springfield","Virginia","22150","US","38.783816","-77.184159","+1 855-955-2534"
"ALDI 263 Garrisonville Road","5767794","FC45","263 Garrisonville Road","Stafford","Virginia","22554","US","38.47324","-77.41942","+1 855-955-2534"
"ALDI 113 George Cochran Parkway","5766754","FC71","113 George Cochran Parkway","Staunton","Virginia","24401","US","38.130575","-79.04082","+1 855-955-2534"
"ALDI 21031 Tripleseven Road","5766399","L373","21031 Tripleseven Road","Sterling","Virginia","20165","US","39.034945","-77.407207","+1 855-955-2534"
"ALDI 24330 Liberty Harvest Ct","5767255","L397","24330 Liberty Harvest Ct","Sterling","Virginia","20166","US","38.943957","-77.519792","+1 855-955-2534"
"ALDI 1920 N Main St.","5766786","FC95","1920 N Main St.","Suffolk","Virginia","23434","US","36.756608","-76.583063","+1 855-955-2534"
"ALDI 1436 Kempsville Road","5766551","FC58","1436 Kempsville Road","Virginia Beach","Virginia","23464","US","36.795629","-76.175009","+1 855-955-2534"
"ALDI 1577 General Booth Blvd","5766990","FC77","1577 General Booth Blvd","Virginia Beach","Virginia","23454","US","36.786978","-75.999825","+1 855-955-2534"
"ALDI 332 Thalia Rd","5767185","FC93","332 Thalia Rd","Virginia Beach","Virginia","23452","US","36.844147","-76.119873","+1 855-955-2534"
"ALDI 4803 Shore Drive","5767503","FC67","4803 Shore Drive","Virginia Beach","Virginia","23455","US","36.903524","-76.137128","+1 855-955-2534"
"ALDI 764 Chantry Dr","5767465","FC72","764 Chantry Dr","Virginia Beach","Virginia","23452","US","36.811733","-76.094101","+1 855-955-2534"
"ALDI 929 First Colonial Rd","5768309","FC94","929 First Colonial Rd","Virginia Beach","Virginia","23454","US","36.856514","-76.026779","+1 855-955-2534"
"ALDI 841 Shenandoah Village Dr","5766556","FC87","841 Shenandoah Village Dr","Waynesboro","Virginia","22980","US","38.056067","-78.940192","+1 855-955-2534"
"ALDI 6230 Rolling Rd Ste P","5873435","FF10","6230 Rolling Rd Ste P","West Springfield","Virginia","22152","US","38.78104","-77.235845","+1 855-955-2534"
"ALDI 1504 Richmond Road","5766527","FC65","1504 Richmond Road","Williamsburg","Virginia","23185","US","37.2901392","-76.7249041","+1 855-955-2534"
"ALDI 221 Kernstown Commons Blvd","5767888","L331","221 Kernstown Commons Blvd","Winchester","Virginia","22602","US","39.11864","-78.19554","+1 855-955-2534"
"ALDI 13782 Smoketown Road","5767804","FE03","13782 Smoketown Road","Woodbridge","Virginia","22192","US","38.6529","-77.30886","+1 855-955-2534"
"ALDI 35 Tanyard Station Dr","5766825","F562","35 Tanyard Station Dr","Barboursville","West Virginia","25504","US","38.413862","-82.287979","+1 855-955-2534"
"ALDI 21 By Pass Plaza Shpg Ctr","5767168","F563","21 By Pass Plaza Shpg Ctr","Beckley","West Virginia","25801","US","37.808847","-81.183645","+1 855-955-2534"
"ALDI 1147 Marlowe Road","5767900","L332","1147 Marlowe Road","Charles Town","West Virginia","25414","US","39.30271","-77.81621","+1 855-955-2534"
"ALDI 2810 Mountaineer Blvd","5766334","F556","2810 Mountaineer Blvd","Charleston","West Virginia","25309","US","38.318624","-81.717222","+1 855-955-2534"
"ALDI 555 Emily Dr.","5766426","L157","555 Emily Dr.","Clarksburg","West Virginia","26301","US","39.260757","-80.284385","+1 855-955-2534"
"ALDI 434 12th St","5767825","F497","434 12th St","Dunbar","West Virginia","25064","US","38.36161","-81.73817","+1 855-955-2534"
"ALDI 103 Liberty Square","5766339","F557","103 Liberty Square","Hurricane","West Virginia","25526","US","38.458674","-81.932465","+1 855-955-2534"
"ALDI 246 Retail Commons Pkwy","5767549","L384","246 Retail Commons Pkwy","Martinsburg","West Virginia","25403","US","39.440147","-77.992666","+1 855-955-2534"
"ALDI 32 Triamigas Dr","5767850","L329","32 Triamigas Dr","Martinsburg","West Virginia","25404","US","39.48106","-77.95868","+1 855-955-2534"
"ALDI 1351 Earl L Core Road","5767064","L178","1351 Earl L Core Road","Morgantown","West Virginia","26505","US","39.628918","-79.93195","+1 855-955-2534"
"ALDI 200 Lafayette Ave.","5767215","FJ78","200 Lafayette Ave.","Moundsville","West Virginia","26041","US","39.927646","-80.749898","+1 855-955-2534"
"ALDI 56 Bosley Parkway","5767013","F558","56 Bosley Parkway","Parkersburg","West Virginia","26101","US","39.221902","-81.545989","+1 855-955-2534"
"ALDI 3519 Monongahela Boulevard","5768301","L156","3519 Monongahela Boulevard","Star City","West Virginia","26505","US","39.656652","-79.988381","+1 855-955-2534"
"ALDI 1400 Grand Central Ave","5767857","F500","1400 Grand Central Ave","Vienna","West Virginia","26105","US","39.313507","-81.552644","+1 855-955-2534"
"ALDI 248 Three Springs Drive","5767268","L155","248 Three Springs Drive","Weirton","West Virginia","26062","US","40.4053652","-80.5517359","+1 855-955-2534"
"ALDI 2600 Middletown Cmns No. 239","5768151","L154","2600 Middletown Cmns No. 239","White Hall","West Virginia","26554","US","39.4282129","-80.1862124","+1 855-955-2534"
"ALDI 2019 Neva Rd","5767891","FG88","2019 Neva Rd","Antigo","Wisconsin","54409","US","45.159574","-89.147451","+1 855-955-2534"
"ALDI 116 North Linwood","5766741","F774","116 North Linwood","Appleton","Wisconsin","54914","US","44.262274","-88.43241","+1 855-955-2534"
"ALDI 2310 S Kensington Dr","5766748","F775","2310 S Kensington Dr","Appleton","Wisconsin","54915","US","44.2406","-88.3592","+1 855-955-2534"
"ALDI 2702 N Richmond Street","5767207","F787","2702 N Richmond Street","Appleton","Wisconsin","54911","US","44.285971","-88.415114","+1 855-955-2534"
"ALDI 2492 S. Oneida St","5767576","F762","2492 S. Oneida St","Ashwaubenon","Wisconsin","54304","US","44.483866","-88.070916","+1 855-955-2534"
"ALDI 614 West Pine Street","5766459","F721","614 West Pine Street","Baraboo","Wisconsin","53913","US","43.47563","-89.767882","+1 855-955-2534"
"ALDI 1733 North Spring Street","5766829","F785","1733 North Spring Street","Beaver Dam","Wisconsin","53916","US","43.478865","-88.820611","+1 855-955-2534"
"ALDI 1961 Town Hall Road","5873441","FL80","1961 Town Hall Road","Bellevue","Wisconsin","54311","US","44.460662","-87.984166","+1 855-955-2534"
"ALDI 2780 Milwaukee Road","5766653","F756","2780 Milwaukee Road","Beloit","Wisconsin","53511","US","42.52305","-88.98423","+1 855-955-2534"
"ALDI 19555 W. Bluemound","5766493","F727","19555 W. Bluemound","Brookfield","Wisconsin","53045","US","43.03558","-88.15562","+1 855-955-2534"
"ALDI 6720 W. Brown Deer Road","5766478","F725","6720 W. Brown Deer Road","Brown Deer","Wisconsin","53223","US","43.178799","-87.993216","+1 855-955-2534"
"ALDI 2009 Lynch Way","5766821","F784","2009 Lynch Way","Burlington","Wisconsin","53105","US","42.70261","-88.249134","+1 855-955-2534"
"ALDI 3064 Commercial Boulevard","5766385","L437","3064 Commercial Boulevard","Chippewa Falls","Wisconsin","54729","US","44.88675","-91.42","+1 855-955-2534"
"ALDI 1100 Main Avenue","5767613","F761","1100 Main Avenue","De Pere","Wisconsin","54115","US","44.452684","-88.087655","+1 855-955-2534"
"ALDI 2840 Heritage Dr","5766188","FG86","2840 Heritage Dr","Delafield","Wisconsin","53018","US","43.049752","-88.371818","+1 855-955-2534"
"ALDI 2027 East Geneva","5766664","F758","2027 East Geneva","Delavan","Wisconsin","53115","US","42.628585","-88.607512","+1 855-955-2534"
"ALDI 3650 South Hastings Way","5767325","L483","3650 South Hastings Way","Eau Claire","Wisconsin","54701","US","44.77915","-91.4332","+1 855-955-2534"
"ALDI 6261 McKee Road","5766435","F714","6261 McKee Road","Fitchburg","Wisconsin","53719","US","43.01515","-89.47865","+1 855-955-2534"
"ALDI N6666 Rolling Meadows Drive","5766469","F722","N6666 Rolling Meadows Drive","Fond du Lac","Wisconsin","54937","US","43.783086","-88.486333","+1 855-955-2534"
"ALDI N96W18838 County Line Road","5766732","F773","N96W18838 County Line Road","Germantown","Wisconsin","53022","US","43.192989","-88.143429","+1 855-955-2534"
"ALDI 6825 N. Port Washington Rd.","5767358","F751","6825 N. Port Washington Rd.","Glendale","Wisconsin","53217","US","43.142031","-87.913223","+1 855-955-2534"
"ALDI 1120 N. Port Washington Rd.","5766622","F752","1120 N. Port Washington Rd.","Grafton","Wisconsin","53024","US","43.321931","-87.924957","+1 855-955-2534"
"ALDI 1560 Western Avenue","5766562","F741","1560 Western Avenue","Green Bay","Wisconsin","54303","US","44.526603","-88.061283","+1 855-955-2534"
"ALDI 2440 East Mason Street","5766549","F739","2440 East Mason Street","Green Bay","Wisconsin","54302","US","44.485626","-87.960337","+1 855-955-2534"
"ALDI 4225 S. 108th Street","5766769","F778","4225 S. 108th Street","Greenfield","Wisconsin","53228","US","42.967371","-88.049157","+1 855-955-2534"
"ALDI 4615 W. Layton Avenue","5766518","F732","4615 W. Layton Avenue","Greenfield","Wisconsin","53220","US","42.95899","-87.972035","+1 855-955-2534"
"ALDI 1589 E Sumner St","5766520","F733","1589 E Sumner St","Hartford","Wisconsin","53027","US","43.31679","-88.350164","+1 855-955-2534"
"ALDI 2401 Hanley Road","5767685","L516","2401 Hanley Road","Hudson","Wisconsin","54016","US","44.954417","-92.723424","+1 855-955-2534"
"ALDI 2901 Deerfield Dr","5766764","F777","2901 Deerfield Dr","Janesville","Wisconsin","53546","US","42.716975","-88.981093","+1 855-955-2534"
"ALDI 3524 57th Avenue","5767002","F716","3524 57th Avenue","Kenosha","Wisconsin","53144","US","42.605467","-87.877298","+1 855-955-2534"
"ALDI 6404 75th Street","5766863","F793","6404 75th Street","Kenosha","Wisconsin","53142","US","42.567507","-87.885271","+1 855-955-2534"
"ALDI 4344 Mormon Coulee Road","5767917","FN20","4344 Mormon Coulee Road","La Crosse","Wisconsin","54601","US","43.769857","-91.216044","+1 855-955-2534"
"ALDI 200 N Edwards Blvd Ste 1","5767009","F764","200 N Edwards Blvd Ste 1","Lake Geneva","Wisconsin","53147","US","42.591159","-88.415102","+1 855-955-2534"
"ALDI 3925 Lien Road","5766508","F730","3925 Lien Road","Madison","Wisconsin","53704","US","43.120183","-89.316855","+1 855-955-2534"
"ALDI 8222 Watts Road","5766516","F731","8222 Watts Road","Madison","Wisconsin","53719","US","43.056145","-89.525938","+1 855-955-2534"
"ALDI 4111 Harbor Town Lane","5766574","F743","4111 Harbor Town Lane","Manitowoc","Wisconsin","54220","US","44.077136","-87.69996","+1 855-955-2534"
"ALDI 2871 Roosevelt Road","5767979","F712","2871 Roosevelt Road","Marinette","Wisconsin","54143","US","45.074964","-87.660325","+1 855-955-2534"
"ALDI 2107 North Peach Avenue","5766500","F729","2107 North Peach Avenue","Marshfield","Wisconsin","54449","US","44.68948","-90.159363","+1 855-955-2534"
"ALDI N80 W12540 Leon Rd","5768166","F734","N80 W12540 Leon Rd","Menomonee Falls","Wisconsin","53051","US","43.163593","-88.064737","+1 855-955-2534"
"ALDI 2505 Hils Court","5767211","L474","2505 Hils Court","Menomonie","Wisconsin","54751","US","44.913048","-91.932748","+1 855-955-2534"
"ALDI 1325 W Cleveland Ave","5766842","F789","1325 W Cleveland Ave","Milwaukee","Wisconsin","53215","US","42.995612","-87.929485","+1 855-955-2534"
"ALDI 1441 South 35th Street","5766838","F788","1441 South 35th Street","Milwaukee","Wisconsin","53215","US","43.016052","-87.9579","+1 855-955-2534"
"ALDI 225 East Capitol Drive","5766495","F728","225 East Capitol Drive","Milwaukee","Wisconsin","53212","US","43.089031","-87.90903","+1 855-955-2534"
"ALDI 5811 W. Oklahoma Avenue","5766614","F749","5811 W. Oklahoma Avenue","Milwaukee","Wisconsin","53219","US","42.987875","-87.986729","+1 855-955-2534"
"ALDI 6700 W. Capitol Drive","5766780","F779","6700 W. Capitol Drive","Milwaukee","Wisconsin","53216","US","43.090598","-87.996409","+1 855-955-2534"
"ALDI 640 Eighth Street","5766694","F765","640 Eighth Street","Monroe","Wisconsin","53566","US","42.603144","-89.666001","+1 855-955-2534"
"ALDI 111 E. Wolf Run","5766638","F754","111 E. Wolf Run","Mukwonago","Wisconsin","53149","US","42.849793","-88.317279","+1 855-955-2534"
"ALDI S69 W15361 Janesville Road","5766588","F745","S69 W15361 Janesville Road","Muskego","Wisconsin","53150","US","42.919063","-88.106114","+1 855-955-2534"
"ALDI 927 S. Green Bay Road","5766593","F746","927 S. Green Bay Road","Neenah","Wisconsin","54956","US","44.17448","-88.485734","+1 855-955-2534"
"ALDI 1820 N Shawano Street","5767348","FG85","1820 N Shawano Street","New London","Wisconsin","54961","US","44.412747","-88.740672","+1 855-955-2534"
"ALDI 1737 Dorset Lane","5767233","L476","1737 Dorset Lane","New Richmond","Wisconsin","54017","US","45.099519","-92.537016","+1 855-955-2534"
"ALDI 410 W Drexel Avenue","5767019","F790","410 W Drexel Avenue","Oak Creek","Wisconsin","53154","US","42.901734","-87.918375","+1 855-955-2534"
"ALDI 6810 South 27th Street","5767970","F711","6810 South 27th Street","Oak Creek","Wisconsin","53154","US","42.921683","-87.949011","+1 855-955-2534"
"ALDI 1521 Olympia Fields Dr","5766531","F736","1521 Olympia Fields Dr","Oconomowoc","Wisconsin","53066","US","43.083289","-88.471475","+1 855-955-2534"
"ALDI 3133 Market Place Drive","5767335","L484","3133 Market Place Drive","Onalaska","Wisconsin","54650","US","43.880406","-91.180516","+1 855-955-2534"
"ALDI 1995 South Koeller Street","5766856","F792","1995 South Koeller Street","Oshkosh","Wisconsin","54902","US","43.997106","-88.579545","+1 855-955-2534"
"ALDI 1201 George Towne Drive","5766476","F724","1201 George Towne Drive","Pewaukee","Wisconsin","53072","US","43.084554","-88.240256","+1 855-955-2534"
"ALDI 1530 E Bus Hwy 151","5766802","F781","1530 E Bus Hwy 151","Platteville","Wisconsin","53818","US","42.733562","-90.449581","+1 855-955-2534"
"ALDI 2941 New Pinery Road","5766609","F748","2941 New Pinery Road","Portage","Wisconsin","53901","US","43.570658","-89.469191","+1 855-955-2534"
"ALDI 37547 U.S. Highway 18","5766808","F782","37547 U.S. Highway 18","Prairie du Chien","Wisconsin","53821","US","43.02368","-91.12144","+1 855-955-2534"
"ALDI 3110 Douglas Avenue","5766539","F737","3110 Douglas Avenue","Racine","Wisconsin","53402","US","42.758317","-87.801243","+1 855-955-2534"
"ALDI 6925 Durand Avenue","5766487","F726","6925 Durand Avenue","Racine","Wisconsin","53406","US","42.69694","-87.865815","+1 855-955-2534"
"ALDI 1405 Lincoln Street","5766645","F755","1405 Lincoln Street","Rhinelander","Wisconsin","54501","US","45.6337","-89.39056","+1 855-955-2534"
"ALDI 2200 South Main","5767229","L475","2200 South Main","Rice Lake","Wisconsin","54868","US","45.477554","-91.73657","+1 855-955-2534"
"ALDI 1567 Sullivan Court","5767629","L479","1567 Sullivan Court","River Falls","Wisconsin","54022","US","44.876303","-92.62182","+1 855-955-2534"
"ALDI 1253 East Green Bay Street","5766543","F738","1253 East Green Bay Street","Shawano","Wisconsin","54166","US","44.782621","-88.579312","+1 855-955-2534"
"ALDI 919 South Taylor","5766849","F791","919 South Taylor","Sheboygan","Wisconsin","53081","US","43.744739","-87.742685","+1 855-955-2534"
"ALDI 3105 S. Chicago Avenue","5766440","F718","3105 S. Chicago Avenue","South Milwaukee","Wisconsin","53172","US","42.90017","-87.864345","+1 855-955-2534"
"ALDI 1650 W Wisconsin Street","5767705","FG83","1650 W Wisconsin Street","Sparta","Wisconsin","54656","US","43.938927","-90.833963","+1 855-955-2534"
"ALDI 5632 Highway 10 East","5766670","F759","5632 Highway 10 East","Stevens Point","Wisconsin","54482","US","44.524135","-89.506809","+1 855-955-2534"
"ALDI 1399 US Highway 51","5767899","F715","1399 US Highway 51","Stoughton","Wisconsin","53589","US","42.921468","-89.252598","+1 855-955-2534"
"ALDI 2324 Lineville Rd","5768375","FE78","2324 Lineville Rd","Suamico","Wisconsin","54313","US","44.593111","-88.073508","+1 855-955-2534"
"ALDI 750 Bunny Trail","5766431","F713","750 Bunny Trail","Sun Prairie","Wisconsin","53590","US","43.168297","-89.265684","+1 855-955-2534"
"ALDI 4429 Tower Avenue","5767767","L525","4429 Tower Avenue","Superior","Wisconsin","54880","US","46.6861","-92.1049","+1 855-955-2534"
"ALDI 1844 North Superior","5766677","F760","1844 North Superior","Tomah","Wisconsin","54660","US","44.01674","-90.50655","+1 855-955-2534"
"ALDI 1023 N Main St","5767514","FE77","1023 N Main St","Viroqua","Wisconsin","54665","US","43.56917","-90.887806","+1 855-955-2534"
"ALDI 1520 South Church Street","5766528","F735","1520 South Church Street","Watertown","Wisconsin","53094","US","43.177267","-88.732184","+1 855-955-2534"
"ALDI 1663 Arcadian Avenue","5766699","F766","1663 Arcadian Avenue","Waukesha","Wisconsin","53186","US","43.013334","-88.201557","+1 855-955-2534"
"ALDI 2210 W. St Paul Avenue","5766947","F757","2210 W. St Paul Avenue","Waukesha","Wisconsin","53188","US","42.992458","-88.266618","+1 855-955-2534"
"ALDI 5805 County Road Q","5873475","FG78","5805 County Road Q","Waunakee","Wisconsin","53597","US","43.174051","-89.462609","+1 855-955-2534"
"ALDI 1040 West Fulton Street","5766580","F744","1040 West Fulton Street","Waupaca","Wisconsin","54981","US","44.357326","-89.109823","+1 855-955-2534"
"ALDI 225805 Rib Mountain Drive","5766602","F747","225805 Rib Mountain Drive","Wausau","Wisconsin","54401","US","44.917023","-89.648875","+1 855-955-2534"
"ALDI 12120 W. Burleigh Street","5766455","F720","12120 W. Burleigh Street","Wauwatosa","Wisconsin","53222","US","43.075945","-88.064572","+1 855-955-2534"
"ALDI 1114 South Main Street","5766555","F740","1114 South Main Street","West Bend","Wisconsin","53095","US","43.40615","-88.181865","+1 855-955-2534"
"ALDI 1740 Miller Park Way","5767040","F786","1740 Miller Park Way","West Milwaukee","Wisconsin","53214","US","43.01154","-87.96668","+1 855-955-2534"
"ALDI 3311 Schofield Avenue","5768453","F794","3311 Schofield Avenue","Weston","Wisconsin","54476","US","44.904419","-89.581779","+1 855-955-2534"
"ALDI 1380 W Main Street","5768249","FG80","1380 W Main Street","Whitewater","Wisconsin","53190","US","42.834983","-88.758065","+1 855-955-2534"
"ALDI 1211 8th Street South","5766439","F717","1211 8th Street South","Wisconsin Rapids","Wisconsin","54494","US","44.381096","-89.816478","+1 855-955-2534"
