"retailer","store_id","store_name","address","address_line_2","full_address","city","state","zip_code","country","latitude","longitude","phone","location_type","location_subtype","region_code","time_zone","opening_date","has_gas","has_pharmacy","has_food_court","has_optical","has_hearing_aids","has_tire_center","services","source","source_url","retrieved_at"
"Costco","10","Anchorage","330 W DIMOND BLVD","","330 W DIMOND BLVD, ANCHORAGE, AK, 99515-1903","ANCHORAGE","AK","99515-1903","US","61.14348851","-149.884697","(907) 349-2335","Sales Location","Warehouse","NW","America/Anchorage","1984-10-25","True","True","True","True","True","True","AT&T Cellular Kiosk | Auto Buying Program | Bakery | Delivery | Diesel | Executive Membership | Food Court | Fresh Deli | Fresh Meat | Fresh Produce | Gas Station | Hearing Aids | Independent Optometrist | Membership | Optical Department | Pharmacy | Service Deli | Special Order Kiosk | Tire Service Center | Travel","Costco warehouse locator API","https://ecom-api.costco.com/core/warehouse-locator/v1/salesLocations.json","2026-07-31T21:17:07.0046552Z"
"Costco","1661","Anchorage Bus Ctr","1074 N MULDOON RD","","1074 N MULDOON RD, ANCHORAGE, AK, 99504-2073","ANCHORAGE","AK","99504-2073","US","61.229188","-149.737765","(907) 416-9780","Sales Location","Business Center","BD","America/Anchorage","2024-02-02","False","False","False","False","False","False","*General Information | Auto Buying Program | Business Delivery | Business Products | Delivery | Executive Membership | Fresh Meat | Fresh Produce | Membership | Restaurant & Hospitality Products | Restaurant Supplies | Tobacco","Costco warehouse locator API","https://ecom-api.costco.com/core/warehouse-locator/v1/salesLocations.json","2026-07-31T21:17:09.2543709Z"
"Costco","1699","Anchorage Home Showroom","8600 KING STREET","","8600 KING STREET, ANCHORAGE, AK, 99515-0000","ANCHORAGE","AK","99515-0000","US","61.14285","-149.88028","(907) 206-6265","Sales Location","Warehouse","HS","America/Anchorage","2024-04-12","False","False","False","False","False","False","","Costco warehouse locator API","https://ecom-api.costco.com/core/warehouse-locator/v1/salesLocations.json","2026-07-31T21:17:09.3019515Z"
"Costco","63","NE Anchorage","4125 DEBARR RD","","4125 DEBARR RD, ANCHORAGE, AK, 99508-3115","ANCHORAGE","AK","99508-3115","US","61.20968","-149.80429","(907) 269-9510","Sales Location","Warehouse","NW","America/Anchorage","1992-11-05","True","True","True","True","True","True","AT&T Cellular Kiosk | Auto Buying Program | Bakery | Delivery | Executive Membership | Food Court | Fresh Deli | Fresh Meat | Fresh Produce | Gas Station | Hearing Aids | Independent Optometrist | Membership | Optical Department | Pharmacy | Special Order Kiosk | Tire Service Center | Travel","Costco warehouse locator API","https://ecom-api.costco.com/core/warehouse-locator/v1/salesLocations.json","2026-07-31T21:17:07.0633546Z"
"Costco","1342","Fairbanks","48 COLLEGE RD","","48 COLLEGE RD, FAIRBANKS, AK, 99701-1706","FAIRBANKS","AK","99701-1706","US","64.85262358","-147.7076704","(907) 205-3607","Sales Location","Warehouse","NW","America/Anchorage","2018-11-20","True","True","True","True","True","True","AT&T Cellular Kiosk | Auto Buying Program | Bakery | Executive Membership | Food Court | Fresh Deli | Fresh Meat | Fresh Produce | Gas Station | Hearing Aids | Independent Optometrist | Membership | Optical Department | Pharmacy | Special Order Kiosk | Tire Service Center | Travel","Costco warehouse locator API","https://ecom-api.costco.com/core/warehouse-locator/v1/salesLocations.json","2026-07-31T21:17:09.0400736Z"
"Costco","107","Juneau","5225 COMMERCIAL BLVD","","5225 COMMERCIAL BLVD, JUNEAU, AK, 99801-7210","JUNEAU","AK","99801-7210","US","58.35898623","-134.4830148","(907) 780-6740","Sales Location","Warehouse","NW","America/Juneau","1993-11-04","False","True","True","True","True","True","A PS Processing | AT&T Cellular Kiosk | ATM | Executive Membership | Food Court | Fresh Deli | Fresh Meat | Fresh Produce | Hearing Aids | Membership | Optical Department | Pharmacy | Shipping Department | Tire Service Center | Window Fashions","Costco warehouse locator API","https://ecom-api.costco.com/core/warehouse-locator/v1/salesLocations.json","2026-07-31T21:17:07.1106855Z"
"Costco","362","Hoover","3650 GALLERIA CIR","","3650 GALLERIA CIR, HOOVER, AL, 35244-2346","HOOVER","AL","35244-2346","US","33.37875184","-86.81230735","(205) 909-1039","Sales Location","Warehouse","SE","America/Chicago","2003-11-20","True","True","True","True","True","True","Auto Buying Program | Bakery | Executive Membership | Food Court | Fresh Deli | Fresh Meat | Fresh Produce | Gas Station | Hearing Aids | Independent Optometrist | Membership | Optical Department | Pharmacy | Service Deli | Tire Service Center | T-Mobile Cellular Kiosk","Costco warehouse locator API","https://ecom-api.costco.com/core/warehouse-locator/v1/salesLocations.json","2026-07-31T21:17:07.5664272Z"
"Costco","356","Huntsville","1205 N. MEMORIAL PKWY","","1205 N. MEMORIAL PKWY, HUNTSVILLE, AL, 35801-5930","HUNTSVILLE","AL","35801-5930","US","34.74371841","-86.60264496","(256) 519-2220","Sales Location","Warehouse","SE","America/Chicago","2000-11-02","True","True","True","True","True","True","AT&T Cellular Kiosk | Auto Buying Program | Bakery | Executive Membership | Fine Wines and Liquor | Food Court | Fresh Deli | Fresh Meat | Fresh Produce | Gas Station | Hearing Aids | Independent Optometrist | Membership | Optical Department | Pharmacy | Pizza Kitchen | Rotisserie Chicken | Special Order Kiosk | Tire Service Center | Wheelchair Available","Costco warehouse locator API","https://ecom-api.costco.com/core/warehouse-locator/v1/salesLocations.json","2026-07-31T21:17:07.5498930Z"
"Costco","1712","Madison","8094 HIGHWAY 72 WEST","","8094 HIGHWAY 72 WEST, MADISON, AL, 35758-9567","MADISON","AL","35758-9567","US","34.752852","-86.753804","(938) 218-2913","Sales Location","Warehouse","SE","America/Chicago","2024-11-15","True","True","True","True","True","True","Food Court | Gas Station | Hearing Aids | Optical Department | Pharmacy | Tire Service Center | T-Mobile Cellular Kiosk","Costco warehouse locator API","https://ecom-api.costco.com/core/warehouse-locator/v1/salesLocations.json","2026-07-31T21:17:09.3122572Z"
"Costco","1192","Mobile","1450 TINGLE CIRCLE WEST","","1450 TINGLE CIRCLE WEST, MOBILE, AL, 36606-2632","MOBILE","AL","36606-2632","US","30.64876537","-88.11866753","(251) 308-7030","Sales Location","Warehouse","SE","America/Chicago","2015-06-04","True","True","True","True","True","True","AT&T Cellular Kiosk | Auto Buying Program | Bakery | Executive Membership | Food Court | Fresh Deli | Fresh Meat | Fresh Produce | Gas Station | Hearing Aids | Independent Optometrist | Membership | Optical Department | Pharmacy | Propane | Rotisserie Chicken | Service Deli | Special Order Kiosk | Tire Service Center","Costco warehouse locator API","https://ecom-api.costco.com/core/warehouse-locator/v1/salesLocations.json","2026-07-31T21:17:08.8106785Z"
"Costco","1009","Montgomery","8251 EASTCHASE PKWY","","8251 EASTCHASE PKWY, MONTGOMERY, AL, 36117-7033","MONTGOMERY","AL","36117-7033","US","32.36370029","-86.15090717","(334) 270-7452","Sales Location","Warehouse","SE","America/Chicago","2007-10-04","True","True","True","True","True","True","AT&T Cellular Kiosk | Auto Buying Program | Bakery | Executive Membership | Food Court | Fresh Deli | Fresh Meat | Fresh Produce | Gas Station | Hearing Aids | Independent Optometrist | Membership | Optical Department | Pharmacy | Rotisserie Chicken | Service Deli | Special Order Kiosk | Tire Service Center","Costco warehouse locator API","https://ecom-api.costco.com/core/warehouse-locator/v1/salesLocations.json","2026-07-31T21:17:08.4336685Z"
"Costco","1442","Little Rock","16901 CHENAL PARKWAY","","16901 CHENAL PARKWAY, LITTLE ROCK, AR, 72223","LITTLE ROCK","AR","72223","US","34.75733323","-92.45366451","(501) 817-8603","Sales Location","Warehouse","TE","America/Chicago","2021-07-21","True","True","True","True","True","True","A PS Processing | Auto Buying Program | Bakery | Executive Membership | Food Court | Fresh Deli | Fresh Meat | Fresh Produce | Gas Station | Gourmet Deli | Hearing Aids | Independent Optometrist | Membership | Optical Department | Pharmacy | Pizza Kitchen | Rotisserie Chicken | Service Deli | Special Order Kiosk | Tire Service Center | T-Mobile Cellular Kiosk | Travel","Costco warehouse locator API","https://ecom-api.costco.com/core/warehouse-locator/v1/salesLocations.json","2026-07-31T21:17:09.1202871Z"
"Costco","691","Avondale","10000 W MCDOWELL RD","","10000 W MCDOWELL RD, AVONDALE, AZ, 85392-4803","AVONDALE","AZ","85392-4803","US","33.46721811","-112.2740196","(623) 907-5663","Sales Location","Warehouse","SD","America/Phoenix","2002-10-11","True","True","True","True","True","True","ATM | Auto Buying Program | Bakery | Executive Membership | Food Court | Fresh Meat | Fresh Produce | Gas Station | Hearing Aids | Independent Optometrist | Membership | Optical Department | Pharmacy | Rotisserie Chicken | Service Deli | Tire Service Center | T-Mobile Cellular Kiosk | Wheelchair Available","Costco warehouse locator API","https://ecom-api.costco.com/core/warehouse-locator/v1/salesLocations.json","2026-07-31T21:17:08.1577094Z"
"Costco","1653","Buckeye","1111 N. VERRADO WAY","","1111 N. VERRADO WAY, BUCKEYE, AZ, 85326-6795","BUCKEYE","AZ","85326-6795","US","33.460342","-112.501102","(480) 618-4000","Sales Location","Warehouse","SD","America/Phoenix","2023-07-13","True","True","True","True","True","True","*General Information | AT&T Cellular Kiosk | Bakery | Food Court | Fresh Deli | Fresh Meat | Fresh Produce | Gas Station | Hearing Aids | Optical Department | Optometrist | Pharmacy | Self Check-out | Service Deli | Take Out Pizza | Tire Service Center","Costco warehouse locator API","https://ecom-api.costco.com/core/warehouse-locator/v1/salesLocations.json","2026-07-31T21:17:09.2407557Z"
"Costco","736","Chandler","595 S GALLERIA WAY","","595 S GALLERIA WAY, CHANDLER, AZ, 85226-4932","CHANDLER","AZ","85226-4932","US","33.29337539","-111.8996351","(480) 375-2051","Sales Location","Warehouse","SD","America/Phoenix","2005-12-01","True","True","True","True","True","True","AT&T Cellular Kiosk | Auto Buying Program | Bakery | Executive Membership | Food Court | Fresh Deli | Fresh Meat | Fresh Produce | Gas Station | Hearing Aids | Independent Optometrist | Membership | Optical Department | Pharmacy | Rotisserie Chicken | Service Deli | Special Order Kiosk | Tire Service Center","Costco warehouse locator API","https://ecom-api.costco.com/core/warehouse-locator/v1/salesLocations.json","2026-07-31T21:17:08.1760193Z"
"Costco","481","Gilbert","1415 N ARIZONA AVE","","1415 N ARIZONA AVE, GILBERT, AZ, 85233-1616","GILBERT","AZ","85233-1616","US","33.37659186","-111.840661","(480) 293-0053","Sales Location","Warehouse","SD","America/Phoenix","1979-11-01","True","True","True","True","True","True","AT&T Cellular Kiosk | ATM | Auto Buying Program | Bakery | Executive Membership | Food Court | Fresh Deli | Fresh Meat | Fresh Produce | Gas Station | Hearing Aids | Independent Optometrist | Membership | Optical Department | Pharmacy | Special Order Kiosk | Tire Service Center | Travel","Costco warehouse locator API","https://ecom-api.costco.com/core/warehouse-locator/v1/salesLocations.json","2026-07-31T21:17:07.8297435Z"
"Costco","644","SE Gilbert","2887 S MARKET ST","","2887 S MARKET ST, GILBERT, AZ, 85295-1303","GILBERT","AZ","85295-1303","US","33.29601752","-111.7459048","(480) 366-3950","Sales Location","Warehouse","SD","America/Phoenix","2006-05-04","True","True","True","True","True","True","Auto Buying Program | Bakery | Executive Membership | Food Court | Fresh Deli | Fresh Meat | Fresh Produce | Gas Station | Hearing Aids | Independent Optometrist | Membership | Optical Department | Pharmacy | Rotisserie Chicken | Tire Service Center | T-Mobile Cellular Kiosk","Costco warehouse locator API","https://ecom-api.costco.com/core/warehouse-locator/v1/salesLocations.json","2026-07-31T21:17:07.9544010Z"
"Costco","674","Glendale","17550 N 79TH AVE","","17550 N 79TH AVE, GLENDALE, AZ, 85308-8711","GLENDALE","AZ","85308-8711","US","33.64282167","-112.2326583","(623) 776-4003","Sales Location","Warehouse","SD","America/Phoenix","1988-08-01","True","True","True","True","True","True","AT&T Cellular Kiosk | Auto Buying Program | Bakery | Car Wash | Executive Membership | Food Court | Fresh Meat | Fresh Produce | Gas Station | Hearing Aids | Home Improvement | Independent Optometrist | Membership | Optical Department | Pharmacy | Service Deli | Tire Service Center | Tobacco | Wheelchair Available","Costco warehouse locator API","https://ecom-api.costco.com/core/warehouse-locator/v1/salesLocations.json","2026-07-31T21:17:08.0234262Z"
"Costco","1028","Mesa","1444 S SOSSAMAN RD","","1444 S SOSSAMAN RD, MESA, AZ, 85209-3400","MESA","AZ","85209-3400","US","33.38945014","-111.6688876","(480) 333-6552","Sales Location","Warehouse","SD","America/Phoenix","1994-10-27","True","True","True","True","True","True","AT&T Cellular Kiosk | Auto Buying Program | Bakery | Executive Membership | Food Court | Fresh Deli | Fresh Meat | Fresh Produce | Gas Station | Hearing Aids | Independent Optometrist | Membership | Optical Department | Pharmacy | Rotisserie Chicken | Tire Service Center","Costco warehouse locator API","https://ecom-api.costco.com/core/warehouse-locator/v1/salesLocations.json","2026-07-31T21:17:08.5117098Z"
"Costco","738","Cave Creek","2450 E BEARDSLEY RD","","2450 E BEARDSLEY RD, PHOENIX, AZ, 85050-1300","PHOENIX","AZ","85050-1300","US","33.6708284","-112.027977","(480) 375-2850","Sales Location","Warehouse","SD","America/Phoenix","2005-11-11","True","True","True","True","True","True","Auto Buying Program | Bakery | Executive Membership | Food Court | Fresh Deli | Fresh Meat | Fresh Produce | Gas Station | Hearing Aids | Independent Optometrist | Membership | Optical Department | Pharmacy | Rotisserie Chicken | Service Deli | Tire Service Center | T-Mobile Cellular Kiosk","Costco warehouse locator API","https://ecom-api.costco.com/core/warehouse-locator/v1/salesLocations.json","2026-07-31T21:17:08.1916691Z"
"Costco","490","N Phoenix","19001 N 27TH AVE","","19001 N 27TH AVE, PHOENIX, AZ, 85027-5036","PHOENIX","AZ","85027-5036","US","33.65993373","-112.1158976","(623) 293-4400","Sales Location","Warehouse","SD","America/Phoenix","2000-06-22","True","True","True","True","True","True","AT&T Cellular Kiosk | ATM | Auto Buying Program | Bakery | Diesel | Executive Membership | Food Court | Fresh Deli | Fresh Meat | Fresh Produce | Gas Station | Hearing Aids | Independent Optometrist | Membership | Optical Department | Pharmacy | Propane | Rotisserie Chicken | Special Order Kiosk | Tire Service Center | Wheelchair Available","Costco warehouse locator API","https://ecom-api.costco.com/core/warehouse-locator/v1/salesLocations.json","2026-07-31T21:17:07.8665792Z"
"Costco","1058","Paradise Valley","4570 E CACTUS RD","","4570 E CACTUS RD, PHOENIX, AZ, 85032-7702","PHOENIX","AZ","85032-7702","US","33.60375165","-111.9861817","(480) 308-7044","Sales Location","Warehouse","SD","America/Phoenix","2009-09-18","True","True","True","True","True","True","Auto Buying Program | Bakery | Executive Membership | Food Court | Fresh Deli | Fresh Meat | Fresh Produce | Gas Station | Hearing Aids | Independent Optometrist | Membership | Optical Department | Pharmacy | Rotisserie Chicken | Tire Service Center | T-Mobile Cellular Kiosk","Costco warehouse locator API","https://ecom-api.costco.com/core/warehouse-locator/v1/salesLocations.json","2026-07-31T21:17:08.5519654Z"
"Costco","827","Phoenix Bus Ctr","3801 N 33RD AVE","","3801 N 33RD AVE, PHOENIX, AZ, 85017-4508","PHOENIX","AZ","85017-4508","US","33.491791","-112.12838","(480) 293-2123","Sales Location","Business Center","BD","America/Phoenix","2001-11-20","True","False","False","False","False","False","Auto Buying Program | Business Delivery | Business Products | Delivery | Executive Membership | Fresh Meat | Gas Station | Membership | Office Furniture | Restaurant Supplies | Select Produce & Deli Area | Tobacco","Costco warehouse locator API","https://ecom-api.costco.com/core/warehouse-locator/v1/salesLocations.json","2026-07-31T21:17:08.3792988Z"
"Costco","465","Thomas Road","4502 E OAK ST","","4502 E OAK ST, PHOENIX, AZ, 85008-2411","PHOENIX","AZ","85008-2411","US","33.47391381","-111.9848459","(602) 808-0101","Sales Location","Warehouse","SD","America/Phoenix","1994-12-01","True","True","True","True","True","True","ATM | Auto Buying Program | Bakery | Executive Membership | Food Court | Fresh Deli | Fresh Meat | Fresh Produce | Gas Station | Hearing Aids | Independent Optometrist | Membership | Optical Department | Pharmacy | Special Order Kiosk | Tire Service Center | T-Mobile Cellular Kiosk | Travel","Costco warehouse locator API","https://ecom-api.costco.com/core/warehouse-locator/v1/salesLocations.json","2026-07-31T21:17:07.7748478Z"
"Costco","466","Prescott","3911 E STATE ROUTE 69","","3911 E STATE ROUTE 69, PRESCOTT, AZ, 86301-6717","PRESCOTT","AZ","86301-6717","US","34.54789133","-112.3969822","(928) 541-2203","Sales Location","Warehouse","SD","America/Phoenix","1996-06-27","True","True","True","True","True","True","AT&T Cellular Kiosk | ATM | Auto Buying Program | Bakery | Diesel | Executive Membership | Food Court | Fresh Deli | Fresh Meat | Fresh Produce | Gas Station | Hearing Aids | Independent Optometrist | Membership | Optical Department | Pharmacy | Propane | Special Order Kiosk | Tire Service Center | Travel","Costco warehouse locator API","https://ecom-api.costco.com/core/warehouse-locator/v1/salesLocations.json","2026-07-31T21:17:07.7768477Z"
"Costco","1620","Queen Creek","20260 S ELLSWORTH RD","","20260 S ELLSWORTH RD, QUEEN CREEK, AZ, 85142-8840","QUEEN CREEK","AZ","85142-8840","US","33.2652361","-111.6367047","(480) 847-1000","Sales Location","Warehouse","SD","America/Phoenix","2023-01-26","True","True","True","True","True","True","*General Information | *General Information - English | AT&T Cellular Kiosk | Food Court | Gas Station | Hearing Aids | Optical Department | Pharmacy | Tire Service Center","Costco warehouse locator API","https://ecom-api.costco.com/core/warehouse-locator/v1/salesLocations.json","2026-07-31T21:17:09.1809133Z"
"Costco","427","Scottsdale","15255 N HAYDEN RD","","15255 N HAYDEN RD, SCOTTSDALE, AZ, 85260-2551","SCOTTSDALE","AZ","85260-2551","US","33.62319313","-111.901402","(480) 948-5040","Sales Location","Warehouse","SD","America/Phoenix","1987-07-06","True","True","True","True","True","True","AT&T Cellular Kiosk | Auto Buying Program | Bakery | Car Wash | Executive Membership | Food Court | Fresh Deli | Fresh Meat | Fresh Produce | Gas Station | Hearing Aids | Independent Optometrist | Membership | Optical Department | Pharmacy | Service Deli | Special Order Kiosk | Tire Service Center | Travel","Costco warehouse locator API","https://ecom-api.costco.com/core/warehouse-locator/v1/salesLocations.json","2026-07-31T21:17:07.7057527Z"
"Costco","1375","Surprise","16385 W. WADDELL RD.","","16385 W. WADDELL RD., SURPRISE, AZ, 85388-9623","SURPRISE","AZ","85388-9623","US","33.60814471","-112.411843","(602) 325-1799","Sales Location","Warehouse","SD","America/Phoenix","1978-11-01","True","True","True","True","True","True","Auto Buying Program | Bakery | Executive Membership | Food Court | Fresh Meat | Fresh Produce | Gas Station | Hearing Aids | Home Improvement | Independent Optometrist | Membership | Optical Department | Pharmacy | Service Deli | Tire Service Center | T-Mobile Cellular Kiosk | Tobacco | Wheelchair Available","Costco warehouse locator API","https://ecom-api.costco.com/core/warehouse-locator/v1/salesLocations.json","2026-07-31T21:17:09.0784405Z"
"Costco","436","Tempe","1445 W ELLIOT RD","","1445 W ELLIOT RD, TEMPE, AZ, 85284-1103","TEMPE","AZ","85284-1103","US","33.34735336","-111.9614973","(480) 496-6651","Sales Location","Warehouse","SD","America/Phoenix","1989-11-01","True","True","True","True","True","True","ATM | Auto Buying Program | Bakery | Executive Membership | Food Court | Fresh Deli | Fresh Meat | Fresh Produce | Gas Station | Hearing Aids | Independent Optometrist | Membership | Optical Department | Pharmacy | Service Deli | Special Order Kiosk | Tire Service Center | T-Mobile Cellular Kiosk | Travel","Costco warehouse locator API","https://ecom-api.costco.com/core/warehouse-locator/v1/salesLocations.json","2026-07-31T21:17:07.7178038Z"
"Costco","431","NW Tucson","3901 W COSTCO DR","","3901 W COSTCO DR, TUCSON, AZ, 85741-2864","TUCSON","AZ","85741-2864","US","32.3264374","-111.0493735","(520) 797-1980","Sales Location","Warehouse","SD","America/Phoenix","1989-04-01","True","True","True","True","True","True","AT&T Cellular Kiosk | ATM | Auto Buying Program | Bakery | Executive Membership | Food Court | Fresh Deli | Fresh Meat | Fresh Produce | Gas Station | Hearing Aids | Independent Optometrist | Membership | Optical Department | Pharmacy | Propane | Service Deli | Special Order Kiosk | Tire Service Center | Travel","Costco warehouse locator API","https://ecom-api.costco.com/core/warehouse-locator/v1/salesLocations.json","2026-07-31T21:17:07.7137887Z"
"Costco","1079","SW Tucson","1650 E TUCSON MARKETPLACE BLVD","","1650 E TUCSON MARKETPLACE BLVD, TUCSON, AZ, 85713-6561","TUCSON","AZ","85713-6561","US","32.18079474","-110.947105","(520) 791-7340","Sales Location","Warehouse","SD","America/Phoenix","2011-04-14","True","True","True","True","True","True","Auto Buying Program | Bakery | Executive Membership | Food Court | Fresh Deli | Fresh Produce | Gas Station | Hearing Aids | Independent Optometrist | Membership | Optical Department | Pharmacy | Rotisserie Chicken | Tire Service Center | T-Mobile Cellular Kiosk","Costco warehouse locator API","https://ecom-api.costco.com/core/warehouse-locator/v1/salesLocations.json","2026-07-31T21:17:08.6033823Z"
"Costco","407","Tucson","6255 EAST GRANT ROAD","","6255 EAST GRANT ROAD, TUCSON, AZ, 85712-5804","TUCSON","AZ","85712-5804","US","32.25176543","-110.8591863","(520) 886-6377","Sales Location","Warehouse","SD","America/Phoenix","1982-05-24","True","True","True","True","True","True","ATM | Auto Buying Program | Bakery | Executive Membership | Food Court | Fresh Deli | Fresh Meat | Fresh Produce | Gas Station | Hearing Aids | Independent Optometrist | Membership | Optical Department | Pharmacy | Service Deli | Special Order Kiosk | Tire Service Center | T-Mobile Cellular Kiosk | Travel","Costco warehouse locator API","https://ecom-api.costco.com/core/warehouse-locator/v1/salesLocations.json","2026-07-31T21:17:07.6818388Z"
"Costco","428","Alhambra","2207 W COMMONWEALTH AVE","","2207 W COMMONWEALTH AVE, ALHAMBRA, CA, 91803-1302","ALHAMBRA","CA","91803-1302","US","34.08930046","-118.1481809","(626) 289-7164","Sales Location","Warehouse","LA","America/Los_Angeles","1987-08-24","True","True","True","True","True","True","A PS Processing | AT&T Cellular Kiosk | ATM | Auto Buying Program | Bakery | Executive Membership | Food Court | Fresh Deli | Fresh Meat | Fresh Produce | Gas Station | Hearing Aids | Membership | Optical Department | Pharmacy | Rotisserie Chicken | Special Order Kiosk | Tire Service Center | Travel","Costco warehouse locator API","https://ecom-api.costco.com/core/warehouse-locator/v1/salesLocations.json","2026-07-31T21:17:07.7077596Z"
"Costco","1002","Antioch","2201 VERNE ROBERTS CIR","","2201 VERNE ROBERTS CIR, ANTIOCH, CA, 94509-7911","ANTIOCH","CA","94509-7911","US","38.00885234","-121.8364314","(925) 757-7130","Sales Location","Warehouse","BA","America/Los_Angeles","1991-08-29","True","True","True","True","True","True","Auto Buying Program | Bakery | Executive Membership | Food Court | Fresh Deli | Fresh Produce | Gas Station | Hearing Aids | Membership | Optical Department | Pharmacy | Rotisserie Chicken | Tire Service Center | T-Mobile Cellular Kiosk","Costco warehouse locator API","https://ecom-api.costco.com/core/warehouse-locator/v1/salesLocations.json","2026-07-31T21:17:08.3966496Z"
"Costco","412","Azusa","1220 W FOOTHILL BLVD","","1220 W FOOTHILL BLVD, AZUSA, CA, 91702-2819","AZUSA","CA","91702-2819","US","34.13208387","-117.9260904","(626) 812-7911","Sales Location","Warehouse","LA","America/Los_Angeles","1983-10-01","True","True","True","True","True","True","Auto Buying Program | Executive Membership | Food Court | Fresh Deli | Fresh Meat | Fresh Produce | Gas Station | Hearing Aids | Membership | Optical Department | Pharmacy | Service Deli | Special Order Kiosk | Tire Service Center | T-Mobile Cellular Kiosk","Costco warehouse locator API","https://ecom-api.costco.com/core/warehouse-locator/v1/salesLocations.json","2026-07-31T21:17:07.6909419Z"
"Costco","688","Bakersfield","3800 ROSEDALE HWY","","3800 ROSEDALE HWY, BAKERSFIELD, CA, 93308-6235","BAKERSFIELD","CA","93308-6235","US","35.38502376","-119.0485934","(661) 852-2643","Sales Location","Warehouse","LA","America/Los_Angeles","1985-10-03","True","True","True","True","True","True","AT&T Cellular Kiosk | ATM | Auto Buying Program | Bakery | Diesel | Executive Membership | Food Court | Fresh Meat | Fresh Produce | Gas Station | Hearing Aids | Membership | Optical Department | Pharmacy | Propane | Rotisserie Chicken | Service Deli | Tire Service Center | Wheelchair Available","Costco warehouse locator API","https://ecom-api.costco.com/core/warehouse-locator/v1/salesLocations.json","2026-07-31T21:17:08.1398479Z"
"Costco","643","SW Bakersfield","4900 PANAMA LN","","4900 PANAMA LN, BAKERSFIELD, CA, 93313-3479","BAKERSFIELD","CA","93313-3479","US","35.29734666","-119.0578033","(661) 398-4740","Sales Location","Warehouse","LA","America/Los_Angeles","2006-04-26","True","True","True","True","True","True","Auto Buying Program | Bakery | Executive Membership | Food Court | Fresh Deli | Fresh Meat | Fresh Produce | Gas Station | Hearing Aids | Membership | Optical Department | Pharmacy | Rotisserie Chicken | Special Order Kiosk | Tire Service Center | T-Mobile Cellular Kiosk","Costco warehouse locator API","https://ecom-api.costco.com/core/warehouse-locator/v1/salesLocations.json","2026-07-31T21:17:07.9511597Z"
"Costco","1662","Brentwood CA","5151 HEIDORN RANCH RD","","5151 HEIDORN RANCH RD, BRENTWOOD, CA, 94513-0000","BRENTWOOD","CA","94513-0000","US","37.957314","-121.745779","(925) 666-0223","Sales Location","Warehouse","BA","America/Los_Angeles","2025-03-07","True","True","True","True","True","True","AT&T Cellular Kiosk | EV Station | Food Court | Gas Station | Hearing Aids | Optical Department | Pharmacy | Tire Service Center","Costco warehouse locator API","https://ecom-api.costco.com/core/warehouse-locator/v1/salesLocations.json","2026-07-31T21:17:09.2564979Z"
"Costco","677","Burbank","1051 W BURBANK BLVD","","1051 W BURBANK BLVD, BURBANK, CA, 91506-1421","BURBANK","CA","91506-1421","US","34.18531963","-118.3237674","(818) 557-3783","Sales Location","Warehouse","LA","America/Los_Angeles","1984-11-01","True","True","True","True","True","True","Auto Buying Program | Bakery | Digital Print Services | Executive Membership | Food Court | Fresh Meat | Fresh Produce | Gas Station | Hearing Aids | Membership | Optical Department | Pharmacy | Rebates | Service Deli | Special Order Kiosk | Take Out Pizza | Tire Service Center | T-Mobile Cellular Kiosk","Costco warehouse locator API","https://ecom-api.costco.com/core/warehouse-locator/v1/salesLocations.json","2026-07-31T21:17:08.0319379Z"
"Costco","1680","Camarillo","431 W. VENTURA BLVD","","431 W. VENTURA BLVD, CAMARILLO, CA, 93010-9122","CAMARILLO","CA","93010-9122","US","34.218002","-119.080793","","Sales Location","Warehouse","LA","America/Los_Angeles","2026-10-30","True","False","False","False","False","False","EV Station | Gas Station","Costco warehouse locator API","https://ecom-api.costco.com/core/warehouse-locator/v1/salesLocations.json","2026-07-31T21:17:09.2799953Z"
"Costco","462","Carlsbad","951 PALOMAR AIRPORT RD","","951 PALOMAR AIRPORT RD, CARLSBAD, CA, 92011-1110","CARLSBAD","CA","92011-1110","US","33.12041327","-117.3161644","(760) 929-0963","Sales Location","Warehouse","SD","America/Los_Angeles","1992-10-03","True","True","True","True","True","True","AT&T Cellular Kiosk | ATM | Auto Buying Program | Bakery | Executive Membership | Food Court | Fresh Deli | Fresh Meat | Fresh Produce | Gas Station | Hearing Aids | Membership | Optical Department | Pharmacy | Service Deli | Special Order Kiosk | Tire Service Center | Travel","Costco warehouse locator API","https://ecom-api.costco.com/core/warehouse-locator/v1/salesLocations.json","2026-07-31T21:17:07.7673322Z"
"Costco","1011","Chico","2100 DR MLK JR PKWY","","2100 DR MLK JR PKWY, CHICO, CA, 95928-4422","CHICO","CA","95928-4422","US","39.72114405","-121.8108028","(530) 332-1742","Sales Location","Warehouse","BA","America/Los_Angeles","1991-10-15","True","True","True","True","True","True","Auto Buying Program | Bakery | Executive Membership | Fine Wines and Liquor | Food Court | Fresh Deli | Fresh Meat | Fresh Produce | Gas Station | Hearing Aids | Membership | Optical Department | Pharmacy | Rotisserie Chicken | Service Deli | Special Order Kiosk | Tire Service Center | T-Mobile Cellular Kiosk | Travel","Costco warehouse locator API","https://ecom-api.costco.com/core/warehouse-locator/v1/salesLocations.json","2026-07-31T21:17:08.4448652Z"
"Costco","473","Chino Hills","13111 PEYTON DR","","13111 PEYTON DR, CHINO HILLS, CA, 91709-6002","CHINO HILLS","CA","91709-6002","US","34.01454471","-117.7420197","(909) 464-2900","Sales Location","Warehouse","LA","America/Los_Angeles","1985-11-01","True","True","True","True","True","True","A PS Processing | AT&T Cellular Kiosk | ATM | Auto Buying Program | Bakery | EV Station | Executive Membership | Food Court | Fresh Deli | Fresh Meat | Fresh Produce | Gas Station | Hearing Aids | Membership | Optical Department | Pharmacy | Service Deli | Special Order Kiosk | Tire Service Center | Travel","Costco warehouse locator API","https://ecom-api.costco.com/core/warehouse-locator/v1/salesLocations.json","2026-07-31T21:17:07.7981488Z"
"Costco","781","Chula Vista","1130 BROADWAY","","1130 BROADWAY, CHULA VISTA, CA, 91911-2707","CHULA VISTA","CA","91911-2707","US","32.60810339","-117.0829822","(619) 205-1501","Sales Location","Warehouse","SD","America/Los_Angeles","1981-10-01","True","True","True","True","True","True","AT&T Cellular Kiosk | Auto Buying Program | Bakery | Executive Membership | Food Court | Fresh Meat | Fresh Produce | Gas Station | Hearing Aids | Membership | Optical Department | Pharmacy | Rotisserie Chicken | Tire Service Center","Costco warehouse locator API","https://ecom-api.costco.com/core/warehouse-locator/v1/salesLocations.json","2026-07-31T21:17:08.3505937Z"
"Costco","460","Rancho Del Rey","895 E H ST","","895 E H ST, CHULA VISTA, CA, 91910-7807","CHULA VISTA","CA","91910-7807","US","32.63750596","-117.0225751","(619) 656-0826","Sales Location","Warehouse","SD","America/Los_Angeles","1994-01-13","True","True","True","True","True","True","AT&T Cellular Kiosk | ATM | Auto Buying Program | Bakery | Executive Membership | Food Court | Fresh Deli | Fresh Meat | Fresh Produce | Gas Station | Hearing Aids | Membership | Optical Department | Pharmacy | Special Order Kiosk | Tire Service Center | Travel","Costco warehouse locator API","https://ecom-api.costco.com/core/warehouse-locator/v1/salesLocations.json","2026-07-31T21:17:07.7653325Z"
"Costco","771","Citrus Heights","7000 AUBURN BLVD","","7000 AUBURN BLVD, CITRUS HEIGHTS, CA, 95621-4342","CITRUS HEIGHTS","CA","95621-4342","US","38.68995692","-121.297964","(916) 560-4003","Sales Location","Warehouse","BA","America/Los_Angeles","2003-12-13","True","True","True","True","True","True","*General Information | Auto Buying Program | Bakery | Bedding | Beer & Wine | Carpeting/Area Rugs | Coffee Roasting | Digital Print Services | Executive Membership | Food Court | Fresh Deli | Fresh Meat | Fresh Produce | Garden Center | Gas Station | Hearing Aids | Membership | Optical Department | Pharmacy | Rotisserie Chicken | Tire Service Center | T-Mobile Cellular Kiosk | Wheelchair Available","Costco warehouse locator API","https://ecom-api.costco.com/core/warehouse-locator/v1/salesLocations.json","2026-07-31T21:17:08.2812714Z"
"Costco","679","City Of Industry","17550 CASTLETON ST","","17550 CASTLETON ST, CITY OF INDUSTRY, CA, 91748-1701","CITY OF INDUSTRY","CA","91748-1701","US","33.994151","-117.9219292","(626) 839-3053","Sales Location","Warehouse","LA","America/Los_Angeles","1986-12-19","True","True","True","True","True","True","Auto Buying Program | Bakery | Executive Membership | Food Court | Fresh Meat | Fresh Produce | Gas Station | Hearing Aids | Membership | Optical Department | Pharmacy | Service Deli | Take Out Pizza | Tire Service Center | T-Mobile Cellular Kiosk","Costco warehouse locator API","https://ecom-api.costco.com/core/warehouse-locator/v1/salesLocations.json","2026-07-31T21:17:08.0349381Z"
"Costco","1360","Clovis","2270 CLOVIS AVE","","2270 CLOVIS AVE, CLOVIS, CA, 93612-3915","CLOVIS","CA","93612-3915","US","36.80571795","-119.7032548","(559) 291-3377","Sales Location","Warehouse","BA","America/Los_Angeles","1990-11-19","True","True","True","True","True","True","Auto Buying Program | Bakery | Executive Membership | Food Court | Fresh Deli | Fresh Meat | Fresh Produce | Gas Station | Hearing Aids | Membership | Optical Department | Optometrist | Pharmacy | Rotisserie Chicken | Service Deli | Special Order Kiosk | Tire Service Center | T-Mobile Cellular Kiosk | Travel","Costco warehouse locator API","https://ecom-api.costco.com/core/warehouse-locator/v1/salesLocations.json","2026-07-31T21:17:09.0510975Z"
"Costco","569","Commerce Bus Ctr","6333 TELEGRAPH RD","","6333 TELEGRAPH RD, COMMERCE, CA, 90040-2513","COMMERCE","CA","90040-2513","US","33.99473793","-118.1409049","(323) 767-2640","Sales Location","Business Center","BD","America/Los_Angeles","2009-07-23","True","False","True","False","False","False","Auto Buying Program | Business Delivery | Business Products | Delivery | Executive Membership | Food Court | Fresh Meat | Gas Station | Membership | Office Furniture | Restaurant Supplies | Select Produce & Deli Area | Tobacco","Costco warehouse locator API","https://ecom-api.costco.com/core/warehouse-locator/v1/salesLocations.json","2026-07-31T21:17:07.8778235Z"
"Costco","663","Concord","2400 MONUMENT BLVD","","2400 MONUMENT BLVD, CONCORD, CA, 94520-3105","CONCORD","CA","94520-3105","US","37.95772792","-122.0332772","(925) 566-4003","Sales Location","Warehouse","BA","America/Los_Angeles","1986-12-10","True","True","True","True","True","True","*General Information | Auto Buying Program | Bakery | Beer & Wine | Executive Membership | Food Court | Fresh Deli | Fresh Meat | Fresh Produce | Gas Station | Hearing Aids | Membership | Optical Department | Pharmacy | Rotisserie Chicken | Service Deli | Special Order Kiosk | Tire Service Center | T-Mobile Cellular Kiosk | Tobacco | Travel | Wheelchair Available","Costco warehouse locator API","https://ecom-api.costco.com/core/warehouse-locator/v1/salesLocations.json","2026-07-31T21:17:07.9970074Z"
"Costco","432","Corona","480 N MCKINLEY ST","","480 N MCKINLEY ST, CORONA, CA, 92879-1291","CORONA","CA","92879-1291","US","33.88644892","-117.5241877","(951) 279-1190","Sales Location","Warehouse","LA","America/Los_Angeles","1988-11-01","True","True","True","True","True","True","Auto Buying Program | Bakery | Executive Membership | Food Court | Fresh Deli | Fresh Meat | Fresh Produce | Gas Station | Hearing Aids | Membership | Optical Department | Pharmacy | Special Order Kiosk | Tire Service Center | T-Mobile Cellular Kiosk | Travel","Costco warehouse locator API","https://ecom-api.costco.com/core/warehouse-locator/v1/salesLocations.json","2026-07-31T21:17:07.7157971Z"
"Costco","748","Cypress CA","5401 KATELLA AVE","","5401 KATELLA AVE, CYPRESS, CA, 90720-2809","CYPRESS","CA","90720-2809","US","33.80401887","-118.0387644","(562) 668-5150","Sales Location","Warehouse","LA","America/Los_Angeles","2005-07-14","True","True","True","True","True","True","AT&T Cellular Kiosk | Auto Buying Program | Bakery | Executive Membership | Food Court | Fresh Deli | Fresh Meat | Fresh Produce | Gas Station | Hearing Aids | Independent Optometrist | Membership | Optical Department | Pharmacy | Rotisserie Chicken | Tire Service Center","Costco warehouse locator API","https://ecom-api.costco.com/core/warehouse-locator/v1/salesLocations.json","2026-07-31T21:17:08.2239507Z"
"Costco","21","Danville","3150 FOSTORIA WAY","","3150 FOSTORIA WAY, DANVILLE, CA, 94526-5553","DANVILLE","CA","94526-5553","US","37.78238822","-121.9726732","(925) 277-0407","Sales Location","Warehouse","BA","America/Los_Angeles","1989-03-16","True","True","True","True","True","True","AT&T Cellular Kiosk | Auto Buying Program | Bakery | Executive Membership | Food Court | Fresh Deli | Fresh Meat | Fresh Produce | Gas Station | Hearing Aids | Membership | Optical Department | Pharmacy | Service Deli | Special Order Kiosk | Tire Service Center","Costco warehouse locator API","https://ecom-api.costco.com/core/warehouse-locator/v1/salesLocations.json","2026-07-31T21:17:07.0171674Z"
"Costco","1317","Eastvale","5030 HAMNER AVE","","5030 HAMNER AVE, EASTVALE, CA, 91752-1009","EASTVALE","CA","91752-1009","US","33.99668545","-117.5560717","(951) 749-7182","Sales Location","Warehouse","LA","America/Los_Angeles","2018-06-28","True","True","True","True","True","True","A PS Processing | ATM | Auto Buying Program | Bakery | Executive Membership | Food Court | Fresh Deli | Fresh Meat | Fresh Produce | Gas Station | Hearing Aids | Membership | Optical Department | Pharmacy | Service Deli | Special Order Kiosk | Tire Service Center | T-Mobile Cellular Kiosk | Travel","Costco warehouse locator API","https://ecom-api.costco.com/core/warehouse-locator/v1/salesLocations.json","2026-07-31T21:17:08.9879157Z"
"Costco","121","El Centro","2030 N IMPERIAL AVE","","2030 N IMPERIAL AVE, EL CENTRO, CA, 92243-1323","EL CENTRO","CA","92243-1323","US","32.81176375","-115.572803","(760) 353-2380","Sales Location","Warehouse","SD","America/Los_Angeles","1992-05-14","True","True","True","True","True","True","Auto Buying Program | Bakery | BBQ Deli | Executive Membership | Food Court | Fresh Deli | Fresh Meat | Fresh Produce | Gas Station | Hearing Aids | Membership | Optical Department | Pharmacy | Rotisserie Chicken | Special Order Kiosk | Tire Service Center | T-Mobile Cellular Kiosk | Travel","Costco warehouse locator API","https://ecom-api.costco.com/core/warehouse-locator/v1/salesLocations.json","2026-07-31T21:17:07.1680354Z"
"Costco","1274","Elk Grove","7400 ELK GROVE BLVD","","7400 ELK GROVE BLVD, ELK GROVE, CA, 95757-6299","ELK GROVE","CA","95757-6299","US","38.40641608","-121.413952","(916) 465-6050","Sales Location","Warehouse","BA","America/Los_Angeles","2018-09-27","True","True","True","True","True","True","AT&T Cellular Kiosk | Auto Buying Program | Bakery | Diesel | Executive Membership | Food Court | Fresh Deli | Fresh Meat | Fresh Produce | Gas Station | Hearing Aids | Independent Optometrist | Membership | Optical Department | Pharmacy | Special Order Kiosk | Tire Service Center","Costco warehouse locator API","https://ecom-api.costco.com/core/warehouse-locator/v1/salesLocations.json","2026-07-31T21:17:08.9476284Z"
"Costco","125","Eureka","1006 W WABASH AVE","","1006 W WABASH AVE, EUREKA, CA, 95501-2121","EUREKA","CA","95501-2121","US","40.79244091","-124.1824341","(707) 441-8750","Sales Location","Warehouse","BA","America/Los_Angeles","1994-11-03","True","True","True","True","True","True","AT&T Cellular Kiosk | ATM | Auto Buying Program | Bakery | Executive Membership | Food Court | Fresh Deli | Fresh Meat | Fresh Produce | Gas Station | Hearing Aids | Membership | Optical Department | Pharmacy | Service Deli | Special Order Kiosk | Tire Service Center | Travel","Costco warehouse locator API","https://ecom-api.costco.com/core/warehouse-locator/v1/salesLocations.json","2026-07-31T21:17:07.1770955Z"
"Costco","453","Fairfield","5101 BUSINESS CENTER DR","","5101 BUSINESS CENTER DR, FAIRFIELD, CA, 94534-1624","FAIRFIELD","CA","94534-1624","US","38.21524291","-122.1448031","(707) 864-3816","Sales Location","Warehouse","BA","America/Los_Angeles","1992-10-01","True","True","False","True","True","True","AT&T Cellular Kiosk | Auto Buying Program | Bakery | Executive Membership | Fresh Deli | Fresh Meat | Fresh Produce | Gas Station | Hearing Aids | Hot Dog Stand | Membership | Optical Department | Pharmacy | Service Deli | Special Order Kiosk | Tire Service Center","Costco warehouse locator API","https://ecom-api.costco.com/core/warehouse-locator/v1/salesLocations.json","2026-07-31T21:17:07.7583314Z"
"Costco","765","Folsom","1800 CAVITT DR","","1800 CAVITT DR, FOLSOM, CA, 95630-6235","FOLSOM","CA","95630-6235","US","38.64493251","-121.1096913","(916) 850-1000","Sales Location","Warehouse","BA","America/Los_Angeles","2003-05-23","True","True","True","True","True","True","AT&T Cellular Kiosk | Auto Buying Program | Diesel | Executive Membership | Food Court | Gas Station | Hearing Aids | Membership | Optical Department | Pharmacy | Take Out Pizza | Tire Service Center","Costco warehouse locator API","https://ecom-api.costco.com/core/warehouse-locator/v1/salesLocations.json","2026-07-31T21:17:08.2459402Z"
"Costco","627","Fontana","16505 SIERRA LAKES PKWY","","16505 SIERRA LAKES PKWY, FONTANA, CA, 92336-1256","FONTANA","CA","92336-1256","US","34.13779891","-117.4425478","(909) 770-5639","Sales Location","Warehouse","LA","America/Los_Angeles","2006-11-17","True","True","True","True","True","True","Auto Buying Program | Bakery | Executive Membership | Food Court | Fresh Deli | Fresh Meat | Fresh Produce | Gas Station | Hearing Aids | Membership | Optical Department | Pharmacy | Rotisserie Chicken | Tire Service Center | T-Mobile Cellular Kiosk","Costco warehouse locator API","https://ecom-api.costco.com/core/warehouse-locator/v1/salesLocations.json","2026-07-31T21:17:07.8995555Z"
"Costco","147","Foster City","1001 METRO CENTER BLVD","","1001 METRO CENTER BLVD, FOSTER CITY, CA, 94404-2177","FOSTER CITY","CA","94404-2177","US","37.56174556","-122.2742584","(650) 286-0739","Sales Location","Warehouse","BA","America/Los_Angeles","1994-08-04","False","True","True","True","True","True","ATM | Auto Buying Program | Bakery | Beer & Wine | Executive Membership | Food Court | Fresh Meat | Fresh Produce | Hearing Aids | Membership | Optical Department | Pharmacy | Special Order Kiosk | Tire Service Center | T-Mobile Cellular Kiosk | Tobacco | Travel | Wheelchair Available","Costco warehouse locator API","https://ecom-api.costco.com/core/warehouse-locator/v1/salesLocations.json","2026-07-31T21:17:07.2319493Z"
"Costco","411","Fountain Valley","17900 NEWHOPE ST","","17900 NEWHOPE ST, FOUNTAIN VALLEY, CA, 92708-5422","FOUNTAIN VALLEY","CA","92708-5422","US","33.70308581","-117.9318655","(714) 338-2183","Sales Location","Warehouse","LA","America/Los_Angeles","1983-08-15","True","True","True","True","True","True","A PS Processing | AT&T Cellular Kiosk | ATM | Auto Buying Program | Bakery | Digital Print Services | Executive Membership | Food Court | Fresh Deli | Fresh Meat | Fresh Produce | Gas Station | Hearing Aids | Membership | Optical Department | Pharmacy | Service Deli | Special Order Kiosk | Tire Service Center | Travel","Costco warehouse locator API","https://ecom-api.costco.com/core/warehouse-locator/v1/salesLocations.json","2026-07-31T21:17:07.6889430Z"
"Costco","778","Fremont","43621 PACIFIC COMMONS BLVD","","43621 PACIFIC COMMONS BLVD, FREMONT, CA, 94538-3809","FREMONT","CA","94538-3809","US","37.50249071","-121.9730922","(510) 897-1092","Sales Location","Warehouse","BA","America/Los_Angeles","1988-05-26","True","True","True","True","True","True","AT&T Cellular Kiosk | Auto Buying Program | Bakery | Executive Membership | Food Court | Fresh Deli | Fresh Meat | Fresh Produce | Gas Station | Hearing Aids | Membership | Optical Department | Pharmacy | Tire Service Center","Costco warehouse locator API","https://ecom-api.costco.com/core/warehouse-locator/v1/salesLocations.json","2026-07-31T21:17:08.3425907Z"
"Costco","31","Fresno","4500 W SHAW AVE","","4500 W SHAW AVE, FRESNO, CA, 93722-6200","FRESNO","CA","93722-6200","US","36.80954806","-119.8735944","(559) 271-6511","Sales Location","Warehouse","BA","America/Los_Angeles","1985-09-12","True","True","True","True","True","True","AT&T Cellular Kiosk | ATM | Auto Buying Program | Bakery | Delivery | Executive Membership | Food Court | Fresh Deli | Fresh Meat | Fresh Produce | Gas Station | Hearing Aids | Membership | Optical Department | Pharmacy | Special Order Kiosk | Tire Service Center | Travel","Costco warehouse locator API","https://ecom-api.costco.com/core/warehouse-locator/v1/salesLocations.json","2026-07-31T21:17:07.0408354Z"
"Costco","657","N Fresno","7100 N ABBY ST","","7100 N ABBY ST, FRESNO, CA, 93720-2920","FRESNO","CA","93720-2920","US","36.83917459","-119.788082","(559) 437-3643","Sales Location","Warehouse","BA","America/Los_Angeles","2002-11-26","True","True","True","True","True","True","Auto Buying Program | Bakery | Diesel | Executive Membership | Food Court | Gas Station | Hearing Aids | Membership | Optical Department | Pharmacy | Tire Service Center | T-Mobile Cellular Kiosk | Wheelchair Available","Costco warehouse locator API","https://ecom-api.costco.com/core/warehouse-locator/v1/salesLocations.json","2026-07-31T21:17:07.9789184Z"
"Costco","418","Fullerton","900 S HARBOR BLVD","","900 S HARBOR BLVD, FULLERTON, CA, 92832-3025","FULLERTON","CA","92832-3025","US","33.8621386","-117.9224599","(714) 738-7521","Sales Location","Warehouse","LA","America/Los_Angeles","1984-11-01","True","True","True","True","True","True","A PS Processing | ATM | Auto Buying Program | Bakery | Executive Membership | Food Court | Fresh Deli | Fresh Meat | Fresh Produce | Gas Station | Hearing Aids | Membership | Optical Department | Pharmacy | Service Deli | Special Order Kiosk | Tire Service Center | T-Mobile Cellular Kiosk | Travel","Costco warehouse locator API","https://ecom-api.costco.com/core/warehouse-locator/v1/salesLocations.json","2026-07-31T21:17:07.6929414Z"
"Costco","126","Garden Grove","11000 GARDEN GROVE BLVD","","11000 GARDEN GROVE BLVD, GARDEN GROVE, CA, 92843-1206","GARDEN GROVE","CA","92843-1206","US","33.77290968","-117.9411857","(714) 638-6308","Sales Location","Warehouse","LA","America/Los_Angeles","1987-06-25","True","True","True","True","True","True","Auto Buying Program | Bakery | Executive Membership | Food Court | Fresh Deli | Fresh Meat | Fresh Produce | Gas Station | Hearing Aids | Membership | Optical Department | Pharmacy | Rotisserie Chicken | Special Order Kiosk | Tire Service Center | T-Mobile Cellular Kiosk","Costco warehouse locator API","https://ecom-api.costco.com/core/warehouse-locator/v1/salesLocations.json","2026-07-31T21:17:07.1790955Z"
"Costco","760","Gilroy","7251 CAMINO ARROYO","","7251 CAMINO ARROYO, GILROY, CA, 95020-7340","GILROY","CA","95020-7340","US","37.0080761","-121.5555575","(408) 848-0700","Sales Location","Warehouse","BA","America/Los_Angeles","2003-03-01","True","True","True","True","True","True","*General Information | AT&T Cellular Kiosk | Auto Buying Program | Executive Membership | Food Court | Gas Station | Hearing Aids | Membership | Optical Department | Pharmacy | Tire Service Center | Wheelchair Available","Costco warehouse locator API","https://ecom-api.costco.com/core/warehouse-locator/v1/salesLocations.json","2026-07-31T21:17:08.2354694Z"
"Costco","474","Goleta","7095 MARKET PLACE DR","","7095 MARKET PLACE DR, GOLETA, CA, 93117-5905","GOLETA","CA","93117-5905","US","34.42833137","-119.8743675","(805) 685-3199","Sales Location","Warehouse","LA","America/Los_Angeles","1998-11-24","False","True","True","True","True","True","AT&T Cellular Kiosk | Auto Buying Program | Bakery | Coffee Roasting | Digital Print Services | Executive Membership | Food Court | Fresh Deli | Fresh Meat | Fresh Produce | Fresh Sushi | Gourmet Deli | Hearing Aids | Membership | Optical Department | Pharmacy | Special Order Kiosk | Tire Service Center","Costco warehouse locator API","https://ecom-api.costco.com/core/warehouse-locator/v1/salesLocations.json","2026-07-31T21:17:07.8032777Z"
"Costco","1244","Hanford","2395 E LACEY BLVD","","2395 E LACEY BLVD, HANFORD, CA, 93230-4740","HANFORD","CA","93230-4740","US","36.32597092","-119.6067445","(559) 670-6008","Sales Location","Warehouse","BA","America/Los_Angeles","2016-10-27","True","True","True","True","True","True","Auto Buying Program | Bakery | Diesel | Executive Membership | Food Court | Fresh Deli | Fresh Meat | Fresh Produce | Gas Station | Hearing Aids | Membership | Optical Department | Pharmacy | Rotisserie Chicken | Service Deli | Tire Service Center | T-Mobile Cellular Kiosk","Costco warehouse locator API","https://ecom-api.costco.com/core/warehouse-locator/v1/salesLocations.json","2026-07-31T21:17:08.9246963Z"
"Costco","671","Hawthorne","14501 HINDRY AVENUE","","14501 HINDRY AVENUE, HAWTHORNE, CA, 90250-6748","HAWTHORNE","CA","90250-6748","US","33.899","-118.3729","(310) 727-0403","Sales Location","Warehouse","LA","America/Los_Angeles","2000-12-05","True","True","True","True","True","True","AT&T Cellular Kiosk | ATM | Auto Buying Program | Bakery | Coffee Roasting | Executive Membership | Food Court | Fresh Deli | Fresh Meat | Fresh Produce | Gas Station | Hearing Aids | Membership | Optical Department | Pharmacy | Pizza Kitchen | Special Order Kiosk | Take Out Pizza | Tire Service Center | Wheelchair Available","Costco warehouse locator API","https://ecom-api.costco.com/core/warehouse-locator/v1/salesLocations.json","2026-07-31T21:17:08.0150294Z"
"Costco","564","Hawthorne Bus Ctr","12530 PRAIRIE AVE","","12530 PRAIRIE AVE, HAWTHORNE, CA, 90250-4638","HAWTHORNE","CA","90250-4638","US","33.91863689","-118.34312","(310) 220-8826","Sales Location","Business Center","BD","America/Los_Angeles","2009-03-20","True","False","False","False","False","False","Auto Buying Program | Business Delivery | Business Products | Delivery | Diesel | Executive Membership | Fresh Meat | Gas Station | Membership | Office Furniture | Restaurant Supplies | Select Produce & Deli Area | Tobacco","Costco warehouse locator API","https://ecom-api.costco.com/core/warehouse-locator/v1/salesLocations.json","2026-07-31T21:17:07.8758245Z"
"Costco","1061","Hayward","28505 HESPERIAN BLVD","","28505 HESPERIAN BLVD, HAYWARD, CA, 94545-5008","HAYWARD","CA","94545-5008","US","37.61542721","-122.0896587","(510) 921-3128","Sales Location","Warehouse","BA","America/Los_Angeles","2009-11-24","True","True","True","True","True","True","Auto Buying Program | Bakery | Executive Membership | Food Court | Fresh Deli | Fresh Meat | Fresh Produce | Gas Station | Hearing Aids | Membership | Optical Department | Pharmacy | Rotisserie Chicken | Service Deli | Tire Service Center | T-Mobile Cellular Kiosk","Costco warehouse locator API","https://ecom-api.costco.com/core/warehouse-locator/v1/salesLocations.json","2026-07-31T21:17:08.5688272Z"
"Costco","823","Hayward Bus Ctr","22330 HATHAWAY AVE","","22330 HATHAWAY AVE, HAYWARD, CA, 94541-4861","HAYWARD","CA","94541-4861","US","37.66759283","-122.1030431","(510) 259-6600","Sales Location","Business Center","BD","America/Los_Angeles","1997-12-17","True","False","False","False","False","False","Auto Buying Program | Business Delivery | Business Products | Delivery | EV Station | Executive Membership | Fresh Meat | Gas Station | Membership | Office Furniture | Restaurant Supplies | Select Produce & Deli Area | Tobacco","Costco warehouse locator API","https://ecom-api.costco.com/core/warehouse-locator/v1/salesLocations.json","2026-07-31T21:17:08.3752704Z"
"Costco","1715","Highland","28000 GREENSPOT RD","","28000 GREENSPOT RD, HIGHLAND, CA, 92346-4450","HIGHLAND","CA","92346-4450","US","34.109461","-117.191768","(909) 863-4762","Sales Location","Warehouse","LA","America/Los_Angeles","2025-03-08","True","True","True","True","True","True","*General Information | *General Information - English | AT&T Cellular Kiosk | ATM | Bakery | EV Station | Executive Membership | Food Court | Gas Station | Hearing Aids | Membership | Optical Department | Optometrist | Pharmacy | Rotisserie Chicken | Self Check-out | Tire Service Center","Costco warehouse locator API","https://ecom-api.costco.com/core/warehouse-locator/v1/salesLocations.json","2026-07-31T21:17:09.3162694Z"
"Costco","1110","Huntington Beach","7562 CENTER AVE","","7562 CENTER AVE, HUNTINGTON BEACH, CA, 92647-3002","HUNTINGTON BEACH","CA","92647-3002","US","33.73313147","-117.9962018","(714) 372-7510","Sales Location","Warehouse","LA","America/Los_Angeles","2012-05-02","True","True","True","True","True","True","AT&T Cellular Kiosk | Auto Buying Program | Bakery | Executive Membership | Food Court | Fresh Deli | Fresh Meat | Fresh Produce | Gas Station | Hearing Aids | Membership | Optical Department | Pharmacy | Rotisserie Chicken | Tire Service Center","Costco warehouse locator API","https://ecom-api.costco.com/core/warehouse-locator/v1/salesLocations.json","2026-07-31T21:17:08.6613498Z"
"Costco","769","Inglewood","3560 W CENTURY BLVD","","3560 W CENTURY BLVD, INGLEWOOD, CA, 90303-1201","INGLEWOOD","CA","90303-1201","US","33.94345024","-118.3339434","(310) 242-2777","Sales Location","Warehouse","LA","America/Los_Angeles","1985-07-08","True","True","True","True","True","True","AT&T Cellular Kiosk | ATM | Auto Buying Program | Bakery | Executive Membership | Food Court | Fresh Deli | Gas Station | Hearing Aids | Membership | Optical Department | Pharmacy | Rotisserie Chicken | Tire Service Center","Costco warehouse locator API","https://ecom-api.costco.com/core/warehouse-locator/v1/salesLocations.json","2026-07-31T21:17:08.2565306Z"
"Costco","454","Irvine","115 TECHNOLOGY DR","","115 TECHNOLOGY DR, IRVINE, CA, 92618-2408","IRVINE","CA","92618-2408","US","33.66039595","-117.7449261","(949) 453-0435","Sales Location","Warehouse","LA","America/Los_Angeles","1992-11-14","True","True","True","True","True","True","A PS Processing | ATM | Auto Buying Program | Bakery | Executive Membership | Food Court | Fresh Deli | Fresh Meat | Fresh Produce | Gas Station | Hearing Aids | Membership | Optical Department | Pharmacy | Service Deli | Special Order Kiosk | Tire Service Center | T-Mobile Cellular Kiosk | Travel","Costco warehouse locator API","https://ecom-api.costco.com/core/warehouse-locator/v1/salesLocations.json","2026-07-31T21:17:07.7613324Z"
"Costco","777","La Habra","101 N BEACH BLVD","","101 N BEACH BLVD, LA HABRA, CA, 90631-4468","LA HABRA","CA","90631-4468","US","33.93269993","-117.9697894","(562) 524-0001","Sales Location","Warehouse","LA","America/Los_Angeles","2005-10-26","True","True","True","True","True","True","AT&T Cellular Kiosk | Auto Buying Program | Bakery | Executive Membership | Food Court | Fresh Deli | Fresh Produce | Gas Station | Hearing Aids | Membership | Optical Department | Pharmacy | Rotisserie Chicken | Tire Service Center","Costco warehouse locator API","https://ecom-api.costco.com/core/warehouse-locator/v1/salesLocations.json","2026-07-31T21:17:08.3395923Z"
"Costco","469","La Mesa","8125 FLETCHER PKWY","","8125 FLETCHER PKWY, LA MESA, CA, 91942-2934","LA MESA","CA","91942-2934","US","32.77410298","-117.0242635","(619) 667-8504","Sales Location","Warehouse","SD","America/Los_Angeles","1992-11-19","True","True","True","True","True","True","ATM | Auto Buying Program | Bakery | Executive Membership | Food Court | Fresh Deli | Fresh Meat | Fresh Produce | Gas Station | Hearing Aids | Membership | Optical Department | Pharmacy | Service Deli | Special Order Kiosk | Tire Service Center | T-Mobile Cellular Kiosk | Travel","Costco warehouse locator API","https://ecom-api.costco.com/core/warehouse-locator/v1/salesLocations.json","2026-07-31T21:17:07.7818478Z"
"Costco","638","La Quinta","79795 HIGHWAY 111","","79795 HIGHWAY 111, LA QUINTA, CA, 92253-4756","LA QUINTA","CA","92253-4756","US","33.70460615","-116.2731048","(760) 775-0363","Sales Location","Warehouse","LA","America/Los_Angeles","2006-11-22","True","True","True","True","True","True","AT&T Cellular Kiosk | Auto Buying Program | Bakery | Executive Membership | Food Court | Fresh Deli | Fresh Meat | Fresh Produce | Gas Station | Hearing Aids | Membership | Optical Department | Pharmacy | Rotisserie Chicken | Tire Service Center","Costco warehouse locator API","https://ecom-api.costco.com/core/warehouse-locator/v1/salesLocations.json","2026-07-31T21:17:07.9385341Z"
"Costco","690","Laguna Marketplace","27220 HEATHER RIDGE RD","","27220 HEATHER RIDGE RD, LAGUNA NIGUEL, CA, 92677-3418","LAGUNA NIGUEL","CA","92677-3418","US","33.56735882","-117.7114777","(949) 389-8703","Sales Location","Warehouse","LA","America/Los_Angeles","2002-06-06","True","True","True","True","True","True","A PS Processing | AT&T Cellular Kiosk | ATM | Auto Buying Program | Bakery | Executive Membership | Food Court | Fresh Deli | Fresh Meat | Fresh Produce | Gas Station | Hearing Aids | Membership | Optical Department | Pharmacy | Rotisserie Chicken | Service Deli | Special Order Kiosk | Tire Service Center | Travel","Costco warehouse locator API","https://ecom-api.costco.com/core/warehouse-locator/v1/salesLocations.json","2026-07-31T21:17:08.1547111Z"
"Costco","28","Laguna Niguel","27972 CABOT RD","","27972 CABOT RD, LAGUNA NIGUEL, CA, 92677-1211","LAGUNA NIGUEL","CA","92677-1211","US","33.5554795","-117.6766077","(949) 364-0217","Sales Location","Warehouse","LA","America/Los_Angeles","1990-03-01","True","True","True","True","True","True","A PS Processing | AT&T Cellular Kiosk | ATM | Auto Buying Program | Bakery | Digital Print Services | Executive Membership | Food Court | Fresh Deli | Fresh Meat | Fresh Produce | Gas Station | Hearing Aids | Membership | Optical Department | Pharmacy | Service Deli | Special Order Kiosk | Tire Service Center | Travel","Costco warehouse locator API","https://ecom-api.costco.com/core/warehouse-locator/v1/salesLocations.json","2026-07-31T21:17:07.0306956Z"
"Costco","746","Lake Elsinore","29315 CENTRAL AVE","","29315 CENTRAL AVE, LAKE ELSINORE, CA, 92532-2212","LAKE ELSINORE","CA","92532-2212","US","33.69644564","-117.3387358","(951) 253-6030","Sales Location","Warehouse","SD","America/Los_Angeles","2006-05-05","True","True","True","True","True","True","Auto Buying Program | Bakery | Executive Membership | Food Court | Fresh Deli | Fresh Produce | Gas Station | Hearing Aids | Membership | Optical Department | Pharmacy | Propane | Rotisserie Chicken | Special Order Kiosk | Tire Service Center | T-Mobile Cellular Kiosk","Costco warehouse locator API","https://ecom-api.costco.com/core/warehouse-locator/v1/salesLocations.json","2026-07-31T21:17:08.2135075Z"
"Costco","1050","Lakewood","340 LAKEWOOD CENTER MALL","","340 LAKEWOOD CENTER MALL, LAKEWOOD, CA, 90712-2409","LAKEWOOD","CA","90712-2409","US","33.84988296","-118.1371758","(562) 295-1508","Sales Location","Warehouse","LA","America/Los_Angeles","2009-02-26","True","True","True","True","True","True","Auto Buying Program | Bakery | Executive Membership | Food Court | Fresh Deli | Fresh Meat | Fresh Produce | Gas Station | Hearing Aids | Membership | Optical Department | Pharmacy | Rotisserie Chicken | Tire Service Center | T-Mobile Cellular Kiosk","Costco warehouse locator API","https://ecom-api.costco.com/core/warehouse-locator/v1/salesLocations.json","2026-07-31T21:17:08.5459622Z"
"Costco","762","Lancaster CA","1141 W AVENUE L","","1141 W AVENUE L, LANCASTER, CA, 93534-7077","LANCASTER","CA","93534-7077","US","34.6613984","-118.1510028","(661) 802-4470","Sales Location","Warehouse","LA","America/Los_Angeles","1988-09-29","True","True","True","True","True","True","Auto Buying Program | Bakery | Car Wash | Executive Membership | Food Court | Gas Station | Hearing Aids | Membership | Optical Department | Pharmacy | Tire Service Center | T-Mobile Cellular Kiosk","Costco warehouse locator API","https://ecom-api.costco.com/core/warehouse-locator/v1/salesLocations.json","2026-07-31T21:17:08.2419416Z"
"Costco","1658","Marysville CA","1214 N BEALE RD","","1214 N BEALE RD, LINDA, CA, 95901-6283","LINDA","CA","95901-6283","US","39.125086","-121.571203","(530) 491-2717","Sales Location","Warehouse","BA","America/Los_Angeles","2023-11-22","True","True","True","True","True","True","*General Information | AT&T Cellular Kiosk | Food Court | Gas Station | Hearing Aids | Optical Department | Pharmacy | Tire Service Center","Costco warehouse locator API","https://ecom-api.costco.com/core/warehouse-locator/v1/salesLocations.json","2026-07-31T21:17:09.2472594Z"
"Costco","146","Livermore","2800 INDEPENDENCE DR","","2800 INDEPENDENCE DR, LIVERMORE, CA, 94551-7628","LIVERMORE","CA","94551-7628","US","37.70265473","-121.811768","(925) 443-6306","Sales Location","Warehouse","BA","America/Los_Angeles","1993-11-17","True","True","True","True","True","True","Auto Buying Program | Bakery | Beer & Wine | Executive Membership | Food Court | Fresh Deli | Fresh Meat | Fresh Produce | Gas Station | Hearing Aids | Membership | Optical Department | Pharmacy | Rotisserie Chicken | Service Deli | Special Order Kiosk | Tire Service Center | T-Mobile Cellular Kiosk | Tobacco | Travel | Wheelchair Available","Costco warehouse locator API","https://ecom-api.costco.com/core/warehouse-locator/v1/salesLocations.json","2026-07-31T21:17:07.2299493Z"
"Costco","1091","Lodi","2680 REYNOLDS RANCH PKWY","","2680 REYNOLDS RANCH PKWY, LODI, CA, 95240-6848","LODI","CA","95240-6848","US","38.10004949","-121.2636789","(209) 366-7300","Sales Location","Warehouse","BA","America/Los_Angeles","2011-06-09","True","True","True","True","True","True","AT&T Cellular Kiosk | Auto Buying Program | Bakery | Executive Membership | Food Court | Fresh Deli | Fresh Meat | Fresh Produce | Gas Station | Hearing Aids | Membership | Optical Department | Pharmacy | Rotisserie Chicken | Special Order Kiosk | Take Out Pizza | Tire Service Center | Travel","Costco warehouse locator API","https://ecom-api.costco.com/core/warehouse-locator/v1/salesLocations.json","2026-07-31T21:17:08.6335636Z"
"Costco","1371","Loomis","4101 SIERRA COLLEGE BLVD","","4101 SIERRA COLLEGE BLVD, LOOMIS, CA, 95650-6801","LOOMIS","CA","95650-6801","US","38.809157","-121.204669","(916) 953-7270","Sales Location","Warehouse","BA","America/Los_Angeles","2024-05-23","False","True","True","True","True","True","AT&T Cellular Kiosk | Food Court | Hearing Aids | Optical Department | Pharmacy | Tire Service Center","Costco warehouse locator API","https://ecom-api.costco.com/core/warehouse-locator/v1/salesLocations.json","2026-07-31T21:17:09.0672488Z"
"Costco","130","Los Feliz","2901 LOS FELIZ BLVD","","2901 LOS FELIZ BLVD, LOS ANGELES, CA, 90039-1502","LOS ANGELES","CA","90039-1502","US","34.12848208","-118.263936","(323) 644-5201","Sales Location","Warehouse","LA","America/Los_Angeles","1996-11-15","False","True","True","True","True","True","A PS Processing | ATM | Auto Buying Program | Bakery | EV Station | Executive Membership | Food Court | Fresh Deli | Fresh Meat | Fresh Produce | Hearing Aids | Membership | Optical Department | Pharmacy | Service Deli | Special Order Kiosk | Tire Service Center | T-Mobile Cellular Kiosk | Travel","Costco warehouse locator API","https://ecom-api.costco.com/core/warehouse-locator/v1/salesLocations.json","2026-07-31T21:17:07.1905061Z"
"Costco","1031","Manteca","2440 DANIELS ST","","2440 DANIELS ST, MANTECA, CA, 95337-6745","MANTECA","CA","95337-6745","US","37.78471382","-121.259821","(209) 825-8200","Sales Location","Warehouse","BA","America/Los_Angeles","2008-08-14","True","True","True","True","True","True","AT&T Cellular Kiosk | Auto Buying Program | Bakery | Executive Membership | Food Court | Fresh Deli | Fresh Meat | Fresh Produce | Gas Station | Hearing Aids | Membership | Optical Department | Pharmacy | Rotisserie Chicken | Tire Service Center","Costco warehouse locator API","https://ecom-api.costco.com/core/warehouse-locator/v1/salesLocations.json","2026-07-31T21:17:08.5187096Z"
"Costco","479","Culver City","13463 WASHINGTON BLVD","","13463 WASHINGTON BLVD, MARINA DEL REY, CA, 90292-5658","MARINA DEL REY","CA","90292-5658","US","33.99266652","-118.4464639","(310) 754-2003","Sales Location","Warehouse","LA","America/Los_Angeles","1999-06-24","True","True","True","True","True","True","A PS Processing | ATM | Auto Buying Program | Bakery | Digital Print Services | Executive Membership | Food Court | Fresh Deli | Fresh Meat | Fresh Produce | Fresh Sushi | Gas Station | Hearing Aids | Membership | Optical Department | Pharmacy | Special Order Kiosk | Tire Service Center | T-Mobile Cellular Kiosk | Wheelchair Available","Costco warehouse locator API","https://ecom-api.costco.com/core/warehouse-locator/v1/salesLocations.json","2026-07-31T21:17:07.8222031Z"
"Costco","142","Merced","1445 R ST","","1445 R ST, MERCED, CA, 95340-5850","MERCED","CA","95340-5850","US","37.30295239","-120.4968927","(209) 725-5020","Sales Location","Warehouse","BA","America/Los_Angeles","1993-12-02","True","True","True","True","True","True","Auto Buying Program | Bakery | Executive Membership | Food Court | Fresh Deli | Fresh Meat | Fresh Produce | Gas Station | Hearing Aids | Membership | Optical Department | Pharmacy | Special Order Kiosk | Tire Service Center | T-Mobile Cellular Kiosk | Travel","Costco warehouse locator API","https://ecom-api.costco.com/core/warehouse-locator/v1/salesLocations.json","2026-07-31T21:17:07.2172128Z"
"Costco","661","Modesto","3801 PELANDALE AVE","","3801 PELANDALE AVE, MODESTO, CA, 95356-8300","MODESTO","CA","95356-8300","US","37.70203913","-121.0672757","(209) 342-4903","Sales Location","Warehouse","BA","America/Los_Angeles","1989-08-10","True","True","True","True","True","True","Auto Buying Program | Bakery | Beer & Wine | Executive Membership | Food Court | Fresh Deli | Fresh Meat | Fresh Produce | Gas Station | Hearing Aids | Membership | Optical Department | Pharmacy | Rotisserie Chicken | Special Order Kiosk | Tire Service Center | T-Mobile Cellular Kiosk | Tobacco | Travel | Wheelchair Available","Costco warehouse locator API","https://ecom-api.costco.com/core/warehouse-locator/v1/salesLocations.json","2026-07-31T21:17:07.9920084Z"
"Costco","686","Montclair","9404 CENTRAL AVE","","9404 CENTRAL AVE, MONTCLAIR, CA, 91763-2421","MONTCLAIR","CA","91763-2421","US","34.08304494","-117.690223","(909) 575-5004","Sales Location","Warehouse","LA","America/Los_Angeles","2001-12-11","True","True","True","True","True","True","AT&T Cellular Kiosk | ATM | Auto Buying Program | Bakery | Beer & Wine | Executive Membership | Food Court | Fresh Meat | Fresh Produce | Gas Station | Hearing Aids | Membership | Optical Department | Pharmacy | Service Deli | Tire Service Center | Tobacco | Wheelchair Available","Costco warehouse locator API","https://ecom-api.costco.com/core/warehouse-locator/v1/salesLocations.json","2026-07-31T21:17:08.1236084Z"
"Costco","1318","Monterey Park","2000 MARKET PLACE DR","","2000 MARKET PLACE DR, MONTEREY PARK, CA, 91755-7402","MONTEREY PARK","CA","91755-7402","US","34.03749976","-118.1044052","(323) 890-1904","Sales Location","Warehouse","LA","America/Los_Angeles","1993-11-06","True","True","True","True","True","True","AT&T Cellular Kiosk | ATM | Auto Buying Program | Bakery | Executive Membership | Food Court | Fresh Deli | Fresh Meat | Fresh Produce | Gas Station | Hearing Aids | Membership | Optical Department | Pharmacy | Special Order Kiosk | Tire Service Center | Travel","Costco warehouse locator API","https://ecom-api.costco.com/core/warehouse-locator/v1/salesLocations.json","2026-07-31T21:17:08.9920292Z"
"Costco","455","Moreno Valley","12700 DAY ST","","12700 DAY ST, MORENO VALLEY, CA, 92553-7521","MORENO VALLEY","CA","92553-7521","US","33.93542911","-117.2763751","(951) 697-8900","Sales Location","Warehouse","LA","America/Los_Angeles","1992-09-01","True","True","True","True","True","True","Auto Buying Program | Bakery | Executive Membership | Food Court | Fresh Deli | Fresh Meat | Fresh Produce | Gas Station | Hearing Aids | Membership | Optical Department | Pharmacy | Rotisserie Chicken | Service Deli | Special Order Kiosk | Tire Service Center | T-Mobile Cellular Kiosk | Travel","Costco warehouse locator API","https://ecom-api.costco.com/core/warehouse-locator/v1/salesLocations.json","2026-07-31T21:17:07.7633329Z"
"Costco","143","Mountain View","1000 N RENGSTORFF AVE","","1000 N RENGSTORFF AVE, MOUNTAIN VIEW, CA, 94043-1716","MOUNTAIN VIEW","CA","94043-1716","US","37.42068202","-122.0950858","(650) 988-1841","Sales Location","Warehouse","BA","America/Los_Angeles","1992-12-09","False","True","True","True","True","True","Auto Buying Program | Bakery | Executive Membership | Food Court | Fresh Meat | Fresh Produce | Hearing Aids | Membership | Optical Department | Pharmacy | Special Order Kiosk | Tire Service Center | T-Mobile Cellular Kiosk","Costco warehouse locator API","https://ecom-api.costco.com/core/warehouse-locator/v1/salesLocations.json","2026-07-31T21:17:07.2219211Z"
"Costco","1390","Murrieta","35875 WARM SPRINGS PARKWAY","","35875 WARM SPRINGS PARKWAY, MURRIETA, CA, 92563-8801","MURRIETA","CA","92563-8801","US","33.59987282","-117.1706101","(951) 223-4839","Sales Location","Warehouse","SD","America/Los_Angeles","2022-08-05","True","True","True","True","True","True","AT&T Cellular Kiosk | Auto Buying Program | Bakery | Beer & Wine | Executive Membership | Fine Wines and Liquor | Food Court | Fresh Meat | Fresh Produce | Gas Station | Hearing Aids | Independent Optometrist | Membership | Optical Department | Pharmacy | Rotisserie Chicken | Self Check-out | Special Order Kiosk | Tire Service Center","Costco warehouse locator API","https://ecom-api.costco.com/core/warehouse-locator/v1/salesLocations.json","2026-07-31T21:17:09.0999313Z"
"Costco","1679","Napa","280 RIVERSOUND WAY","","280 RIVERSOUND WAY, NAPA, CA, 94558-6357","NAPA","CA","94558-6357","US","38.251931235000974","-122.27875367941758","(707) 819-5900","Sales Location","Warehouse","BA","America/Los_Angeles","2024-10-18","True","True","True","True","True","True","*General Information | *General Information - English | ATM | Bakery | EV Station | Food Court | Gas Station | Hearing Aids | Optical Department | Pharmacy | Rotisserie Chicken | Self Check-out | Tire Service Center | T-Mobile Cellular Kiosk","Costco warehouse locator API","https://ecom-api.costco.com/core/warehouse-locator/v1/salesLocations.json","2026-07-31T21:17:09.2789951Z"
"Costco","1660","Newark","350 NEWPARK MALL","","350 NEWPARK MALL, NEWARK, CA, 94560-5201","NEWARK","CA","94560-5201","US","37.52611955263522","-121.99890457426746","(510) 493-2945","Sales Location","Warehouse","BA","America/Los_Angeles","2023-11-18","True","True","True","True","True","True","*General Information | AT&T Cellular Kiosk | Food Court | Gas Station | Hearing Aids | Optical Department | Pharmacy | Tire Service Center","Costco warehouse locator API","https://ecom-api.costco.com/core/warehouse-locator/v1/salesLocations.json","2026-07-31T21:17:09.2502605Z"
"Costco","653","Burbank Bus Ctr","11428 SHERMAN WAY","","11428 SHERMAN WAY, NORTH HOLLYWOOD, CA, 91605-5807","NORTH HOLLYWOOD","CA","91605-5807","US","34.20002236","-118.3799325","(818) 423-7082","Sales Location","Business Center","BD","America/Los_Angeles","2017-08-09","False","False","True","False","False","False","Auto Buying Program | Business Delivery | Delivery | Executive Membership | Food Court | Fresh Meat | Membership | Office Furniture | Restaurant Supplies | Select Produce & Deli Area | Tobacco","Costco warehouse locator API","https://ecom-api.costco.com/core/warehouse-locator/v1/salesLocations.json","2026-07-31T21:17:07.9734065Z"
"Costco","437","Northridge","8810 TAMPA AVE","","8810 TAMPA AVE, NORTHRIDGE, CA, 91324-3519","NORTHRIDGE","CA","91324-3519","US","34.23043683","-118.5507427","(818) 775-1860","Sales Location","Warehouse","LA","America/Los_Angeles","1989-09-23","True","True","True","True","True","True","Auto Buying Program | Bakery | EV Station | Executive Membership | Food Court | Fresh Deli | Fresh Meat | Fresh Produce | Gas Station | Hearing Aids | Membership | Optical Department | Pharmacy | Rotisserie Chicken | Service Deli | Special Order Kiosk | Tire Service Center | T-Mobile Cellular Kiosk","Costco warehouse locator API","https://ecom-api.costco.com/core/warehouse-locator/v1/salesLocations.json","2026-07-31T21:17:07.7223717Z"
"Costco","410","Norwalk CA","12324 HOXIE AVE","","12324 HOXIE AVE, NORWALK, CA, 90650-2211","NORWALK","CA","90650-2211","US","33.91965914","-118.1026391","(562) 929-0826","Sales Location","Warehouse","LA","America/Los_Angeles","1983-04-18","True","True","True","True","True","True","A PS Processing | ATM | Auto Buying Program | Bakery | Car Wash | Executive Membership | Food Court | Fresh Deli | Fresh Meat | Fresh Produce | Gas Station | Hearing Aids | Membership | Optical Department | Pharmacy | Rotisserie Chicken | Service Deli | Special Order Kiosk | Tire Service Center | T-Mobile Cellular Kiosk | Travel","Costco warehouse locator API","https://ecom-api.costco.com/core/warehouse-locator/v1/salesLocations.json","2026-07-31T21:17:07.6838386Z"
"Costco","141","Novato","300 VINTAGE WAY","","300 VINTAGE WAY, NOVATO, CA, 94945-5007","NOVATO","CA","94945-5007","US","38.087206","-122.5507973","(415) 899-1332","Sales Location","Warehouse","BA","America/Los_Angeles","1992-03-11","False","True","True","True","True","True","AT&T Cellular Kiosk | Auto Buying Program | Bakery | Executive Membership | Food Court | Fresh Deli | Fresh Meat | Fresh Produce | Hearing Aids | Membership | Optical Department | Pharmacy | Special Order Kiosk | Tire Service Center","Costco warehouse locator API","https://ecom-api.costco.com/core/warehouse-locator/v1/salesLocations.json","2026-07-31T21:17:07.2131947Z"
"Costco","947","Ontario Bus Ctr","3680 E GUASTI RD","","3680 E GUASTI RD, ONTARIO, CA, 91761-3708","ONTARIO","CA","91761-3708","US","34.06393134","-117.5729052","(909) 789-1221","Sales Location","Business Center","BD","America/Los_Angeles","2020-08-06","True","False","False","False","False","False","Auto Buying Program | Business Delivery | Business Products | Delivery | Executive Membership | Fresh Meat | Gas Station | Membership | Office Furniture | Restaurant Supplies | Select Produce & Deli Area | Tobacco","Costco warehouse locator API","https://ecom-api.costco.com/core/warehouse-locator/v1/salesLocations.json","2026-07-31T21:17:08.3868427Z"
"Costco","1700","Ontario Home Showroom","5640 EAST AIRPORT DR","","5640 EAST AIRPORT DR, ONTARIO, CA, 91761-0000","ONTARIO","CA","91761-0000","US","34.061720478129","-117.52949209325419","(909) 563-1985","Sales Location","Warehouse","HS","America/Los_Angeles","2025-04-15","False","False","False","False","False","False","","Costco warehouse locator API","https://ecom-api.costco.com/core/warehouse-locator/v1/salesLocations.json","2026-07-31T21:17:09.3019515Z"
"Costco","420","Oxnard","2001 E VENTURA BLVD","","2001 E VENTURA BLVD, OXNARD, CA, 93036-1813","OXNARD","CA","93036-1813","US","34.22492405","-119.148415","(805) 983-4200","Sales Location","Warehouse","LA","America/Los_Angeles","1985-11-18","True","True","True","True","True","True","A PS Processing | Auto Buying Program | Bakery | Car Wash | Diesel | Executive Membership | Food Court | Fresh Deli | Fresh Meat | Fresh Produce | Gas Station | Hearing Aids | Membership | Optical Department | Pharmacy | Service Deli | Special Order Kiosk | Tire Service Center | T-Mobile Cellular Kiosk | Travel","Costco warehouse locator API","https://ecom-api.costco.com/core/warehouse-locator/v1/salesLocations.json","2026-07-31T21:17:07.6959427Z"
"Costco","1071","Pacoima","13550 PAXTON ST","","13550 PAXTON ST, PACOIMA, CA, 91331-2352","PACOIMA","CA","91331-2352","US","34.27173831","-118.4258511","(818) 272-2700","Sales Location","Warehouse","LA","America/Los_Angeles","2010-03-04","True","True","True","True","True","True","Auto Buying Program | Bakery | Executive Membership | Food Court | Fresh Deli | Fresh Meat | Fresh Produce | Gas Station | Hearing Aids | Membership | Optical Department | Pharmacy | Rotisserie Chicken | Tire Service Center | T-Mobile Cellular Kiosk","Costco warehouse locator API","https://ecom-api.costco.com/core/warehouse-locator/v1/salesLocations.json","2026-07-31T21:17:08.5788542Z"
"Costco","441","Palm Desert","72800 DINAH SHORE DR","","72800 DINAH SHORE DR, PALM DESERT, CA, 92211-0814","PALM DESERT","CA","92211-0814","US","33.80408154","-116.3898024","(760) 770-2810","Sales Location","Warehouse","LA","America/Los_Angeles","1991-03-09","True","True","True","True","True","True","ATM | Auto Buying Program | Bakery | Executive Membership | Food Court | Fresh Deli | Fresh Meat | Fresh Produce | Gas Station | Hearing Aids | Membership | Optical Department | Pharmacy | Service Deli | Special Order Kiosk | Tire Service Center | T-Mobile Cellular Kiosk | Travel","Costco warehouse locator API","https://ecom-api.costco.com/core/warehouse-locator/v1/salesLocations.json","2026-07-31T21:17:07.7353779Z"
"Costco","1341","Pleasanton","7200 JOHNSON DRIVE","","7200 JOHNSON DRIVE, PLEASANTON, CA, 94588-8005","PLEASANTON","CA","94588-8005","US","37.69472282","-121.9174443","(925) 475-4000","Sales Location","Warehouse","BA","America/Los_Angeles","2024-11-27","True","True","True","True","True","True","*General Information | AT&T Cellular Kiosk | Food Court | Gas Station | Hearing Aids | Optical Department | Pharmacy | Tire Service Center","Costco warehouse locator API","https://ecom-api.costco.com/core/warehouse-locator/v1/salesLocations.json","2026-07-31T21:17:09.0362375Z"
"Costco","775","Poway","12155 TECH CENTER DR","","12155 TECH CENTER DR, POWAY, CA, 92064-7156","POWAY","CA","92064-7156","US","32.93652336","-117.0333277","(858) 848-2451","Sales Location","Warehouse","SD","America/Los_Angeles","2004-07-23","True","True","True","True","True","True","Auto Buying Program | Bakery | Car Wash | Executive Membership | Food Court | Fresh Deli | Fresh Produce | Gas Station | Hearing Aids | Membership | Optical Department | Pharmacy | Propane | Rotisserie Chicken | Special Order Kiosk | Tire Service Center | T-Mobile Cellular Kiosk","Costco warehouse locator API","https://ecom-api.costco.com/core/warehouse-locator/v1/salesLocations.json","2026-07-31T21:17:08.3355922Z"
"Costco","438","Rancho Cordova","11260 WHITE ROCK RD","","11260 WHITE ROCK RD, RANCHO CORDOVA, CA, 95742-6571","RANCHO CORDOVA","CA","95742-6571","US","38.58819918","-121.2635674","(916) 724-2240","Sales Location","Warehouse","BA","America/Los_Angeles","1990-06-23","True","True","True","True","True","True","Auto Buying Program | Bakery | Executive Membership | Food Court | Fresh Deli | Fresh Meat | Fresh Produce | Gas Station | Hearing Aids | Membership | Optical Department | Pharmacy | Service Deli | Tire Service Center | T-Mobile Cellular Kiosk","Costco warehouse locator API","https://ecom-api.costco.com/core/warehouse-locator/v1/salesLocations.json","2026-07-31T21:17:07.7243756Z"
"Costco","678","Rancho Cucamonga","11800 4TH ST","","11800 4TH ST, RANCHO CUCAMONGA, CA, 91730-6129","RANCHO CUCAMONGA","CA","91730-6129","US","34.07841607","-117.547303","(909) 581-1703","Sales Location","Warehouse","LA","America/Los_Angeles","1992-10-01","True","True","True","True","True","True","AT&T Cellular Kiosk | Auto Buying Program | Bakery | Executive Membership | Food Court | Fresh Meat | Fresh Produce | Gas Station | Hearing Aids | Membership | Optical Department | Pharmacy | Service Deli | Tire Service Center","Costco warehouse locator API","https://ecom-api.costco.com/core/warehouse-locator/v1/salesLocations.json","2026-07-31T21:17:08.0329379Z"
"Costco","1445","Redding","4805 BECHELLI LANE","","4805 BECHELLI LANE, REDDING, CA, 96002-3556","REDDING","CA","96002-3556","US","40.5408592","-122.3559595","(530) 222-0199","Sales Location","Warehouse","BA","America/Los_Angeles","1990-04-05","True","True","True","True","True","True","AT&T Cellular Kiosk | Diesel | Food Court | Gas Station | Hearing Aids | Optical Department | Pharmacy | Tire Service Center","Costco warehouse locator API","https://ecom-api.costco.com/core/warehouse-locator/v1/salesLocations.json","2026-07-31T21:17:09.1266872Z"
"Costco","1042","Redwood City","2300 MIDDLEFIELD RD","","2300 MIDDLEFIELD RD, REDWOOD CITY, CA, 94063-2854","REDWOOD CITY","CA","94063-2854","US","37.47926375","-122.216465","(650) 568-4040","Sales Location","Warehouse","BA","America/Los_Angeles","1983-06-01","True","True","True","True","True","True","AT&T Cellular Kiosk | Auto Buying Program | Bakery | Executive Membership | Food Court | Fresh Deli | Fresh Meat | Fresh Produce | Gas Station | Hearing Aids | Membership | Optical Department | Pharmacy | Rotisserie Chicken | Service Deli | Tire Service Center","Costco warehouse locator API","https://ecom-api.costco.com/core/warehouse-locator/v1/salesLocations.json","2026-07-31T21:17:08.5375714Z"
"Costco","482","Richmond CA","4801 CENTRAL AVENUE","","4801 CENTRAL AVENUE, RICHMOND, CA, 94804-5801","RICHMOND","CA","94804-5801","US","37.89842257","-122.3206385","(510) 898-2003","Sales Location","Warehouse","BA","America/Los_Angeles","1986-10-16","True","True","True","True","True","True","AT&T Cellular Kiosk | Auto Buying Program | Bakery | Executive Membership | Food Court | Fresh Deli | Fresh Meat | Fresh Produce | Gas Station | Hearing Aids | Membership | Optical Department | Pharmacy | Service Deli | Special Order Kiosk | Tire Service Center | Travel","Costco warehouse locator API","https://ecom-api.costco.com/core/warehouse-locator/v1/salesLocations.json","2026-07-31T21:17:07.8327251Z"
"Costco","1683","Riverbank","2015 CLARIBEL ROAD","","2015 CLARIBEL ROAD, RIVERBANK, CA, 95367-9001","RIVERBANK","CA","95367-9001","US","37.711203","-120.969312","(209) 458-5587","Sales Location","Warehouse","BA","America/Los_Angeles","2024-06-13","True","True","True","True","True","True","AT&T Cellular Kiosk | Food Court | Gas Station | Hearing Aids | Optical Department | Pharmacy | Tire Service Center","Costco warehouse locator API","https://ecom-api.costco.com/core/warehouse-locator/v1/salesLocations.json","2026-07-31T21:17:09.2871876Z"
"Costco","659","Rohnert Park","5901 REDWOOD DR","","5901 REDWOOD DR, ROHNERT PARK, CA, 94928-2076","ROHNERT PARK","CA","94928-2076","US","38.35277203","-122.7167334","(707) 540-9113","Sales Location","Warehouse","BA","America/Los_Angeles","2002-09-18","True","True","True","True","True","True","Auto Buying Program | Bakery | Diesel | Executive Membership | Food Court | Fresh Meat | Fresh Produce | Gas Station | Hearing Aids | Membership | Optical Department | Pharmacy | Service Deli | Tire Service Center | T-Mobile Cellular Kiosk","Costco warehouse locator API","https://ecom-api.costco.com/core/warehouse-locator/v1/salesLocations.json","2026-07-31T21:17:07.9819187Z"
"Costco","29","Roseville CA","6750 STANFORD RANCH RD","","6750 STANFORD RANCH RD, ROSEVILLE, CA, 95678-1907","ROSEVILLE","CA","95678-1907","US","38.78041765","-121.2673139","(916) 789-1485","Sales Location","Warehouse","BA","America/Los_Angeles","1995-11-10","True","True","True","True","True","True","Auto Buying Program | Bakery | Diesel | Executive Membership | Food Court | Fresh Deli | Fresh Meat | Fresh Produce | Gas Station | Hearing Aids | Membership | Optical Department | Pharmacy | Special Order Kiosk | Tire Service Center | T-Mobile Cellular Kiosk | Travel","Costco warehouse locator API","https://ecom-api.costco.com/core/warehouse-locator/v1/salesLocations.json","2026-07-31T21:17:07.0366796Z"
"Costco","1702","W Roseville CA","5200 BASELINE ROAD","","5200 BASELINE ROAD, ROSEVILLE, CA, 95747-0000","ROSEVILLE","CA","95747-0000","US","38.753653","-121.366216","(916) 297-6420","Sales Location","Warehouse","BA","America/Los_Angeles","2026-01-23","True","True","True","True","True","True","Car Wash | EV Station | Food Court | Gas Station | Hearing Aids | Optical Department | Pharmacy | Tire Service Center | T-Mobile Cellular Kiosk","Costco warehouse locator API","https://ecom-api.costco.com/core/warehouse-locator/v1/salesLocations.json","2026-07-31T21:17:09.3033654Z"
"Costco","471","Cal Expo","1600 EXPO PKWY","","1600 EXPO PKWY, SACRAMENTO, CA, 95815-4228","SACRAMENTO","CA","95815-4228","US","38.59710911","-121.4527049","(916) 830-1078","Sales Location","Warehouse","BA","America/Los_Angeles","1984-08-06","True","True","True","True","True","True","AT&T Cellular Kiosk | ATM | Auto Buying Program | Bakery | Executive Membership | Food Court | Fresh Deli | Fresh Meat | Fresh Produce | Gas Station | Hearing Aids | Membership | Optical Department | Pharmacy | Service Deli | Special Order Kiosk | Tire Service Center | Travel","Costco warehouse locator API","https://ecom-api.costco.com/core/warehouse-locator/v1/salesLocations.json","2026-07-31T21:17:07.7898494Z"
"Costco","1674","Natomas","3881 E COMMERCE WAY","","3881 E COMMERCE WAY, SACRAMENTO, CA, 95834-4017","SACRAMENTO","CA","95834-4017","US","38.63988","-121.52167","(916) 265-9594","Sales Location","Warehouse","BA","America/Los_Angeles","2024-03-14","False","True","True","True","True","True","*General Information | Food Court | Hearing Aids | Optical Department | Pharmacy | Tire Service Center | T-Mobile Cellular Kiosk","Costco warehouse locator API","https://ecom-api.costco.com/core/warehouse-locator/v1/salesLocations.json","2026-07-31T21:17:09.2759767Z"
"Costco","464","Sacramento","7981 E STOCKTON BLVD","","7981 E STOCKTON BLVD, SACRAMENTO, CA, 95823-9606","SACRAMENTO","CA","95823-9606","US","38.46844779","-121.4144363","(916) 682-3569","Sales Location","Warehouse","BA","America/Los_Angeles","1982-12-01","True","True","True","True","True","True","Auto Buying Program | Bakery | Executive Membership | Food Court | Fresh Deli | Fresh Meat | Fresh Produce | Gas Station | Hearing Aids | Membership | Optical Department | Pharmacy | Service Deli | Special Order Kiosk | Tire Service Center | T-Mobile Cellular Kiosk | Travel","Costco warehouse locator API","https://ecom-api.costco.com/core/warehouse-locator/v1/salesLocations.json","2026-07-31T21:17:07.7713325Z"
"Costco","893","Sacramento Bus Ctr","3360 EL CAMINO AVE","","3360 EL CAMINO AVE, SACRAMENTO, CA, 95821-6308","SACRAMENTO","CA","95821-6308","US","38.60793781","-121.3859483","(916) 426-4560","Sales Location","Business Center","BD","America/Los_Angeles","2020-06-04","False","False","False","False","False","False","Auto Buying Program | Business Delivery | Business Products | Delivery | Executive Membership | Fresh Meat | Membership | Office Furniture | Restaurant Supplies | Select Produce & Deli Area | Tobacco","Costco warehouse locator API","https://ecom-api.costco.com/core/warehouse-locator/v1/salesLocations.json","2026-07-31T21:17:08.3833007Z"
"Costco","472","Salinas","1339 N DAVIS RD","","1339 N DAVIS RD, SALINAS, CA, 93907-1988","SALINAS","CA","93907-1988","US","36.70378636","-121.6683489","(831) 424-4242","Sales Location","Warehouse","BA","America/Los_Angeles","1997-08-29","False","True","True","True","True","True","AT&T Cellular Kiosk | Auto Buying Program | Bakery | Executive Membership | Food Court | Fresh Deli | Fresh Meat | Fresh Produce | Hearing Aids | Membership | Optical Department | Pharmacy | Service Deli | Special Order Kiosk | Tire Service Center | Travel","Costco warehouse locator API","https://ecom-api.costco.com/core/warehouse-locator/v1/salesLocations.json","2026-07-31T21:17:07.7941414Z"
"Costco","478","San Bernardino","1099 E HOSPITALITY LN","","1099 E HOSPITALITY LN, SAN BERNARDINO, CA, 92408-2813","SAN BERNARDINO","CA","92408-2813","US","34.06820893","-117.2630389","(909) 478-3445","Sales Location","Warehouse","LA","America/Los_Angeles","1989-06-22","True","True","True","True","True","True","AT&T Cellular Kiosk | ATM | Auto Buying Program | Bakery | EV Station | Executive Membership | Food Court | Fresh Deli | Fresh Meat | Fresh Produce | Gas Station | Hearing Aids | Home Improvement | Membership | Optical Department | Pharmacy | Service Deli | Special Order Kiosk | Tire Service Center | Travel","Costco warehouse locator API","https://ecom-api.costco.com/core/warehouse-locator/v1/salesLocations.json","2026-07-31T21:17:07.8183451Z"
"Costco","452","Carmel Mountain","12350 CARMEL MOUNTAIN RD","","12350 CARMEL MOUNTAIN RD, SAN DIEGO, CA, 92128-4616","SAN DIEGO","CA","92128-4616","US","32.9872282","-117.0775623","(858) 675-0379","Sales Location","Warehouse","SD","America/Los_Angeles","1992-10-23","True","True","True","True","True","True","AT&T Cellular Kiosk | ATM | Auto Buying Program | Bakery | Executive Membership | Food Court | Fresh Deli | Fresh Meat | Fresh Produce | Gas Station | Hearing Aids | Membership | Optical Department | Pharmacy | Service Deli | Special Order Kiosk | Tire Service Center | Travel","Costco warehouse locator API","https://ecom-api.costco.com/core/warehouse-locator/v1/salesLocations.json","2026-07-31T21:17:07.7553273Z"
"Costco","488","Mission Valley","2345 FENTON PKWY","","2345 FENTON PKWY, SAN DIEGO, CA, 92108-4743","SAN DIEGO","CA","92108-4743","US","32.78192757","-117.1287326","(619) 358-4000","Sales Location","Warehouse","SD","America/Los_Angeles","2000-06-29","True","True","True","True","True","True","AT&T Cellular Kiosk | Auto Buying Program | Bakery | Executive Membership | Food Court | Fresh Deli | Fresh Meat | Fresh Produce | Gas Station | Hearing Aids | Membership | Optical Department | Pharmacy | Pizza Kitchen | Rotisserie Chicken | Special Order Kiosk | Tire Service Center | Wheelchair Available","Costco warehouse locator API","https://ecom-api.costco.com/core/warehouse-locator/v1/salesLocations.json","2026-07-31T21:17:07.8520881Z"
"Costco","401","Morena","4605 MORENA BLVD","","4605 MORENA BLVD, SAN DIEGO, CA, 92117-3650","SAN DIEGO","CA","92117-3650","US","32.82190019","-117.2248185","(858) 270-6920","Sales Location","Warehouse","SD","America/Los_Angeles","1976-07-01","True","True","True","True","True","True","AT&T Cellular Kiosk | Auto Buying Program | Bakery | Executive Membership | Food Court | Fresh Deli | Fresh Meat | Fresh Produce | Gas Station | Hearing Aids | Membership | Optical Department | Pharmacy | Service Deli | Special Order Kiosk | Tire Service Center | Travel","Costco warehouse locator API","https://ecom-api.costco.com/core/warehouse-locator/v1/salesLocations.json","2026-07-31T21:17:07.6768388Z"
"Costco","578","San Diego Bus Ctr","7803 OTHELLO AVE","","7803 OTHELLO AVE, SAN DIEGO, CA, 92111-3709","SAN DIEGO","CA","92111-3709","US","32.81627172","-117.1528837","(858) 810-5835","Sales Location","Business Center","BD","America/Los_Angeles","2010-09-15","False","False","False","False","False","False","Auto Buying Program | Business Delivery | Business Products | Delivery | Executive Membership | Fresh Meat | Membership | Office Furniture | Restaurant Supplies | Select Produce & Deli Area | Tobacco","Costco warehouse locator API","https://ecom-api.costco.com/core/warehouse-locator/v1/salesLocations.json","2026-07-31T21:17:07.8788252Z"
"Costco","483","SE San Diego","650 GATEWAY CENTER DR","","650 GATEWAY CENTER DR, SAN DIEGO, CA, 92102-4530","SAN DIEGO","CA","92102-4530","US","32.71291291","-117.1158562","(619) 358-2303","Sales Location","Warehouse","SD","America/Los_Angeles","1999-11-22","True","True","True","True","True","True","Auto Buying Program | Bakery | BBQ Deli | Business Products | Executive Membership | Food Court | Fresh Deli | Fresh Meat | Fresh Produce | Gas Station | Gourmet Deli | Hearing Aids | Membership | Optical Department | Pharmacy | Pizza Kitchen | Rotisserie Chicken | Service Deli | Special Order Kiosk | Take Out Pizza | Tire Service Center | T-Mobile Cellular Kiosk | Wheelchair Available","Costco warehouse locator API","https://ecom-api.costco.com/core/warehouse-locator/v1/salesLocations.json","2026-07-31T21:17:07.8357247Z"
"Costco","1015","San Dimas","520 N LONE HILL AVE","","520 N LONE HILL AVE, SAN DIMAS, CA, 91773-1725","SAN DIMAS","CA","91773-1725","US","34.11237919","-117.8266419","(909) 962-5507","Sales Location","Warehouse","LA","America/Los_Angeles","2008-05-16","True","True","True","True","True","True","Auto Buying Program | Bakery | Executive Membership | Food Court | Fresh Deli | Fresh Meat | Fresh Produce | Gas Station | Hearing Aids | Membership | Optical Department | Pharmacy | Rotisserie Chicken | Tire Service Center | T-Mobile Cellular Kiosk","Costco warehouse locator API","https://ecom-api.costco.com/core/warehouse-locator/v1/salesLocations.json","2026-07-31T21:17:08.4622956Z"
"Costco","144","San Francisco","450 10TH ST","","450 10TH ST, SAN FRANCISCO, CA, 94103-4304","SAN FRANCISCO","CA","94103-4304","US","37.77060473","-122.4108897","(415) 626-4388","Sales Location","Warehouse","BA","America/Los_Angeles","1993-11-18","False","True","True","True","True","True","AT&T Cellular Kiosk | Auto Buying Program | Bakery | Executive Membership | Food Court | Fresh Deli | Fresh Meat | Fresh Produce | Hearing Aids | Membership | Optical Department | Pharmacy | Special Order Kiosk | Tire Service Center","Costco warehouse locator API","https://ecom-api.costco.com/core/warehouse-locator/v1/salesLocations.json","2026-07-31T21:17:07.2249497Z"
"Costco","470","Almaden","5301 ALMADEN EXPY","","5301 ALMADEN EXPY, SAN JOSE, CA, 95118-3603","SAN JOSE","CA","95118-3603","US","37.2531195","-121.8795456","(408) 723-0964","Sales Location","Warehouse","BA","America/Los_Angeles","1987-06-01","False","True","True","True","True","True","Auto Buying Program | Bakery | Executive Membership | Food Court | Fresh Deli | Fresh Meat | Fresh Produce | Hearing Aids | Membership | Optical Department | Pharmacy | Service Deli | Special Order Kiosk | Tire Service Center | T-Mobile Cellular Kiosk | Travel","Costco warehouse locator API","https://ecom-api.costco.com/core/warehouse-locator/v1/salesLocations.json","2026-07-31T21:17:07.7848485Z"
"Costco","1267","Great Oaks","6898 RALEIGH ROAD","","6898 RALEIGH ROAD, SAN JOSE, CA, 95119-1730","SAN JOSE","CA","95119-1730","US","37.24383684","-121.786112","(408) 908-7929","Sales Location","Warehouse","BA","America/Los_Angeles","2017-06-29","True","True","True","True","True","True","AT&T Cellular Kiosk | Auto Buying Program | Bakery | Executive Membership | Food Court | Fresh Meat | Fresh Produce | Gas Station | Hearing Aids | Membership | Optical Department | Pharmacy | Rotisserie Chicken | Service Deli | Special Order Kiosk | Tire Service Center | Travel","Costco warehouse locator API","https://ecom-api.costco.com/core/warehouse-locator/v1/salesLocations.json","2026-07-31T21:17:08.9401656Z"
"Costco","1004","NE San Jose","1709 AUTOMATION PKWY","","1709 AUTOMATION PKWY, SAN JOSE, CA, 95131-1866","SAN JOSE","CA","95131-1866","US","37.38995771","-121.8843401","(408) 678-2150","Sales Location","Warehouse","BA","America/Los_Angeles","2007-08-23","True","True","True","True","True","True","AT&T Cellular Kiosk | Auto Buying Program | Bakery | Executive Membership | Food Court | Fresh Meat | Fresh Produce | Gas Station | Hearing Aids | Membership | Optical Department | Pharmacy | Rotisserie Chicken | Service Deli | Special Order Kiosk | Tire Service Center","Costco warehouse locator API","https://ecom-api.costco.com/core/warehouse-locator/v1/salesLocations.json","2026-07-31T21:17:08.4210685Z"
"Costco","148","San Jose","2201 SENTER RD","","2201 SENTER RD, SAN JOSE, CA, 95112-2627","SAN JOSE","CA","95112-2627","US","37.30987414","-121.8513989","(408) 275-0199","Sales Location","Warehouse","BA","America/Los_Angeles","1986-11-28","True","True","True","True","True","True","Auto Buying Program | Bakery | Executive Membership | Food Court | Fresh Meat | Fresh Produce | Gas Station | Hearing Aids | Membership | Optical Department | Pharmacy | Rotisserie Chicken | Service Deli | Special Order Kiosk | Tire Service Center | T-Mobile Cellular Kiosk | Travel","Costco warehouse locator API","https://ecom-api.costco.com/core/warehouse-locator/v1/salesLocations.json","2026-07-31T21:17:07.2349501Z"
"Costco","848","San Jose Bus Ctr","2376 S EVERGREEN LOOP","","2376 S EVERGREEN LOOP, SAN JOSE, CA, 95122-4030","SAN JOSE","CA","95122-4030","US","37.31796462","-121.8113073","(669) 236-4679","Sales Location","Business Center","BD","America/Los_Angeles","2020-10-29","True","False","False","False","False","False","Auto Buying Program | Business Delivery | Business Products | Delivery | Executive Membership | Fresh Meat | Gas Station | Membership | Office Furniture | Restaurant Supplies | Select Produce & Deli Area | Tobacco","Costco warehouse locator API","https://ecom-api.costco.com/core/warehouse-locator/v1/salesLocations.json","2026-07-31T21:17:08.3813016Z"
"Costco","429","San Juan Capistrano","33961 DOHENY PARK RD","","33961 DOHENY PARK RD, SAN JUAN CAPISTRANO, CA, 92675-4835","SAN JUAN CAPISTRANO","CA","92675-4835","US","33.47008597","-117.6775032","(949) 240-3558","Sales Location","Warehouse","LA","America/Los_Angeles","1987-12-04","True","True","True","True","True","True","A PS Processing | Auto Buying Program | Bakery | Car Wash | Executive Membership | Food Court | Fresh Deli | Fresh Meat | Fresh Produce | Gas Station | Hearing Aids | Membership | Optical Department | Pharmacy | Service Deli | Special Order Kiosk | Tire Service Center | T-Mobile Cellular Kiosk | Travel","Costco warehouse locator API","https://ecom-api.costco.com/core/warehouse-locator/v1/salesLocations.json","2026-07-31T21:17:07.7097686Z"
"Costco","118","San Leandro","1900 DAVIS ST","","1900 DAVIS ST, SAN LEANDRO, CA, 94577-1209","SAN LEANDRO","CA","94577-1209","US","37.72029745","-122.182189","(510) 562-6708","Sales Location","Warehouse","BA","America/Los_Angeles","1987-05-21","True","True","True","True","True","True","Auto Buying Program | Bakery | Executive Membership | Food Court | Fresh Deli | Fresh Meat | Fresh Produce | Gas Station | Gourmet Deli | Hearing Aids | Membership | Optical Department | Pharmacy | Special Order Kiosk | Tire Service Center | T-Mobile Cellular Kiosk","Costco warehouse locator API","https://ecom-api.costco.com/core/warehouse-locator/v1/salesLocations.json","2026-07-31T21:17:07.1507144Z"
"Costco","741","San Luis Obispo","1540 FROOM RANCH WAY","","1540 FROOM RANCH WAY, SAN LUIS OBISPO, CA, 93405-7211","SAN LUIS OBISPO","CA","93405-7211","US","35.25203802","-120.690627","(805) 541-7000","Sales Location","Warehouse","LA","America/Los_Angeles","2005-09-17","True","True","True","True","True","True","AT&T Cellular Kiosk | Auto Buying Program | Bakery | EV Station | Executive Membership | Food Court | Fresh Produce | Gas Station | Hearing Aids | Membership | Optical Department | Pharmacy | Rotisserie Chicken | Tire Service Center","Costco warehouse locator API","https://ecom-api.costco.com/core/warehouse-locator/v1/salesLocations.json","2026-07-31T21:17:08.1966695Z"
"Costco","1080","San Marcos","725 CENTER DRIVE","","725 CENTER DRIVE, SAN MARCOS, CA, 92069-3536","SAN MARCOS","CA","92069-3536","US","33.13539924","-117.1254496","(760) 871-6867","Sales Location","Warehouse","SD","America/Los_Angeles","2011-07-08","True","True","True","True","True","True","AT&T Cellular Kiosk | Auto Buying Program | Bakery | Executive Membership | Food Court | Fresh Deli | Fresh Produce | Gas Station | Hearing Aids | Membership | Optical Department | Pharmacy | Rotisserie Chicken | Service Deli | Special Order Kiosk | Tire Service Center","Costco warehouse locator API","https://ecom-api.costco.com/core/warehouse-locator/v1/salesLocations.json","2026-07-31T21:17:08.6033823Z"
"Costco","1581","San Marcos Bus Ctr","150 S. BENT AVE","","150 S. BENT AVE, SAN MARCOS, CA, 92078-1202","SAN MARCOS","CA","92078-1202","US","33.13745264","-117.1841061","(760) 410-5681","Sales Location","Business Center","BD","America/Los_Angeles","2022-03-17","False","False","False","False","False","False","Auto Buying Program | Business Delivery | Business Products | Delivery | Executive Membership | Fresh Meat | Membership | Office Furniture | Restaurant Supplies | Select Produce & Deli Area | Tobacco","Costco warehouse locator API","https://ecom-api.costco.com/core/warehouse-locator/v1/salesLocations.json","2026-07-31T21:17:09.1657119Z"
"Costco","131","Sand City","801 TIOGA AVE","","801 TIOGA AVE, SAND CITY, CA, 93955-3050","SAND CITY","CA","93955-3050","US","36.6174973","-121.8447962","(831) 899-1255","Sales Location","Warehouse","BA","America/Los_Angeles","1989-11-16","True","True","True","True","True","True","Auto Buying Program | Bakery | Executive Membership | Food Court | Fresh Deli | Fresh Meat | Fresh Produce | Gas Station | Hearing Aids | Membership | Optical Department | Pharmacy | Rotisserie Chicken | Service Deli | Special Order Kiosk | Tire Service Center | T-Mobile Cellular Kiosk | Travel","Costco warehouse locator API","https://ecom-api.costco.com/core/warehouse-locator/v1/salesLocations.json","2026-07-31T21:17:07.1955070Z"
"Costco","129","Santa Clara","1601 COLEMAN AVE","","1601 COLEMAN AVE, SANTA CLARA, CA, 95050-3122","SANTA CLARA","CA","95050-3122","US","37.35694722","-121.9385637","(408) 567-9000","Sales Location","Warehouse","BA","America/Los_Angeles","1985-12-06","True","True","True","True","True","True","Auto Buying Program | Bakery | Executive Membership | Food Court | Fresh Deli | Fresh Meat | Fresh Produce | Gas Station | Hearing Aids | Membership | Optical Department | Pharmacy | Rotisserie Chicken | Service Deli | Tire Service Center | T-Mobile Cellular Kiosk","Costco warehouse locator API","https://ecom-api.costco.com/core/warehouse-locator/v1/salesLocations.json","2026-07-31T21:17:07.1860937Z"
"Costco","447","Santa Clarita","18649 VIA PRINCESSA","","18649 VIA PRINCESSA, SANTA CLARITA, CA, 91387-4935","SANTA CLARITA","CA","91387-4935","US","34.40427644","-118.461155","(661) 250-2818","Sales Location","Warehouse","LA","America/Los_Angeles","1992-05-01","True","True","True","True","True","True","A PS Processing | Auto Buying Program | Bakery | Digital Print Services | Executive Membership | Food Court | Fresh Deli | Fresh Meat | Fresh Produce | Gas Station | Hearing Aids | Membership | Optical Department | Pharmacy | Service Deli | Special Order Kiosk | Tire Service Center | T-Mobile Cellular Kiosk | Travel","Costco warehouse locator API","https://ecom-api.costco.com/core/warehouse-locator/v1/salesLocations.json","2026-07-31T21:17:07.7501871Z"
"Costco","149","Santa Cruz","220 SYLVANIA AVE","","220 SYLVANIA AVE, SANTA CRUZ, CA, 95060-2161","SANTA CRUZ","CA","95060-2161","US","36.98454919","-122.0333481","(831) 469-0961","Sales Location","Warehouse","BA","America/Los_Angeles","1994-08-18","True","True","True","True","True","True","AT&T Cellular Kiosk | Auto Buying Program | Bakery | Beer & Wine | Diesel | Executive Membership | Food Court | Fresh Meat | Fresh Produce | Gas Station | Hearing Aids | Membership | Optical Department | Pharmacy | Service Deli | Special Order Kiosk | Tire Service Center | Travel | Wheelchair Available","Costco warehouse locator API","https://ecom-api.costco.com/core/warehouse-locator/v1/salesLocations.json","2026-07-31T21:17:07.2397795Z"
"Costco","1275","Santa Maria","1700 S. BRADLEY RD.","","1700 S. BRADLEY RD., SANTA MARIA, CA, 93454-8001","SANTA MARIA","CA","93454-8001","US","34.92711306","-120.4193999","(805) 928-8459","Sales Location","Warehouse","LA","America/Los_Angeles","1988-11-22","True","True","True","True","True","True","A PS Processing | ATM | Auto Buying Program | Bakery | Diesel | Executive Membership | Food Court | Fresh Deli | Fresh Meat | Fresh Produce | Gas Station | Hearing Aids | Membership | Optical Department | Pharmacy | Special Order Kiosk | Tire Service Center | T-Mobile Cellular Kiosk | Travel","Costco warehouse locator API","https://ecom-api.costco.com/core/warehouse-locator/v1/salesLocations.json","2026-07-31T21:17:08.9499771Z"
"Costco","41","Santa Rosa","1900 SANTA ROSA AVE","","1900 SANTA ROSA AVE, SANTA ROSA, CA, 95407-7621","SANTA ROSA","CA","95407-7621","US","38.41982758","-122.7120206","(707) 578-3775","Sales Location","Warehouse","BA","America/Los_Angeles","1986-11-11","True","True","True","True","True","True","AT&T Cellular Kiosk | Auto Buying Program | Bakery | Executive Membership | Food Court | Fresh Deli | Fresh Meat | Fresh Produce | Gas Station | Hearing Aids | Membership | Optical Department | Pharmacy | Rotisserie Chicken | Service Deli | Special Order Kiosk | Tire Service Center | Travel","Costco warehouse locator API","https://ecom-api.costco.com/core/warehouse-locator/v1/salesLocations.json","2026-07-31T21:17:07.0509608Z"
"Costco","403","Santee","101 TOWN CENTER PKWY","","101 TOWN CENTER PKWY, SANTEE, CA, 92071-5802","SANTEE","CA","92071-5802","US","32.84104209","-116.9875461","(619) 562-3227","Sales Location","Warehouse","SD","America/Los_Angeles","1979-09-01","True","True","True","True","True","True","AT&T Cellular Kiosk | ATM | Auto Buying Program | Bakery | Executive Membership | Food Court | Fresh Deli | Fresh Meat | Fresh Produce | Gas Station | Hearing Aids | Membership | Optical Department | Pharmacy | Service Deli | Special Order Kiosk | Tire Service Center | Travel","Costco warehouse locator API","https://ecom-api.costco.com/core/warehouse-locator/v1/salesLocations.json","2026-07-31T21:17:07.6788385Z"
"Costco","424","Signal Hill","2200 E WILLOW ST","","2200 E WILLOW ST, SIGNAL HILL, CA, 90755-2132","SIGNAL HILL","CA","90755-2132","US","33.80344121","-118.1648123","(562) 427-2537","Sales Location","Warehouse","LA","America/Los_Angeles","1986-11-01","True","True","True","True","True","True","A PS Processing | AT&T Cellular Kiosk | ATM | Auto Buying Program | Bakery | Executive Membership | Food Court | Fresh Deli | Fresh Meat | Fresh Produce | Gas Station | Hearing Aids | Membership | Optical Department | Pharmacy | Service Deli | Special Order Kiosk | Tire Service Center | Travel","Costco warehouse locator API","https://ecom-api.costco.com/core/warehouse-locator/v1/salesLocations.json","2026-07-31T21:17:07.7029430Z"
"Costco","128","Simi Valley","2660 PARK CENTER DR","","2660 PARK CENTER DR, SIMI VALLEY, CA, 93065-6207","SIMI VALLEY","CA","93065-6207","US","34.28355087","-118.7961805","(805) 578-3301","Sales Location","Warehouse","LA","America/Los_Angeles","1996-05-01","True","True","True","True","True","True","AT&T Cellular Kiosk | Auto Buying Program | Bakery | Diesel | EV Station | Executive Membership | Food Court | Fresh Deli | Fresh Meat | Fresh Produce | Gas Station | Hearing Aids | Membership | Optical Department | Pharmacy | Special Order Kiosk | Tire Service Center","Costco warehouse locator API","https://ecom-api.costco.com/core/warehouse-locator/v1/salesLocations.json","2026-07-31T21:17:07.1830950Z"
"Costco","475","El Camino","1600 EL CAMINO REAL","","1600 EL CAMINO REAL, SOUTH SAN FRANCISCO, CA, 94080-1206","SOUTH SAN FRANCISCO","CA","94080-1206","US","37.66537601","-122.4484198","(650) 757-3003","Sales Location","Warehouse","BA","America/Los_Angeles","1987-10-01","True","True","True","True","True","True","AT&T Cellular Kiosk | Auto Buying Program | Bakery | Executive Membership | Food Court | Fresh Meat | Gas Station | Hearing Aids | Membership | Optical Department | Pharmacy | Pizza Kitchen | Rotisserie Chicken | Special Order Kiosk | Tire Service Center | Wheelchair Available","Costco warehouse locator API","https://ecom-api.costco.com/core/warehouse-locator/v1/salesLocations.json","2026-07-31T21:17:07.8073389Z"
"Costco","422","S San Francisco","451 S AIRPORT BLVD","","451 S AIRPORT BLVD, SOUTH SAN FRANCISCO, CA, 94080-6909","SOUTH SAN FRANCISCO","CA","94080-6909","US","37.64220767","-122.401017","(650) 872-2021","Sales Location","Warehouse","BA","America/Los_Angeles","1987-05-18","True","True","True","True","True","True","Auto Buying Program | Bakery | Executive Membership | Food Court | Fresh Deli | Fresh Meat | Fresh Produce | Gas Station | Hearing Aids | Membership | Optical Department | Pharmacy | Service Deli | Special Order Kiosk | Tire Service Center | T-Mobile Cellular Kiosk | Travel","Costco warehouse locator API","https://ecom-api.costco.com/core/warehouse-locator/v1/salesLocations.json","2026-07-31T21:17:07.6979414Z"
"Costco","654","S San Francisco Bus Ctr","900 DUBUQUE AVE","","900 DUBUQUE AVE, SOUTH SAN FRANCISCO, CA, 94080-1805","SOUTH SAN FRANCISCO","CA","94080-1805","US","37.66110395","-122.4010963","(650) 784-4047","Sales Location","Business Center","BD","America/Los_Angeles","2017-08-22","False","False","False","False","False","False","Auto Buying Program | Business Delivery | Delivery | Executive Membership | Fresh Meat | Membership | Office Furniture | Restaurant Supplies | Select Produce & Deli Area | Tobacco","Costco warehouse locator API","https://ecom-api.costco.com/core/warehouse-locator/v1/salesLocations.json","2026-07-31T21:17:07.9749119Z"
"Costco","38","Stockton","1616 E HAMMER LN","","1616 E HAMMER LN, STOCKTON, CA, 95210-4119","STOCKTON","CA","95210-4119","US","38.01894651","-121.2921801","(209) 478-2040","Sales Location","Warehouse","BA","America/Los_Angeles","1986-10-23","True","True","True","True","True","True","Auto Buying Program | Bakery | Executive Membership | Food Court | Fresh Deli | Fresh Meat | Fresh Produce | Gas Station | Hearing Aids | Membership | Optical Department | Pharmacy | Service Deli | Special Order Kiosk | Tire Service Center | T-Mobile Cellular Kiosk | Travel","Costco warehouse locator API","https://ecom-api.costco.com/core/warehouse-locator/v1/salesLocations.json","2026-07-31T21:17:07.0443138Z"
"Costco","423","Sunnyvale","150 LAWRENCE STATION RD","","150 LAWRENCE STATION RD, SUNNYVALE, CA, 94086-5309","SUNNYVALE","CA","94086-5309","US","37.37245362","-121.9950297","(408) 730-1892","Sales Location","Warehouse","BA","America/Los_Angeles","1986-07-01","True","True","True","True","True","True","AT&T Cellular Kiosk | Auto Buying Program | Bakery | Executive Membership | Food Court | Fresh Deli | Fresh Meat | Fresh Produce | Gas Station | Hearing Aids | Membership | Optical Department | Pharmacy | Service Deli | Special Order Kiosk | Tire Service Center | Travel","Costco warehouse locator API","https://ecom-api.costco.com/core/warehouse-locator/v1/salesLocations.json","2026-07-31T21:17:07.6999420Z"
"Costco","491","Temecula","26610 YNEZ RD","","26610 YNEZ RD, TEMECULA, CA, 92591-4697","TEMECULA","CA","92591-4697","US","33.52100801","-117.1548903","(951) 719-2000","Sales Location","Warehouse","SD","America/Los_Angeles","1991-11-26","True","True","True","True","True","True","ATM | Auto Buying Program | Bakery | Diesel | Executive Membership | Food Court | Fresh Deli | Fresh Meat | Fresh Produce | Gas Station | Hearing Aids | Membership | Optical Department | Pharmacy | Rotisserie Chicken | Service Deli | Special Order Kiosk | Tire Service Center | T-Mobile Cellular Kiosk | Travel","Costco warehouse locator API","https://ecom-api.costco.com/core/warehouse-locator/v1/salesLocations.json","2026-07-31T21:17:07.8723094Z"
"Costco","1202","Torrance","2640 LOMITA BLVD","","2640 LOMITA BLVD, TORRANCE, CA, 90505-5214","TORRANCE","CA","90505-5214","US","33.80673434","-118.3342973","(310) 891-1020","Sales Location","Warehouse","LA","America/Los_Angeles","1998-09-24","True","True","True","True","True","True","Auto Buying Program | Bakery | Car Wash | Executive Membership | Food Court | Fresh Deli | Fresh Meat | Fresh Produce | Gas Station | Hearing Aids | Membership | Optical Department | Pharmacy | Service Deli | Special Order Kiosk | Tire Service Center | T-Mobile Cellular Kiosk","Costco warehouse locator API","https://ecom-api.costco.com/core/warehouse-locator/v1/salesLocations.json","2026-07-31T21:17:08.8346032Z"
"Costco","658","Tracy","3250 W GRANT LINE RD","","3250 W GRANT LINE RD, TRACY, CA, 95304-8427","TRACY","CA","95304-8427","US","37.75075641","-121.4749392","(209) 830-5340","Sales Location","Warehouse","BA","America/Los_Angeles","2002-09-17","True","True","True","True","True","True","Auto Buying Program | Bakery | Executive Membership | Food Court | Fresh Meat | Fresh Produce | Gas Station | Hearing Aids | Membership | Optical Department | Pharmacy | Service Deli | Tire Service Center | T-Mobile Cellular Kiosk","Costco warehouse locator API","https://ecom-api.costco.com/core/warehouse-locator/v1/salesLocations.json","2026-07-31T21:17:07.9809194Z"
"Costco","782","Turlock","2955 N TEGNER RD","","2955 N TEGNER RD, TURLOCK, CA, 95380-9401","TURLOCK","CA","95380-9401","US","37.5193059","-120.8881529","(209) 656-5301","Sales Location","Warehouse","BA","America/Los_Angeles","2004-08-26","True","True","True","True","True","True","AT&T Cellular Kiosk | Auto Buying Program | Bakery | Car Wash | Executive Membership | Food Court | Fresh Deli | Fresh Meat | Fresh Produce | Gas Station | Hearing Aids | Membership | Optical Department | Pharmacy | Tire Service Center","Costco warehouse locator API","https://ecom-api.costco.com/core/warehouse-locator/v1/salesLocations.json","2026-07-31T21:17:08.3535925Z"
"Costco","1001","Tustin","2700 PARK AVE","","2700 PARK AVE, TUSTIN, CA, 92782-2708","TUSTIN","CA","92782-2708","US","33.69943044","-117.8234177","(714) 338-1933","Sales Location","Warehouse","LA","America/Los_Angeles","2007-06-07","True","True","True","True","True","True","AT&T Cellular Kiosk | Auto Buying Program | Bakery | Executive Membership | Food Court | Fresh Deli | Fresh Meat | Fresh Produce | Gas Station | Hearing Aids | Membership | Optical Department | Pharmacy | Rotisserie Chicken | Tire Service Center","Costco warehouse locator API","https://ecom-api.costco.com/core/warehouse-locator/v1/salesLocations.json","2026-07-31T21:17:08.3946438Z"
"Costco","122","Tustin Ranch","2655 EL CAMINO REAL","","2655 EL CAMINO REAL, TUSTIN, CA, 92782-8918","TUSTIN","CA","92782-8918","US","33.72841396","-117.7964149","(714) 838-7895","Sales Location","Warehouse","LA","America/Los_Angeles","1992-10-01","True","True","True","True","False","True","A PS Processing | ATM | Auto Buying Program | Bakery | Digital Print Services | Executive Membership | Food Court | Fresh Meat | Fresh Produce | Gas Station | Membership | Optical Department | Pharmacy | Special Order Kiosk | Tire Service Center | T-Mobile Cellular Kiosk | Travel","Costco warehouse locator API","https://ecom-api.costco.com/core/warehouse-locator/v1/salesLocations.json","2026-07-31T21:17:07.1720952Z"
"Costco","1297","Ukiah","1275 AIRPORT PARK BLVD","","1275 AIRPORT PARK BLVD, UKIAH, CA, 95482-7400","UKIAH","CA","95482-7400","US","39.1272227","-123.1967938","(707) 313-8004","Sales Location","Warehouse","BA","America/Los_Angeles","2018-07-19","True","True","True","True","True","True","AT&T Cellular Kiosk | Auto Buying Program | Bakery | Executive Membership | Food Court | Fresh Deli | Fresh Meat | Fresh Produce | Gas Station | Hearing Aids | Membership | Optical Department | Pharmacy | Rotisserie Chicken | Service Deli | Special Order Kiosk | Tire Service Center | Travel","Costco warehouse locator API","https://ecom-api.costco.com/core/warehouse-locator/v1/salesLocations.json","2026-07-31T21:17:08.9799834Z"
"Costco","694","Vacaville","1051 HUME WAY","","1051 HUME WAY, VACAVILLE, CA, 95687-5558","VACAVILLE","CA","95687-5558","US","38.35130811","-121.9804856","(707) 453-7343","Sales Location","Warehouse","BA","America/Los_Angeles","2002-12-06","True","True","True","True","True","True","Auto Buying Program | Bakery | Executive Membership | Food Court | Fresh Meat | Fresh Produce | Gas Station | Hearing Aids | Membership | Optical Department | Pharmacy | Service Deli | Tire Service Center | T-Mobile Cellular Kiosk","Costco warehouse locator API","https://ecom-api.costco.com/core/warehouse-locator/v1/salesLocations.json","2026-07-31T21:17:08.1637150Z"
"Costco","132","Vallejo","198 PLAZA DR","","198 PLAZA DR, VALLEJO, CA, 94591-3702","VALLEJO","CA","94591-3702","US","38.13312248","-122.2137108","(707) 553-6400","Sales Location","Warehouse","BA","America/Los_Angeles","1989-12-07","True","True","True","True","True","True","Auto Buying Program | Bakery | Executive Membership | Food Court | Fresh Deli | Fresh Meat | Fresh Produce | Gas Station | Hearing Aids | Membership | Optical Department | Pharmacy | Special Order Kiosk | Tire Service Center | T-Mobile Cellular Kiosk","Costco warehouse locator API","https://ecom-api.costco.com/core/warehouse-locator/v1/salesLocations.json","2026-07-31T21:17:07.1995075Z"
"Costco","48","Van Nuys","6100 SEPULVEDA BLVD","","6100 SEPULVEDA BLVD, VAN NUYS, CA, 91411-2503","VAN NUYS","CA","91411-2503","US","34.18181471","-118.4639573","(818) 989-5132","Sales Location","Warehouse","LA","America/Los_Angeles","1989-11-09","True","True","True","True","True","True","AT&T Cellular Kiosk | Auto Buying Program | Bakery | Digital Print Services | Executive Membership | Food Court | Fresh Deli | Fresh Meat | Fresh Produce | Gas Station | Hearing Aids | Membership | Optical Department | Pharmacy | Special Order Kiosk | Tire Service Center | Travel","Costco warehouse locator API","https://ecom-api.costco.com/core/warehouse-locator/v1/salesLocations.json","2026-07-31T21:17:07.0565357Z"
"Costco","1010","Victorville","14555 VALLEY CENTER DR","","14555 VALLEY CENTER DR, VICTORVILLE, CA, 92395-4216","VICTORVILLE","CA","92395-4216","US","34.51549541","-117.317669","(760) 524-9904","Sales Location","Warehouse","LA","America/Los_Angeles","1988-10-13","True","True","True","True","True","True","AT&T Cellular Kiosk | Auto Buying Program | Bakery | Car Wash | Executive Membership | Food Court | Fresh Deli | Fresh Meat | Fresh Produce | Gas Station | Hearing Aids | Membership | Optical Department | Pharmacy | Rotisserie Chicken | Service Deli | Special Order Kiosk | Tire Service Center","Costco warehouse locator API","https://ecom-api.costco.com/core/warehouse-locator/v1/salesLocations.json","2026-07-31T21:17:08.4356688Z"
"Costco","1741","N Visalia","6610 W RIGGIN AVE","","6610 W RIGGIN AVE, VISALIA, CA, 93291-1925","VISALIA","CA","93291-1925","US","36.358048","-119.365136","(559) 571-1902","Sales Location","Warehouse","BA","America/Los_Angeles","2026-05-21","True","True","True","True","True","True","Car Wash | EV Station | Food Court | Gas Station | Hearing Aids | Optical Department | Pharmacy | Tire Service Center","Costco warehouse locator API","https://ecom-api.costco.com/core/warehouse-locator/v1/salesLocations.json","2026-07-31T21:17:09.3357822Z"
"Costco","1017","Visalia","1405 W CAMERON AVE","","1405 W CAMERON AVE, VISALIA, CA, 93277-9527","VISALIA","CA","93277-9527","US","36.29258575","-119.3065773","(559) 735-2400","Sales Location","Warehouse","BA","America/Los_Angeles","1990-11-20","True","True","True","True","True","True","AT&T Cellular Kiosk | Auto Buying Program | Bakery | Diesel | Executive Membership | Food Court | Fresh Deli | Fresh Meat | Fresh Produce | Gas Station | Hearing Aids | Membership | Optical Department | Pharmacy | Rotisserie Chicken | Service Deli | Special Order Kiosk | Tire Service Center","Costco warehouse locator API","https://ecom-api.costco.com/core/warehouse-locator/v1/salesLocations.json","2026-07-31T21:17:08.4682643Z"
"Costco","124","Vista","1755 HACIENDA DR","","1755 HACIENDA DR, VISTA, CA, 92081-4546","VISTA","CA","92081-4546","US","33.18812349","-117.2770556","(760) 631-7255","Sales Location","Warehouse","SD","America/Los_Angeles","1993-11-24","True","True","True","True","True","True","ATM | Auto Buying Program | Bakery | Executive Membership | Food Court | Fresh Deli | Fresh Meat | Fresh Produce | Gas Station | Hearing Aids | Membership | Optical Department | Pharmacy | Service Deli | Special Order Kiosk | Tire Service Center | T-Mobile Cellular Kiosk | Travel","Costco warehouse locator API","https://ecom-api.costco.com/core/warehouse-locator/v1/salesLocations.json","2026-07-31T21:17:07.1740953Z"
"Costco","117","Westlake Village","5700 LINDERO CANYON RD","","5700 LINDERO CANYON RD, WESTLAKE VILLAGE, CA, 91362-4063","WESTLAKE VILLAGE","CA","91362-4063","US","34.15245251","-118.7970919","(818) 597-3901","Sales Location","Warehouse","LA","America/Los_Angeles","1996-08-08","False","True","True","True","True","True","A PS Processing | AT&T Cellular Kiosk | ATM | Auto Buying Program | Bakery | Digital Print Services | EV Station | Executive Membership | Food Court | Fresh Deli | Fresh Meat | Fresh Produce | Hearing Aids | Membership | Optical Department | Pharmacy | Service Deli | Special Order Kiosk | Tire Service Center | Travel","Costco warehouse locator API","https://ecom-api.costco.com/core/warehouse-locator/v1/salesLocations.json","2026-07-31T21:17:07.1487143Z"
"Costco","943","Westminster Bus Ctr","13225 BEACH BLVD","","13225 BEACH BLVD, WESTMINSTER, CA, 92683-9210","WESTMINSTER","CA","92683-9210","US","33.76905632","-117.9928498","(657) 400-7006","Sales Location","Business Center","BD","America/Los_Angeles","2015-12-21","False","False","False","False","False","False","Auto Buying Program | Business Delivery | Business Products | Delivery | Executive Membership | Fresh Meat | Membership | Office Furniture | Restaurant Supplies | Select Produce & Deli Area | Tobacco","Costco warehouse locator API","https://ecom-api.costco.com/core/warehouse-locator/v1/salesLocations.json","2026-07-31T21:17:08.3843011Z"
"Costco","1003","Woodland","2299 BRONZE STAR DR","","2299 BRONZE STAR DR, WOODLAND, CA, 95776-5409","WOODLAND","CA","95776-5409","US","38.67187241","-121.7228277","(530) 406-2120","Sales Location","Warehouse","BA","America/Los_Angeles","2008-02-22","True","True","True","True","True","True","AT&T Cellular Kiosk | Auto Buying Program | Bakery | Executive Membership | Food Court | Fresh Deli | Fresh Produce | Gas Station | Hearing Aids | Membership | Optical Department | Pharmacy | Rotisserie Chicken | Service Deli | Special Order Kiosk | Tire Service Center","Costco warehouse locator API","https://ecom-api.costco.com/core/warehouse-locator/v1/salesLocations.json","2026-07-31T21:17:08.4123440Z"
"Costco","1205","Woodland Hills","21800 VICTORY BLVD","","21800 VICTORY BLVD, WOODLAND HILLS, CA, 91367-2227","WOODLAND HILLS","CA","91367-2227","US","34.18628718","-118.6029872","(818) 884-9099","Sales Location","Warehouse","LA","America/Los_Angeles","1986-12-18","True","True","True","True","True","True","AT&T Cellular Kiosk | ATM | Auto Buying Program | Bakery | Executive Membership | Food Court | Fresh Deli | Fresh Meat | Fresh Produce | Gas Station | Hearing Aids | Membership | Optical Department | Pharmacy | Service Deli | Special Order Kiosk | Tire Service Center | Travel","Costco warehouse locator API","https://ecom-api.costco.com/core/warehouse-locator/v1/salesLocations.json","2026-07-31T21:17:08.8377928Z"
"Costco","445","Yorba Linda","22633 SAVI RANCH PKWY","","22633 SAVI RANCH PKWY, YORBA LINDA, CA, 92887-4647","YORBA LINDA","CA","92887-4647","US","33.87549546","-117.7439542","(714) 282-6650","Sales Location","Warehouse","LA","America/Los_Angeles","1991-11-01","True","True","True","True","True","True","A PS Processing | ATM | Auto Buying Program | Bakery | EV Station | Executive Membership | Food Court | Fresh Deli | Fresh Meat | Fresh Produce | Gas Station | Hearing Aids | Membership | Optical Department | Pharmacy | Service Deli | Special Order Kiosk | Tire Service Center | T-Mobile Cellular Kiosk | Travel","Costco warehouse locator API","https://ecom-api.costco.com/core/warehouse-locator/v1/salesLocations.json","2026-07-31T21:17:07.7451334Z"
"Costco","676","Arvada","5195 WADSWORTH BLVD","","5195 WADSWORTH BLVD, ARVADA, CO, 80002-4617","ARVADA","CO","80002-4617","US","39.78948522","-105.0829989","(303) 463-3603","Sales Location","Warehouse","SD","America/Denver","2001-09-19","True","True","True","True","True","True","Auto Buying Program | Bakery | Executive Membership | Food Court | Fresh Deli | Fresh Meat | Fresh Produce | Gas Station | Hearing Aids | Home Improvement | Independent Optometrist | Membership | Optical Department | Pharmacy | Service Deli | Tire Service Center | T-Mobile Cellular Kiosk | Tobacco | Wheelchair Available","Costco warehouse locator API","https://ecom-api.costco.com/core/warehouse-locator/v1/salesLocations.json","2026-07-31T21:17:08.0289380Z"
"Costco","439","Aurora","1471 S HAVANA ST","","1471 S HAVANA ST, AURORA, CO, 80012-4013","AURORA","CO","80012-4013","US","39.69025076","-104.8682465","(303) 750-2116","Sales Location","Warehouse","SD","America/Denver","1990-11-03","True","True","True","True","True","True","AT&T Cellular Kiosk | ATM | Auto Buying Program | Bakery | Executive Membership | Food Court | Fresh Deli | Fresh Meat | Fresh Produce | Gas Station | Hearing Aids | Independent Optometrist | Membership | Optical Department | Pharmacy | Service Deli | Special Order Kiosk | Tire Service Center | Travel","Costco warehouse locator API","https://ecom-api.costco.com/core/warehouse-locator/v1/salesLocations.json","2026-07-31T21:17:07.7273783Z"
"Costco","1014","E Colorado Springs","5885 BARNES RD","","5885 BARNES RD, COLORADO SPRINGS, CO, 80922-3512","COLORADO SPRINGS","CO","80922-3512","US","38.89227475","-104.7174078","(719) 591-3002","Sales Location","Warehouse","SD","America/Denver","2008-02-20","True","True","True","True","True","True","AT&T Cellular Kiosk | Auto Buying Program | Bakery | Executive Membership | Food Court | Fresh Deli | Fresh Meat | Fresh Produce | Gas Station | Hearing Aids | Independent Optometrist | Membership | Optical Department | Pharmacy | Rotisserie Chicken | Service Deli | Special Order Kiosk | Tire Service Center","Costco warehouse locator API","https://ecom-api.costco.com/core/warehouse-locator/v1/salesLocations.json","2026-07-31T21:17:08.4592937Z"
"Costco","1801","E Colorado Springs Home Showroom","5885 BARNES RD","","5885 BARNES RD, COLORADO SPRINGS, CO, 80922-3512","COLORADO SPRINGS","CO","80922-3512","US","38.892804","-104.71854","(719) 591-3008","Sales Location","Warehouse","HS","America/Denver","2025-11-07","False","False","False","False","False","False","","Costco warehouse locator API","https://ecom-api.costco.com/core/warehouse-locator/v1/salesLocations.json","2026-07-31T21:17:09.3916192Z"
"Costco","1030","W Colorado Springs","5050 N NEVADA AVE","","5050 N NEVADA AVE, COLORADO SPRINGS, CO, 80918-8602","COLORADO SPRINGS","CO","80918-8602","US","38.90453376","-104.8213997","(719) 264-5010","Sales Location","Warehouse","SD","America/Denver","2009-10-29","True","True","True","True","True","True","Auto Buying Program | Bakery | Executive Membership | Food Court | Fresh Deli | Fresh Meat | Fresh Produce | Gas Station | Hearing Aids | Independent Optometrist | Membership | Optical Department | Pharmacy | Rotisserie Chicken | Tire Service Center | T-Mobile Cellular Kiosk","Costco warehouse locator API","https://ecom-api.costco.com/core/warehouse-locator/v1/salesLocations.json","2026-07-31T21:17:08.5167104Z"
"Costco","650","Denver Bus Ctr","400 S ZUNI ST","","400 S ZUNI ST, DENVER, CO, 80223-1969","DENVER","CO","80223-1969","US","39.70884378","-105.0138643","(303) 830-4529","Sales Location","Business Center","BD","America/Denver","2016-06-01","False","False","False","False","False","False","Auto Buying Program | Business Delivery | Business Products | Delivery | Executive Membership | Fresh Meat | Membership | Office Furniture | Restaurant Supplies | Select Produce & Deli Area | Tobacco","Costco warehouse locator API","https://ecom-api.costco.com/core/warehouse-locator/v1/salesLocations.json","2026-07-31T21:17:07.9664068Z"
"Costco","1652","NE Denver","4741 N AIRPORT WAY","","4741 N AIRPORT WAY, DENVER, CO, 80239-5999","DENVER","CO","80239-5999","US","39.78089413566156","-104.79631932487986","(303) 957-3500","Sales Location","Warehouse","SD","America/Denver","2023-07-19","True","True","True","True","True","True","AT&T Cellular Kiosk | EV Station | Food Court | Fresh Deli | Fresh Meat | Gas Station | Hearing Aids | Optical Department | Pharmacy | Tire Service Center","Costco warehouse locator API","https://ecom-api.costco.com/core/warehouse-locator/v1/salesLocations.json","2026-07-31T21:17:09.2377579Z"
"Costco","637","Gypsum","170 COOLEY MESA RD","","170 COOLEY MESA RD, GYPSUM, CO, 81637-9707","GYPSUM","CO","81637-9707","US","39.63790281555215","-106.90748006971009","(970) 328-7603","Sales Location","Warehouse","SD","America/Denver","2006-10-20","True","True","True","True","True","True","AT&T Cellular Kiosk | Auto Buying Program | Bakery | Diesel | Executive Membership | Food Court | Fresh Deli | Fresh Meat | Fresh Produce | Gas Station | Hearing Aids | Membership | Optical Department | Pharmacy | Propane | Rotisserie Chicken | Tire Service Center","Costco warehouse locator API","https://ecom-api.costco.com/core/warehouse-locator/v1/salesLocations.json","2026-07-31T21:17:07.9379067Z"
"Costco","468","Douglas County","8686 PARK MEADOWS CENTER DR","","8686 PARK MEADOWS CENTER DR, LITTLETON, CO, 80124-5129","LITTLETON","CO","80124-5129","US","39.55807825","-104.8771532","(303) 708-0012","Sales Location","Warehouse","SD","America/Denver","1997-11-20","True","True","True","True","True","True","ATM | Auto Buying Program | Bakery | Executive Membership | Food Court | Fresh Deli | Fresh Meat | Fresh Produce | Gas Station | Hearing Aids | Independent Optometrist | Membership | Optical Department | Pharmacy | Service Deli | Special Order Kiosk | Tire Service Center | T-Mobile Cellular Kiosk | Travel","Costco warehouse locator API","https://ecom-api.costco.com/core/warehouse-locator/v1/salesLocations.json","2026-07-31T21:17:07.7798475Z"
"Costco","443","SW Denver","7900 W QUINCY AVE","","7900 W QUINCY AVE, LITTLETON, CO, 80123-1350","LITTLETON","CO","80123-1350","US","39.63732828","-105.0862141","(303) 933-4931","Sales Location","Warehouse","SD","America/Denver","1991-08-01","True","True","True","True","True","True","AT&T Cellular Kiosk | ATM | Auto Buying Program | Bakery | Executive Membership | Food Court | Fresh Deli | Fresh Meat | Fresh Produce | Gas Station | Hearing Aids | Independent Optometrist | Membership | Optical Department | Pharmacy | Rotisserie Chicken | Service Deli | Special Order Kiosk | Tire Service Center | Travel","Costco warehouse locator API","https://ecom-api.costco.com/core/warehouse-locator/v1/salesLocations.json","2026-07-31T21:17:07.7391199Z"
"Costco","1628","Longmont","205 EAST KEN PRATT BLVD","","205 EAST KEN PRATT BLVD, LONGMONT, CO, 80501-8500","LONGMONT","CO","80501-8500","US","40.152122","-105.085332","(303) 827-2534","Sales Location","Warehouse","SD","America/Denver","2023-05-04","True","True","True","True","True","True","*General Information | *General Information - English | AT&T Cellular Kiosk | Food Court | Fresh Meat | Gas Station | Hearing Aids | Optical Department | Pharmacy | Tire Service Center","Costco warehouse locator API","https://ecom-api.costco.com/core/warehouse-locator/v1/salesLocations.json","2026-07-31T21:17:09.1840957Z"
"Costco","1022","Parker","18414 COTTONWOOD DR","","18414 COTTONWOOD DR, PARKER, CO, 80138-8876","PARKER","CO","80138-8876","US","39.55589102","-104.775207","(303) 583-1939","Sales Location","Warehouse","SD","America/Denver","2008-08-22","True","True","True","True","True","True","AT&T Cellular Kiosk | Auto Buying Program | Bakery | Executive Membership | Food Court | Fresh Deli | Fresh Meat | Fresh Produce | Gas Station | Hearing Aids | Independent Optometrist | Membership | Optical Department | Pharmacy | Rotisserie Chicken | Special Order Kiosk | Tire Service Center","Costco warehouse locator API","https://ecom-api.costco.com/core/warehouse-locator/v1/salesLocations.json","2026-07-31T21:17:08.4927236Z"
"Costco","1027","Sheridan","4000 RIVER POINT PKWY","","4000 RIVER POINT PKWY, SHERIDAN, CO, 80110-3316","SHERIDAN","CO","80110-3316","US","39.64411104","-105.0068137","(303) 200-1830","Sales Location","Warehouse","SD","America/Denver","2008-08-21","True","True","True","True","True","True","Auto Buying Program | Bakery | Executive Membership | Food Court | Fresh Deli | Fresh Meat | Fresh Produce | Gas Station | Hearing Aids | Independent Optometrist | Membership | Optical Department | Pharmacy | Rotisserie Chicken | Special Order Kiosk | Tire Service Center | T-Mobile Cellular Kiosk","Costco warehouse locator API","https://ecom-api.costco.com/core/warehouse-locator/v1/salesLocations.json","2026-07-31T21:17:08.5097100Z"
"Costco","480","Superior","600 MARSHALL RD","","600 MARSHALL RD, SUPERIOR, CO, 80027-9730","SUPERIOR","CO","80027-9730","US","39.95930147","-105.1738233","(720) 587-1000","Sales Location","Warehouse","SD","America/Denver","1999-04-15","True","True","True","True","True","True","A PS Processing | ATM | Auto Buying Program | Bakery | Executive Membership | Food Court | Fresh Deli | Fresh Meat | Fresh Produce | Gas Station | Hearing Aids | Independent Optometrist | Membership | Optical Department | Pharmacy | Service Deli | Special Order Kiosk | Tire Service Center | T-Mobile Cellular Kiosk","Costco warehouse locator API","https://ecom-api.costco.com/core/warehouse-locator/v1/salesLocations.json","2026-07-31T21:17:07.8257265Z"
"Costco","629","Thornton","16375 N. WASHINGTON ST","","16375 N. WASHINGTON ST, THORNTON, CO, 80023-8907","THORNTON","CO","80023-8907","US","39.99123169","-104.9827328","(303) 474-3247","Sales Location","Warehouse","SD","America/Denver","2007-02-21","True","True","True","True","True","True","AT&T Cellular Kiosk | Auto Buying Program | Bakery | Executive Membership | Food Court | Fresh Deli | Fresh Meat | Fresh Produce | Gas Station | Hearing Aids | Independent Optometrist | Membership | Optical Department | Pharmacy | Rotisserie Chicken | Tire Service Center","Costco warehouse locator API","https://ecom-api.costco.com/core/warehouse-locator/v1/salesLocations.json","2026-07-31T21:17:07.9056076Z"
"Costco","1178","Timnath","4705 WEITZEL ST","","4705 WEITZEL ST, TIMNATH, CO, 80547-4703","TIMNATH","CO","80547-4703","US","40.52095783","-104.9896532","(970) 416-6115","Sales Location","Warehouse","SD","America/Denver","2014-10-02","True","True","True","True","True","True","ATM | Auto Buying Program | Bakery | Diesel | Executive Membership | Food Court | Fresh Deli | Fresh Meat | Fresh Produce | Gas Station | Hearing Aids | Independent Optometrist | Membership | Optical Department | Pharmacy | Rotisserie Chicken | Service Deli | Special Order Kiosk | Tire Service Center | T-Mobile Cellular Kiosk","Costco warehouse locator API","https://ecom-api.costco.com/core/warehouse-locator/v1/salesLocations.json","2026-07-31T21:17:08.7679510Z"
"Costco","440","Westminster CO","6400 W 92ND AVE","","6400 W 92ND AVE, WESTMINSTER, CO, 80031-2952","WESTMINSTER","CO","80031-2952","US","39.86207143","-105.0659434","(303) 650-1476","Sales Location","Warehouse","SD","America/Denver","1990-11-03","True","True","True","True","True","True","AT&T Cellular Kiosk | ATM | Auto Buying Program | Bakery | Executive Membership | Food Court | Fresh Deli | Fresh Meat | Fresh Produce | Gas Station | Hearing Aids | Independent Optometrist | Membership | Optical Department | Pharmacy | Service Deli | Special Order Kiosk | Tire Service Center | Travel","Costco warehouse locator API","https://ecom-api.costco.com/core/warehouse-locator/v1/salesLocations.json","2026-07-31T21:17:07.7314112Z"
"Costco","304","Brookfield","200 FEDERAL RD","","200 FEDERAL RD, BROOKFIELD, CT, 06804-2514","BROOKFIELD","CT","06804-2514","US","41.44232784","-73.40608192","(203) 740-7623","Sales Location","Warehouse","NE","America/New_York","1991-11-21","True","True","True","True","True","True","Auto Buying Program | Bakery | Executive Membership | Food Court | Fresh Meat | Fresh Produce | Gas Station | Hearing Aids | Independent Optometrist | Membership | Optical Department | Pharmacy | Special Order Kiosk | Tire Service Center | T-Mobile Cellular Kiosk","Costco warehouse locator API","https://ecom-api.costco.com/core/warehouse-locator/v1/salesLocations.json","2026-07-31T21:17:07.4094704Z"
"Costco","1372","E Lyme","284 FLANDERS RD","","284 FLANDERS RD, EAST LYME, CT, 06333-1710","EAST LYME","CT","06333-1710","US","41.3601506","-72.2143859","(860) 691-9647","Sales Location","Warehouse","NE","America/New_York","2019-11-14","True","True","True","True","True","True","AT&T Cellular Kiosk | Auto Buying Program | Bakery | Executive Membership | Fine Wines and Liquor | Food Court | Fresh Deli | Fresh Meat | Fresh Produce | Gas Station | Hearing Aids | Independent Optometrist | Membership | Optical Department | Pharmacy | Rotisserie Chicken | Service Deli | Special Order Kiosk | Tire Service Center","Costco warehouse locator API","https://ecom-api.costco.com/core/warehouse-locator/v1/salesLocations.json","2026-07-31T21:17:09.0763673Z"
"Costco","780","Enfield","75 FRESHWATER BLVD","","75 FRESHWATER BLVD, ENFIELD, CT, 06082-3854","ENFIELD","CT","06082-3854","US","41.99339784","-72.5755842","(860) 394-2000","Sales Location","Warehouse","NE","America/New_York","2004-07-29","True","True","True","True","True","True","Auto Buying Program | Bakery | Executive Membership | Food Court | Fresh Deli | Fresh Meat | Fresh Produce | Gas Station | Hearing Aids | Independent Optometrist | Membership | Optical Department | Pharmacy | Rotisserie Chicken | Service Deli | Tire Service Center | T-Mobile Cellular Kiosk","Costco warehouse locator API","https://ecom-api.costco.com/core/warehouse-locator/v1/salesLocations.json","2026-07-31T21:17:08.3475915Z"
"Costco","312","Milford","1718 BOSTON POST RD","","1718 BOSTON POST RD, MILFORD, CT, 06460-2718","MILFORD","CT","06460-2718","US","41.25087853","-73.02468895","(203) 882-8881","Sales Location","Warehouse","NE","America/New_York","1993-04-22","True","True","True","True","True","True","ATM | Auto Buying Program | Bakery | Executive Membership | Food Court | Fresh Deli | Fresh Meat | Fresh Produce | Gas Station | Hearing Aids | Independent Optometrist | Membership | Optical Department | Pharmacy | Service Deli | Special Order Kiosk | Tire Service Center | T-Mobile Cellular Kiosk | Travel","Costco warehouse locator API","https://ecom-api.costco.com/core/warehouse-locator/v1/salesLocations.json","2026-07-31T21:17:07.4275010Z"
"Costco","1196","New Britain","405 HARTFORD RD","","405 HARTFORD RD, NEW BRITAIN, CT, 06053-1507","NEW BRITAIN","CT","06053-1507","US","41.70971565","-72.7629868","(860) 893-7001","Sales Location","Warehouse","NE","America/New_York","2015-10-15","True","True","True","True","True","True","AT&T Cellular Kiosk | Auto Buying Program | Bakery | Executive Membership | Food Court | Fresh Deli | Fresh Meat | Fresh Produce | Gas Station | Hearing Aids | Independent Optometrist | Membership | Optical Department | Pharmacy | Rotisserie Chicken | Service Deli | Special Order Kiosk | Tire Service Center","Costco warehouse locator API","https://ecom-api.costco.com/core/warehouse-locator/v1/salesLocations.json","2026-07-31T21:17:08.8176768Z"
"Costco","324","Norwalk CT","779 CONNECTICUT AVENUE","","779 CONNECTICUT AVENUE, NORWALK, CT, 06854-1615","NORWALK","CT","06854-1615","US","41.09170675","-73.45154324","(203) 822-2003","Sales Location","Warehouse","NE","America/New_York","2001-05-09","False","True","True","True","True","True","AT&T Cellular Kiosk | Auto Buying Program | Bakery | Executive Membership | Food Court | Fresh Meat | Fresh Produce | Hearing Aids | Independent Optometrist | Membership | Optical Department | Pharmacy | Rotisserie Chicken | Service Deli | Tire Service Center","Costco warehouse locator API","https://ecom-api.costco.com/core/warehouse-locator/v1/salesLocations.json","2026-07-31T21:17:07.4635077Z"
"Costco","1493","South Windsor","1220 TAMARACK AVE","","1220 TAMARACK AVE, SOUTH WINDSOR, CT, 06074","SOUTH WINDSOR","CT","06074","US","41.81809508","-72.55634478","(860) 474-4031","Sales Location","Warehouse","NE","America/New_York","2021-11-16","True","True","True","True","True","True","Auto Buying Program | Bakery | Executive Membership | Food Court | Fresh Deli | Fresh Meat | Fresh Produce | Gas Station | Hearing Aids | Independent Optometrist | Membership | Optical Department | Pharmacy | Rotisserie Chicken | Service Deli | Tire Service Center | T-Mobile Cellular Kiosk","Costco warehouse locator API","https://ecom-api.costco.com/core/warehouse-locator/v1/salesLocations.json","2026-07-31T21:17:09.1627126Z"
"Costco","313","Waterbury","3600 E MAIN ST","","3600 E MAIN ST, WATERBURY, CT, 06705-3851","WATERBURY","CT","06705-3851","US","41.53976714","-72.9683025","(203) 596-9967","Sales Location","Warehouse","NE","America/New_York","1993-10-13","True","True","True","True","True","True","AT&T Cellular Kiosk | ATM | Auto Buying Program | Bakery | Executive Membership | Food Court | Fresh Deli | Fresh Meat | Fresh Produce | Gas Station | Hearing Aids | Independent Optometrist | Membership | Optical Department | Pharmacy | Service Deli | Special Order Kiosk | Tire Service Center | Travel","Costco warehouse locator API","https://ecom-api.costco.com/core/warehouse-locator/v1/salesLocations.json","2026-07-31T21:17:07.4305005Z"
"Costco","1120","Washington DC","2441 MARKET ST NE","","2441 MARKET ST NE, WASHINGTON, DC, 20018-3840","WASHINGTON","DC","20018-3840","US","38.92103262","-76.95066169","(202) 269-8540","Sales Location","Warehouse","NE","America/New_York","2012-11-29","False","True","True","True","True","True","Auto Buying Program | Bakery | Executive Membership | Fine Wines and Liquor | Food Court | Fresh Deli | Fresh Meat | Fresh Produce | Hearing Aids | Independent Optometrist | Membership | Optical Department | Pharmacy | Rotisserie Chicken | Tire Service Center | T-Mobile Cellular Kiosk | Tobacco | Wheelchair Available","Costco warehouse locator API","https://ecom-api.costco.com/core/warehouse-locator/v1/salesLocations.json","2026-07-31T21:17:08.6967541Z"
"Costco","246","Christiana","900 CENTER BLVD","","900 CENTER BLVD, NEWARK, DE, 19702-3221","NEWARK","DE","19702-3221","US","39.67720106","-75.64764936","(302) 894-0511","Sales Location","Warehouse","NE","America/New_York","1998-10-01","True","True","True","True","True","True","ATM | Auto Buying Program | Bakery | Executive Membership | Food Court | Fresh Deli | Fresh Meat | Fresh Produce | Gas Station | Hearing Aids | Membership | Optical Department | Pharmacy | Service Deli | Special Order Kiosk | Tire Service Center | T-Mobile Cellular Kiosk | Travel","Costco warehouse locator API","https://ecom-api.costco.com/core/warehouse-locator/v1/salesLocations.json","2026-07-31T21:17:07.3647733Z"
"Costco","183","Altamonte Springs","741 ORANGE AVE","","741 ORANGE AVE, ALTAMONTE SPRINGS, FL, 32714-3031","ALTAMONTE SPRINGS","FL","32714-3031","US","28.66100954","-81.41771511","(407) 786-7802","Sales Location","Warehouse","SE","America/New_York","1985-06-20","True","True","True","True","True","True","AT&T Cellular Kiosk | Auto Buying Program | Bakery | Executive Membership | Food Court | Fresh Deli | Fresh Meat | Fresh Produce | Gas Station | Hearing Aids | Independent Optometrist | Membership | Optical Department | Pharmacy | Service Deli | Special Order Kiosk | Tire Service Center","Costco warehouse locator API","https://ecom-api.costco.com/core/warehouse-locator/v1/salesLocations.json","2026-07-31T21:17:07.2497810Z"
"Costco","345","Boca Raton","17800 CONGRESS AVE","","17800 CONGRESS AVE, BOCA RATON, FL, 33487-1200","BOCA RATON","FL","33487-1200","US","26.41241745","-80.10079168","(561) 981-5004","Sales Location","Warehouse","SE","America/New_York","1990-08-30","True","True","True","True","True","True","AT&T Cellular Kiosk | Auto Buying Program | Bakery | Executive Membership | Food Court | Fresh Meat | Fresh Produce | Gas Station | Hearing Aids | Independent Optometrist | Membership | Optical Department | Pharmacy | Service Deli | Tire Service Center","Costco warehouse locator API","https://ecom-api.costco.com/core/warehouse-locator/v1/salesLocations.json","2026-07-31T21:17:07.5157153Z"
"Costco","1364","Bradenton","805 LIGHTHOUSE DRIVE","","805 LIGHTHOUSE DRIVE, BRADENTON, FL, 34212","BRADENTON","FL","34212","US","27.49462445","-82.47014406","(941) 213-0747","Sales Location","Warehouse","SE","America/New_York","2019-08-21","True","True","True","True","True","True","Auto Buying Program | Bakery | Executive Membership | Food Court | Fresh Deli | Fresh Meat | Fresh Produce | Gas Station | Hearing Aids | Independent Optometrist | Membership | Optical Department | Optometrist | Pharmacy | Rotisserie Chicken | Special Order Kiosk | Tire Service Center | T-Mobile Cellular Kiosk | Wheelchair Available","Costco warehouse locator API","https://ecom-api.costco.com/core/warehouse-locator/v1/salesLocations.json","2026-07-31T21:17:09.0632299Z"
"Costco","358","Brandon","10921 CAUSEWAY BLVD","","10921 CAUSEWAY BLVD, BRANDON, FL, 33511-1997","BRANDON","FL","33511-1997","US","27.92138188","-82.33062041","(813) 952-0103","Sales Location","Warehouse","SE","America/New_York","2000-11-28","True","True","True","True","True","True","AT&T Cellular Kiosk | Auto Buying Program | Bakery | Executive Membership | Food Court | Fresh Deli | Fresh Meat | Fresh Produce | Gas Station | Hearing Aids | Independent Optometrist | Membership | Optical Department | Pharmacy | Rotisserie Chicken | Special Order Kiosk | Tire Service Center | Wheelchair Available","Costco warehouse locator API","https://ecom-api.costco.com/core/warehouse-locator/v1/salesLocations.json","2026-07-31T21:17:07.5574060Z"
"Costco","336","Clearwater","2655 GULF TO BAY BLVD","","2655 GULF TO BAY BLVD, CLEARWATER, FL, 33759-4936","CLEARWATER","FL","33759-4936","US","27.95656447","-82.72823477","(727) 373-1951","Sales Location","Warehouse","SE","America/New_York","2003-05-15","True","True","True","True","True","True","ATM | Auto Buying Program | Executive Membership | Food Court | Gas Station | Hearing Aids | Independent Optometrist | Membership | Optical Department | Pharmacy | Take Out Pizza | Tire Service Center | T-Mobile Cellular Kiosk | Wheelchair Available","Costco warehouse locator API","https://ecom-api.costco.com/core/warehouse-locator/v1/salesLocations.json","2026-07-31T21:17:07.4938246Z"
"Costco","1649","Clermont","4600 COLLINA TERRACE","","4600 COLLINA TERRACE, CLERMONT, FL, 34711","CLERMONT","FL","34711","US","28.547545","-81.6667294","(689) 407-3663","Sales Location","Warehouse","SE","America/New_York","2023-11-14","True","True","True","True","True","True","*General Information | *General Information - English | AT&T Cellular Kiosk | ATM | Auto Buying Program | Bakery | Bedding | Beer | Beer & Wine | Carpeting/Area Rugs | Diesel | EV Station | Executive Membership | Fine Wines and Liquor | Food Court | Fresh Deli | Fresh Fish | Fresh Meat | Fresh Produce | Furniture | Gas Station | Hearing Aids | Independent Optometrist | Lighting | Membership | Office Furniture | Optical Department | Optometrist | Pharmacy | Pizza Kitchen | Rebates | Rotisserie Chicken | Select Produce & Deli Area | Self Check-out | Service Deli | Shipping Department | Take Out Pizza | Tire Service Center | Travel | Wheelchair Available","Costco warehouse locator API","https://ecom-api.costco.com/core/warehouse-locator/v1/salesLocations.json","2026-07-31T21:17:09.2317380Z"
"Costco","1323","Coral Springs","4621 CORAL RIDGE DR.","","4621 CORAL RIDGE DR., CORAL SPRINGS, FL, 33076-2200","CORAL SPRINGS","FL","33076-2200","US","26.28861328","-80.27997073","(954) 715-8240","Sales Location","Warehouse","SE","America/New_York","2019-02-07","True","True","True","True","True","True","AT&T Cellular Kiosk | Auto Buying Program | Bakery | Executive Membership | Food Court | Fresh Deli | Fresh Meat | Fresh Produce | Gas Station | Hearing Aids | Independent Optometrist | Membership | Optical Department | Pharmacy | Special Order Kiosk | Tire Service Center","Costco warehouse locator API","https://ecom-api.costco.com/core/warehouse-locator/v1/salesLocations.json","2026-07-31T21:17:09.0143643Z"
"Costco","91","Davie","1890 S UNIVERSITY DR","","1890 S UNIVERSITY DR, DAVIE, FL, 33324-5808","DAVIE","FL","33324-5808","US","26.0966429","-80.24786345","(954) 370-8990","Sales Location","Warehouse","SE","America/New_York","1989-08-17","True","True","True","True","True","True","Auto Buying Program | Bakery | Executive Membership | Food Court | Fresh Deli | Fresh Meat | Fresh Produce | Gas Station | Hearing Aids | Independent Optometrist | Membership | Optical Department | Pharmacy | Service Deli | Special Order Kiosk | Tire Service Center | T-Mobile Cellular Kiosk","Costco warehouse locator API","https://ecom-api.costco.com/core/warehouse-locator/v1/salesLocations.json","2026-07-31T21:17:07.0812239Z"
"Costco","1681","Daytona","150 PIT ROAD","","150 PIT ROAD, DAYTONA BEACH, FL, 32114-0025","DAYTONA BEACH","FL","32114-0025","US","29.19118","-81.07229","(386) 267-3200","Sales Location","Warehouse","SE","America/New_York","2024-02-22","True","True","True","True","True","True","AT&T Cellular Kiosk | Bakery | Beer | Beer & Wine | Executive Membership | Food Court | Fresh Deli | Fresh Meat | Fresh Produce | Furniture | Gas Station | Hearing Aids | Lighting | Membership | Office Furniture | Optical Department | Optometrist | Pharmacy | Pizza Kitchen | Rotisserie Chicken | Self Check-out | Take Out Pizza | Tire Service Center | Wheelchair Available","Costco warehouse locator API","https://ecom-api.costco.com/core/warehouse-locator/v1/salesLocations.json","2026-07-31T21:17:09.2830011Z"
"Costco","621","Estero","10088 GULF CENTER DR","","10088 GULF CENTER DR, FORT MYERS, FL, 33913-8961","FORT MYERS","FL","33913-8961","US","26.48959901","-81.78613876","(239) 433-7240","Sales Location","Warehouse","SE","America/New_York","2007-04-12","True","True","True","True","True","True","AT&T Cellular Kiosk | Auto Buying Program | Bakery | Executive Membership | Food Court | Fresh Deli | Fresh Meat | Fresh Produce | Gas Station | Hearing Aids | Membership | Optical Department | Pharmacy | Rotisserie Chicken | Tire Service Center","Costco warehouse locator API","https://ecom-api.costco.com/core/warehouse-locator/v1/salesLocations.json","2026-07-31T21:17:07.8848241Z"
"Costco","351","Fort Myers","7171 CYPRESS LAKE DR","","7171 CYPRESS LAKE DR, FORT MYERS, FL, 33907-6521","FORT MYERS","FL","33907-6521","US","26.54489238","-81.87422182","(239) 415-3806","Sales Location","Warehouse","SE","America/New_York","1999-09-30","True","True","True","True","True","True","A PS Processing | Auto Buying Program | Bakery | BBQ Deli | Beer & Wine | Business Products | Executive Membership | Food Court | Fresh Deli | Fresh Meat | Fresh Produce | Gas Station | Gourmet Deli | Hearing Aids | Independent Optometrist | Membership | Optical Department | Pharmacy | Pizza Kitchen | Rotisserie Chicken | Service Deli | Special Order Kiosk | Take Out Pizza | Tire Service Center | T-Mobile Cellular Kiosk | Tobacco | Travel | Wheelchair Available","Costco warehouse locator API","https://ecom-api.costco.com/core/warehouse-locator/v1/salesLocations.json","2026-07-31T21:17:07.5332267Z"
"Costco","357","E Jacksonville","4901 GATE PKWY","","4901 GATE PKWY, JACKSONVILLE, FL, 32246-4405","JACKSONVILLE","FL","32246-4405","US","30.25199439","-81.53411741","(904) 997-7003","Sales Location","Warehouse","SE","America/New_York","2000-11-29","False","True","True","True","True","True","AT&T Cellular Kiosk | ATM | Auto Buying Program | Bakery | Executive Membership | Food Court | Fresh Deli | Fresh Meat | Fresh Produce | Hearing Aids | Independent Optometrist | Membership | Optical Department | Pharmacy | Rotisserie Chicken | Service Deli | Special Order Kiosk | Tire Service Center | Wheelchair Available","Costco warehouse locator API","https://ecom-api.costco.com/core/warehouse-locator/v1/salesLocations.json","2026-07-31T21:17:07.5535424Z"
"Costco","1294","W Jacksonville","8000 PARRAMORE RD","","8000 PARRAMORE RD, JACKSONVILLE, FL, 32244-5704","JACKSONVILLE","FL","32244-5704","US","30.20170935","-81.75663509","(904) 479-7521","Sales Location","Warehouse","SE","America/New_York","2018-02-08","True","True","True","True","True","True","ATM | Auto Buying Program | Bakery | Executive Membership | Food Court | Fresh Deli | Fresh Meat | Fresh Produce | Gas Station | Hearing Aids | Independent Optometrist | Membership | Optical Department | Pharmacy | Rotisserie Chicken | Service Deli | Special Order Kiosk | Tire Service Center | T-Mobile Cellular Kiosk | Wheelchair Available","Costco warehouse locator API","https://ecom-api.costco.com/core/warehouse-locator/v1/salesLocations.json","2026-07-31T21:17:08.9729839Z"
"Costco","180","Lantana","1873 LANTANA RD","","1873 LANTANA RD, LANTANA, FL, 33462-2601","LANTANA","FL","33462-2601","US","26.58857476","-80.07119551","(561) 533-0958","Sales Location","Warehouse","SE","America/New_York","1984-11-15","True","True","True","True","True","True","AT&T Cellular Kiosk | Auto Buying Program | Bakery | Executive Membership | Food Court | Fresh Deli | Fresh Meat | Fresh Produce | Gas Station | Hearing Aids | Independent Optometrist | Membership | Optical Department | Pharmacy | Special Order Kiosk | Tire Service Center | Travel","Costco warehouse locator API","https://ecom-api.costco.com/core/warehouse-locator/v1/salesLocations.json","2026-07-31T21:17:07.2457809Z"
"Costco","1249","Wesley Chapel","2225 GRAND CYPRESS DR","","2225 GRAND CYPRESS DR, LUTZ, FL, 33559-6797","LUTZ","FL","33559-6797","US","28.18938944","-82.39380947","(813) 279-7031","Sales Location","Warehouse","SE","America/New_York","2017-02-08","True","True","True","True","True","True","Auto Buying Program | Bakery | Executive Membership | Food Court | Fresh Deli | Fresh Meat | Fresh Produce | Gas Station | Hearing Aids | Independent Optometrist | Membership | Optical Department | Pharmacy | Rotisserie Chicken | Service Deli | Special Order Kiosk | Tire Service Center | T-Mobile Cellular Kiosk","Costco warehouse locator API","https://ecom-api.costco.com/core/warehouse-locator/v1/salesLocations.json","2026-07-31T21:17:08.9266952Z"
"Costco","1450","Melbourne","4305 PINEDA CAUSEWAY","","4305 PINEDA CAUSEWAY, MELBOURNE, FL, 32940","MELBOURNE","FL","32940","US","28.18942","-80.719726","(321) 428-2910","Sales Location","Warehouse","SE","America/New_York","2021-12-09","True","True","True","True","True","True","Auto Buying Program | Bakery | Executive Membership | Food Court | Fresh Deli | Fresh Meat | Fresh Produce | Gas Station | Hearing Aids | Independent Optometrist | Membership | Optical Department | Pharmacy | Rotisserie Chicken | Service Deli | Special Order Kiosk | Tire Service Center | T-Mobile Cellular Kiosk","Costco warehouse locator API","https://ecom-api.costco.com/core/warehouse-locator/v1/salesLocations.json","2026-07-31T21:17:09.1459369Z"
"Costco","1023","Kendall","13450 SW 120TH ST","","13450 SW 120TH ST, MIAMI, FL, 33186-7393","MIAMI","FL","33186-7393","US","25.65398952","-80.41262414","(305) 964-4227","Sales Location","Warehouse","SE","America/New_York","1988-11-16","True","True","True","True","True","True","AT&T Cellular Kiosk | Auto Buying Program | Bakery | Executive Membership | Food Court | Fresh Deli | Fresh Meat | Fresh Produce | Gas Station | Hearing Aids | Independent Optometrist | Membership | Optical Department | Pharmacy | Propane | Rotisserie Chicken | Tire Service Center","Costco warehouse locator API","https://ecom-api.costco.com/core/warehouse-locator/v1/salesLocations.json","2026-07-31T21:17:08.4967006Z"
"Costco","1229","Miami","7795 WEST FLAGLER STREET","STE 01","7795 WEST FLAGLER STREET, STE 01, MIAMI, FL, 33144-2359","MIAMI","FL","33144-2359","US","25.77502135","-80.32244769","(786) 482-7135","Sales Location","Warehouse","SE","America/New_York","1989-10-26","True","True","True","True","True","True","AT&T Cellular Kiosk | Auto Buying Program | Bakery | Executive Membership | Food Court | Fresh Deli | Fresh Meat | Fresh Produce | Gas Station | Hearing Aids | Independent Optometrist | Membership | Optical Department | Pharmacy | Rotisserie Chicken | Service Deli | Special Order Kiosk | Tire Service Center","Costco warehouse locator API","https://ecom-api.costco.com/core/warehouse-locator/v1/salesLocations.json","2026-07-31T21:17:08.8990903Z"
"Costco","181","Miami Lakes","16580 NW 59TH AVE","","16580 NW 59TH AVE, MIAMI LAKES, FL, 33014-5611","MIAMI LAKES","FL","33014-5611","US","25.92339894","-80.29882045","(305) 825-9818","Sales Location","Warehouse","SE","America/New_York","1992-12-12","True","True","True","True","False","True","AT&T Cellular Kiosk | Auto Buying Program | Bakery | Executive Membership | Food Court | Fresh Deli | Fresh Meat | Fresh Produce | Gas Station | Independent Optometrist | Membership | Optical Department | Pharmacy | Special Order Kiosk | Tire Service Center","Costco warehouse locator API","https://ecom-api.costco.com/core/warehouse-locator/v1/salesLocations.json","2026-07-31T21:17:07.2477808Z"
"Costco","354","Naples","6275 NAPLES BLVD","","6275 NAPLES BLVD, NAPLES, FL, 34109-2030","NAPLES","FL","34109-2030","US","26.22016994","-81.77530803","(239) 596-6404","Sales Location","Warehouse","SE","America/New_York","1999-12-07","True","True","True","True","True","True","A PS Processing | AT&T Cellular Kiosk | Auto Buying Program | Bakery | BBQ Deli | Business Products | Executive Membership | Food Court | Fresh Deli | Fresh Meat | Fresh Produce | Gas Station | Gourmet Deli | Hearing Aids | Independent Optometrist | Membership | Optical Department | Pharmacy | Pizza Kitchen | Rotisserie Chicken | Service Deli | Special Order Kiosk | Take Out Pizza | Tire Service Center | Travel | Wheelchair Available","Costco warehouse locator API","https://ecom-api.costco.com/core/warehouse-locator/v1/salesLocations.json","2026-07-31T21:17:07.5468925Z"
"Costco","1332","N Miami","14800 SOLE MIA WAY","","14800 SOLE MIA WAY, NORTH MIAMI, FL, 33181-2490","NORTH MIAMI","FL","33181-2490","US","25.91236913","-80.15407949","(305) 944-8711","Sales Location","Warehouse","SE","America/New_York","1992-12-12","True","True","True","True","True","True","Auto Buying Program | Bakery | Executive Membership | Food Court | Fresh Deli | Fresh Meat | Fresh Produce | Gas Station | Hearing Aids | Independent Optometrist | Membership | Optical Department | Pharmacy | Special Order Kiosk | Tire Service Center | T-Mobile Cellular Kiosk","Costco warehouse locator API","https://ecom-api.costco.com/core/warehouse-locator/v1/salesLocations.json","2026-07-31T21:17:09.0287238Z"
"Costco","1682","North Port","11700 MEZZO DRIVE","11700 MEZZO DRIVE","11700 MEZZO DRIVE, 11700 MEZZO DRIVE, NORTH PORT, FL, 34293-1254","NORTH PORT","FL","34293-1254","US","27.0398","-82.30727","(941) 548-4712","Sales Location","Warehouse","SE","America/New_York","2024-06-05","True","True","True","True","True","True","*General Information | *General Information - English | AT&T Cellular Kiosk | ATM | Auto Buying Program | Bakery | Executive Membership | Food Court | Fresh Deli | Fresh Meat | Fresh Produce | Gas Station | Hearing Aids | Independent Optometrist | Membership | Optical Department | Pharmacy | Rotisserie Chicken | Self Check-out | Service Deli | Tire Service Center | Wheelchair Available","Costco warehouse locator API","https://ecom-api.costco.com/core/warehouse-locator/v1/salesLocations.json","2026-07-31T21:17:09.2851675Z"
"Costco","651","Orlando Bus Ctr","2101 WATERBRIDGE BLVD","","2101 WATERBRIDGE BLVD, ORLANDO, FL, 32837-9283","ORLANDO","FL","32837-9283","US","28.40404658","-81.40614041","(407) 586-7271","Sales Location","Business Center","BD","America/New_York","2016-08-26","True","False","False","False","False","False","Auto Buying Program | Business Delivery | Business Products | Delivery | Executive Membership | Fresh Meat | Gas Station | Membership | Office Furniture | Restaurant Supplies | Select Produce & Deli Area | Tobacco","Costco warehouse locator API","https://ecom-api.costco.com/core/warehouse-locator/v1/salesLocations.json","2026-07-31T21:17:07.9684056Z"
"Costco","1235","S Orlando","4696 GARDENS PARK BLVD","","4696 GARDENS PARK BLVD, ORLANDO, FL, 32839-2171","ORLANDO","FL","32839-2171","US","28.49558124","-81.42512154","(407) 586-7221","Sales Location","Warehouse","SE","America/New_York","1986-09-18","True","True","True","True","True","True","AT&T Cellular Kiosk | Auto Buying Program | Bakery | Executive Membership | Food Court | Fresh Deli | Fresh Meat | Fresh Produce | Gas Station | Hearing Aids | Independent Optometrist | Membership | Optical Department | Pharmacy | Rotisserie Chicken | Service Deli | Special Order Kiosk | Tire Service Center","Costco warehouse locator API","https://ecom-api.costco.com/core/warehouse-locator/v1/salesLocations.json","2026-07-31T21:17:08.9095655Z"
"Costco","93","Palm Beach Gardens","3250 NORTHLAKE BLVD","","3250 NORTHLAKE BLVD, PALM BEACH GARDENS, FL, 33403-1702","PALM BEACH GARDENS","FL","33403-1702","US","26.8069823","-80.08754456","(561) 776-3052","Sales Location","Warehouse","SE","America/New_York","1989-05-18","True","True","True","True","True","True","AT&T Cellular Kiosk | Auto Buying Program | Bakery | Executive Membership | Food Court | Fresh Deli | Fresh Meat | Fresh Produce | Gas Station | Hearing Aids | Independent Optometrist | Membership | Optical Department | Pharmacy | Service Deli | Special Order Kiosk | Tire Service Center | Travel","Costco warehouse locator API","https://ecom-api.costco.com/core/warehouse-locator/v1/salesLocations.json","2026-07-31T21:17:07.0853227Z"
"Costco","742","Pembroke Pines","15915 PINES BLVD","","15915 PINES BLVD, PEMBROKE PINES, FL, 33027-1201","PEMBROKE PINES","FL","33027-1201","US","26.0098","-80.3601","(954) 266-3460","Sales Location","Warehouse","SE","America/New_York","2005-10-14","True","True","True","True","True","True","AT&T Cellular Kiosk | Auto Buying Program | Bakery | Executive Membership | Food Court | Fresh Deli | Fresh Meat | Fresh Produce | Gas Station | Hearing Aids | Independent Optometrist | Membership | Optical Department | Pharmacy | Rotisserie Chicken | Tire Service Center","Costco warehouse locator API","https://ecom-api.costco.com/core/warehouse-locator/v1/salesLocations.json","2026-07-31T21:17:08.1986691Z"
"Costco","1779","Pensacola","225 E. NINE MILE RD.","","225 E. NINE MILE RD., PENSACOLA, FL, 32534-5783","PENSACOLA","FL","32534-5783","US","30.531099","-87.264512","(850) 777-3907","Sales Location","Warehouse","SE","America/Chicago","2026-06-25","True","True","True","True","True","True","*General Information | *General Information - English | ATM | Auto Buying Program | Bakery | Executive Membership | Food Court | Fresh Deli | Gas Station | Hearing Aids | Independent Optometrist | Membership | Optical Department | Pharmacy | Rotisserie Chicken | Self Check-out | Service Deli | Tire Service Center","Costco warehouse locator API","https://ecom-api.costco.com/core/warehouse-locator/v1/salesLocations.json","2026-07-31T21:17:09.3770442Z"
"Costco","88","Pompano","1800 W SAMPLE RD","","1800 W SAMPLE RD, POMPANO BEACH, FL, 33064-1324","POMPANO BEACH","FL","33064-1324","US","26.27345964","-80.14939326","(954) 968-7114","Sales Location","Warehouse","SE","America/New_York","1988-11-29","True","True","True","True","True","True","Auto Buying Program | Bakery | Executive Membership | Food Court | Fresh Deli | Fresh Meat | Fresh Produce | Gas Station | Hearing Aids | Independent Optometrist | Membership | Optical Department | Pharmacy | Service Deli | Special Order Kiosk | Tire Service Center | T-Mobile Cellular Kiosk | Travel","Costco warehouse locator API","https://ecom-api.costco.com/core/warehouse-locator/v1/salesLocations.json","2026-07-31T21:17:07.0780733Z"
"Costco","623","Royal Palm Beach","11001 SOUTHERN BLVD","","11001 SOUTHERN BLVD, ROYAL PALM BEACH, FL, 33411-4240","ROYAL PALM BEACH","FL","33411-4240","US","26.68296389","-80.22086613","(561) 803-8822","Sales Location","Warehouse","SE","America/New_York","2007-04-13","True","True","True","True","True","True","Auto Buying Program | Bakery | Executive Membership | Food Court | Fresh Deli | Fresh Produce | Gas Station | Hearing Aids | Independent Optometrist | Membership | Optical Department | Pharmacy | Rotisserie Chicken | Tire Service Center | T-Mobile Cellular Kiosk","Costco warehouse locator API","https://ecom-api.costco.com/core/warehouse-locator/v1/salesLocations.json","2026-07-31T21:17:07.8905547Z"
"Costco","1123","Sarasota Mall","8201 S TAMIAMI TRL UNIT 501","","8201 S TAMIAMI TRL UNIT 501, SARASOTA, FL, 34238-2966","SARASOTA","FL","34238-2966","US","27.23473942","-82.49078657","(941) 554-2800","Sales Location","Warehouse","SE","America/New_York","2012-08-17","True","True","True","True","True","True","AT&T Cellular Kiosk | Auto Buying Program | Bakery | Executive Membership | Food Court | Fresh Deli | Fresh Meat | Fresh Produce | Gas Station | Hearing Aids | Independent Optometrist | Membership | Optical Department | Pharmacy | Rotisserie Chicken | Tire Service Center","Costco warehouse locator API","https://ecom-api.costco.com/core/warehouse-locator/v1/salesLocations.json","2026-07-31T21:17:08.7034742Z"
"Costco","1615","St Augustine","215 WORLD COMMERCE PARKWAY","","215 WORLD COMMERCE PARKWAY, ST. AUGUSTINE, FL, 32092-3765","ST. AUGUSTINE","FL","32092-3765","US","29.98205","-81.46277","(904) 687-1299","Sales Location","Warehouse","SE","America/New_York","2022-08-03","True","True","True","True","True","True","*General Information | *General Information - English | Food Court | Gas Station | Hearing Aids | Optical Department | Pharmacy | Tire Service Center | T-Mobile Cellular Kiosk","Costco warehouse locator API","https://ecom-api.costco.com/core/warehouse-locator/v1/salesLocations.json","2026-07-31T21:17:09.1798898Z"
"Costco","1717","Stuart","3173 S KANNER HWY","","3173 S KANNER HWY, STUART, FL, 34994-4822","STUART","FL","34994-4822","US","27.16509","-80.24438","(772) 324-4817","Sales Location","Warehouse","SE","America/New_York","2025-04-25","True","True","True","True","True","True","*General Information | *General Information - English | AT&T Cellular Kiosk | ATM | Bakery | Beer & Wine | Executive Membership | Fine Wines and Liquor | Food Court | Fresh Meat | Gas Station | Hearing Aids | Membership | Optical Department | Optometrist | Pharmacy | Rotisserie Chicken | Self Check-out | Service Deli | Tire Service Center | Wheelchair Available","Costco warehouse locator API","https://ecom-api.costco.com/core/warehouse-locator/v1/salesLocations.json","2026-07-31T21:17:09.3212848Z"
"Costco","1026","Tallahassee","4067 LAGNIAPPE WAY","","4067 LAGNIAPPE WAY, TALLAHASSEE, FL, 32317-1201","TALLAHASSEE","FL","32317-1201","US","30.46091165","-84.21289584","(850) 219-2500","Sales Location","Warehouse","SE","America/New_York","2008-04-09","True","True","True","True","True","True","AT&T Cellular Kiosk | Auto Buying Program | Bakery | Executive Membership | Food Court | Fresh Deli | Fresh Produce | Gas Station | Hearing Aids | Independent Optometrist | Membership | Optical Department | Pharmacy | Rotisserie Chicken | Tire Service Center","Costco warehouse locator API","https://ecom-api.costco.com/core/warehouse-locator/v1/salesLocations.json","2026-07-31T21:17:08.5077039Z"
"Costco","1262","W Tampa","8712 W LINEBAUGH AVE","","8712 W LINEBAUGH AVE, TAMPA, FL, 33625-3713","TAMPA","FL","33625-3713","US","28.0419239","-82.58036482","(813) 616-7001","Sales Location","Warehouse","SE","America/New_York","2017-02-09","True","True","True","True","True","True","AT&T Cellular Kiosk | Auto Buying Program | Bakery | Executive Membership | Food Court | Fresh Deli | Fresh Meat | Fresh Produce | Gas Station | Hearing Aids | Independent Optometrist | Membership | Optical Department | Pharmacy | Rotisserie Chicken | Service Deli | Special Order Kiosk | Tire Service Center","Costco warehouse locator API","https://ecom-api.costco.com/core/warehouse-locator/v1/salesLocations.json","2026-07-31T21:17:08.9286955Z"
"Costco","1738","The Villages","675 TATONKA TERRACE","","675 TATONKA TERRACE, THE VILLAGES, FL, 32162-7199","THE VILLAGES","FL","32162-7199","US","28.92989","-82.021511","(352) 205-4068","Sales Location","Warehouse","SE","America/New_York","2025-08-06","True","True","True","True","True","True","*General Information | *General Information - English | ATM | Bakery | Beer & Wine | Executive Membership | Food Court | Fresh Deli | Fresh Meat | Fresh Produce | Gas Station | Hearing Aids | Independent Optometrist | Membership | Optical Department | Pharmacy | Rotisserie Chicken | Self Check-out | Service Deli | Special Order Kiosk | Tire Service Center | Wheelchair Available","Costco warehouse locator API","https://ecom-api.costco.com/core/warehouse-locator/v1/salesLocations.json","2026-07-31T21:17:09.3307568Z"
"Costco","185","E Orlando","3333 UNIVERSITY BLVD","","3333 UNIVERSITY BLVD, WINTER PARK, FL, 32792-7428","WINTER PARK","FL","32792-7428","US","28.59878957","-81.30008827","(407) 681-2119","Sales Location","Warehouse","SE","America/New_York","1999-12-08","True","True","True","True","True","True","Auto Buying Program | Bakery | BBQ Deli | Business Products | Executive Membership | Food Court | Fresh Deli | Fresh Meat | Fresh Produce | Gas Station | Gourmet Deli | Hearing Aids | Independent Optometrist | Membership | Optical Department | Pharmacy | Pizza Kitchen | Rotisserie Chicken | Service Deli | Special Order Kiosk | Take Out Pizza | Tire Service Center | T-Mobile Cellular Kiosk | Wheelchair Available","Costco warehouse locator API","https://ecom-api.costco.com/core/warehouse-locator/v1/salesLocations.json","2026-07-31T21:17:07.2545408Z"
"Costco","743","Alpharetta","2855 JORDAN CT","","2855 JORDAN CT, ALPHARETTA, GA, 30004-3869","ALPHARETTA","GA","30004-3869","US","34.09070077","-84.27849057","(678) 823-4950","Sales Location","Warehouse","SE","America/New_York","2005-06-04","True","True","True","True","True","True","AT&T Cellular Kiosk | Auto Buying Program | Bakery | Executive Membership | Food Court | Fresh Deli | Fresh Meat | Fresh Produce | Gas Station | Hearing Aids | Independent Optometrist | Membership | Optical Department | Pharmacy | Rotisserie Chicken | Tire Service Center","Costco warehouse locator API","https://ecom-api.costco.com/core/warehouse-locator/v1/salesLocations.json","2026-07-31T21:17:08.2016686Z"
"Costco","1621","Athens","5550 PARKWAY BLVD","","5550 PARKWAY BLVD, ATHENS, GA, 30606","ATHENS","GA","30606","US","33.9203376702672","-83.45650520584108","(706) 247-8134","Sales Location","Warehouse","SE","America/New_York","2022-11-15","True","True","True","True","True","True","*General Information | *General Information - English | AT&T Cellular Kiosk | Food Court | Gas Station | Hearing Aids | Optical Department | Pharmacy | Tire Service Center","Costco warehouse locator API","https://ecom-api.costco.com/core/warehouse-locator/v1/salesLocations.json","2026-07-31T21:17:09.1819039Z"
"Costco","1084","Brookhaven","500 BROOKHAVEN AVE NE","","500 BROOKHAVEN AVE NE, ATLANTA, GA, 30319-3291","ATLANTA","GA","30319-3291","US","33.87271767","-84.33613548","(404) 460-1915","Sales Location","Warehouse","SE","America/New_York","2010-10-28","True","True","True","True","True","True","AT&T Cellular Kiosk | Auto Buying Program | Bakery | Executive Membership | Food Court | Fresh Deli | Fresh Meat | Fresh Produce | Gas Station | Hearing Aids | Independent Optometrist | Membership | Optical Department | Pharmacy | Rotisserie Chicken | Tire Service Center","Costco warehouse locator API","https://ecom-api.costco.com/core/warehouse-locator/v1/salesLocations.json","2026-07-31T21:17:08.6169248Z"
"Costco","631","Cumberland Mall","2900 CUMBERLAND MALL SE","","2900 CUMBERLAND MALL SE, ATLANTA, GA, 30339-8107","ATLANTA","GA","30339-8107","US","33.88101004","-84.47076316","(770) 431-1700","Sales Location","Warehouse","SE","America/New_York","2006-11-15","True","True","True","True","True","True","Auto Buying Program | Bakery | Executive Membership | Food Court | Fresh Deli | Fresh Meat | Fresh Produce | Gas Station | Hearing Aids | Independent Optometrist | Membership | Optical Department | Pharmacy | Rotisserie Chicken | Tire Service Center | T-Mobile Cellular Kiosk","Costco warehouse locator API","https://ecom-api.costco.com/core/warehouse-locator/v1/salesLocations.json","2026-07-31T21:17:07.9146533Z"
"Costco","188","Perimeter","6350 PEACHTREE DUNWOODY RD","","6350 PEACHTREE DUNWOODY RD, ATLANTA, GA, 30328-4527","ATLANTA","GA","30328-4527","US","33.92861865","-84.3544181","(770) 352-8660","Sales Location","Warehouse","SE","America/New_York","1996-11-13","True","True","True","True","True","True","ATM | Auto Buying Program | Bakery | Executive Membership | Food Court | Fresh Deli | Fresh Meat | Fresh Produce | Gas Station | Hearing Aids | Independent Optometrist | Membership | Optical Department | Pharmacy | Pizza Kitchen | Rotisserie Chicken | Service Deli | Special Order Kiosk | Tire Service Center | T-Mobile Cellular Kiosk | Travel","Costco warehouse locator API","https://ecom-api.costco.com/core/warehouse-locator/v1/salesLocations.json","2026-07-31T21:17:07.2635397Z"
"Costco","1102","Augusta","825 CABELA DR","","825 CABELA DR, AUGUSTA, GA, 30909-8202","AUGUSTA","GA","30909-8202","US","33.52479023","-82.0202708","(706) 739-1700","Sales Location","Warehouse","SE","America/New_York","2011-11-16","True","True","True","True","True","True","Auto Buying Program | Bakery | Executive Membership | Food Court | Fresh Deli | Fresh Meat | Fresh Produce | Gas Station | Hearing Aids | Independent Optometrist | Membership | Optical Department | Pharmacy | Rotisserie Chicken | Tire Service Center | T-Mobile Cellular Kiosk","Costco warehouse locator API","https://ecom-api.costco.com/core/warehouse-locator/v1/salesLocations.json","2026-07-31T21:17:08.6448410Z"
"Costco","366","Mall Of Georgia","1550 MALL OF GEORGIA BLVD","","1550 MALL OF GEORGIA BLVD, BUFORD, GA, 30519-6551","BUFORD","GA","30519-6551","US","34.06248679","-83.99586113","(678) 288-3009","Sales Location","Warehouse","SE","America/New_York","2006-05-03","True","True","True","True","True","True","Auto Buying Program | Bakery | Executive Membership | Food Court | Fresh Deli | Fresh Meat | Fresh Produce | Gas Station | Hearing Aids | Membership | Optical Department | Pharmacy | Rotisserie Chicken | Special Order Kiosk | Tire Service Center | T-Mobile Cellular Kiosk","Costco warehouse locator API","https://ecom-api.costco.com/core/warehouse-locator/v1/salesLocations.json","2026-07-31T21:17:07.5756570Z"
"Costco","1175","Cumming","1211 BALD RIDGE MARINA RD","","1211 BALD RIDGE MARINA RD, CUMMING, GA, 30041-8484","CUMMING","GA","30041-8484","US","34.21323201","-84.11624116","(470) 239-6610","Sales Location","Warehouse","SE","America/New_York","2014-08-29","True","True","True","True","True","True","Auto Buying Program | Bakery | Executive Membership | Food Court | Fresh Deli | Fresh Meat | Fresh Produce | Gas Station | Hearing Aids | Independent Optometrist | Membership | Optical Department | Pharmacy | Pizza Kitchen | Propane | Rotisserie Chicken | Special Order Kiosk | Tire Service Center | T-Mobile Cellular Kiosk","Costco warehouse locator API","https://ecom-api.costco.com/core/warehouse-locator/v1/salesLocations.json","2026-07-31T21:17:08.7569432Z"
"Costco","1389","Dallas GA","1715 CHARLES HARDY PKWY","","1715 CHARLES HARDY PKWY, DALLAS, GA, 30157","DALLAS","GA","30157","US","33.92128706","-84.76387999","(404) 806-4595","Sales Location","Warehouse","SE","America/New_York","2021-03-11","True","True","True","True","True","True","ATM | Auto Buying Program | Bakery | Executive Membership | Food Court | Fresh Deli | Fresh Meat | Fresh Produce | Gas Station | Hearing Aids | Independent Optometrist | Membership | Optical Department | Pharmacy | Service Deli | Special Order Kiosk | Tire Service Center | T-Mobile Cellular Kiosk | Travel","Costco warehouse locator API","https://ecom-api.costco.com/core/warehouse-locator/v1/salesLocations.json","2026-07-31T21:17:09.0969309Z"
"Costco","187","Gwinnett","3980 VENTURE DR","","3980 VENTURE DR, DULUTH, GA, 30096-5077","DULUTH","GA","30096-5077","US","33.94754172","-84.14335143","(770) 622-1330","Sales Location","Warehouse","SE","America/New_York","1996-11-13","True","True","True","True","True","True","A PS Processing | ATM | Auto Buying Program | Bakery | EV Station | Executive Membership | Food Court | Fresh Deli | Fresh Meat | Fresh Produce | Gas Station | Hearing Aids | Independent Optometrist | Membership | Optical Department | Pharmacy | Service Deli | Special Order Kiosk | Tire Service Center | T-Mobile Cellular Kiosk | Travel","Costco warehouse locator API","https://ecom-api.costco.com/core/warehouse-locator/v1/salesLocations.json","2026-07-31T21:17:07.2595385Z"
"Costco","189","Town Center","645 BARRETT PARKWAY NW","","645 BARRETT PARKWAY NW, KENNESAW, GA, 30144-4922","KENNESAW","GA","30144-4922","US","34.00502957","-84.56994851","(770) 794-1767","Sales Location","Warehouse","SE","America/New_York","1997-09-13","True","True","True","True","True","True","AT&T Cellular Kiosk | ATM | Auto Buying Program | Bakery | Executive Membership | Food Court | Fresh Deli | Fresh Meat | Fresh Produce | Gas Station | Hearing Aids | Independent Optometrist | Membership | Optical Department | Pharmacy | Service Deli | Special Order Kiosk | Tire Service Center | Travel","Costco warehouse locator API","https://ecom-api.costco.com/core/warehouse-locator/v1/salesLocations.json","2026-07-31T21:17:07.2665403Z"
"Costco","1675","Stockbridge","2245 JODECO ROAD","","2245 JODECO ROAD, MCDONOUGH, GA, 30253","MCDONOUGH","GA","30253","US","33.481273","-84.218946","(678) 272-3288","Sales Location","Warehouse","SE","America/New_York","2023-11-16","True","True","True","True","True","True","*General Information - English | EV Station | Food Court | Gas Station | Hearing Aids | Optical Department | Pharmacy | Tire Service Center | T-Mobile Cellular Kiosk","Costco warehouse locator API","https://ecom-api.costco.com/core/warehouse-locator/v1/salesLocations.json","2026-07-31T21:17:09.2769819Z"
"Costco","579","Morrow Bus Ctr","1700 MOUNT ZION RD","","1700 MOUNT ZION RD, MORROW, GA, 30260-3014","MORROW","GA","30260-3014","US","33.57211196","-84.33365782","(678) 201-0003","Sales Location","Business Center","BD","America/New_York","2012-09-04","True","False","False","False","False","False","Auto Buying Program | Business Delivery | Business Products | Delivery | Executive Membership | Fresh Deli | Fresh Meat | Fresh Produce | Gas Station | Membership | Office Furniture | Restaurant & Hospitality Products | Restaurant Supplies | Tobacco","Costco warehouse locator API","https://ecom-api.costco.com/core/warehouse-locator/v1/salesLocations.json","2026-07-31T21:17:07.8818248Z"
"Costco","1485","Pooler","200 MOSAIC CIRCLE","","200 MOSAIC CIRCLE, POOLER, GA, 31322","POOLER","GA","31322","US","32.0806428","-81.27739327","(912) 348-4569","Sales Location","Warehouse","SE","America/New_York","2021-11-18","True","True","True","True","True","True","AT&T Cellular Kiosk | Auto Buying Program | Bakery | Executive Membership | Food Court | Fresh Deli | Fresh Meat | Fresh Produce | Gas Station | Hearing Aids | Independent Optometrist | Membership | Optical Department | Pharmacy | Rotisserie Chicken | Tire Service Center","Costco warehouse locator API","https://ecom-api.costco.com/core/warehouse-locator/v1/salesLocations.json","2026-07-31T21:17:09.1479374Z"
"Costco","1083","Fort Oglethorpe","100 COBB PKWY","","100 COBB PKWY, RINGGOLD, GA, 30736-8566","RINGGOLD","GA","30736-8566","US","34.96836114","-85.19432242","(706) 891-2579","Sales Location","Warehouse","SE","America/New_York","2010-10-27","True","True","True","True","True","True","Auto Buying Program | Bakery | Executive Membership | Food Court | Fresh Deli | Fresh Meat | Fresh Produce | Gas Station | Hearing Aids | Independent Optometrist | Membership | Optical Department | Pharmacy | Propane | Rotisserie Chicken | Tire Service Center | T-Mobile Cellular Kiosk","Costco warehouse locator API","https://ecom-api.costco.com/core/warehouse-locator/v1/salesLocations.json","2026-07-31T21:17:08.6149156Z"
"Costco","1361","Sharpsburg","40 FISCHER CROSSINGS DR","","40 FISCHER CROSSINGS DR, SHARPSBURG, GA, 30277","SHARPSBURG","GA","30277","US","33.400461","-84.621576","(678) 621-8594","Sales Location","Warehouse","SE","America/New_York","2019-08-22","True","True","True","True","True","True","Auto Buying Program | Bakery | Executive Membership | Food Court | Fresh Deli | Fresh Meat | Fresh Produce | Gas Station | Hearing Aids | Independent Optometrist | Membership | Optical Department | Pharmacy | Rotisserie Chicken | Tire Service Center | T-Mobile Cellular Kiosk","Costco warehouse locator API","https://ecom-api.costco.com/core/warehouse-locator/v1/salesLocations.json","2026-07-31T21:17:09.0567700Z"
"Costco","1769","Stone Mountain","1915 WEST PARK PLACE BLVD","","1915 WEST PARK PLACE BLVD, STONE MOUNTAIN, GA, 30087-3310","STONE MOUNTAIN","GA","30087-3310","US","33.821192","-84.123901","(678) 748-3918","Sales Location","Warehouse","SE","America/New_York","2026-08-27","True","True","True","True","True","True","Food Court | Gas Station | Hearing Aids | Optical Department | Pharmacy | Tire Service Center","Costco warehouse locator API","https://ecom-api.costco.com/core/warehouse-locator/v1/salesLocations.json","2026-07-31T21:17:09.3635660Z"
"Costco","1295","Woodstock","113 LINCOLN ST","","113 LINCOLN ST, WOODSTOCK, GA, 30188-7800","WOODSTOCK","GA","30188-7800","US","34.119874","-84.5157021","(770) 694-7193","Sales Location","Warehouse","SE","America/New_York","2018-08-09","True","True","True","True","True","True","AT&T Cellular Kiosk | ATM | Auto Buying Program | Bakery | Executive Membership | Food Court | Fresh Deli | Fresh Meat | Fresh Produce | Gas Station | Hearing Aids | Independent Optometrist | Membership | Optical Department | Pharmacy | Service Deli | Special Order Kiosk | Tire Service Center | Travel","Costco warehouse locator API","https://ecom-api.costco.com/core/warehouse-locator/v1/salesLocations.json","2026-07-31T21:17:08.9779849Z"
"Costco","120","Hawaii Kai","333 A KEAHOLE STREET","","333 A KEAHOLE STREET, HONOLULU, HI, 96825-3406","HONOLULU","HI","96825-3406","US","21.28392317","-157.7100014","(808) 396-5538","Sales Location","Warehouse","LA","Pacific/Honolulu","1992-09-03","False","True","True","True","True","True","AT&T Cellular Kiosk | ATM | Auto Buying Program | Bakery | Executive Membership | Food Court | Fresh Deli | Fresh Meat | Fresh Produce | Hearing Aids | Independent Optometrist | Membership | Optical Department | Pharmacy | Special Order Kiosk | Tire Service Center | Travel","Costco warehouse locator API","https://ecom-api.costco.com/core/warehouse-locator/v1/salesLocations.json","2026-07-31T21:17:07.1614683Z"
"Costco","687","Iwilei","525 ALAKAWA ST","","525 ALAKAWA ST, HONOLULU, HI, 96817-5764","HONOLULU","HI","96817-5764","US","21.31842068","-157.8703014","(808) 526-6100","Sales Location","Warehouse","LA","Pacific/Honolulu","1988-05-12","True","True","True","True","True","True","AT&T Cellular Kiosk | Auto Buying Program | Bakery | Delivery | Digital Print Services | Executive Membership | Food Court | Fresh Meat | Fresh Produce | Gas Station | Hearing Aids | Independent Optometrist | Membership | Optical Department | Pharmacy | Service Deli | Tire Service Center","Costco warehouse locator API","https://ecom-api.costco.com/core/warehouse-locator/v1/salesLocations.json","2026-07-31T21:17:08.1321943Z"
"Costco","119","Maui","540 HALEAKALA HWY","","540 HALEAKALA HWY, KAHULUI, HI, 96732-2302","KAHULUI","HI","96732-2302","US","20.88739302","-156.4501661","(808) 877-5241","Sales Location","Warehouse","LA","Pacific/Honolulu","1995-05-26","True","True","True","True","True","True","A PS Processing | Auto Buying Program | Bakery | Delivery | EV Station | Executive Membership | Food Court | Fresh Deli | Fresh Meat | Fresh Produce | Gas Station | Hearing Aids | Independent Optometrist | Membership | Optical Department | Pharmacy | Special Order Kiosk | Tire Service Center | T-Mobile Cellular Kiosk","Costco warehouse locator API","https://ecom-api.costco.com/core/warehouse-locator/v1/salesLocations.json","2026-07-31T21:17:07.1564699Z"
"Costco","140","Kona","73-5600 MAIAU ST","","73-5600 MAIAU ST, KAILUA KONA, HI, 96740-2630","KAILUA KONA","HI","96740-2630","US","19.68545677","-156.0168782","(808) 331-4800","Sales Location","Warehouse","LA","Pacific/Honolulu","1993-11-22","True","True","True","True","True","True","A PS Processing | Auto Buying Program | Bakery | Delivery | Diesel | Executive Membership | Food Court | Fresh Deli | Fresh Meat | Fresh Produce | Gas Station | Hearing Aids | Home Improvement | Independent Optometrist | Membership | Optical Department | Pharmacy | Special Order Kiosk | Tire Service Center | T-Mobile Cellular Kiosk | Travel","Costco warehouse locator API","https://ecom-api.costco.com/core/warehouse-locator/v1/salesLocations.json","2026-07-31T21:17:07.2071937Z"
"Costco","1038","Kapolei","4589 KAPOLEI PKWY","","4589 KAPOLEI PKWY, KAPOLEI, HI, 96707-1879","KAPOLEI","HI","96707-1879","US","21.32733276","-158.0880748","(808) 674-3900","Sales Location","Warehouse","LA","Pacific/Honolulu","2009-02-27","True","True","True","True","True","True","Auto Buying Program | Bakery | Executive Membership | Food Court | Fresh Deli | Fresh Meat | Fresh Produce | Gas Station | Hearing Aids | Independent Optometrist | Membership | Optical Department | Pharmacy | Rotisserie Chicken | Tire Service Center | T-Mobile Cellular Kiosk","Costco warehouse locator API","https://ecom-api.costco.com/core/warehouse-locator/v1/salesLocations.json","2026-07-31T21:17:08.5262236Z"
"Costco","640","Kauai","4300 NUHOU ST.","","4300 NUHOU ST., LIHUE, HI, 96766-8002","LIHUE","HI","96766-8002","US","21.96694207","-159.3805617","(808) 241-4000","Sales Location","Warehouse","LA","Pacific/Honolulu","2006-10-17","True","True","True","True","True","True","Auto Buying Program | Bakery | Executive Membership | Food Court | Fresh Deli | Fresh Meat | Fresh Produce | Gas Station | Hearing Aids | Membership | Optical Department | Pharmacy | Rotisserie Chicken | Tire Service Center | T-Mobile Cellular Kiosk","Costco warehouse locator API","https://ecom-api.costco.com/core/warehouse-locator/v1/salesLocations.json","2026-07-31T21:17:07.9451378Z"
"Costco","1698","Pearl City Home Showroom","98-600 KAMEHAMEHA HWY","","98-600 KAMEHAMEHA HWY, PEARL CITY, HI, 96782-0000","PEARL CITY","HI","96782-0000","US","21.392119","-157.962253","(808) 204-2845","Sales Location","Warehouse","HS","Pacific/Honolulu","2024-10-11","False","False","False","False","False","False","","Costco warehouse locator API","https://ecom-api.costco.com/core/warehouse-locator/v1/salesLocations.json","2026-07-31T21:17:09.3007981Z"
"Costco","485","Waipio","94-1231 KA UKA BLVD","","94-1231 KA UKA BLVD, WAIPAHU, HI, 96797-4495","WAIPAHU","HI","96797-4495","US","21.42700606","-157.9996799","(808) 678-6103","Sales Location","Warehouse","LA","Pacific/Honolulu","2000-07-20","True","True","True","True","True","True","AT&T Cellular Kiosk | Auto Buying Program | Bakery | Beer & Wine | Executive Membership | Food Court | Fresh Deli | Fresh Meat | Fresh Produce | Fresh Sushi | Gas Station | Hearing Aids | Independent Optometrist | Membership | Optical Department | Pharmacy | Rotisserie Chicken | Special Order Kiosk | Tire Service Center | Tobacco | Travel | Wheelchair Available","Costco warehouse locator API","https://ecom-api.costco.com/core/warehouse-locator/v1/salesLocations.json","2026-07-31T21:17:07.8441037Z"
"Costco","1630","Ankeny","4000 NE SPECTRUM DRIVE","","4000 NE SPECTRUM DRIVE, ANKENY, IA, 50021-6242","ANKENY","IA","50021-6242","US","41.762259","-93.56712191541556","(515) 686-8709","Sales Location","Warehouse","MW","America/Chicago","2022-11-17","True","True","True","True","True","True","*General Information | *General Information - English | AT&T Cellular Kiosk | Food Court | Gas Station | Hearing Aids | Optical Department | Pharmacy | Tire Service Center","Costco warehouse locator API","https://ecom-api.costco.com/core/warehouse-locator/v1/salesLocations.json","2026-07-31T21:17:09.1942188Z"
"Costco","1111","Coralville","2900 HEARTLAND DR","","2900 HEARTLAND DR, CORALVILLE, IA, 52241-2740","CORALVILLE","IA","52241-2740","US","41.69900245","-91.6161238","(319) 545-3200","Sales Location","Warehouse","MW","America/Chicago","2012-06-27","True","True","True","True","True","True","AT&T Cellular Kiosk | Auto Buying Program | Bakery | Executive Membership | Food Court | Fresh Deli | Fresh Meat | Fresh Produce | Gas Station | Hearing Aids | Independent Optometrist | Membership | Optical Department | Pharmacy | Rotisserie Chicken | Tire Service Center","Costco warehouse locator API","https://ecom-api.costco.com/core/warehouse-locator/v1/salesLocations.json","2026-07-31T21:17:08.6673778Z"
"Costco","1325","Davenport","2790 E 53RD ST","","2790 E 53RD ST, DAVENPORT, IA, 52807-3007","DAVENPORT","IA","52807-3007","US","41.57659392","-90.53365504","(563) 893-7004","Sales Location","Warehouse","MW","America/Chicago","2018-10-20","True","True","True","True","True","True","AT&T Cellular Kiosk | Auto Buying Program | Bakery | Executive Membership | Food Court | Fresh Deli | Fresh Meat | Fresh Produce | Gas Station | Hearing Aids | Independent Optometrist | Membership | Optical Department | Pharmacy | Rotisserie Chicken | Tire Service Center","Costco warehouse locator API","https://ecom-api.costco.com/core/warehouse-locator/v1/salesLocations.json","2026-07-31T21:17:09.0163633Z"
"Costco","788","West Des Moines","7205 MILLS CIVIC PKWY","","7205 MILLS CIVIC PKWY, WEST DES MOINES, IA, 50266-8140","WEST DES MOINES","IA","50266-8140","US","41.56279399","-93.80493165","(515) 222-2920","Sales Location","Warehouse","MW","America/Chicago","2004-12-07","True","True","True","True","True","True","AT&T Cellular Kiosk | Auto Buying Program | Bakery | Executive Membership | Food Court | Fresh Deli | Fresh Meat | Fresh Produce | Gas Station | Hearing Aids | Independent Optometrist | Membership | Optical Department | Pharmacy | Rotisserie Chicken | Tire Service Center","Costco warehouse locator API","https://ecom-api.costco.com/core/warehouse-locator/v1/salesLocations.json","2026-07-31T21:17:08.3712756Z"
"Costco","761","Boise","2051 S COLE RD","","2051 S COLE RD, BOISE, ID, 83709-2815","BOISE","ID","83709-2815","US","43.58550371","-116.2756896","(208) 321-8700","Sales Location","Warehouse","NW","America/Boise","1988-10-11","True","True","True","True","True","True","ATM | Auto Buying Program | Car Wash | Executive Membership | Food Court | Gas Station | Hearing Aids | Independent Optometrist | Membership | Optical Department | Pharmacy | Tire Service Center | T-Mobile Cellular Kiosk | Wheelchair Available","Costco warehouse locator API","https://ecom-api.costco.com/core/warehouse-locator/v1/salesLocations.json","2026-07-31T21:17:08.2399400Z"
"Costco","773","Coeur d Alene","355 E NEIDER AVE","","355 E NEIDER AVE, COEUR D' ALENE, ID, 83815-3723","COEUR D' ALENE","ID","83815-3723","US","47.70862159","-116.7832729","(208) 676-7351","Sales Location","Warehouse","NW","America/Los_Angeles","2004-04-22","True","True","True","True","True","True","*General Information | Auto Buying Program | Bakery | Diesel | Executive Membership | Food Court | Fresh Deli | Fresh Meat | Fresh Produce | Gas Station | Hearing Aids | Independent Optometrist | Membership | Optical Department | Pharmacy | Special Order Kiosk | Take Out Pizza | Tire Service Center | T-Mobile Cellular Kiosk | Travel","Costco warehouse locator API","https://ecom-api.costco.com/core/warehouse-locator/v1/salesLocations.json","2026-07-31T21:17:08.3281931Z"
"Costco","1379","Idaho Falls","2495 E. LINCOLN ROAD","","2495 E. LINCOLN ROAD, IDAHO FALLS, ID, 83401-2203","IDAHO FALLS","ID","83401-2203","US","43.51348314","-111.9854775","(986) 497-3149","Sales Location","Warehouse","NW","America/Boise","2020-08-14","True","True","True","True","True","True","AT&T Cellular Kiosk | Auto Buying Program | Bakery | Diesel | Executive Membership | Food Court | Fresh Deli | Fresh Meat | Fresh Produce | Gas Station | Hearing Aids | Independent Optometrist | Membership | Optical Department | Pharmacy | Rotisserie Chicken | Tire Service Center","Costco warehouse locator API","https://ecom-api.costco.com/core/warehouse-locator/v1/salesLocations.json","2026-07-31T21:17:09.0813787Z"
"Costco","1343","Meridian","3403 W. CHINDEN BLVD","","3403 W. CHINDEN BLVD, MERIDIAN, ID, 83646-1117","MERIDIAN","ID","83646-1117","US","43.66108229","-116.4360343","(986) 200-4136","Sales Location","Warehouse","NW","America/Boise","2020-10-30","True","True","True","True","True","True","AT&T Cellular Kiosk | ATM | Auto Buying Program | Executive Membership | Food Court | Gas Station | Hearing Aids | Independent Optometrist | Membership | Optical Department | Pharmacy | Tire Service Center | Wheelchair Available","Costco warehouse locator API","https://ecom-api.costco.com/core/warehouse-locator/v1/salesLocations.json","2026-07-31T21:17:09.0420986Z"
"Costco","734","Nampa","16700 N MARKET PLACE BLVD","","16700 N MARKET PLACE BLVD, NAMPA, ID, 83687-7909","NAMPA","ID","83687-7909","US","43.6147632","-116.5902321","(208) 465-3800","Sales Location","Warehouse","NW","America/Boise","2006-08-23","True","True","True","True","True","True","Auto Buying Program | Bakery | Executive Membership | Food Court | Fresh Deli | Fresh Meat | Fresh Produce | Gas Station | Hearing Aids | Membership | Optical Department | Pharmacy | Rotisserie Chicken | Special Order Kiosk | Tire Service Center | T-Mobile Cellular Kiosk","Costco warehouse locator API","https://ecom-api.costco.com/core/warehouse-locator/v1/salesLocations.json","2026-07-31T21:17:08.1715151Z"
"Costco","1033","Pocatello","305 W QUINN RD","","305 W QUINN RD, POCATELLO, ID, 83201-4988","POCATELLO","ID","83201-4988","US","42.90516526","-112.4548686","(208) 238-4040","Sales Location","Warehouse","NW","America/Boise","2008-10-23","True","True","True","True","True","True","Auto Buying Program | Bakery | Executive Membership | Food Court | Fresh Deli | Fresh Meat | Fresh Produce | Gas Station | Hearing Aids | Independent Optometrist | Membership | Optical Department | Pharmacy | Rotisserie Chicken | Tire Service Center | T-Mobile Cellular Kiosk","Costco warehouse locator API","https://ecom-api.costco.com/core/warehouse-locator/v1/salesLocations.json","2026-07-31T21:17:08.5217111Z"
"Costco","145","Twin Falls","731 POLE LINE RD","","731 POLE LINE RD, TWIN FALLS, ID, 83301-3036","TWIN FALLS","ID","83301-3036","US","42.59280441","-114.4635497","(208) 736-1550","Sales Location","Warehouse","NW","America/Boise","1993-07-20","True","True","True","True","True","True","AT&T Cellular Kiosk | ATM | Auto Buying Program | Bakery | Executive Membership | Food Court | Fresh Deli | Fresh Meat | Fresh Produce | Gas Station | Hearing Aids | Independent Optometrist | Membership | Optical Department | Pharmacy | Special Order Kiosk | Tire Service Center | Travel","Costco warehouse locator API","https://ecom-api.costco.com/core/warehouse-locator/v1/salesLocations.json","2026-07-31T21:17:07.2269494Z"
"Costco","371","Bloomingdale","505 W ARMY TRAIL RD","","505 W ARMY TRAIL RD, BLOOMINGDALE, IL, 60108-1391","BLOOMINGDALE","IL","60108-1391","US","41.9406368","-88.13376853","(630) 351-3059","Sales Location","Warehouse","MW","America/Chicago","2001-12-07","True","True","True","True","True","True","AT&T Cellular Kiosk | Auto Buying Program | Bakery | Beer & Wine | Executive Membership | Food Court | Fresh Meat | Fresh Produce | Gas Station | Hearing Aids | Independent Optometrist | Membership | Optical Department | Pharmacy | Service Deli | Special Order Kiosk | Tire Service Center | Wheelchair Available","Costco warehouse locator API","https://ecom-api.costco.com/core/warehouse-locator/v1/salesLocations.json","2026-07-31T21:17:07.6074947Z"
"Costco","1088","Bolingbrook","830 E BOUGHTON RD","","830 E BOUGHTON RD, BOLINGBROOK, IL, 60440-2355","BOLINGBROOK","IL","60440-2355","US","41.72796275","-88.03171427","(630) 410-0702","Sales Location","Warehouse","MW","America/Chicago","2010-11-18","True","True","True","True","True","True","AT&T Cellular Kiosk | Auto Buying Program | Bakery | Executive Membership | Food Court | Fresh Deli | Fresh Meat | Fresh Produce | Gas Station | Hearing Aids | Independent Optometrist | Membership | Optical Department | Pharmacy | Tire Service Center","Costco warehouse locator API","https://ecom-api.costco.com/core/warehouse-locator/v1/salesLocations.json","2026-07-31T21:17:08.6295567Z"
"Costco","1384","Champaign","2002 N. NEIL ST","","2002 N. NEIL ST, CHAMPAIGN, IL, 61820-1808","CHAMPAIGN","IL","61820-1808","US","40.1405327","-88.2449229","(217) 600-6538","Sales Location","Warehouse","MW","America/Chicago","2020-10-22","True","True","True","True","True","True","AT&T Cellular Kiosk | Auto Buying Program | Bakery | Executive Membership | Food Court | Fresh Deli | Fresh Meat | Fresh Produce | Gas Station | Hearing Aids | Independent Optometrist | Membership | Optical Department | Pharmacy | Rotisserie Chicken | Tire Service Center","Costco warehouse locator API","https://ecom-api.costco.com/core/warehouse-locator/v1/salesLocations.json","2026-07-31T21:17:09.0899311Z"
"Costco","580","Bedford Park Bus Ctr","7300 S CICERO AVE","","7300 S CICERO AVE, CHICAGO, IL, 60629-5817","CHICAGO","IL","60629-5817","US","41.75878519","-87.74459082","(708) 552-9010","Sales Location","Business Center","BD","America/Chicago","2015-04-13","True","False","False","False","False","False","Auto Buying Program | Business Delivery | Business Products | Delivery | Executive Membership | Gas Station | Membership | Special Order Kiosk | Tobacco","Costco warehouse locator API","https://ecom-api.costco.com/core/warehouse-locator/v1/salesLocations.json","2026-07-31T21:17:07.8828239Z"
"Costco","1107","Chicago South Loop","1430 S ASHLAND AVE","","1430 S ASHLAND AVE, CHICAGO, IL, 60608-2040","CHICAGO","IL","60608-2040","US","41.86251814","-87.66756264","(312) 492-3609","Sales Location","Warehouse","MW","America/Chicago","2012-06-28","True","True","True","True","True","True","AT&T Cellular Kiosk | Auto Buying Program | Bakery | Executive Membership | Food Court | Fresh Deli | Fresh Meat | Fresh Produce | Gas Station | Hearing Aids | Independent Optometrist | Membership | Optical Department | Pharmacy | Rotisserie Chicken | Tire Service Center","Costco warehouse locator API","https://ecom-api.costco.com/core/warehouse-locator/v1/salesLocations.json","2026-07-31T21:17:08.6506030Z"
"Costco","380","Lincoln Park","2746 N CLYBOURN AVE","","2746 N CLYBOURN AVE, CHICAGO, IL, 60614-1006","CHICAGO","IL","60614-1006","US","41.92973732","-87.67697403","(773) 360-2053","Sales Location","Warehouse","MW","America/Chicago","2001-05-02","True","True","True","True","True","True","Auto Buying Program | Bakery | Executive Membership | Food Court | Fresh Meat | Fresh Produce | Gas Station | Hearing Aids | Hot Dog Stand | Independent Optometrist | Membership | Optical Department | Pharmacy | Service Deli | Special Order Kiosk | Tire Service Center | T-Mobile Cellular Kiosk","Costco warehouse locator API","https://ecom-api.costco.com/core/warehouse-locator/v1/salesLocations.json","2026-07-31T21:17:07.6419570Z"
"Costco","1126","East Peoria","301 W WASHINGTON ST","","301 W WASHINGTON ST, EAST PEORIA, IL, 61611-2036","EAST PEORIA","IL","61611-2036","US","40.6686428","-89.58538636","(309) 427-2930","Sales Location","Warehouse","MW","America/Chicago","2012-11-14","True","True","True","True","True","True","Auto Buying Program | Bakery | Executive Membership | Food Court | Fresh Deli | Fresh Meat | Fresh Produce | Gas Station | Hearing Aids | Independent Optometrist | Membership | Optical Department | Pharmacy | Rotisserie Chicken | Tire Service Center | T-Mobile Cellular Kiosk","Costco warehouse locator API","https://ecom-api.costco.com/core/warehouse-locator/v1/salesLocations.json","2026-07-31T21:17:08.7106156Z"
"Costco","348","Glenview","2900 PATRIOT BLVD","","2900 PATRIOT BLVD, GLENVIEW, IL, 60026-8046","GLENVIEW","IL","60026-8046","US","42.10879898","-87.8218148","(847) 730-1003","Sales Location","Warehouse","MW","America/Chicago","2002-10-17","True","True","True","True","True","True","Auto Buying Program | Bakery | Executive Membership | Food Court | Gas Station | Hearing Aids | Independent Optometrist | Membership | Optical Department | Pharmacy | Rebates | Rotisserie Chicken | Take Out Pizza | Tire Service Center | T-Mobile Cellular Kiosk | Wheelchair Available","Costco warehouse locator API","https://ecom-api.costco.com/core/warehouse-locator/v1/salesLocations.json","2026-07-31T21:17:07.5272431Z"
"Costco","774","Lake In The Hills","250 N RANDALL RD","","250 N RANDALL RD, LAKE IN THE HILLS, IL, 60156-5943","LAKE IN THE HILLS","IL","60156-5943","US","42.17915555","-88.33852609","(847) 960-9910","Sales Location","Warehouse","MW","America/Chicago","2004-07-08","True","True","True","True","True","True","AT&T Cellular Kiosk | Auto Buying Program | Bakery | Executive Membership | Food Court | Fresh Deli | Fresh Meat | Fresh Produce | Gas Station | Hearing Aids | Independent Optometrist | Membership | Optical Department | Pharmacy | Rotisserie Chicken | Service Deli | Tire Service Center","Costco warehouse locator API","https://ecom-api.costco.com/core/warehouse-locator/v1/salesLocations.json","2026-07-31T21:17:08.3321897Z"
"Costco","378","Lake Zurich","680 S RAND RD","","680 S RAND RD, LAKE ZURICH, IL, 60047-3409","LAKE ZURICH","IL","60047-3409","US","42.18718111","-88.09313918","(847) 540-3050","Sales Location","Warehouse","MW","America/Chicago","2001-02-21","True","True","True","True","True","True","Auto Buying Program | Bakery | Beer & Wine | Executive Membership | Food Court | Fresh Deli | Fresh Meat | Fresh Produce | Gas Station | Hearing Aids | Independent Optometrist | Membership | Optical Department | Pharmacy | Rotisserie Chicken | Service Deli | Special Order Kiosk | Tire Service Center | T-Mobile Cellular Kiosk | Tobacco | Wheelchair Available","Costco warehouse locator API","https://ecom-api.costco.com/core/warehouse-locator/v1/salesLocations.json","2026-07-31T21:17:07.6399573Z"
"Costco","1353","Loves Park","5000 STADIUM DRIVE","","5000 STADIUM DRIVE, LOVES PARK, IL, 61111-2301","LOVES PARK","IL","61111-2301","US","42.32115834","-88.96130521","(779) 513-8397","Sales Location","Warehouse","MW","America/Chicago","2019-08-23","True","True","True","True","True","True","Auto Buying Program | Bakery | Executive Membership | Food Court | Fresh Deli | Fresh Meat | Fresh Produce | Gas Station | Hearing Aids | Independent Optometrist | Membership | Optical Department | Pharmacy | Rotisserie Chicken | Tire Service Center | T-Mobile Cellular Kiosk","Costco warehouse locator API","https://ecom-api.costco.com/core/warehouse-locator/v1/salesLocations.json","2026-07-31T21:17:09.0490966Z"
"Costco","1085","Melrose Park","8400 W NORTH AVE","","8400 W NORTH AVE, MELROSE PARK, IL, 60160-1607","MELROSE PARK","IL","60160-1607","US","41.90971865","-87.83614016","(708) 397-2905","Sales Location","Warehouse","MW","America/Chicago","2010-11-17","True","True","True","True","True","True","AT&T Cellular Kiosk | Auto Buying Program | Bakery | Diesel | Executive Membership | Food Court | Fresh Deli | Fresh Meat | Fresh Produce | Gas Station | Hearing Aids | Membership | Optical Department | Pharmacy | Tire Service Center","Costco warehouse locator API","https://ecom-api.costco.com/core/warehouse-locator/v1/salesLocations.json","2026-07-31T21:17:08.6208900Z"
"Costco","1074","Mettawa","25901 RIVERWOODS RD","","25901 RIVERWOODS RD, METTAWA, IL, 60045-3403","METTAWA","IL","60045-3403","US","42.23745252","-87.90349678","(847) 235-1302","Sales Location","Warehouse","MW","America/Chicago","2010-11-20","True","True","True","True","True","True","AT&T Cellular Kiosk | Auto Buying Program | Bakery | Executive Membership | Food Court | Fresh Deli | Fresh Meat | Fresh Produce | Gas Station | Hearing Aids | Independent Optometrist | Membership | Optical Department | Pharmacy | Rotisserie Chicken | Tire Service Center","Costco warehouse locator API","https://ecom-api.costco.com/core/warehouse-locator/v1/salesLocations.json","2026-07-31T21:17:08.5915216Z"
"Costco","779","Mt Prospect","999 N ELMHURST RD","","999 N ELMHURST RD, MOUNT PROSPECT, IL, 60056-1133","MOUNT PROSPECT","IL","60056-1133","US","42.08314023","-87.93334731","(847) 660-2000","Sales Location","Warehouse","MW","America/Chicago","2004-10-13","True","True","True","True","True","True","Auto Buying Program | Bakery | Executive Membership | Food Court | Fresh Meat | Gas Station | Gourmet Deli | Hearing Aids | Independent Optometrist | Membership | Optical Department | Pharmacy | Tire Service Center | T-Mobile Cellular Kiosk","Costco warehouse locator API","https://ecom-api.costco.com/core/warehouse-locator/v1/salesLocations.json","2026-07-31T21:17:08.3445932Z"
"Costco","342","Naperville","1320 S ROUTE 59","","1320 S ROUTE 59, NAPERVILLE, IL, 60564-5944","NAPERVILLE","IL","60564-5944","US","41.74586664","-88.20392107","(630) 328-2900","Sales Location","Warehouse","MW","America/Chicago","2003-07-01","True","True","True","True","True","True","AT&T Cellular Kiosk | Auto Buying Program | Bakery | Executive Membership | Food Court | Fresh Deli | Fresh Meat | Fresh Produce | Gas Station | Hearing Aids | Independent Optometrist | Membership | Optical Department | Pharmacy | Take Out Pizza | Tire Service Center","Costco warehouse locator API","https://ecom-api.costco.com/core/warehouse-locator/v1/salesLocations.json","2026-07-31T21:17:07.5097152Z"
"Costco","1443","NE Naperville","1255 EAST OGDEN AVE","","1255 EAST OGDEN AVE, NAPERVILLE, IL, 60563-0000","NAPERVILLE","IL","60563-0000","US","41.79822758","-88.1242897","(331) 215-5612","Sales Location","Warehouse","MW","America/Chicago","2021-08-19","True","True","True","True","True","True","Auto Buying Program | Bakery | Executive Membership | Food Court | Fresh Deli | Fresh Meat | Fresh Produce | Gas Station | Hearing Aids | Independent Optometrist | Membership | Optical Department | Pharmacy | Rotisserie Chicken | Tire Service Center | T-Mobile Cellular Kiosk","Costco warehouse locator API","https://ecom-api.costco.com/core/warehouse-locator/v1/salesLocations.json","2026-07-31T21:17:09.1226373Z"
"Costco","383","Niles","7311 N MELVINA AVE","","7311 N MELVINA AVE, NILES, IL, 60714-3905","NILES","IL","60714-3905","US","42.01472777","-87.78019479","(847) 972-3003","Sales Location","Warehouse","MW","America/Chicago","2000-06-01","True","True","True","True","True","True","AT&T Cellular Kiosk | Auto Buying Program | Bakery | Beer & Wine | Executive Membership | Food Court | Fresh Deli | Fresh Meat | Fresh Produce | Gas Station | Hearing Aids | Independent Optometrist | Membership | Optical Department | Pharmacy | Rotisserie Chicken | Service Deli | Special Order Kiosk | Tire Service Center | Tobacco | Travel | Wheelchair Available","Costco warehouse locator API","https://ecom-api.costco.com/core/warehouse-locator/v1/salesLocations.json","2026-07-31T21:17:07.6485585Z"
"Costco","1153","North Riverside IL","2500 SOUTH HARLEM AVE","","2500 SOUTH HARLEM AVE, NORTH RIVERSIDE, IL, 60546-1415","NORTH RIVERSIDE","IL","60546-1415","US","41.84406821","-87.80573862","(708) 853-1017","Sales Location","Warehouse","MW","America/Chicago","2013-11-25","True","True","True","True","True","True","Auto Buying Program | Bakery | Executive Membership | Food Court | Fresh Deli | Fresh Meat | Fresh Produce | Gas Station | Hearing Aids | Independent Optometrist | Membership | Optical Department | Pharmacy | Rotisserie Chicken | Service Deli | Special Order Kiosk | Tire Service Center | T-Mobile Cellular Kiosk","Costco warehouse locator API","https://ecom-api.costco.com/core/warehouse-locator/v1/salesLocations.json","2026-07-31T21:17:08.7213244Z"
"Costco","388","Oak Brook","1901 W 22ND ST","","1901 W 22ND ST, OAK BROOK, IL, 60523-1759","OAK BROOK","IL","60523-1759","US","41.8454593","-87.96544905","(630) 928-0235","Sales Location","Warehouse","MW","America/Chicago","1998-11-17","True","True","True","True","True","True","A PS Processing | Auto Buying Program | Bakery | Executive Membership | Food Court | Fresh Deli | Fresh Meat | Fresh Produce | Gas Station | Hearing Aids | Independent Optometrist | Membership | Optical Department | Pharmacy | Service Deli | Special Order Kiosk | Tire Service Center | T-Mobile Cellular Kiosk | Wheelchair Available","Costco warehouse locator API","https://ecom-api.costco.com/core/warehouse-locator/v1/salesLocations.json","2026-07-31T21:17:07.6617184Z"
"Costco","647","Orland Park","9915 W 159TH ST","","9915 W 159TH ST, ORLAND PARK, IL, 60467-4572","ORLAND PARK","IL","60467-4572","US","41.5999587","-87.86125225","(708) 645-5336","Sales Location","Warehouse","MW","America/Chicago","2006-11-30","True","True","True","True","True","True","Auto Buying Program | Bakery | Executive Membership | Food Court | Fresh Deli | Fresh Meat | Fresh Produce | Gas Station | Hearing Aids | Membership | Optical Department | Pharmacy | Rotisserie Chicken | Tire Service Center | T-Mobile Cellular Kiosk","Costco warehouse locator API","https://ecom-api.costco.com/core/warehouse-locator/v1/salesLocations.json","2026-07-31T21:17:07.9614063Z"
"Costco","1388","Plainfield","16261 S. BOULEVARD PLACE","","16261 S. BOULEVARD PLACE, PLAINFIELD, IL, 60586-2202","PLAINFIELD","IL","60586-2202","US","41.58730385","-88.1685772","(815) 676-1170","Sales Location","Warehouse","MW","America/Chicago","2020-11-11","True","True","True","True","True","True","AT&T Cellular Kiosk | Auto Buying Program | Bakery | Executive Membership | Food Court | Fresh Deli | Fresh Meat | Fresh Produce | Gas Station | Hearing Aids | Independent Optometrist | Membership | Optical Department | Pharmacy | Rotisserie Chicken | Tire Service Center","Costco warehouse locator API","https://ecom-api.costco.com/core/warehouse-locator/v1/salesLocations.json","2026-07-31T21:17:09.0949318Z"
"Costco","1040","St Charles","221 S RANDALL RD","","221 S RANDALL RD, SAINT CHARLES, IL, 60174-1524","SAINT CHARLES","IL","60174-1524","US","41.90880057","-88.34235199","(630) 549-2024","Sales Location","Warehouse","MW","America/Chicago","2008-11-14","True","True","True","True","True","True","Auto Buying Program | Bakery | Executive Membership | Food Court | Fresh Deli | Fresh Produce | Gas Station | Hearing Aids | Independent Optometrist | Membership | Optical Department | Pharmacy | Rotisserie Chicken | Tire Service Center | T-Mobile Cellular Kiosk","Costco warehouse locator API","https://ecom-api.costco.com/core/warehouse-locator/v1/salesLocations.json","2026-07-31T21:17:08.5335696Z"
"Costco","387","Schaumburg","1375 N MEACHAM RD","","1375 N MEACHAM RD, SCHAUMBURG, IL, 60173-4805","SCHAUMBURG","IL","60173-4805","US","42.05483128","-88.04248959","(847) 969-0790","Sales Location","Warehouse","MW","America/Chicago","1998-11-17","True","True","True","True","True","True","A PS Processing | Auto Buying Program | Bakery | Executive Membership | Food Court | Fresh Deli | Fresh Meat | Fresh Produce | Gas Station | Hearing Aids | Independent Optometrist | Membership | Optical Department | Pharmacy | Service Deli | Special Order Kiosk | Tire Service Center | T-Mobile Cellular Kiosk | Travel | Wheelchair Available","Costco warehouse locator API","https://ecom-api.costco.com/core/warehouse-locator/v1/salesLocations.json","2026-07-31T21:17:07.6597187Z"
"Costco","1763","Yorkville","825 EAST VETERANS PARKWAY","","825 EAST VETERANS PARKWAY, YORKVILLE, IL, 60560-2216","YORKVILLE","IL","60560-2216","US","41.659509","-88.429896","(331) 207-2894","Sales Location","Warehouse","MW","America/Chicago","2025-11-12","True","True","True","True","True","True","Food Court | Gas Station | Hearing Aids | Optical Department | Pharmacy | Tire Service Center","Costco warehouse locator API","https://ecom-api.costco.com/core/warehouse-locator/v1/salesLocations.json","2026-07-31T21:17:09.3473452Z"
"Costco","1577","Avon IN","8816 DR. CHARLES NELSON DRIVE","","8816 DR. CHARLES NELSON DRIVE, AVON, IN, 46123-6457","AVON","IN","46123-6457","US","39.76609095","-86.36512222","(317) 286-4742","Sales Location","Warehouse","MW","America/Indiana/Indianapolis","2021-10-29","True","True","True","True","True","True","Auto Buying Program | Bakery | Diesel | Executive Membership | Food Court | Fresh Meat | Fresh Produce | Gas Station | Hearing Aids | Independent Optometrist | Membership | Optical Department | Pharmacy | Service Deli | Tire Service Center | T-Mobile Cellular Kiosk","Costco warehouse locator API","https://ecom-api.costco.com/core/warehouse-locator/v1/salesLocations.json","2026-07-31T21:17:09.1647120Z"
"Costco","1331","Evansville","1201 CROSS POINTE PL","","1201 CROSS POINTE PL, EVANSVILLE, IN, 47715-9168","EVANSVILLE","IN","47715-9168","US","37.98750302","-87.46214898","(812) 909-6572","Sales Location","Warehouse","MW","America/Chicago","2019-06-28","True","True","True","True","True","True","Auto Buying Program | Bakery | Executive Membership | Food Court | Fresh Meat | Fresh Produce | Gas Station | Hearing Aids | Independent Optometrist | Membership | Optical Department | Pharmacy | Service Deli | Tire Service Center | T-Mobile Cellular Kiosk","Costco warehouse locator API","https://ecom-api.costco.com/core/warehouse-locator/v1/salesLocations.json","2026-07-31T21:17:09.0267245Z"
"Costco","1161","Fort Wayne","5110 VALUE DR","","5110 VALUE DR, FORT WAYNE, IN, 46808-4048","FORT WAYNE","IN","46808-4048","US","41.12606448","-85.15790414","(260) 481-1100","Sales Location","Warehouse","MW","America/Indiana/Indianapolis","2013-10-16","True","True","True","True","True","True","Auto Buying Program | Bakery | Executive Membership | Food Court | Fresh Deli | Fresh Meat | Fresh Produce | Gas Station | Hearing Aids | Independent Optometrist | Membership | Optical Department | Pharmacy | Rotisserie Chicken | Service Deli | Special Order Kiosk | Tire Service Center | T-Mobile Cellular Kiosk","Costco warehouse locator API","https://ecom-api.costco.com/core/warehouse-locator/v1/salesLocations.json","2026-07-31T21:17:08.7323516Z"
"Costco","1183","Mishawaka","625 E UNIVERSITY DR","","625 E UNIVERSITY DR, GRANGER, IN, 46530-7381","GRANGER","IN","46530-7381","US","41.71912939","-86.17188128","(574) 401-7004","Sales Location","Warehouse","MW","America/Indiana/Indianapolis","2014-11-14","True","True","True","True","True","True","AT&T Cellular Kiosk | ATM | Auto Buying Program | Bakery | Executive Membership | Food Court | Fresh Deli | Fresh Meat | Fresh Produce | Gas Station | Hearing Aids | Independent Optometrist | Membership | Optical Department | Pharmacy | Rotisserie Chicken | Service Deli | Tire Service Center | Travel","Costco warehouse locator API","https://ecom-api.costco.com/core/warehouse-locator/v1/salesLocations.json","2026-07-31T21:17:08.7739491Z"
"Costco","346","Castleton","6110 E 86TH ST","","6110 E 86TH ST, INDIANAPOLIS, IN, 46250-3507","INDIANAPOLIS","IN","46250-3507","US","39.9139404","-86.0621703","(317) 558-1453","Sales Location","Warehouse","MW","America/Indiana/Indianapolis","2002-10-03","True","True","True","True","True","True","AT&T Cellular Kiosk | Auto Buying Program | Bakery | Executive Membership | Food Court | Fresh Meat | Fresh Produce | Gas Station | Hearing Aids | Independent Optometrist | Membership | Optical Department | Pharmacy | Service Deli | Tire Service Center","Costco warehouse locator API","https://ecom-api.costco.com/core/warehouse-locator/v1/salesLocations.json","2026-07-31T21:17:07.5187164Z"
"Costco","347","Fortune Park","9010 MICHIGAN RD","","9010 MICHIGAN RD, INDIANAPOLIS, IN, 46268-3184","INDIANAPOLIS","IN","46268-3184","US","39.91713441","-86.22706503","(317) 532-1608","Sales Location","Warehouse","MW","America/Indiana/Indianapolis","2002-10-03","True","True","True","True","True","True","Auto Buying Program | Bakery | Diesel | Executive Membership | Food Court | Fresh Meat | Fresh Produce | Gas Station | Hearing Aids | Independent Optometrist | Membership | Optical Department | Pharmacy | Service Deli | Tire Service Center | T-Mobile Cellular Kiosk","Costco warehouse locator API","https://ecom-api.costco.com/core/warehouse-locator/v1/salesLocations.json","2026-07-31T21:17:07.5221721Z"
"Costco","1227","S Indianapolis","4628 E COUNTY LINE RD","","4628 E COUNTY LINE RD, INDIANAPOLIS, IN, 46237-9105","INDIANAPOLIS","IN","46237-9105","US","39.63790175","-86.08886615","(317) 360-7076","Sales Location","Warehouse","MW","America/Indiana/Indianapolis","2016-06-23","True","True","True","True","True","True","AT&T Cellular Kiosk | Auto Buying Program | Bakery | Executive Membership | Food Court | Fresh Deli | Fresh Meat | Fresh Produce | Gas Station | Hearing Aids | Independent Optometrist | Membership | Optical Department | Pharmacy | Rotisserie Chicken | Service Deli | Special Order Kiosk | Tire Service Center","Costco warehouse locator API","https://ecom-api.costco.com/core/warehouse-locator/v1/salesLocations.json","2026-07-31T21:17:08.8857428Z"
"Costco","370","Merrillville","1310 E 79TH AVE","","1310 E 79TH AVE, MERRILLVILLE, IN, 46410-5768","MERRILLVILLE","IN","46410-5768","US","41.47547284","-87.32188","(219) 641-6400","Sales Location","Warehouse","MW","America/Chicago","2001-10-24","True","True","True","True","True","True","Auto Buying Program | Bakery | Executive Membership | Food Court | Fresh Meat | Fresh Produce | Gas Station | Hearing Aids | Independent Optometrist | Membership | Optical Department | Pharmacy | Service Deli | Tire Service Center | T-Mobile Cellular Kiosk | Wheelchair Available","Costco warehouse locator API","https://ecom-api.costco.com/core/warehouse-locator/v1/salesLocations.json","2026-07-31T21:17:07.6003451Z"
"Costco","1666","Noblesville","14775 NORTH POINTE BLVD","","14775 NORTH POINTE BLVD, NOBLESVILLE, IN, 46060-4170","NOBLESVILLE","IN","46060-4170","US","40.003846040339354","-86.00285641837245","(463) 238-2013","Sales Location","Warehouse","MW","America/Indiana/Indianapolis","2023-11-21","True","True","True","True","True","True","AT&T Cellular Kiosk | Food Court | Gas Station | Hearing Aids | Optical Department | Pharmacy | Tire Service Center","Costco warehouse locator API","https://ecom-api.costco.com/core/warehouse-locator/v1/salesLocations.json","2026-07-31T21:17:09.2715516Z"
"Costco","349","Lenexa","9350 MARSHALL DR","","9350 MARSHALL DR, LENEXA, KS, 66215-3845","LENEXA","KS","66215-3845","US","38.95840655","-94.73315741","(913) 227-3703","Sales Location","Warehouse","MW","America/Chicago","2001-11-27","True","True","True","True","True","True","AT&T Cellular Kiosk | ATM | Auto Buying Program | Bakery | Executive Membership | Food Court | Fresh Meat | Fresh Produce | Gas Station | Hearing Aids | Home Improvement | Independent Optometrist | Membership | Optical Department | Pharmacy | Service Deli | Tire Service Center","Costco warehouse locator API","https://ecom-api.costco.com/core/warehouse-locator/v1/salesLocations.json","2026-07-31T21:17:07.5302279Z"
"Costco","369","Overland Park","12221 BLUE VALLEY PKWY","","12221 BLUE VALLEY PKWY, OVERLAND PARK, KS, 66213-2640","OVERLAND PARK","KS","66213-2640","US","38.90684878","-94.67121996","(913) 217-2050","Sales Location","Warehouse","MW","America/Chicago","2002-02-21","True","True","True","True","True","True","Auto Buying Program | Bakery | Executive Membership | Food Court | Fresh Meat | Fresh Produce | Gas Station | Hearing Aids | Home Improvement | Independent Optometrist | Membership | Optical Department | Pharmacy | Service Deli | Technology Center | Tire Service Center | T-Mobile Cellular Kiosk | Wheelchair Available","Costco warehouse locator API","https://ecom-api.costco.com/core/warehouse-locator/v1/salesLocations.json","2026-07-31T21:17:07.5953462Z"
"Costco","1200","Wichita","9700 E KELLOGG","","9700 E KELLOGG, WICHITA, KS, 67207-1821","WICHITA","KS","67207-1821","US","37.68013078","-97.22391567","(316) 226-7142","Sales Location","Warehouse","TE","America/Chicago","2015-06-03","True","True","True","True","True","True","AT&T Cellular Kiosk | Auto Buying Program | Bakery | Diesel | Executive Membership | Food Court | Fresh Deli | Fresh Meat | Fresh Produce | Gas Station | Hearing Aids | Independent Optometrist | Membership | Optical Department | Pharmacy | Rotisserie Chicken | Service Deli | Special Order Kiosk | Tire Service Center","Costco warehouse locator API","https://ecom-api.costco.com/core/warehouse-locator/v1/salesLocations.json","2026-07-31T21:17:08.8285825Z"
"Costco","1197","Florence","800 HEIGHTS BLVD","","800 HEIGHTS BLVD, FLORENCE, KY, 41042-1415","FLORENCE","KY","41042-1415","US","38.98850601","-84.64538285","(859) 568-7000","Sales Location","Warehouse","MW","America/New_York","2015-11-11","True","True","True","True","True","True","Bakery | Diesel | Executive Membership | Food Court | Fresh Deli | Fresh Meat | Fresh Produce | Gas Station | Hearing Aids | Membership | Optical Department | Optometrist | Pharmacy | Rotisserie Chicken | Service Deli | Tire Service Center | T-Mobile Cellular Kiosk","Costco warehouse locator API","https://ecom-api.costco.com/core/warehouse-locator/v1/salesLocations.json","2026-07-31T21:17:08.8202518Z"
"Costco","1156","Lexington","1500 FITZGERALD CT","","1500 FITZGERALD CT, LEXINGTON, KY, 40509-8307","LEXINGTON","KY","40509-8307","US","38.02481812","-84.40985874","(859) 245-3620","Sales Location","Warehouse","MW","America/New_York","2013-10-18","True","True","True","True","True","True","Auto Buying Program | Bakery | Executive Membership | Food Court | Fresh Deli | Fresh Meat | Fresh Produce | Gas Station | Hearing Aids | Independent Optometrist | Membership | Optical Department | Pharmacy | Rotisserie Chicken | Service Deli | Special Order Kiosk | Tire Service Center | T-Mobile Cellular Kiosk","Costco warehouse locator API","https://ecom-api.costco.com/core/warehouse-locator/v1/salesLocations.json","2026-07-31T21:17:08.7248374Z"
"Costco","1238","Louisville","3408 BARDSTOWN RD","","3408 BARDSTOWN RD, LOUISVILLE, KY, 40218-4608","LOUISVILLE","KY","40218-4608","US","38.20371677","-85.66856733","(502) 912-9869","Sales Location","Warehouse","MW","America/New_York","2016-08-27","True","True","True","True","True","True","AT&T Cellular Kiosk | Auto Buying Program | Bakery | Executive Membership | Food Court | Fresh Deli | Fresh Meat | Fresh Produce | Gas Station | Hearing Aids | Independent Optometrist | Membership | Optical Department | Pharmacy | Rotisserie Chicken | Service Deli | Special Order Kiosk | Tire Service Center","Costco warehouse locator API","https://ecom-api.costco.com/core/warehouse-locator/v1/salesLocations.json","2026-07-31T21:17:08.9175676Z"
"Costco","634","NE Louisville","5020 NORTON HEALTHCARE BLVD","","5020 NORTON HEALTHCARE BLVD, LOUISVILLE, KY, 40241-2835","LOUISVILLE","KY","40241-2835","US","38.31627152","-85.57349716","(502) 420-0160","Sales Location","Warehouse","MW","America/New_York","2006-10-26","True","True","True","True","True","True","AT&T Cellular Kiosk | Auto Buying Program | Bakery | Executive Membership | Food Court | Fresh Deli | Fresh Meat | Fresh Produce | Gas Station | Hearing Aids | Membership | Optical Department | Pharmacy | Rotisserie Chicken | Tire Service Center","Costco warehouse locator API","https://ecom-api.costco.com/core/warehouse-locator/v1/salesLocations.json","2026-07-31T21:17:07.9302565Z"
"Costco","1172","Baton Rouge","10000 DAWNADELE AVE BLDG A","","10000 DAWNADELE AVE BLDG A, BATON ROUGE, LA, 70809-2591","BATON ROUGE","LA","70809-2591","US","30.41940595","-91.07407067","(225) 295-4600","Sales Location","Warehouse","TE","America/Chicago","2014-04-25","True","True","True","True","True","True","AT&T Cellular Kiosk | Auto Buying Program | Bakery | Executive Membership | Food Court | Fresh Deli | Fresh Produce | Gas Station | Hearing Aids | Independent Optometrist | Membership | Optical Department | Pharmacy | Rotisserie Chicken | Tire Service Center","Costco warehouse locator API","https://ecom-api.costco.com/core/warehouse-locator/v1/salesLocations.json","2026-07-31T21:17:08.7479433Z"
"Costco","1670","Covington LA","4001 PINNACLE PKWY","","4001 PINNACLE PKWY, COVINGTON, LA, 70433-6052","COVINGTON","LA","70433-6052","US","30.447405","-90.131451","(985) 249-2389","Sales Location","Warehouse","TE","America/Chicago","2024-08-28","True","True","True","True","True","True","*General Information | Auto Buying Program | Bakery | Executive Membership | Food Court | Fresh Deli | Fresh Meat | Fresh Produce | Gas Station | Hearing Aids | Independent Optometrist | Membership | Optical Department | Pharmacy | Pizza Kitchen | Rotisserie Chicken | Self Check-out | Service Deli | Tire Service Center | T-Mobile Cellular Kiosk","Costco warehouse locator API","https://ecom-api.costco.com/core/warehouse-locator/v1/salesLocations.json","2026-07-31T21:17:09.2749754Z"
"Costco","1201","Lafayette","201 MEADOW FARM RD","","201 MEADOW FARM RD, LAFAYETTE, LA, 70508-7277","LAFAYETTE","LA","70508-7277","US","30.15635483","-92.04319897","(337) 541-7025","Sales Location","Warehouse","TE","America/Chicago","2016-03-17","True","True","True","True","True","True","Auto Buying Program | Bakery | Diesel | Executive Membership | Food Court | Fresh Deli | Fresh Meat | Fresh Produce | Gas Station | Hearing Aids | Independent Optometrist | Membership | Optical Department | Pharmacy | Rotisserie Chicken | Service Deli | Special Order Kiosk | Tire Service Center | T-Mobile Cellular Kiosk","Costco warehouse locator API","https://ecom-api.costco.com/core/warehouse-locator/v1/salesLocations.json","2026-07-31T21:17:08.8305899Z"
"Costco","1147","New Orleans","3900 DUBLIN ST","","3900 DUBLIN ST, NEW ORLEANS, LA, 70118-4754","NEW ORLEANS","LA","70118-4754","US","29.96834626","-90.1103853","(504) 484-5220","Sales Location","Warehouse","TE","America/Chicago","2013-09-21","True","True","True","True","True","True","AT&T Cellular Kiosk | Auto Buying Program | Bakery | Executive Membership | Food Court | Fresh Deli | Fresh Meat | Fresh Produce | Gas Station | Hearing Aids | Independent Optometrist | Membership | Optical Department | Pharmacy | Rotisserie Chicken | Tire Service Center","Costco warehouse locator API","https://ecom-api.costco.com/core/warehouse-locator/v1/salesLocations.json","2026-07-31T21:17:08.7156158Z"
"Costco","303","Avon MA","120 STOCKWELL DR","","120 STOCKWELL DR, AVON, MA, 02322-1149","AVON","MA","02322-1149","US","42.13683256","-71.06609804","(508) 232-4000","Sales Location","Warehouse","NE","America/New_York","1991-09-12","False","True","True","True","True","True","ATM | Auto Buying Program | Bakery | Executive Membership | Food Court | Fresh Deli | Fresh Meat | Fresh Produce | Hearing Aids | Independent Optometrist | Membership | Optical Department | Pharmacy | Special Order Kiosk | Tire Service Center | T-Mobile Cellular Kiosk | Travel","Costco warehouse locator API","https://ecom-api.costco.com/core/warehouse-locator/v1/salesLocations.json","2026-07-31T21:17:07.4074703Z"
"Costco","301","Danvers","11 NEWBURY ST","","11 NEWBURY ST, DANVERS, MA, 01923-1014","DANVERS","MA","01923-1014","US","42.5566079","-70.97740404","(978) 750-1000","Sales Location","Warehouse","NE","America/New_York","1990-11-29","True","True","True","True","True","True","AT&T Cellular Kiosk | Auto Buying Program | Bakery | Executive Membership | Food Court | Fresh Deli | Fresh Meat | Fresh Produce | Gas Station | Hearing Aids | Independent Optometrist | Membership | Optical Department | Pharmacy | Special Order Kiosk | Tire Service Center","Costco warehouse locator API","https://ecom-api.costco.com/core/warehouse-locator/v1/salesLocations.json","2026-07-31T21:17:07.3828697Z"
"Costco","319","Dedham","200 LEGACY BLVD","","200 LEGACY BLVD, DEDHAM, MA, 02026-2653","DEDHAM","MA","02026-2653","US","42.23169261","-71.17348953","(781) 251-9975","Sales Location","Warehouse","NE","America/New_York","1998-03-17","True","True","True","True","True","True","A PS Processing | AT&T Cellular Kiosk | Auto Buying Program | Bakery | Executive Membership | Food Court | Fresh Deli | Fresh Meat | Fresh Produce | Gas Station | Hearing Aids | Independent Optometrist | Membership | Optical Department | Pharmacy | Service Deli | Special Order Kiosk | Tire Service Center","Costco warehouse locator API","https://ecom-api.costco.com/core/warehouse-locator/v1/salesLocations.json","2026-07-31T21:17:07.4494996Z"
"Costco","333","Everett MA","2 MYSTIC VIEW RD","","2 MYSTIC VIEW RD, EVERETT, MA, 02149-2428","EVERETT","MA","02149-2428","US","42.39671885","-71.07236632","(617) 544-4806","Sales Location","Warehouse","NE","America/New_York","2002-11-21","False","True","True","True","True","True","ATM | Auto Buying Program | Bakery | Executive Membership | Food Court | Hearing Aids | Independent Optometrist | Membership | Optical Department | Pharmacy | Tire Service Center | T-Mobile Cellular Kiosk","Costco warehouse locator API","https://ecom-api.costco.com/core/warehouse-locator/v1/salesLocations.json","2026-07-31T21:17:07.4834944Z"
"Costco","1704","Sharon","160 OLD POST ROAD","","160 OLD POST ROAD, SHARON, MA, 02067-2820","SHARON","MA","02067-2820","US","42.10092","-71.22488","(781) 253-7640","Sales Location","Warehouse","NE","America/New_York","2025-03-12","True","True","True","True","True","True","AT&T Cellular Kiosk | Food Court | Gas Station | Hearing Aids | Optical Department | Pharmacy | Tire Service Center","Costco warehouse locator API","https://ecom-api.costco.com/core/warehouse-locator/v1/salesLocations.json","2026-07-31T21:17:09.3081979Z"
"Costco","308","Waltham","71 2ND AVE","","71 2ND AVE, WALTHAM, MA, 02451-1107","WALTHAM","MA","02451-1107","US","42.39470506","-71.26519343","(781) 622-3883","Sales Location","Warehouse","NE","America/New_York","1993-11-10","False","True","True","True","True","True","Auto Buying Program | Bakery | Executive Membership | Food Court | Fresh Deli | Fresh Meat | Fresh Produce | Hearing Aids | Independent Optometrist | Membership | Optical Department | Pharmacy | Special Order Kiosk | Tire Service Center | T-Mobile Cellular Kiosk | Travel","Costco warehouse locator API","https://ecom-api.costco.com/core/warehouse-locator/v1/salesLocations.json","2026-07-31T21:17:07.4189782Z"
"Costco","302","West Springfield","119 DAGGETT DR","","119 DAGGETT DR, WEST SPRINGFIELD, MA, 01089-4672","WEST SPRINGFIELD","MA","01089-4672","US","42.13211425","-72.6205927","(413) 747-5518","Sales Location","Warehouse","NE","America/New_York","1990-11-08","True","True","True","True","True","True","AT&T Cellular Kiosk | Auto Buying Program | Bakery | Executive Membership | Food Court | Fresh Deli | Fresh Meat | Fresh Produce | Gas Station | Hearing Aids | Independent Optometrist | Membership | Optical Department | Pharmacy | Service Deli | Special Order Kiosk | Tire Service Center","Costco warehouse locator API","https://ecom-api.costco.com/core/warehouse-locator/v1/salesLocations.json","2026-07-31T21:17:07.4054722Z"
"Costco","208","White Marsh","9919 PULASKI HWY","","9919 PULASKI HWY, BALTIMORE, MD, 21220-1411","BALTIMORE","MD","21220-1411","US","39.35812501","-76.44532985","(410) 574-7563","Sales Location","Warehouse","NE","America/New_York","1988-03-12","True","True","True","True","True","True","AT&T Cellular Kiosk | ATM | Auto Buying Program | Bakery | Executive Membership | Food Court | Fresh Deli | Fresh Meat | Fresh Produce | Gas Station | Hearing Aids | Independent Optometrist | Membership | Optical Department | Pharmacy | Special Order Kiosk | Tire Service Center | Travel","Costco warehouse locator API","https://ecom-api.costco.com/core/warehouse-locator/v1/salesLocations.json","2026-07-31T21:17:07.2824839Z"
"Costco","214","Beltsville","10925 BALTIMORE AVE","","10925 BALTIMORE AVE, BELTSVILLE, MD, 20705-2117","BELTSVILLE","MD","20705-2117","US","39.03247252","-76.90858041","(301) 902-2640","Sales Location","Warehouse","NE","America/New_York","1990-06-02","True","True","True","True","True","True","AT&T Cellular Kiosk | ATM | Auto Buying Program | Bakery | Executive Membership | Food Court | Fresh Deli | Fresh Meat | Fresh Produce | Gas Station | Hearing Aids | Independent Optometrist | Membership | Optical Department | Pharmacy | Special Order Kiosk | Tire Service Center | Travel","Costco warehouse locator API","https://ecom-api.costco.com/core/warehouse-locator/v1/salesLocations.json","2026-07-31T21:17:07.2923258Z"
"Costco","1039","Brandywine","16006 CRAIN HWY","","16006 CRAIN HWY, BRANDYWINE, MD, 20613-8081","BRANDYWINE","MD","20613-8081","US","38.670482","-76.87314848","(301) 372-3200","Sales Location","Warehouse","NE","America/New_York","2008-11-12","True","True","True","True","True","True","AT&T Cellular Kiosk | Auto Buying Program | Bakery | Executive Membership | Food Court | Fresh Deli | Fresh Meat | Fresh Produce | Gas Station | Hearing Aids | Independent Optometrist | Membership | Optical Department | Pharmacy | Rotisserie Chicken | Tire Service Center","Costco warehouse locator API","https://ecom-api.costco.com/core/warehouse-locator/v1/salesLocations.json","2026-07-31T21:17:08.5295694Z"
"Costco","1000","Columbia MD","6675 MARIE CURIE DR","","6675 MARIE CURIE DR, ELKRIDGE, MD, 21075-6457","ELKRIDGE","MD","21075-6457","US","39.18655015","-76.79376052","(410) 423-4052","Sales Location","Warehouse","NE","America/New_York","2007-10-05","True","True","True","True","True","True","Auto Buying Program | Bakery | Executive Membership | Food Court | Fresh Deli | Fresh Meat | Fresh Produce | Gas Station | Hearing Aids | Independent Optometrist | Membership | Optical Department | Pharmacy | Rotisserie Chicken | Service Deli | Special Order Kiosk | Tire Service Center | T-Mobile Cellular Kiosk","Costco warehouse locator API","https://ecom-api.costco.com/core/warehouse-locator/v1/salesLocations.json","2026-07-31T21:17:08.3902096Z"
"Costco","330","Frederick","10 MONOCACY BLVD","","10 MONOCACY BLVD, FREDERICK, MD, 21704-7256","FREDERICK","MD","21704-7256","US","39.40136338","-77.40824523","(301) 644-1483","Sales Location","Warehouse","NE","America/New_York","2001-12-01","True","True","True","True","True","True","Auto Buying Program | Bakery | Executive Membership | Food Court | Fresh Meat | Fresh Produce | Gas Station | Hearing Aids | Independent Optometrist | Membership | Optical Department | Pharmacy | Tire Service Center | T-Mobile Cellular Kiosk | Wheelchair Available","Costco warehouse locator API","https://ecom-api.costco.com/core/warehouse-locator/v1/salesLocations.json","2026-07-31T21:17:07.4794773Z"
"Costco","213","Gaithersburg","880 RUSSELL AVE","","880 RUSSELL AVE, GAITHERSBURG, MD, 20879-3506","GAITHERSBURG","MD","20879-3506","US","39.15592603","-77.21403113","(301) 417-1500","Sales Location","Warehouse","NE","America/New_York","1990-07-28","False","True","True","True","True","True","Auto Buying Program | Bakery | Executive Membership | Food Court | Fresh Deli | Fresh Meat | Fresh Produce | Hearing Aids | Independent Optometrist | Membership | Optical Department | Pharmacy | Service Deli | Special Order Kiosk | Tire Service Center | T-Mobile Cellular Kiosk","Costco warehouse locator API","https://ecom-api.costco.com/core/warehouse-locator/v1/salesLocations.json","2026-07-31T21:17:07.2883281Z"
"Costco","203","Glen Burnie","575 E ORDNANCE RD","","575 E ORDNANCE RD, GLEN BURNIE, MD, 21060-6555","GLEN BURNIE","MD","21060-6555","US","39.19622258","-76.60020292","(410) 590-8603","Sales Location","Warehouse","NE","America/New_York","1985-11-15","True","True","True","True","True","True","AT&T Cellular Kiosk | Auto Buying Program | Bakery | Executive Membership | Food Court | Fresh Meat | Fresh Produce | Gas Station | Hearing Aids | Independent Optometrist | Membership | Optical Department | Pharmacy | Special Order Kiosk | Tire Service Center | Travel","Costco warehouse locator API","https://ecom-api.costco.com/core/warehouse-locator/v1/salesLocations.json","2026-07-31T21:17:07.2700526Z"
"Costco","1078","Woodmore Towne Centre","2400 FIVE LEES LN","","2400 FIVE LEES LN, GLENARDEN, MD, 20706-1617","GLENARDEN","MD","20706-1617","US","38.92338208","-76.85069548","(301) 341-6742","Sales Location","Warehouse","NE","America/New_York","2010-10-26","True","True","True","True","True","True","AT&T Cellular Kiosk | Auto Buying Program | Bakery | Executive Membership | Food Court | Fresh Deli | Fresh Meat | Fresh Produce | Gas Station | Hearing Aids | Independent Optometrist | Membership | Optical Department | Pharmacy | Rotisserie Chicken | Tire Service Center","Costco warehouse locator API","https://ecom-api.costco.com/core/warehouse-locator/v1/salesLocations.json","2026-07-31T21:17:08.6033823Z"
"Costco","325","Arundel Mills","7077 ARUNDEL MILLS CIR","","7077 ARUNDEL MILLS CIR, HANOVER, MD, 21076-1387","HANOVER","MD","21076-1387","US","39.15593479","-76.73066879","(410) 379-3100","Sales Location","Warehouse","NE","America/New_York","2001-12-01","True","True","True","True","True","True","ATM | Auto Buying Program | Bakery | Executive Membership | Food Court | Fresh Meat | Fresh Produce | Gas Station | Hearing Aids | Home Improvement | Independent Optometrist | Membership | Optical Department | Pharmacy | Service Deli | Tire Service Center | T-Mobile Cellular Kiosk | Tobacco | Wheelchair Available","Costco warehouse locator API","https://ecom-api.costco.com/core/warehouse-locator/v1/salesLocations.json","2026-07-31T21:17:07.4655092Z"
"Costco","1326","Owings Mills","10270 MILL RUN CIRCLE","","10270 MILL RUN CIRCLE, OWINGS MILLS, MD, 21117-4214","OWINGS MILLS","MD","21117-4214","US","39.40633332","-76.78915203","(443) 501-7043","Sales Location","Warehouse","NE","America/New_York","2018-10-18","True","True","True","True","True","True","AT&T Cellular Kiosk | Auto Buying Program | Bakery | Executive Membership | Food Court | Fresh Deli | Fresh Meat | Fresh Produce | Gas Station | Hearing Aids | Independent Optometrist | Membership | Optical Department | Pharmacy | Rotisserie Chicken | Tire Service Center","Costco warehouse locator API","https://ecom-api.costco.com/core/warehouse-locator/v1/salesLocations.json","2026-07-31T21:17:09.0183631Z"
"Costco","1124","Wheaton","11160 VEIRS MILL RD","SUITE DPT4","11160 VEIRS MILL RD, SUITE DPT4, WHEATON, MD, 20902-2538","WHEATON","MD","20902-2538","US","39.035686","-77.055739","(301) 692-1330","Sales Location","Warehouse","NE","America/New_York","2013-04-10","False","True","True","True","True","True","Auto Buying Program | Bakery | Executive Membership | Food Court | Fresh Deli | Fresh Meat | Fresh Produce | Hearing Aids | Independent Optometrist | Membership | Optical Department | Pharmacy | Rotisserie Chicken | Service Deli | Tire Service Center | T-Mobile Cellular Kiosk","Costco warehouse locator API","https://ecom-api.costco.com/core/warehouse-locator/v1/salesLocations.json","2026-07-31T21:17:08.7066100Z"
"Costco","1657","Scarborough ME","455 SCARBOROUGH DOWNS ROAD","","455 SCARBOROUGH DOWNS ROAD, SCARBOROUGH, ME, 04074","SCARBOROUGH","ME","04074","US","43.608808","-70.35828","(207) 503-9902","Sales Location","Warehouse","NE","America/New_York","2023-11-17","True","True","True","True","False","True","*General Information | AT&T Cellular Kiosk | ATM | Auto Buying Program | Executive Membership | Food Court | Fresh Produce | Gas Station | Independent Optometrist | Optical Department | Pharmacy | Self Check-out | Service Deli | Tire Service Center","Costco warehouse locator API","https://ecom-api.costco.com/core/warehouse-locator/v1/salesLocations.json","2026-07-31T21:17:09.2442509Z"
"Costco","1106","Pittsfield Township","771 AIRPORT BLVD","","771 AIRPORT BLVD, ANN ARBOR, MI, 48108-3601","ANN ARBOR","MI","48108-3601","US","42.23056716","-83.7444902","(734) 213-8010","Sales Location","Warehouse","MW","America/Detroit","2012-06-29","True","True","True","True","True","True","Auto Buying Program | Bakery | Executive Membership | Food Court | Fresh Deli | Fresh Meat | Fresh Produce | Gas Station | Hearing Aids | Independent Optometrist | Membership | Optical Department | Pharmacy | Rotisserie Chicken | Tire Service Center | T-Mobile Cellular Kiosk","Costco warehouse locator API","https://ecom-api.costco.com/core/warehouse-locator/v1/salesLocations.json","2026-07-31T21:17:08.6485969Z"
"Costco","376","Auburn Hills","400 BROWN RD","","400 BROWN RD, AUBURN HILLS, MI, 48326-1305","AUBURN HILLS","MI","48326-1305","US","42.70629654","-83.29628332","(248) 648-0003","Sales Location","Warehouse","MW","America/Detroit","2000-11-22","True","True","True","True","True","True","AT&T Cellular Kiosk | Auto Buying Program | Bakery | Executive Membership | Food Court | Fresh Deli | Fresh Meat | Fresh Produce | Gas Station | Hearing Aids | Independent Optometrist | Membership | Optical Department | Pharmacy | Rotisserie Chicken | Special Order Kiosk | Take Out Pizza | Tire Service Center | Wheelchair Available","Costco warehouse locator API","https://ecom-api.costco.com/core/warehouse-locator/v1/salesLocations.json","2026-07-31T21:17:07.6333572Z"
"Costco","1037","Bloomfield","2343 S TELEGRAPH RD","","2343 S TELEGRAPH RD, BLOOMFIELD, MI, 48302-0254","BLOOMFIELD","MI","48302-0254","US","42.60671363","-83.29337045","(248) 836-1603","Sales Location","Warehouse","MW","America/Detroit","1998-05-01","True","True","True","True","True","True","Auto Buying Program | Bakery | Executive Membership | Food Court | Fresh Deli | Fresh Produce | Gas Station | Hearing Aids | Independent Optometrist | Membership | Optical Department | Pharmacy | Rotisserie Chicken | Tire Service Center | T-Mobile Cellular Kiosk","Costco warehouse locator API","https://ecom-api.costco.com/core/warehouse-locator/v1/salesLocations.json","2026-07-31T21:17:08.5242236Z"
"Costco","786","Green Oak Township","6700 WHITMORE LAKE RD","","6700 WHITMORE LAKE RD, BRIGHTON, MI, 48116-2160","BRIGHTON","MI","48116-2160","US","42.50379139","-83.76159356","(810) 220-8950","Sales Location","Warehouse","MW","America/Detroit","2004-12-08","True","True","True","True","True","True","AT&T Cellular Kiosk | Auto Buying Program | Bakery | Executive Membership | Food Court | Fresh Deli | Fresh Meat | Fresh Produce | Gas Station | Hearing Aids | Independent Optometrist | Membership | Optical Department | Pharmacy | Tire Service Center","Costco warehouse locator API","https://ecom-api.costco.com/core/warehouse-locator/v1/salesLocations.json","2026-07-31T21:17:08.3659808Z"
"Costco","341","Commerce Township","3000 COMMERCE XING","","3000 COMMERCE XING, COMMERCE TOWNSHIP, MI, 48390-3082","COMMERCE TOWNSHIP","MI","48390-3082","US","42.53383352","-83.44474947","(248) 529-2300","Sales Location","Warehouse","MW","America/Detroit","2003-09-25","True","True","True","True","True","True","AT&T Cellular Kiosk | Auto Buying Program | Bakery | Executive Membership | Food Court | Fresh Meat | Fresh Produce | Gas Station | Hearing Aids | Independent Optometrist | Membership | Optical Department | Pharmacy | Tire Service Center","Costco warehouse locator API","https://ecom-api.costco.com/core/warehouse-locator/v1/salesLocations.json","2026-07-31T21:17:07.5077155Z"
"Costco","1277","East Lansing","2540 E SAGINAW HIGHWAY","","2540 E SAGINAW HIGHWAY, EAST LANSING, MI, 48823-9719","EAST LANSING","MI","48823-9719","US","42.7516873","-84.44388528","(517) 903-5000","Sales Location","Warehouse","MW","America/Detroit","2017-10-27","True","True","True","True","True","True","AT&T Cellular Kiosk | Auto Buying Program | Bakery | Executive Membership | Food Court | Fresh Deli | Fresh Meat | Fresh Produce | Gas Station | Hearing Aids | Independent Optometrist | Membership | Optical Department | Pharmacy | Tire Service Center","Costco warehouse locator API","https://ecom-api.costco.com/core/warehouse-locator/v1/salesLocations.json","2026-07-31T21:17:08.9529841Z"
"Costco","1716","Genesee County","6200 LAFONTAINE WAY","","6200 LAFONTAINE WAY, FLINT, MI, 48507-4905","FLINT","MI","48507-4905","US","42.94269","-83.71961","(810) 496-6829","Sales Location","Warehouse","MW","America/Detroit","2025-03-13","True","True","True","True","True","True","AT&T Cellular Kiosk | Food Court | Gas Station | Hearing Aids | Optical Department | Pharmacy | Tire Service Center","Costco warehouse locator API","https://ecom-api.costco.com/core/warehouse-locator/v1/salesLocations.json","2026-07-31T21:17:09.3172740Z"
"Costco","1744","Fruitport","6110 S HARVEY STREET","","6110 S HARVEY STREET, FRUITPORT, MI, 49444-0000","FRUITPORT","MI","49444-0000","US","43.141256","-86.201824","(231) 900-4522","Sales Location","Warehouse","MW","America/Detroit","2025-10-29","True","True","True","True","True","True","Food Court | Gas Station | Hearing Aids | Optical Department | Pharmacy | Tire Service Center","Costco warehouse locator API","https://ecom-api.costco.com/core/warehouse-locator/v1/salesLocations.json","2026-07-31T21:17:09.3397699Z"
"Costco","784","Grand Rapids","5100 28TH ST SE","","5100 28TH ST SE, GRAND RAPIDS, MI, 49512-2049","GRAND RAPIDS","MI","49512-2049","US","42.91091634","-85.54269863","(616) 233-4401","Sales Location","Warehouse","MW","America/Detroit","2004-12-09","True","True","True","True","True","True","AT&T Cellular Kiosk | Auto Buying Program | Bakery | Executive Membership | Food Court | Fresh Deli | Fresh Meat | Fresh Produce | Gas Station | Hearing Aids | Independent Optometrist | Membership | Optical Department | Pharmacy | Rotisserie Chicken | Tire Service Center","Costco warehouse locator API","https://ecom-api.costco.com/core/warehouse-locator/v1/salesLocations.json","2026-07-31T21:17:08.3595930Z"
"Costco","1191","Kalamazoo","5100 CENTURY AVE","","5100 CENTURY AVE, KALAMAZOO, MI, 49006-5714","KALAMAZOO","MI","49006-5714","US","42.27201209","-85.65097526","(269) 743-2298","Sales Location","Warehouse","MW","America/Detroit","2014-11-12","True","True","True","True","True","True","AT&T Cellular Kiosk | Bakery | Executive Membership | Food Court | Fresh Deli | Fresh Meat | Fresh Produce | Gas Station | Hearing Aids | Independent Optometrist | Membership | Optical Department | Pharmacy | Rotisserie Chicken | Service Deli | Special Order Kiosk | Tire Service Center","Costco warehouse locator API","https://ecom-api.costco.com/core/warehouse-locator/v1/salesLocations.json","2026-07-31T21:17:08.7940957Z"
"Costco","391","Haggerty","20000 HAGGERTY RD","","20000 HAGGERTY RD, LIVONIA, MI, 48152-1011","LIVONIA","MI","48152-1011","US","42.43310848","-83.43024024","(734) 464-6399","Sales Location","Warehouse","MW","America/Detroit","1998-05-01","True","True","True","True","True","True","AT&T Cellular Kiosk | Auto Buying Program | Bakery | Executive Membership | Food Court | Fresh Deli | Fresh Meat | Fresh Produce | Gas Station | Hearing Aids | Independent Optometrist | Membership | Optical Department | Pharmacy | Service Deli | Special Order Kiosk | Tire Service Center | Travel","Costco warehouse locator API","https://ecom-api.costco.com/core/warehouse-locator/v1/salesLocations.json","2026-07-31T21:17:07.6666645Z"
"Costco","390","Middlebelt","13700 MIDDLEBELT RD","","13700 MIDDLEBELT RD, LIVONIA, MI, 48150-2215","LIVONIA","MI","48150-2215","US","42.38201623","-83.33187217","(734) 427-0563","Sales Location","Warehouse","MW","America/Detroit","1998-05-01","True","True","True","True","True","True","AT&T Cellular Kiosk | Auto Buying Program | Executive Membership | Food Court | Fresh Deli | Fresh Meat | Fresh Produce | Gas Station | Hearing Aids | Independent Optometrist | Membership | Optical Department | Pharmacy | Service Deli | Special Order Kiosk | Tire Service Center | Travel","Costco warehouse locator API","https://ecom-api.costco.com/core/warehouse-locator/v1/salesLocations.json","2026-07-31T21:17:07.6646667Z"
"Costco","393","Madison Heights","30550 STEPHENSON HWY","","30550 STEPHENSON HWY, MADISON HEIGHTS, MI, 48071-1611","MADISON HEIGHTS","MI","48071-1611","US","42.51602761","-83.11690877","(248) 616-0048","Sales Location","Warehouse","MW","America/Detroit","1998-05-01","True","True","True","True","True","True","AT&T Cellular Kiosk | Auto Buying Program | Bakery | Executive Membership | Food Court | Fresh Deli | Fresh Meat | Fresh Produce | Gas Station | Hearing Aids | Independent Optometrist | Membership | Optical Department | Pharmacy | Service Deli | Special Order Kiosk | Tire Service Center | Travel","Costco warehouse locator API","https://ecom-api.costco.com/core/warehouse-locator/v1/salesLocations.json","2026-07-31T21:17:07.6718268Z"
"Costco","1420","Midland","4816 BAY CITY RD","","4816 BAY CITY RD, MIDLAND, MI, 48642-6310","MIDLAND","MI","48642-6310","US","43.60307807","-84.16954684","(989) 488-1553","Sales Location","Warehouse","MW","America/Detroit","2020-11-12","True","True","True","True","True","True","AT&T Cellular Kiosk | Auto Buying Program | Bakery | Executive Membership | Food Court | Fresh Deli | Fresh Meat | Fresh Produce | Gas Station | Hearing Aids | Independent Optometrist | Membership | Optical Department | Pharmacy | Tire Service Center","Costco warehouse locator API","https://ecom-api.costco.com/core/warehouse-locator/v1/salesLocations.json","2026-07-31T21:17:09.1057733Z"
"Costco","394","Roseville MI","27118 GRATIOT AVE","","27118 GRATIOT AVE, ROSEVILLE, MI, 48066-2915","ROSEVILLE","MI","48066-2915","US","42.49638554","-82.93498774","(586) 447-0191","Sales Location","Warehouse","MW","America/Detroit","1998-05-01","True","True","True","True","True","True","ATM | Auto Buying Program | Bakery | Executive Membership | Food Court | Fresh Deli | Fresh Meat | Fresh Produce | Gas Station | Hearing Aids | Independent Optometrist | Membership | Optical Department | Pharmacy | Service Deli | Special Order Kiosk | Tire Service Center | T-Mobile Cellular Kiosk | Travel","Costco warehouse locator API","https://ecom-api.costco.com/core/warehouse-locator/v1/salesLocations.json","2026-07-31T21:17:07.6748391Z"
"Costco","374","Lakeside","45460 MARKET ST","","45460 MARKET ST, SHELBY TOWNSHIP, MI, 48315-6224","SHELBY TOWNSHIP","MI","48315-6224","US","42.62975323","-82.97919685","(586) 580-2000","Sales Location","Warehouse","MW","America/Detroit","2001-10-17","True","True","True","True","True","True","AT&T Cellular Kiosk | Auto Buying Program | Bakery | Executive Membership | Food Court | Fresh Meat | Fresh Produce | Gas Station | Hearing Aids | Independent Optometrist | Membership | Optical Department | Pharmacy | Service Deli | Tire Service Center","Costco warehouse locator API","https://ecom-api.costco.com/core/warehouse-locator/v1/salesLocations.json","2026-07-31T21:17:07.6233636Z"
"Costco","1663","Southfield Bus Ctr","21110 NORTHWESTERN HWY","","21110 NORTHWESTERN HWY, SOUTHFIELD, MI, 48075-5013","SOUTHFIELD","MI","48075-5013","US","42.447734581720425","-83.20456013556013","(248) 233-8431","Sales Location","Business Center","BD","America/Detroit","2024-01-25","False","False","False","False","False","False","*General Information | *General Information - English | Business Delivery | Business Products | Delivery | Executive Membership | Fresh Produce | Membership | Office Furniture | Restaurant & Hospitality Products | Restaurant Supplies | Tobacco","Costco warehouse locator API","https://ecom-api.costco.com/core/warehouse-locator/v1/salesLocations.json","2026-07-31T21:17:09.2584956Z"
"Costco","1279","Traverse City","125 E SOUTH AIRPORT RD","","125 E SOUTH AIRPORT RD, TRAVERSE CITY, MI, 49686-4864","TRAVERSE CITY","MI","49686-4864","US","44.7342715","-85.5716373","(231) 252-7000","Sales Location","Warehouse","MW","America/Detroit","2017-10-26","True","True","True","True","True","True","AT&T Cellular Kiosk | Auto Buying Program | Bakery | Diesel | Executive Membership | Food Court | Fresh Deli | Fresh Meat | Fresh Produce | Gas Station | Hearing Aids | Independent Optometrist | Membership | Optical Department | Pharmacy | Rotisserie Chicken | Tire Service Center","Costco warehouse locator API","https://ecom-api.costco.com/core/warehouse-locator/v1/salesLocations.json","2026-07-31T21:17:08.9589832Z"
"Costco","744","Wyoming","4901 WILSON AVE SW","","4901 WILSON AVE SW, WYOMING, MI, 49418-8788","WYOMING","MI","49418-8788","US","42.87595782","-85.76337797","(616) 406-2651","Sales Location","Warehouse","MW","America/Detroit","2005-06-16","True","True","True","True","True","True","Auto Buying Program | Bakery | Executive Membership | Food Court | Fresh Deli | Fresh Meat | Fresh Produce | Gas Station | Hearing Aids | Independent Optometrist | Membership | Optical Department | Pharmacy | Rotisserie Chicken | Tire Service Center | T-Mobile Cellular Kiosk","Costco warehouse locator API","https://ecom-api.costco.com/core/warehouse-locator/v1/salesLocations.json","2026-07-31T21:17:08.2064449Z"
"Costco","1122","Baxter","13650 ELDER DR","","13650 ELDER DR, BAXTER, MN, 56425-8818","BAXTER","MN","56425-8818","US","46.34929759","-94.24713969","(218) 855-5740","Sales Location","Warehouse","MW","America/Chicago","2012-10-24","True","True","True","True","True","True","AT&T Cellular Kiosk | Auto Buying Program | Bakery | Executive Membership | Food Court | Fresh Deli | Fresh Meat | Fresh Produce | Gas Station | Hearing Aids | Membership | Optical Department | Pharmacy | Rotisserie Chicken | Tire Service Center","Costco warehouse locator API","https://ecom-api.costco.com/core/warehouse-locator/v1/salesLocations.json","2026-07-31T21:17:08.7007547Z"
"Costco","1087","Burnsville","14050 BURNHAVEN DR","","14050 BURNHAVEN DR, BURNSVILLE, MN, 55337-4407","BURNSVILLE","MN","55337-4407","US","44.74967624","-93.29461182","(952) 229-6449","Sales Location","Warehouse","MW","America/Chicago","2010-11-23","True","True","True","True","True","True","AT&T Cellular Kiosk | Auto Buying Program | Bakery | Executive Membership | Food Court | Fresh Deli | Fresh Produce | Gas Station | Hearing Aids | Independent Optometrist | Membership | Optical Department | Pharmacy | Rotisserie Chicken | Tire Service Center","Costco warehouse locator API","https://ecom-api.costco.com/core/warehouse-locator/v1/salesLocations.json","2026-07-31T21:17:08.6270483Z"
"Costco","1646","Chaska","2 OAKRIDGE DRIVE","","2 OAKRIDGE DRIVE, CHASKA, MN, 55318-1030","CHASKA","MN","55318-1030","US","44.84054","-93.601977","(952) 513-2821","Sales Location","Warehouse","MW","America/Chicago","2024-07-13","True","True","True","True","True","True","*General Information | Food Court | Gas Station | Hearing Aids | Optical Department | Pharmacy | Tire Service Center | T-Mobile Cellular Kiosk","Costco warehouse locator API","https://ecom-api.costco.com/core/warehouse-locator/v1/salesLocations.json","2026-07-31T21:17:09.2264353Z"
"Costco","1422","Duluth","4611 W ARROWHEAD RD.","","4611 W ARROWHEAD RD., DULUTH, MN, 55811-4030","DULUTH","MN","55811-4030","US","46.8233388","-92.1731843","(218) 600-5978","Sales Location","Warehouse","MW","America/Chicago","2021-10-28","True","True","True","True","True","True","AT&T Cellular Kiosk | Auto Buying Program | Bakery | Executive Membership | Food Court | Fresh Deli | Fresh Meat | Fresh Produce | Gas Station | Hearing Aids | Membership | Optical Department | Optometrist | Pharmacy | Rotisserie Chicken | Tire Service Center","Costco warehouse locator API","https://ecom-api.costco.com/core/warehouse-locator/v1/salesLocations.json","2026-07-31T21:17:09.1108293Z"
"Costco","1363","Eagan","995 BLUE GENTIAN RD","","995 BLUE GENTIAN RD, EAGAN, MN, 55121-1542","EAGAN","MN","55121-1542","US","44.85968862","-93.14109183","(612) 439-8060","Sales Location","Warehouse","MW","America/Chicago","2019-11-15","True","True","True","True","True","True","Auto Buying Program | Bakery | Executive Membership | Food Court | Fresh Deli | Fresh Meat | Fresh Produce | Gas Station | Hearing Aids | Independent Optometrist | Membership | Optical Department | Pharmacy | Rotisserie Chicken | Tire Service Center | T-Mobile Cellular Kiosk","Costco warehouse locator API","https://ecom-api.costco.com/core/warehouse-locator/v1/salesLocations.json","2026-07-31T21:17:09.0587702Z"
"Costco","783","Eden Prairie","12011 TECHNOLOGY DR","","12011 TECHNOLOGY DR, EDEN PRAIRIE, MN, 55344-3620","EDEN PRAIRIE","MN","55344-3620","US","44.8605022","-93.43594567","(952) 943-4801","Sales Location","Warehouse","MW","America/Chicago","2004-11-18","True","True","True","True","True","True","Auto Buying Program | Bakery | Executive Membership | Food Court | Fresh Meat | Fresh Produce | Gas Station | Hearing Aids | Independent Optometrist | Membership | Optical Department | Pharmacy | Tire Service Center | T-Mobile Cellular Kiosk","Costco warehouse locator API","https://ecom-api.costco.com/core/warehouse-locator/v1/salesLocations.json","2026-07-31T21:17:08.3565931Z"
"Costco","648","Maple Grove","11330 FOUNTAINS DR","","11330 FOUNTAINS DR, MAPLE GROVE, MN, 55369-7200","MAPLE GROVE","MN","55369-7200","US","45.09255082","-93.4245145","(763) 494-8050","Sales Location","Warehouse","MW","America/Chicago","2006-10-27","True","True","True","True","True","True","Auto Buying Program | Bakery | Executive Membership | Food Court | Fresh Deli | Fresh Meat | Fresh Produce | Gas Station | Hearing Aids | Membership | Optical Department | Pharmacy | Rotisserie Chicken | Tire Service Center | T-Mobile Cellular Kiosk","Costco warehouse locator API","https://ecom-api.costco.com/core/warehouse-locator/v1/salesLocations.json","2026-07-31T21:17:07.9634056Z"
"Costco","1021","Maplewood","1431 BEAM AVE","","1431 BEAM AVE, MAPLEWOOD, MN, 55109-1064","MAPLEWOOD","MN","55109-1064","US","45.02899578","-93.03991733","(612) 486-1740","Sales Location","Warehouse","MW","America/Chicago","2008-08-28","True","True","True","True","True","True","Auto Buying Program | Bakery | Executive Membership | Food Court | Fresh Deli | Fresh Meat | Fresh Produce | Gas Station | Hearing Aids | Independent Optometrist | Membership | Optical Department | Pharmacy | Rotisserie Chicken | Tire Service Center | T-Mobile Cellular Kiosk","Costco warehouse locator API","https://ecom-api.costco.com/core/warehouse-locator/v1/salesLocations.json","2026-07-31T21:17:08.4845510Z"
"Costco","372","Coon Rapids","12547 RIVERDALE BLVD NW","","12547 RIVERDALE BLVD NW, MINNEAPOLIS, MN, 55448-6708","MINNEAPOLIS","MN","55448-6708","US","45.19922025","-93.34847725","(763) 712-7763","Sales Location","Warehouse","MW","America/Chicago","2001-10-23","True","True","True","True","True","True","AT&T Cellular Kiosk | Auto Buying Program | Bakery | Executive Membership | Food Court | Fresh Meat | Fresh Produce | Gas Station | Hearing Aids | Independent Optometrist | Membership | Optical Department | Pharmacy | Service Deli | Tire Service Center","Costco warehouse locator API","https://ecom-api.costco.com/core/warehouse-locator/v1/salesLocations.json","2026-07-31T21:17:07.6121985Z"
"Costco","652","Minneapolis Bus Ctr","3311 BROADWAY ST NE","","3311 BROADWAY ST NE, MINNEAPOLIS, MN, 55413-4553","MINNEAPOLIS","MN","55413-4553","US","45.00039617","-93.21626094","(651) 502-7600","Sales Location","Business Center","BD","America/Chicago","2018-06-27","True","False","False","False","False","False","Auto Buying Program | Business Delivery | Business Products | Delivery | Executive Membership | Fresh Meat | Gas Station | Membership | Office Furniture | Restaurant Supplies | Select Produce & Deli Area | Tobacco","Costco warehouse locator API","https://ecom-api.costco.com/core/warehouse-locator/v1/salesLocations.json","2026-07-31T21:17:07.9714107Z"
"Costco","1743","Otsego","11910 60TH STREET NE","","11910 60TH STREET NE, OTSEGO, MN, 55301-9730","OTSEGO","MN","55301-9730","US","45.23972502328801","-93.6444325930782","(651) 797-5149","Sales Location","Warehouse","MW","America/Chicago","2026-08-14","True","True","True","True","True","True","Bakery | Food Court | Gas Station | Hearing Aids | Membership | Optical Department | Pharmacy | Rotisserie Chicken | Self Check-out | Service Deli | Tire Service Center","Costco warehouse locator API","https://ecom-api.costco.com/core/warehouse-locator/v1/salesLocations.json","2026-07-31T21:17:09.3388107Z"
"Costco","1125","Rochester MN","2020 COMMERCE DR NW","","2020 COMMERCE DR NW, ROCHESTER, MN, 55901-3246","ROCHESTER","MN","55901-3246","US","44.04673135","-92.51768179","(507) 286-1860","Sales Location","Warehouse","MW","America/Chicago","2012-11-16","True","True","True","True","True","True","Auto Buying Program | Bakery | Executive Membership | Food Court | Fresh Deli | Fresh Meat | Fresh Produce | Gas Station | Hearing Aids | Independent Optometrist | Membership | Optical Department | Pharmacy | Rotisserie Chicken | Tire Service Center | T-Mobile Cellular Kiosk","Costco warehouse locator API","https://ecom-api.costco.com/core/warehouse-locator/v1/salesLocations.json","2026-07-31T21:17:08.7086159Z"
"Costco","1344","St Cloud","3636 2ND ST S","","3636 2ND ST S, SAINT CLOUD, MN, 56301-3732","SAINT CLOUD","MN","56301-3732","US","45.54867354","-94.20003809","(320) 316-9865","Sales Location","Warehouse","MW","America/Chicago","2019-06-29","True","True","True","True","True","True","AT&T Cellular Kiosk | Auto Buying Program | Bakery | Executive Membership | Food Court | Fresh Deli | Fresh Meat | Fresh Produce | Gas Station | Hearing Aids | Independent Optometrist | Membership | Optical Department | Pharmacy | Rotisserie Chicken | Tire Service Center","Costco warehouse locator API","https://ecom-api.costco.com/core/warehouse-locator/v1/salesLocations.json","2026-07-31T21:17:09.0450974Z"
"Costco","377","St Louis Park","5801 W 16TH ST","","5801 W 16TH ST, SAINT LOUIS PARK, MN, 55416-1446","SAINT LOUIS PARK","MN","55416-1446","US","44.96653536","-93.35370383","(763) 582-9603","Sales Location","Warehouse","MW","America/Chicago","2000-11-16","True","True","True","True","True","True","AT&T Cellular Kiosk | Auto Buying Program | Bakery | EV Station | Executive Membership | Food Court | Fresh Deli | Fresh Meat | Fresh Produce | Gas Station | Hearing Aids | Independent Optometrist | Membership | Optical Department | Pharmacy | Rotisserie Chicken | Special Order Kiosk | Tire Service Center","Costco warehouse locator API","https://ecom-api.costco.com/core/warehouse-locator/v1/salesLocations.json","2026-07-31T21:17:07.6358269Z"
"Costco","1272","Woodbury","7070 TAMARACK ROAD","","7070 TAMARACK ROAD, WOODBURY, MN, 55125-1205","WOODBURY","MN","55125-1205","US","44.93909171","-92.96265067","(612) 540-5458","Sales Location","Warehouse","MW","America/Chicago","2017-11-15","True","True","True","True","True","True","AT&T Cellular Kiosk | Auto Buying Program | Bakery | Executive Membership | Food Court | Fresh Deli | Fresh Meat | Fresh Produce | Gas Station | Hearing Aids | Independent Optometrist | Membership | Optical Department | Pharmacy | Rotisserie Chicken | Special Order Kiosk | Tire Service Center","Costco warehouse locator API","https://ecom-api.costco.com/core/warehouse-locator/v1/salesLocations.json","2026-07-31T21:17:08.9454617Z"
"Costco","373","Independence","19040 E VALLEY VIEW PKWY","","19040 E VALLEY VIEW PKWY, INDEPENDENCE, MO, 64055-7004","INDEPENDENCE","MO","64055-7004","US","39.03639484","-94.3568479","(816) 200-2003","Sales Location","Warehouse","MW","America/Chicago","2001-10-18","True","True","True","True","True","True","Auto Buying Program | Bakery | Executive Membership | Food Court | Fresh Meat | Fresh Produce | Gas Station | Hearing Aids | Independent Optometrist | Membership | Optical Department | Pharmacy | Service Deli | Tire Service Center | T-Mobile Cellular Kiosk","Costco warehouse locator API","https://ecom-api.costco.com/core/warehouse-locator/v1/salesLocations.json","2026-07-31T21:17:07.6171973Z"
"Costco","375","Kansas City","241 E LINWOOD BLVD","","241 E LINWOOD BLVD, KANSAS CITY, MO, 64111-1119","KANSAS CITY","MO","64111-1119","US","39.06731066","-94.58122881","(816) 216-0003","Sales Location","Warehouse","MW","America/Chicago","2001-01-12","True","True","True","True","True","True","Auto Buying Program | Bakery | Executive Membership | Food Court | Fresh Deli | Fresh Meat | Fresh Produce | Gas Station | Hearing Aids | Independent Optometrist | Membership | Optical Department | Pharmacy | Rotisserie Chicken | Service Deli | Special Order Kiosk | Tire Service Center | T-Mobile Cellular Kiosk | Wheelchair Available","Costco warehouse locator API","https://ecom-api.costco.com/core/warehouse-locator/v1/salesLocations.json","2026-07-31T21:17:07.6303737Z"
"Costco","1268","N Kansas City","1600 NW 88TH ST","","1600 NW 88TH ST, KANSAS CITY, MO, 64155-2410","KANSAS CITY","MO","64155-2410","US","39.25455096","-94.59929011","(816) 857-7086","Sales Location","Warehouse","MW","America/Chicago","2017-05-18","True","True","True","True","True","True","AT&T Cellular Kiosk | Auto Buying Program | Bakery | Diesel | Executive Membership | Food Court | Fresh Deli | Fresh Meat | Fresh Produce | Gas Station | Hearing Aids | Independent Optometrist | Membership | Optical Department | Pharmacy | Rotisserie Chicken | Service Deli | Special Order Kiosk | Tire Service Center","Costco warehouse locator API","https://ecom-api.costco.com/core/warehouse-locator/v1/salesLocations.json","2026-07-31T21:17:08.9432000Z"
"Costco","1060","Manchester MO","301 HIGHLANDS BLVD DRIVE","","301 HIGHLANDS BLVD DRIVE, MANCHESTER, MO, 63011-4385","MANCHESTER","MO","63011-4385","US","38.59832535","-90.50686703","(636) 686-7400","Sales Location","Warehouse","MW","America/Chicago","2009-11-17","True","True","True","True","True","True","Auto Buying Program | Bakery | Executive Membership | Food Court | Fresh Deli | Fresh Meat | Fresh Produce | Gas Station | Hearing Aids | Independent Optometrist | Membership | Optical Department | Pharmacy | Rotisserie Chicken | Tire Service Center | T-Mobile Cellular Kiosk","Costco warehouse locator API","https://ecom-api.costco.com/core/warehouse-locator/v1/salesLocations.json","2026-07-31T21:17:08.5629625Z"
"Costco","368","S St Louis","4200 RUSTY RD","","4200 RUSTY RD, SAINT LOUIS, MO, 63128-1973","SAINT LOUIS","MO","63128-1973","US","38.50847431","-90.33896286","(314) 894-7950","Sales Location","Warehouse","MW","America/Chicago","2002-09-20","True","True","True","True","True","True","AT&T Cellular Kiosk | Auto Buying Program | Bakery | Executive Membership | Food Court | Fresh Meat | Fresh Produce | Gas Station | Hearing Aids | Independent Optometrist | Membership | Optical Department | Pharmacy | Service Deli | Tire Service Center","Costco warehouse locator API","https://ecom-api.costco.com/core/warehouse-locator/v1/salesLocations.json","2026-07-31T21:17:07.5816556Z"
"Costco","1488","University City","8685 OLIVE BLVD","","8685 OLIVE BLVD, SAINT LOUIS, MO, 63132-2503","SAINT LOUIS","MO","63132-2503","US","38.67572709","-90.35979649","(314) 219-5300","Sales Location","Warehouse","MW","America/Chicago","2022-10-25","True","True","True","True","True","True","*General Information | AT&T Cellular Kiosk | Food Court | Gas Station | Hearing Aids | Optical Department | Pharmacy | Tire Service Center","Costco warehouse locator API","https://ecom-api.costco.com/core/warehouse-locator/v1/salesLocations.json","2026-07-31T21:17:09.1546533Z"
"Costco","382","St Peters","200 COSTCO WAY","","200 COSTCO WAY, SAINT PETERS, MO, 63376-4385","SAINT PETERS","MO","63376-4385","US","38.79676324","-90.60734983","(636) 970-4004","Sales Location","Warehouse","MW","America/Chicago","2001-05-08","True","True","True","True","True","True","AT&T Cellular Kiosk | Auto Buying Program | Bakery | Executive Membership | Food Court | Fresh Meat | Fresh Produce | Gas Station | Hearing Aids | Independent Optometrist | Membership | Optical Department | Pharmacy | Service Deli | Special Order Kiosk | Tire Service Center","Costco warehouse locator API","https://ecom-api.costco.com/core/warehouse-locator/v1/salesLocations.json","2026-07-31T21:17:07.6439575Z"
"Costco","1486","Springfield","279 N. EASTGATE AVENUE","","279 N. EASTGATE AVENUE, SPRINGFIELD, MO, 65802-2881","SPRINGFIELD","MO","65802-2881","US","37.20699989","-93.22365202","(417) 512-8939","Sales Location","Warehouse","MW","America/Chicago","2021-08-18","True","True","True","True","True","True","Auto Buying Program | Bakery | Executive Membership | Food Court | Fresh Meat | Fresh Produce | Gas Station | Hearing Aids | Independent Optometrist | Membership | Optical Department | Pharmacy | Service Deli | Tire Service Center | T-Mobile Cellular Kiosk","Costco warehouse locator API","https://ecom-api.costco.com/core/warehouse-locator/v1/salesLocations.json","2026-07-31T21:17:09.1499363Z"
"Costco","1665","St John Bus Ctr","8421 ST JOHN INDUSTRIAL LANE","","8421 ST JOHN INDUSTRIAL LANE, ST. LOUIS, MO, 63114-4550","ST. LOUIS","MO","63114-4550","US","38.704879","-90.334843","(314) 219-1195","Sales Location","Business Center","BD","America/Chicago","2023-10-24","True","False","False","False","False","False","ATM | Auto Buying Program | Business Delivery | Business Products | Delivery | Executive Membership | Fresh Meat | Fresh Produce | Gas Station | Membership | Restaurant Supplies | Special Order Kiosk | Tobacco | Wheelchair Available","Costco warehouse locator API","https://ecom-api.costco.com/core/warehouse-locator/v1/salesLocations.json","2026-07-31T21:17:09.2705307Z"
"Costco","1366","Ridgeland","700 HIGHLAND COLONY PKWY","","700 HIGHLAND COLONY PKWY, RIDGELAND, MS, 39157-8701","RIDGELAND","MS","39157-8701","US","32.42295736","-90.14703712","(601) 499-8581","Sales Location","Warehouse","SE","America/Chicago","2020-03-12","True","True","True","True","True","True","Auto Buying Program | Bakery | Executive Membership | Food Court | Fresh Deli | Fresh Meat | Fresh Produce | Gas Station | Hearing Aids | Independent Optometrist | Membership | Optical Department | Pharmacy | Pizza Kitchen | Rotisserie Chicken | Service Deli | Take Out Pizza | Tire Service Center | T-Mobile Cellular Kiosk | Travel | Wheelchair Available","Costco warehouse locator API","https://ecom-api.costco.com/core/warehouse-locator/v1/salesLocations.json","2026-07-31T21:17:09.0662523Z"
"Costco","1644","Billings","3880 ZOO DRIVE","","3880 ZOO DRIVE, BILLINGS, MT, 59106-3963","BILLINGS","MT","59106-3963","US","45.73448","-108.61421","(406) 601-8273","Sales Location","Warehouse","NW","America/Denver","1991-12-05","True","True","True","True","True","True","*General Information | AT&T Cellular Kiosk | ATM | Auto Buying Program | Diesel | Executive Membership | Food Court | Gas Station | Hearing Aids | Independent Optometrist | Optical Department | Pharmacy | Pizza Kitchen | Self Check-out | Tire Service Center","Costco warehouse locator API","https://ecom-api.costco.com/core/warehouse-locator/v1/salesLocations.json","2026-07-31T21:17:09.2162187Z"
"Costco","96","Bozeman","2505 CATRON ST","","2505 CATRON ST, BOZEMAN, MT, 59718-7993","BOZEMAN","MT","59718-7993","US","45.71317535","-111.0702853","(406) 585-0383","Sales Location","Warehouse","NW","America/Denver","1997-08-28","True","True","True","True","True","True","AT&T Cellular Kiosk | ATM | Auto Buying Program | Bakery | Executive Membership | Food Court | Fresh Deli | Fresh Meat | Fresh Produce | Gas Station | Hearing Aids | Independent Optometrist | Membership | Optical Department | Pharmacy | Special Order Kiosk | Tire Service Center | Travel","Costco warehouse locator API","https://ecom-api.costco.com/core/warehouse-locator/v1/salesLocations.json","2026-07-31T21:17:07.0941027Z"
"Costco","633","Helena","2195 E CUSTER AVE","","2195 E CUSTER AVE, HELENA, MT, 59602-1217","HELENA","MT","59602-1217","US","46.61575366","-112.0029808","(406) 495-7042","Sales Location","Warehouse","NW","America/Denver","2006-11-28","True","True","True","True","True","True","Auto Buying Program | Bakery | Executive Membership | Food Court | Fresh Deli | Fresh Meat | Fresh Produce | Gas Station | Hearing Aids | Membership | Optical Department | Pharmacy | Rotisserie Chicken | Tire Service Center | T-Mobile Cellular Kiosk","Costco warehouse locator API","https://ecom-api.costco.com/core/warehouse-locator/v1/salesLocations.json","2026-07-31T21:17:07.9201404Z"
"Costco","1746","Kalispell","345 CASCADE LOOP","","345 CASCADE LOOP, KALISPELL, MT, 59901-9581","KALISPELL","MT","59901-9581","US","48.250845","-114.324363","(406) 609-4924","Sales Location","Warehouse","NW","America/Denver","1993-12-03","True","True","True","True","True","True","AT&T Cellular Kiosk | ATM | Bakery | Beer & Wine | Diesel | Executive Membership | Food Court | Fresh Deli | Fresh Meat | Fresh Produce | Gas Station | Hearing Aids | Independent Optometrist | Membership | Optical Department | Pharmacy | Rotisserie Chicken | Self Check-out | Special Order Kiosk | Tire Service Center","Costco warehouse locator API","https://ecom-api.costco.com/core/warehouse-locator/v1/salesLocations.json","2026-07-31T21:17:09.3427720Z"
"Costco","67","Missoula","3220 N RESERVE ST","","3220 N RESERVE ST, MISSOULA, MT, 59808-1556","MISSOULA","MT","59808-1556","US","46.89517575","-114.0378819","(406) 543-6445","Sales Location","Warehouse","NW","America/Denver","1991-11-27","True","True","True","True","True","True","AT&T Cellular Kiosk | Auto Buying Program | Bakery | Executive Membership | Food Court | Fresh Deli | Fresh Meat | Fresh Produce | Gas Station | Hearing Aids | Independent Optometrist | Membership | Optical Department | Pharmacy | Rotisserie Chicken | Special Order Kiosk | Tire Service Center | Travel","Costco warehouse locator API","https://ecom-api.costco.com/core/warehouse-locator/v1/salesLocations.json","2026-07-31T21:17:07.0720918Z"
"Costco","1206","Apex","1021 PINE PLAZA DR","","1021 PINE PLAZA DR, APEX, NC, 27523-6406","APEX","NC","27523-6406","US","35.74650679","-78.82768129","(919) 331-6027","Sales Location","Warehouse","SE","America/New_York","2016-03-16","True","True","True","True","True","True","AT&T Cellular Kiosk | Auto Buying Program | Bakery | Executive Membership | Food Court | Fresh Deli | Fresh Meat | Fresh Produce | Gas Station | Hearing Aids | Independent Optometrist | Membership | Optical Department | Pharmacy | Rotisserie Chicken | Service Deli | Special Order Kiosk | Tire Service Center","Costco warehouse locator API","https://ecom-api.costco.com/core/warehouse-locator/v1/salesLocations.json","2026-07-31T21:17:08.8398668Z"
"Costco","359","Charlotte","500 TYVOLA RD","","500 TYVOLA RD, CHARLOTTE, NC, 28217-3504","CHARLOTTE","NC","28217-3504","US","35.16161366","-80.88466413","(704) 501-2403","Sales Location","Warehouse","SE","America/New_York","2001-06-21","True","True","True","True","True","True","AT&T Cellular Kiosk | Auto Buying Program | Bakery | Beer & Wine | Executive Membership | Food Court | Fresh Meat | Fresh Produce | Gas Station | Hearing Aids | Independent Optometrist | Membership | Optical Department | Pharmacy | Service Deli | Special Order Kiosk | Tire Service Center | Tobacco | Wheelchair Available","Costco warehouse locator API","https://ecom-api.costco.com/core/warehouse-locator/v1/salesLocations.json","2026-07-31T21:17:07.5604272Z"
"Costco","249","Durham","1510 N POINTE DR","","1510 N POINTE DR, DURHAM, NC, 27705-3405","DURHAM","NC","27705-3405","US","36.0291327","-78.91457109","(919) 220-2770","Sales Location","Warehouse","SE","America/New_York","2000-11-30","True","True","True","True","True","True","ATM | Auto Buying Program | Bakery | Executive Membership | Food Court | Fresh Deli | Fresh Meat | Fresh Produce | Gas Station | Hearing Aids | Independent Optometrist | Membership | Optical Department | Pharmacy | Rotisserie Chicken | Special Order Kiosk | Take Out Pizza | Tire Service Center | T-Mobile Cellular Kiosk | Wheelchair Available","Costco warehouse locator API","https://ecom-api.costco.com/core/warehouse-locator/v1/salesLocations.json","2026-07-31T21:17:07.3808621Z"
"Costco","339","Greensboro","4201 W WENDOVER AVE","","4201 W WENDOVER AVE, GREENSBORO, NC, 27407-1908","GREENSBORO","NC","27407-1908","US","36.05789105","-79.88393922","(336) 291-4010","Sales Location","Warehouse","SE","America/New_York","2003-11-21","True","True","True","True","True","True","*General Information | AT&T Cellular Kiosk | Auto Buying Program | Bakery | Executive Membership | Food Court | Fresh Deli | Fresh Meat | Fresh Produce | Gas Station | Hearing Aids | Independent Optometrist | Membership | Optical Department | Pharmacy | Rotisserie Chicken | Special Order Kiosk | Take Out Pizza | Tire Service Center | Wheelchair Available","Costco warehouse locator API","https://ecom-api.costco.com/core/warehouse-locator/v1/salesLocations.json","2026-07-31T21:17:07.5008246Z"
"Costco","367","Matthews","2125 MATTHEWS TOWNSHIP PKWY","","2125 MATTHEWS TOWNSHIP PKWY, MATTHEWS, NC, 28105-5766","MATTHEWS","NC","28105-5766","US","35.13000435","-80.70397383","(704) 321-7440","Sales Location","Warehouse","SE","America/New_York","2001-11-29","True","True","True","True","True","True","ATM | Auto Buying Program | Bakery | Executive Membership | Food Court | Fresh Meat | Fresh Produce | Gas Station | Hearing Aids | Independent Optometrist | Membership | Optical Department | Pharmacy | Service Deli | Tire Service Center | T-Mobile Cellular Kiosk","Costco warehouse locator API","https://ecom-api.costco.com/core/warehouse-locator/v1/salesLocations.json","2026-07-31T21:17:07.5786574Z"
"Costco","1333","Mooresville","392 TALBERT RD","","392 TALBERT RD, MOORESVILLE, NC, 28117-7390","MOORESVILLE","NC","28117-7390","US","35.58240639","-80.85454402","(980) 447-9749","Sales Location","Warehouse","SE","America/New_York","2019-06-26","True","True","True","True","True","True","AT&T Cellular Kiosk | Auto Buying Program | Bakery | Executive Membership | Food Court | Fresh Deli | Fresh Meat | Fresh Produce | Gas Station | Hearing Aids | Independent Optometrist | Membership | Optical Department | Pharmacy | Rotisserie Chicken | Service Deli | Special Order Kiosk | Tire Service Center","Costco warehouse locator API","https://ecom-api.costco.com/core/warehouse-locator/v1/salesLocations.json","2026-07-31T21:17:09.0317236Z"
"Costco","1587","Garner","7800 FAYETTEVILLE RD.","","7800 FAYETTEVILLE RD., RALEIGH, NC, 27603-5432","RALEIGH","NC","27603-5432","US","35.66824955","-78.69914558","(984) 810-5030","Sales Location","Warehouse","SE","America/New_York","2021-11-17","True","True","True","True","True","True","Auto Buying Program | Bakery | Executive Membership | Food Court | Fresh Deli | Fresh Meat | Fresh Produce | Gas Station | Hearing Aids | Independent Optometrist | Membership | Optical Department | Pharmacy | Rotisserie Chicken | Tire Service Center | T-Mobile Cellular Kiosk","Costco warehouse locator API","https://ecom-api.costco.com/core/warehouse-locator/v1/salesLocations.json","2026-07-31T21:17:09.1677133Z"
"Costco","645","Raleigh","2838 WAKE FOREST RD","","2838 WAKE FOREST RD, RALEIGH, NC, 27609-7840","RALEIGH","NC","27609-7840","US","35.81787548","-78.62242324","(919) 755-2801","Sales Location","Warehouse","SE","America/New_York","2006-10-25","True","True","True","True","True","True","AT&T Cellular Kiosk | Auto Buying Program | Bakery | Executive Membership | Food Court | Fresh Deli | Fresh Meat | Fresh Produce | Gas Station | Hearing Aids | Membership | Optical Department | Pharmacy | Propane | Rotisserie Chicken | Tire Service Center","Costco warehouse locator API","https://ecom-api.costco.com/core/warehouse-locator/v1/salesLocations.json","2026-07-31T21:17:07.9574012Z"
"Costco","635","Wilmington","5351 GINGERWOOD DR","","5351 GINGERWOOD DR, WILMINGTON, NC, 28405-3091","WILMINGTON","NC","28405-3091","US","34.24829827","-77.87300285","(910) 798-3250","Sales Location","Warehouse","SE","America/New_York","2006-07-28","True","True","True","True","True","True","AT&T Cellular Kiosk | Auto Buying Program | Bakery | Executive Membership | Food Court | Fresh Deli | Fresh Meat | Fresh Produce | Gas Station | Hearing Aids | Membership | Optical Department | Pharmacy | Propane | Rotisserie Chicken | Tire Service Center","Costco warehouse locator API","https://ecom-api.costco.com/core/warehouse-locator/v1/salesLocations.json","2026-07-31T21:17:07.9322558Z"
"Costco","361","Winston Salem","1085 HANES MALL BLVD","","1085 HANES MALL BLVD, WINSTON SALEM, NC, 27103-1310","WINSTON SALEM","NC","27103-1310","US","36.0647023","-80.318225","(336) 970-2300","Sales Location","Warehouse","SE","America/New_York","2001-09-28","True","True","True","True","True","True","AT&T Cellular Kiosk | Auto Buying Program | Bakery | Executive Membership | Food Court | Fresh Meat | Fresh Produce | Gas Station | Hearing Aids | Independent Optometrist | Membership | Optical Department | Pharmacy | Propane | Service Deli | Tire Service Center | Wheelchair Available","Costco warehouse locator API","https://ecom-api.costco.com/core/warehouse-locator/v1/salesLocations.json","2026-07-31T21:17:07.5644273Z"
"Costco","1380","Bismarck","1325 57TH AVE NE","","1325 57TH AVE NE, BISMARCK, ND, 58503-6581","BISMARCK","ND","58503-6581","US","46.86499887","-100.7701847","(701) 415-7003","Sales Location","Warehouse","MW","America/Chicago","2020-08-25","True","True","True","True","True","True","AT&T Cellular Kiosk | Auto Buying Program | Bakery | Diesel | Executive Membership | Food Court | Fresh Deli | Fresh Meat | Fresh Produce | Gas Station | Hearing Aids | Independent Optometrist | Membership | Optical Department | Pharmacy | Rotisserie Chicken | Service Deli | Special Order Kiosk | Tire Service Center","Costco warehouse locator API","https://ecom-api.costco.com/core/warehouse-locator/v1/salesLocations.json","2026-07-31T21:17:09.0834551Z"
"Costco","1119","West Fargo ND","750 23RD AVE EAST","","750 23RD AVE EAST, WEST FARGO, ND, 58078-7804","WEST FARGO","ND","58078-7804","US","46.84496245","-96.88672054","(701) 281-2220","Sales Location","Warehouse","MW","America/Chicago","2012-10-23","True","True","True","True","True","True","Auto Buying Program | Bakery | Executive Membership | Food Court | Fresh Deli | Fresh Meat | Fresh Produce | Gas Station | Hearing Aids | Independent Optometrist | Membership | Optical Department | Pharmacy | Rotisserie Chicken | Tire Service Center | T-Mobile Cellular Kiosk","Costco warehouse locator API","https://ecom-api.costco.com/core/warehouse-locator/v1/salesLocations.json","2026-07-31T21:17:08.6878930Z"
"Costco","1237","La Vista","12515 PORTSIDE PARKWAY","","12515 PORTSIDE PARKWAY, LA VISTA, NE, 68128-5622","LA VISTA","NE","68128-5622","US","41.17763461","-96.10924785","(402) 378-7398","Sales Location","Warehouse","MW","America/Chicago","2016-10-26","True","True","True","True","True","True","AT&T Cellular Kiosk | Auto Buying Program | Bakery | Executive Membership | Food Court | Fresh Deli | Fresh Meat | Fresh Produce | Gas Station | Hearing Aids | Independent Optometrist | Membership | Optical Department | Pharmacy | Rotisserie Chicken | Service Deli | Tire Service Center","Costco warehouse locator API","https://ecom-api.costco.com/core/warehouse-locator/v1/salesLocations.json","2026-07-31T21:17:08.9145676Z"
"Costco","1285","Lincoln","1620 PINE LAKE ROAD","","1620 PINE LAKE ROAD, LINCOLN, NE, 68512-3612","LINCOLN","NE","68512-3612","US","40.73923143","-96.69671752","(531) 333-7559","Sales Location","Warehouse","MW","America/Chicago","2017-10-28","True","True","True","True","True","True","Auto Buying Program | Bakery | Executive Membership | Food Court | Fresh Deli | Fresh Meat | Fresh Produce | Gas Station | Hearing Aids | Independent Optometrist | Membership | Optical Department | Pharmacy | Rotisserie Chicken | Service Deli | Special Order Kiosk | Tire Service Center | T-Mobile Cellular Kiosk","Costco warehouse locator API","https://ecom-api.costco.com/core/warehouse-locator/v1/salesLocations.json","2026-07-31T21:17:08.9639837Z"
"Costco","1690","NW Omaha","17701 EVANS ST","","17701 EVANS ST, OMAHA, NE, 68116-6450","OMAHA","NE","68116-6450","US","41.29016","-96.1923","(531) 484-4259","Sales Location","Warehouse","MW","America/Chicago","2024-07-12","True","True","True","True","True","True","Food Court | Gas Station | Hearing Aids | Optical Department | Pharmacy | Tire Service Center | T-Mobile Cellular Kiosk","Costco warehouse locator API","https://ecom-api.costco.com/core/warehouse-locator/v1/salesLocations.json","2026-07-31T21:17:09.2943344Z"
"Costco","1012","Omaha","12300 W DODGE RD","","12300 W DODGE RD, OMAHA, NE, 68154-2382","OMAHA","NE","68154-2382","US","41.2649498","-96.10554979","(402) 952-3240","Sales Location","Warehouse","MW","America/Chicago","2007-10-18","True","True","True","True","True","True","Auto Buying Program | Bakery | Executive Membership | Food Court | Fresh Deli | Fresh Meat | Fresh Produce | Gas Station | Hearing Aids | Independent Optometrist | Membership | Optical Department | Pharmacy | Rotisserie Chicken | Service Deli | Special Order Kiosk | Tire Service Center | T-Mobile Cellular Kiosk","Costco warehouse locator API","https://ecom-api.costco.com/core/warehouse-locator/v1/salesLocations.json","2026-07-31T21:17:08.4478651Z"
"Costco","307","Nashua","311 DANIEL WEBSTER HWY","","311 DANIEL WEBSTER HWY, NASHUA, NH, 03060-5702","NASHUA","NH","03060-5702","US","42.70221518","-71.44284882","(603) 888-3640","Sales Location","Warehouse","NE","America/New_York","1992-03-18","False","True","True","True","True","True","AT&T Cellular Kiosk | Auto Buying Program | Bakery | Executive Membership | Food Court | Fresh Deli | Fresh Meat | Fresh Produce | Hearing Aids | Independent Optometrist | Membership | Optical Department | Pharmacy | Service Deli | Special Order Kiosk | Tire Service Center | Travel","Costco warehouse locator API","https://ecom-api.costco.com/core/warehouse-locator/v1/salesLocations.json","2026-07-31T21:17:07.4164706Z"
"Costco","1334","Bayonne","21 GOLDSBOROUGH DR","","21 GOLDSBOROUGH DR, BAYONNE, NJ, 07002-5069","BAYONNE","NJ","07002-5069","US","40.67381728","-74.10418745","(201) 354-2335","Sales Location","Warehouse","NE","America/New_York","2019-03-07","True","True","True","True","True","True","AT&T Cellular Kiosk | Auto Buying Program | Bakery | Executive Membership | Food Court | Fresh Deli | Fresh Meat | Fresh Produce | Gas Station | Hearing Aids | Independent Optometrist | Membership | Optical Department | Pharmacy | Service Deli | Special Order Kiosk | Tire Service Center","Costco warehouse locator API","https://ecom-api.costco.com/core/warehouse-locator/v1/salesLocations.json","2026-07-31T21:17:09.0342290Z"
"Costco","739","Brick Township","465 ROUTE 70","","465 ROUTE 70, BRICK, NJ, 08723-4049","BRICK","NJ","08723-4049","US","40.05501957","-74.15724213","(732) 262-6300","Sales Location","Warehouse","NE","America/New_York","1992-11-21","True","True","True","True","True","True","AT&T Cellular Kiosk | Auto Buying Program | Bakery | Executive Membership | Food Court | Fresh Deli | Fresh Produce | Gas Station | Hearing Aids | Membership | Optical Department | Pharmacy | Rotisserie Chicken | Tire Service Center","Costco warehouse locator API","https://ecom-api.costco.com/core/warehouse-locator/v1/salesLocations.json","2026-07-31T21:17:08.1926693Z"
"Costco","322","Bridgewater","325 PROMENADE BLVD","","325 PROMENADE BLVD, BRIDGEWATER, NJ, 08807-3457","BRIDGEWATER","NJ","08807-3457","US","40.5634903","-74.55809455","(732) 584-1003","Sales Location","Warehouse","NE","America/New_York","1999-08-24","False","True","True","True","True","True","AT&T Cellular Kiosk | Auto Buying Program | Bakery | Executive Membership | Food Court | Fresh Meat | Fresh Produce | Hearing Aids | Independent Optometrist | Membership | Optical Department | Pharmacy | Service Deli | Special Order Kiosk | Tire Service Center | Travel","Costco warehouse locator API","https://ecom-api.costco.com/core/warehouse-locator/v1/salesLocations.json","2026-07-31T21:17:07.4595080Z"
"Costco","1415","Cherry Hill","650 GARDEN PARK BLVD","","650 GARDEN PARK BLVD, CHERRY HILL, NJ, 08002-4250","CHERRY HILL","NJ","08002-4250","US","39.92706877","-75.03976915","(856) 406-7430","Sales Location","Warehouse","NE","America/New_York","2020-10-21","True","True","True","True","True","True","AT&T Cellular Kiosk | Auto Buying Program | Bakery | Executive Membership | Food Court | Fresh Meat | Fresh Produce | Gas Station | Hearing Aids | Independent Optometrist | Membership | Optical Department | Pharmacy | Tire Service Center","Costco warehouse locator API","https://ecom-api.costco.com/core/warehouse-locator/v1/salesLocations.json","2026-07-31T21:17:09.1021448Z"
"Costco","306","Clifton","20 BRIDEWELL PL","","20 BRIDEWELL PL, CLIFTON, NJ, 07014-1724","CLIFTON","NJ","07014-1724","US","40.83150249","-74.13695001","(973) 779-8715","Sales Location","Warehouse","NE","America/New_York","1992-07-01","True","True","True","True","True","True","AT&T Cellular Kiosk | ATM | Auto Buying Program | Bakery | Executive Membership | Food Court | Fresh Deli | Fresh Meat | Fresh Produce | Gas Station | Hearing Aids | Independent Optometrist | Membership | Optical Department | Pharmacy | Special Order Kiosk | Tire Service Center | Travel","Costco warehouse locator API","https://ecom-api.costco.com/core/warehouse-locator/v1/salesLocations.json","2026-07-31T21:17:07.4144701Z"
"Costco","244","East Hanover","156 SR-10 WEST","","156 SR-10 WEST, EAST HANOVER, NJ, 07936-2107","EAST HANOVER","NJ","07936-2107","US","40.81219809","-74.38011518","(973) 602-2000","Sales Location","Warehouse","NE","America/New_York","1997-10-25","True","True","True","True","True","True","Auto Buying Program | Bakery | Executive Membership | Food Court | Fresh Deli | Fresh Fish | Fresh Meat | Fresh Produce | Gas Station | Hearing Aids | Independent Optometrist | Membership | Optical Department | Optometrist | Pharmacy | Self Check-out | Service Deli | Special Order Kiosk | Take Out Pizza | Tire Service Center | T-Mobile Cellular Kiosk | Travel","Costco warehouse locator API","https://ecom-api.costco.com/core/warehouse-locator/v1/salesLocations.json","2026-07-31T21:17:07.3512729Z"
"Costco","323","Edison","205 VINEYARD RD","","205 VINEYARD RD, EDISON, NJ, 08817-4785","EDISON","NJ","08817-4785","US","40.53040692","-74.37609447","(732) 491-2023","Sales Location","Warehouse","NE","America/New_York","1987-10-24","True","True","True","True","True","True","AT&T Cellular Kiosk | Auto Buying Program | Bakery | Executive Membership | Food Court | Fresh Meat | Fresh Produce | Gas Station | Hearing Aids | Independent Optometrist | Membership | Optical Department | Pharmacy | Service Deli | Tire Service Center","Costco warehouse locator API","https://ecom-api.costco.com/core/warehouse-locator/v1/salesLocations.json","2026-07-31T21:17:07.4615068Z"
"Costco","1236","Flemington","2A WALTER E FORAN BLVD N","","2A WALTER E FORAN BLVD N, FLEMINGTON, NJ, 08822","FLEMINGTON","NJ","08822","US","40.52237675","-74.85187954","(908) 905-7210","Sales Location","Warehouse","NE","America/New_York","2016-11-17","True","True","True","True","True","True","Auto Buying Program | Bakery | Executive Membership | Food Court | Fresh Deli | Fresh Meat | Fresh Produce | Gas Station | Hearing Aids | Independent Optometrist | Membership | Optical Department | Pharmacy | Rotisserie Chicken | Service Deli | Special Order Kiosk | Tire Service Center | T-Mobile Cellular Kiosk","Costco warehouse locator API","https://ecom-api.costco.com/core/warehouse-locator/v1/salesLocations.json","2026-07-31T21:17:08.9115655Z"
"Costco","729","Hackensack Bus Ctr","80 S RIVER ST","","80 S RIVER ST, HACKENSACK, NJ, 07601-6954","HACKENSACK","NJ","07601-6954","US","40.87639008","-74.03887121","(201) 296-3044","Sales Location","Business Center","BD","America/New_York","2016-03-15","False","False","False","False","False","False","Auto Buying Program | Business Delivery | Business Products | Delivery | Executive Membership | Fresh Meat | Membership | Office Furniture | Restaurant Supplies | Select Produce & Deli Area","Costco warehouse locator API","https://ecom-api.costco.com/core/warehouse-locator/v1/salesLocations.json","2026-07-31T21:17:08.1657155Z"
"Costco","222","Hazlet","2835 ROUTE 35 N","","2835 ROUTE 35 N, HAZLET, NJ, 07730-1516","HAZLET","NJ","07730-1516","US","40.41915023","-74.17064322","(732) 335-3800","Sales Location","Warehouse","NE","America/New_York","1991-12-07","True","True","True","True","True","True","ATM | Auto Buying Program | Bakery | Executive Membership | Food Court | Fresh Deli | Fresh Meat | Fresh Produce | Gas Station | Hearing Aids | Independent Optometrist | Membership | Optical Department | Pharmacy | Service Deli | Special Order Kiosk | Tire Service Center | T-Mobile Cellular Kiosk | Travel","Costco warehouse locator API","https://ecom-api.costco.com/core/warehouse-locator/v1/salesLocations.json","2026-07-31T21:17:07.3003278Z"
"Costco","1199","Princeton","4100 QUAKERBRIDGE RD","","4100 QUAKERBRIDGE RD, LAWRENCE TOWNSHIP, NJ, 08648-4702","LAWRENCE TOWNSHIP","NJ","08648-4702","US","40.28232255","-74.67475081","(609) 779-7000","Sales Location","Warehouse","NE","America/New_York","2016-08-25","True","True","True","True","True","True","Auto Buying Program | Bakery | Executive Membership | Food Court | Fresh Deli | Fresh Meat | Fresh Produce | Gas Station | Hearing Aids | Independent Optometrist | Membership | Optical Department | Pharmacy | Rotisserie Chicken | Service Deli | Special Order Kiosk | Tire Service Center | T-Mobile Cellular Kiosk","Costco warehouse locator API","https://ecom-api.costco.com/core/warehouse-locator/v1/salesLocations.json","2026-07-31T21:17:08.8265753Z"
"Costco","1093","Marlboro","18 ROUTE 9 NORTH","","18 ROUTE 9 NORTH, MORGANVILLE, NJ, 07751-1526","MORGANVILLE","NJ","07751-1526","US","40.36152173","-74.3031666","(732) 617-4340","Sales Location","Warehouse","NE","America/New_York","2011-07-06","True","True","True","True","True","True","AT&T Cellular Kiosk | Auto Buying Program | Bakery | Executive Membership | Food Court | Fresh Deli | Fresh Meat | Fresh Produce | Gas Station | Hearing Aids | Membership | Optical Department | Pharmacy | Rotisserie Chicken | Service Deli | Special Order Kiosk | Tire Service Center","Costco warehouse locator API","https://ecom-api.costco.com/core/warehouse-locator/v1/salesLocations.json","2026-07-31T21:17:08.6377212Z"
"Costco","749","Mt Laurel","100 CENTERTON RD","","100 CENTERTON RD, MOUNT LAUREL, NJ, 08054-6103","MOUNT LAUREL","NJ","08054-6103","US","39.97177319","-74.90804257","(856) 359-3650","Sales Location","Warehouse","NE","America/New_York","2005-03-03","True","True","True","True","True","True","AT&T Cellular Kiosk | Auto Buying Program | Bakery | Executive Membership | Food Court | Fresh Meat | Fresh Produce | Gas Station | Hearing Aids | Independent Optometrist | Membership | Optical Department | Pharmacy | Tire Service Center","Costco warehouse locator API","https://ecom-api.costco.com/core/warehouse-locator/v1/salesLocations.json","2026-07-31T21:17:08.2294873Z"
"Costco","1174","North Brunswick","100 GRAND AVENUE","","100 GRAND AVENUE, NORTH BRUNSWICK, NJ, 08902-5026","NORTH BRUNSWICK","NJ","08902-5026","US","40.43707859","-74.50663945","(732) 509-3905","Sales Location","Warehouse","NE","America/New_York","2014-07-24","True","True","True","True","True","True","ATM | Auto Buying Program | Bakery | Executive Membership | Food Court | Fresh Deli | Fresh Meat | Fresh Produce | Gas Station | Hearing Aids | Independent Optometrist | Membership | Optical Department | Pharmacy | Service Deli | Special Order Kiosk | Tire Service Center | T-Mobile Cellular Kiosk | Travel","Costco warehouse locator API","https://ecom-api.costco.com/core/warehouse-locator/v1/salesLocations.json","2026-07-31T21:17:08.7529431Z"
"Costco","1166","North Plainfield","1290 US HIGHWAY 22E","","1290 US HIGHWAY 22E, NORTH PLAINFIELD, NJ, 07060-3518","NORTH PLAINFIELD","NJ","07060-3518","US","40.61207211","-74.45873891","(908) 546-5666","Sales Location","Warehouse","NE","America/New_York","2013-11-14","True","True","True","True","True","True","AT&T Cellular Kiosk | Auto Buying Program | Bakery | Executive Membership | Food Court | Fresh Deli | Fresh Meat | Fresh Produce | Gas Station | Hearing Aids | Independent Optometrist | Membership | Optical Department | Pharmacy | Rotisserie Chicken | Service Deli | Special Order Kiosk | Tire Service Center","Costco warehouse locator API","https://ecom-api.costco.com/core/warehouse-locator/v1/salesLocations.json","2026-07-31T21:17:08.7429431Z"
"Costco","329","Ocean Township","2361 STATE ROUTE 66","","2361 STATE ROUTE 66, OCEAN, NJ, 07712-3961","OCEAN","NJ","07712-3961","US","40.2334108","-74.04551221","(732) 481-0023","Sales Location","Warehouse","NE","America/New_York","2003-03-20","True","True","True","True","True","True","*General Information | Auto Buying Program | Bakery | Executive Membership | Food Court | Fresh Meat | Fresh Produce | Gas Station | Hearing Aids | Independent Optometrist | Membership | Optical Department | Pharmacy | Service Deli | Tire Service Center | T-Mobile Cellular Kiosk","Costco warehouse locator API","https://ecom-api.costco.com/core/warehouse-locator/v1/salesLocations.json","2026-07-31T21:17:07.4778762Z"
"Costco","1025","Manahawkin","245 STAFFORD PARK BLVD","","245 STAFFORD PARK BLVD, STAFFORD TOWNSHIP, NJ, 08050-2734","STAFFORD TOWNSHIP","NJ","08050-2734","US","39.70740974","-74.28756601","(609) 242-2011","Sales Location","Warehouse","NE","America/New_York","2008-05-29","True","True","True","True","True","True","AT&T Cellular Kiosk | Auto Buying Program | Bakery | Executive Membership | Food Court | Fresh Deli | Fresh Meat | Fresh Produce | Gas Station | Hearing Aids | Independent Optometrist | Membership | Optical Department | Pharmacy | Rotisserie Chicken | Tire Service Center","Costco warehouse locator API","https://ecom-api.costco.com/core/warehouse-locator/v1/salesLocations.json","2026-07-31T21:17:08.4997014Z"
"Costco","1214","Teterboro","2 TETERBORO LANDING DR","","2 TETERBORO LANDING DR, TETERBORO, NJ, 07608-1120","TETERBORO","NJ","07608-1120","US","40.86095879","-74.06354202","(201) 596-7001","Sales Location","Warehouse","NE","America/New_York","1994-07-21","True","True","True","True","True","True","AT&T Cellular Kiosk | ATM | Auto Buying Program | Bakery | Executive Membership | Food Court | Fresh Deli | Fresh Meat | Fresh Produce | Gas Station | Hearing Aids | Independent Optometrist | Membership | Optical Department | Pharmacy | Service Deli | Special Order Kiosk | Tire Service Center | Travel","Costco warehouse locator API","https://ecom-api.costco.com/core/warehouse-locator/v1/salesLocations.json","2026-07-31T21:17:08.8554281Z"
"Costco","320","Union","1055 HUDSON ST","","1055 HUDSON ST, UNION, NJ, 07083-6809","UNION","NJ","07083-6809","US","40.69359971","-74.28782672","(908) 810-1458","Sales Location","Warehouse","NE","America/New_York","1998-11-19","True","True","True","True","True","True","A PS Processing | Auto Buying Program | Bakery | Executive Membership | Food Court | Fresh Deli | Fresh Meat | Fresh Produce | Gas Station | Hearing Aids | Independent Optometrist | Membership | Optical Department | Pharmacy | Service Deli | Special Order Kiosk | Tire Service Center | T-Mobile Cellular Kiosk","Costco warehouse locator API","https://ecom-api.costco.com/core/warehouse-locator/v1/salesLocations.json","2026-07-31T21:17:07.4525081Z"
"Costco","1177","Wayne","149 STATE ROUTE 23","","149 STATE ROUTE 23, WAYNE, NJ, 07470-6933","WAYNE","NJ","07470-6933","US","40.89074989","-74.25546689","(973) 339-4006","Sales Location","Warehouse","NE","America/New_York","1991-09-28","True","True","True","True","True","True","ATM | Auto Buying Program | Bakery | Executive Membership | Food Court | Fresh Deli | Fresh Meat | Gas Station | Hearing Aids | Independent Optometrist | Membership | Optical Department | Pharmacy | Rotisserie Chicken | Special Order Kiosk | Tire Service Center | T-Mobile Cellular Kiosk | Travel","Costco warehouse locator API","https://ecom-api.costco.com/core/warehouse-locator/v1/salesLocations.json","2026-07-31T21:17:08.7639489Z"
"Costco","315","Wharton","315 STATE ROUTE 15 N","","315 STATE ROUTE 15 N, WHARTON, NJ, 07885-1222","WHARTON","NJ","07885-1222","US","40.90684758","-74.56904756","(973) 659-2000","Sales Location","Warehouse","NE","America/New_York","1993-11-09","True","True","True","True","True","True","AT&T Cellular Kiosk | Auto Buying Program | Bakery | Executive Membership | Food Court | Fresh Deli | Fresh Meat | Fresh Produce | Gas Station | Hearing Aids | Independent Optometrist | Membership | Optical Department | Pharmacy | Special Order Kiosk | Tire Service Center","Costco warehouse locator API","https://ecom-api.costco.com/core/warehouse-locator/v1/salesLocations.json","2026-07-31T21:17:07.4355014Z"
"Costco","116","Albuquerque","1420 N RENAISSANCE BLVD NE","","1420 N RENAISSANCE BLVD NE, ALBUQUERQUE, NM, 87107-7008","ALBUQUERQUE","NM","87107-7008","US","35.13686778","-106.6139689","(505) 345-9411","Sales Location","Warehouse","SD","America/Denver","1984-12-01","True","True","True","True","True","True","ATM | Auto Buying Program | Bakery | Executive Membership | Food Court | Fresh Deli | Fresh Meat | Fresh Produce | Gas Station | Hearing Aids | Membership | Optical Department | Optometrist | Pharmacy | Service Deli | Special Order Kiosk | Tire Service Center | T-Mobile Cellular Kiosk","Costco warehouse locator API","https://ecom-api.costco.com/core/warehouse-locator/v1/salesLocations.json","2026-07-31T21:17:07.1457145Z"
"Costco","1016","NW Albuquerque","9955 COORS BYPASS NW","","9955 COORS BYPASS NW, ALBUQUERQUE, NM, 87114-6196","ALBUQUERQUE","NM","87114-6196","US","35.19549104","-106.6610557","(505) 922-7400","Sales Location","Warehouse","SD","America/Denver","2007-12-07","True","True","True","True","True","True","AT&T Cellular Kiosk | Auto Buying Program | Bakery | Executive Membership | Food Court | Fresh Deli | Fresh Meat | Fresh Produce | Gas Station | Hearing Aids | Independent Optometrist | Membership | Optical Department | Pharmacy | Rotisserie Chicken | Tire Service Center","Costco warehouse locator API","https://ecom-api.costco.com/core/warehouse-locator/v1/salesLocations.json","2026-07-31T21:17:08.4652950Z"
"Costco","667","SE Albuquerque","500 EUBANK BLVD SE","","500 EUBANK BLVD SE, ALBUQUERQUE, NM, 87123-3338","ALBUQUERQUE","NM","87123-3338","US","35.06795892","-106.5305066","(505) 332-6603","Sales Location","Warehouse","SD","America/Denver","2000-10-24","True","True","True","True","True","True","AT&T Cellular Kiosk | ATM | Auto Buying Program | Bakery | Executive Membership | Food Court | Fresh Meat | Fresh Produce | Gas Station | Gourmet Deli | Hearing Aids | Membership | Optical Department | Optometrist | Pharmacy | Rotisserie Chicken | Special Order Kiosk | Tire Service Center | Travel | Wheelchair Available","Costco warehouse locator API","https://ecom-api.costco.com/core/warehouse-locator/v1/salesLocations.json","2026-07-31T21:17:08.0040056Z"
"Costco","127","Carson City","700 OLD CLEAR CREEK RD","","700 OLD CLEAR CREEK RD, CARSON CITY, NV, 89705-6853","CARSON CITY","NV","89705-6853","US","39.11680785","-119.7770797","(775) 881-2503","Sales Location","Warehouse","BA","America/Los_Angeles","2000-11-10","True","True","True","True","True","True","Auto Buying Program | Bakery | Executive Membership | Food Court | Fresh Deli | Fresh Meat | Fresh Produce | Gas Station | Hearing Aids | Independent Optometrist | Membership | Optical Department | Pharmacy | Service Deli | Special Order Kiosk | Tire Service Center | T-Mobile Cellular Kiosk","Costco warehouse locator API","https://ecom-api.costco.com/core/warehouse-locator/v1/salesLocations.json","2026-07-31T21:17:07.1810941Z"
"Costco","673","Henderson","791 MARKS ST","","791 MARKS ST, HENDERSON, NV, 89014-8601","HENDERSON","NV","89014-8601","US","36.06916874","-115.0373602","(702) 352-2000","Sales Location","Warehouse","SD","America/Los_Angeles","1991-11-15","True","True","True","True","True","True","ATM | Auto Buying Program | Bakery | Executive Membership | Food Court | Fresh Meat | Fresh Produce | Gas Station | Hearing Aids | Home Improvement | Independent Optometrist | Membership | Optical Department | Pharmacy | Service Deli | Tire Service Center | T-Mobile Cellular Kiosk | Wheelchair Available","Costco warehouse locator API","https://ecom-api.costco.com/core/warehouse-locator/v1/salesLocations.json","2026-07-31T21:17:08.0213816Z"
"Costco","1320","SW Henderson","3411 SAINT ROSE PKWY","","3411 SAINT ROSE PKWY, HENDERSON, NV, 89052-4570","HENDERSON","NV","89052-4570","US","35.98758352","-115.1380556","(702) 803-7044","Sales Location","Warehouse","SD","America/Los_Angeles","2018-11-08","True","True","True","True","True","True","AT&T Cellular Kiosk | Auto Buying Program | Bakery | Executive Membership | Food Court | Fresh Deli | Fresh Meat | Fresh Produce | Gas Station | Hearing Aids | Independent Optometrist | Membership | Optical Department | Pharmacy | Propane | Rotisserie Chicken | Special Order Kiosk | Tire Service Center","Costco warehouse locator API","https://ecom-api.costco.com/core/warehouse-locator/v1/salesLocations.json","2026-07-31T21:17:08.9980500Z"
"Costco","737","Centennial","6555 N. DECATUR BLVD","","6555 N. DECATUR BLVD, LAS VEGAS, NV, 89131-2796","LAS VEGAS","NV","89131-2796","US","36.2783","-115.2093","(702) 415-2300","Sales Location","Warehouse","SD","America/Los_Angeles","2005-10-27","True","True","True","True","True","True","Auto Buying Program | Bakery | Executive Membership | Food Court | Fresh Deli | Fresh Meat | Fresh Produce | Gas Station | Hearing Aids | Independent Optometrist | Membership | Optical Department | Pharmacy | Rotisserie Chicken | Tire Service Center | T-Mobile Cellular Kiosk","Costco warehouse locator API","https://ecom-api.costco.com/core/warehouse-locator/v1/salesLocations.json","2026-07-31T21:17:08.1886703Z"
"Costco","563","Las Vegas Bus Ctr","222 S MARTIN L KING BLVD","","222 S MARTIN L KING BLVD, LAS VEGAS, NV, 89106-4305","LAS VEGAS","NV","89106-4305","US","36.17164508","-115.1620639","(702) 384-6247","Sales Location","Business Center","BD","America/Los_Angeles","2009-02-19","True","False","False","False","False","False","Auto Buying Program | Business Delivery | Business Products | Delivery | Executive Membership | Fresh Meat | Gas Station | Membership | Office Furniture | Restaurant Supplies | Select Produce & Deli Area | Tobacco","Costco warehouse locator API","https://ecom-api.costco.com/core/warehouse-locator/v1/salesLocations.json","2026-07-31T21:17:07.8738166Z"
"Costco","1709","Spring Valley","6880 S BUFFALO DR","","6880 S BUFFALO DR, LAS VEGAS, NV, 89113-2384","LAS VEGAS","NV","89113-2384","US","36.06233","-115.26065","(725) 332-8741","Sales Location","Warehouse","SD","America/Los_Angeles","2025-08-21","True","True","True","True","True","True","*General Information | *General Information - English | AT&T Cellular Kiosk | ATM | Bakery | Beer & Wine | Executive Membership | Fine Wines and Liquor | Food Court | Fresh Deli | Fresh Fish | Fresh Meat | Fresh Sushi | Gas Station | Hearing Aids | Membership | Optical Department | Optometrist | Pharmacy | Pizza Kitchen | Rotisserie Chicken | Tire Service Center | Wheelchair Available","Costco warehouse locator API","https://ecom-api.costco.com/core/warehouse-locator/v1/salesLocations.json","2026-07-31T21:17:09.3102016Z"
"Costco","685","Summerlin","801 S PAVILION CENTER DR","","801 S PAVILION CENTER DR, LAS VEGAS, NV, 89144-4566","LAS VEGAS","NV","89144-4566","US","36.16260051","-115.3331934","(702) 352-2053","Sales Location","Warehouse","SD","America/Los_Angeles","2001-10-04","True","True","True","True","True","True","AT&T Cellular Kiosk | ATM | Auto Buying Program | Bakery | Executive Membership | Food Court | Fresh Meat | Fresh Produce | Gas Station | Hearing Aids | Independent Optometrist | Membership | Optical Department | Pharmacy | Service Deli | Take Out Pizza | Tire Service Center","Costco warehouse locator API","https://ecom-api.costco.com/core/warehouse-locator/v1/salesLocations.json","2026-07-31T21:17:08.1185001Z"
"Costco","25","Reno","2200 HARVARD WAY","","2200 HARVARD WAY, RENO, NV, 89502-4004","RENO","NV","89502-4004","US","39.5034132","-119.7844908","(775) 689-2200","Sales Location","Warehouse","BA","America/Los_Angeles","1988-11-08","True","True","True","True","True","True","AT&T Cellular Kiosk | Auto Buying Program | Bakery | Delivery | Executive Membership | Food Court | Fresh Deli | Fresh Meat | Fresh Produce | Gas Station | Hearing Aids | Independent Optometrist | Membership | Optical Department | Pharmacy | Service Deli | Special Order Kiosk | Tire Service Center | Travel","Costco warehouse locator API","https://ecom-api.costco.com/core/warehouse-locator/v1/salesLocations.json","2026-07-31T21:17:07.0226788Z"
"Costco","646","Sparks","4810 GALLERIA PKWY","","4810 GALLERIA PKWY, SPARKS, NV, 89436-9605","SPARKS","NV","89436-9605","US","39.57911431","-119.7390726","(775) 356-4400","Sales Location","Warehouse","BA","America/Los_Angeles","2006-08-25","True","True","True","True","True","True","AT&T Cellular Kiosk | Auto Buying Program | Bakery | Diesel | Executive Membership | Food Court | Fresh Deli | Fresh Meat | Fresh Produce | Gas Station | Hearing Aids | Membership | Optical Department | Pharmacy | Rotisserie Chicken | Special Order Kiosk | Tire Service Center","Costco warehouse locator API","https://ecom-api.costco.com/core/warehouse-locator/v1/salesLocations.json","2026-07-31T21:17:07.9593998Z"
"Costco","1634","Albany NY","1701 WESTERN AVE (ROUTE 20)","","1701 WESTERN AVE (ROUTE 20), ALBANY, NY, 12203-4219","ALBANY","NY","12203-4219","US","42.68881","-73.856144","(518) 213-5886","Sales Location","Warehouse","NE","America/New_York","2026-08-06","True","True","True","True","True","True","*General Information | Bakery | Executive Membership | Food Court | Gas Station | Hearing Aids | Independent Optometrist | Membership | Optical Department | Pharmacy | Self Check-out | Tire Service Center","Costco warehouse locator API","https://ecom-api.costco.com/core/warehouse-locator/v1/salesLocations.json","2026-07-31T21:17:09.2042109Z"
"Costco","318","Brooklyn","976 3RD AVE","","976 3RD AVE, BROOKLYN, NY, 11232-2400","BROOKLYN","NY","11232-2400","US","40.65531186","-74.00907466","(718) 965-7603","Sales Location","Warehouse","NE","America/New_York","1996-11-21","False","True","True","True","True","False","AT&T Cellular Kiosk | ATM | Auto Buying Program | Bakery | Executive Membership | Food Court | Fresh Deli | Fresh Meat | Fresh Produce | Hearing Aids | Independent Optometrist | Membership | Optical Department | Pharmacy | Service Deli | Special Order Kiosk | Travel","Costco warehouse locator API","https://ecom-api.costco.com/core/warehouse-locator/v1/salesLocations.json","2026-07-31T21:17:07.4465003Z"
"Costco","1176","Syracuse","120 TOWNSHIP BLVD","","120 TOWNSHIP BLVD, CAMILLUS, NY, 13031-1659","CAMILLUS","NY","13031-1659","US","43.05702515","-76.26815784","(315) 883-2361","Sales Location","Warehouse","NE","America/New_York","2014-10-24","True","True","True","True","True","True","ATM | Auto Buying Program | Bakery | Executive Membership | Food Court | Fresh Deli | Fresh Meat | Gas Station | Hearing Aids | Independent Optometrist | Membership | Optical Department | Pharmacy | Rotisserie Chicken | Special Order Kiosk | Tire Service Center | T-Mobile Cellular Kiosk | Travel","Costco warehouse locator API","https://ecom-api.costco.com/core/warehouse-locator/v1/salesLocations.json","2026-07-31T21:17:08.7609434Z"
"Costco","240","Commack","10 GARET PL","","10 GARET PL, COMMACK, NY, 11725-5421","COMMACK","NY","11725-5421","US","40.80671434","-73.28639531","(631) 462-3900","Sales Location","Warehouse","NE","America/New_York","1995-08-25","True","True","True","True","True","True","AT&T Cellular Kiosk | ATM | Auto Buying Program | Bakery | Executive Membership | Food Court | Fresh Deli | Fresh Meat | Fresh Produce | Gas Station | Hearing Aids | Independent Optometrist | Membership | Optical Department | Pharmacy | Service Deli | Special Order Kiosk | Tire Service Center | Travel","Costco warehouse locator API","https://ecom-api.costco.com/core/warehouse-locator/v1/salesLocations.json","2026-07-31T21:17:07.3402756Z"
"Costco","230","Holbrook","125 BEACON DR","","125 BEACON DR, HOLBROOK, NY, 11741-4309","HOLBROOK","NY","11741-4309","US","40.77280735","-73.05028704","(631) 244-0292","Sales Location","Warehouse","NE","America/New_York","1993-08-14","True","True","True","True","True","True","ATM | Auto Buying Program | Bakery | Executive Membership | Food Court | Fresh Deli | Fresh Meat | Fresh Produce | Gas Station | Hearing Aids | Independent Optometrist | Membership | Optical Department | Pharmacy | Rotisserie Chicken | Service Deli | Special Order Kiosk | Tire Service Center | T-Mobile Cellular Kiosk | Travel","Costco warehouse locator API","https://ecom-api.costco.com/core/warehouse-locator/v1/salesLocations.json","2026-07-31T21:17:07.3153332Z"
"Costco","310","Lawrence","605 ROCKAWAY TPKE","","605 ROCKAWAY TPKE, LAWRENCE, NY, 11559-1047","LAWRENCE","NY","11559-1047","US","40.63053305","-73.73943159","(516) 371-2017","Sales Location","Warehouse","NE","America/New_York","1993-08-12","False","True","True","True","True","True","ATM | Auto Buying Program | Bakery | Executive Membership | Food Court | Fresh Deli | Fresh Meat | Fresh Produce | Hearing Aids | Independent Optometrist | Membership | Optical Department | Pharmacy | Service Deli | Special Order Kiosk | Tire Service Center | T-Mobile Cellular Kiosk | Travel","Costco warehouse locator API","https://ecom-api.costco.com/core/warehouse-locator/v1/salesLocations.json","2026-07-31T21:17:07.4245175Z"
"Costco","243","Queens","3250 VERNON BLVD","","3250 VERNON BLVD, LONG ISLAND CITY, NY, 11106-4927","LONG ISLAND CITY","NY","11106-4927","US","40.76760808","-73.93886284","(718) 267-3680","Sales Location","Warehouse","NE","America/New_York","1996-11-20","False","True","True","True","False","True","Auto Buying Program | Bakery | Executive Membership | Food Court | Fresh Deli | Fresh Meat | Fresh Produce | Independent Optometrist | Membership | Optical Department | Pharmacy | Service Deli | Special Order Kiosk | Tire Service Center | T-Mobile Cellular Kiosk | Travel","Costco warehouse locator API","https://ecom-api.costco.com/core/warehouse-locator/v1/salesLocations.json","2026-07-31T21:17:07.3472755Z"
"Costco","237","Melville","625 BROADHOLLOW RD","","625 BROADHOLLOW RD, MELVILLE, NY, 11747-5006","MELVILLE","NY","11747-5006","US","40.75816718","-73.42078953","(631) 293-8707","Sales Location","Warehouse","NE","America/New_York","1989-09-16","False","True","True","True","True","True","AT&T Cellular Kiosk | ATM | Auto Buying Program | Bakery | Executive Membership | Food Court | Fresh Deli | Fresh Meat | Fresh Produce | Hearing Aids | Independent Optometrist | Membership | Optical Department | Pharmacy | Service Deli | Special Order Kiosk | Tire Service Center | Travel","Costco warehouse locator API","https://ecom-api.costco.com/core/warehouse-locator/v1/salesLocations.json","2026-07-31T21:17:07.3272749Z"
"Costco","305","Nanuet","50 OVERLOOK BLVD","","50 OVERLOOK BLVD, NANUET, NY, 10954-5290","NANUET","NY","10954-5290","US","41.10739064","-74.02549962","(845) 425-1469","Sales Location","Warehouse","NE","America/New_York","1992-06-30","True","True","True","True","True","True","ATM | Auto Buying Program | Bakery | Executive Membership | Food Court | Fresh Deli | Fresh Meat | Fresh Produce | Gas Station | Hearing Aids | Independent Optometrist | Membership | Optical Department | Pharmacy | Service Deli | Special Order Kiosk | Tire Service Center | T-Mobile Cellular Kiosk | Travel","Costco warehouse locator API","https://ecom-api.costco.com/core/warehouse-locator/v1/salesLocations.json","2026-07-31T21:17:07.4114706Z"
"Costco","206","Nesconset","3000 MIDDLE COUNTRY RD","","3000 MIDDLE COUNTRY RD, NESCONSET, NY, 11767-1072","NESCONSET","NY","11767-1072","US","40.85970477","-73.12992039","(631) 366-1504","Sales Location","Warehouse","NE","America/New_York","1987-07-13","False","True","True","True","True","True","ATM | Auto Buying Program | Bakery | Executive Membership | Food Court | Fresh Deli | Fresh Meat | Fresh Produce | Hearing Aids | Independent Optometrist | Membership | Optical Department | Pharmacy | Service Deli | Special Order Kiosk | Tire Service Center | T-Mobile Cellular Kiosk | Travel","Costco warehouse locator API","https://ecom-api.costco.com/core/warehouse-locator/v1/salesLocations.json","2026-07-31T21:17:07.2804757Z"
"Costco","241","New Rochelle","1 INDUSTRIAL LN","","1 INDUSTRIAL LN, NEW ROCHELLE, NY, 10805-1203","NEW ROCHELLE","NY","10805-1203","US","40.89634225","-73.79452041","(914) 235-2233","Sales Location","Warehouse","NE","America/New_York","1994-06-03","True","True","True","True","True","True","Auto Buying Program | Bakery | Executive Membership | Food Court | Fresh Deli | Fresh Meat | Fresh Produce | Gas Station | Hearing Aids | Independent Optometrist | Membership | Optical Department | Pharmacy | Service Deli | Special Order Kiosk | Tire Service Center | T-Mobile Cellular Kiosk","Costco warehouse locator API","https://ecom-api.costco.com/core/warehouse-locator/v1/salesLocations.json","2026-07-31T21:17:07.3442732Z"
"Costco","1062","Manhattan","517 E 117TH ST","","517 E 117TH ST, NEW YORK, NY, 10035-4409","NEW YORK","NY","10035-4409","US","40.79570001","-73.93067747","(212) 896-5875","Sales Location","Warehouse","NE","America/New_York","2009-11-12","False","True","True","True","True","False","Auto Buying Program | Bakery | Executive Membership | Food Court | Fresh Deli | Fresh Meat | Fresh Produce | Hearing Aids | Independent Optometrist | Membership | Optical Department | Pharmacy | Rotisserie Chicken | T-Mobile Cellular Kiosk","Costco warehouse locator API","https://ecom-api.costco.com/core/warehouse-locator/v1/salesLocations.json","2026-07-31T21:17:08.5733501Z"
"Costco","1215","Oceanside","3705 HAMPTON RD","","3705 HAMPTON RD, OCEANSIDE, NY, 11572-4808","OCEANSIDE","NY","11572-4808","US","40.61903369","-73.65174463","(516) 259-7002","Sales Location","Warehouse","NE","America/New_York","2017-08-23","True","True","True","True","True","True","AT&T Cellular Kiosk | ATM | Auto Buying Program | Bakery | Executive Membership | Food Court | Fresh Deli | Fresh Meat | Fresh Produce | Gas Station | Hearing Aids | Independent Optometrist | Membership | Optical Department | Pharmacy | Service Deli | Special Order Kiosk | Tire Service Center | Travel","Costco warehouse locator API","https://ecom-api.costco.com/core/warehouse-locator/v1/salesLocations.json","2026-07-31T21:17:08.8604445Z"
"Costco","326","Port Chester","1 WESTCHESTER AVE","","1 WESTCHESTER AVE, PORT CHESTER, NY, 10573-4314","PORT CHESTER","NY","10573-4314","US","40.99951391","-73.66119011","(914) 935-3103","Sales Location","Warehouse","NE","America/New_York","2002-08-29","False","True","True","True","True","True","AT&T Cellular Kiosk | Auto Buying Program | Bakery | Executive Membership | Food Court | Fresh Meat | Fresh Produce | Hearing Aids | Independent Optometrist | Membership | Optical Department | Pharmacy | Service Deli | Tire Service Center","Costco warehouse locator API","https://ecom-api.costco.com/core/warehouse-locator/v1/salesLocations.json","2026-07-31T21:17:07.4687438Z"
"Costco","1070","Rego Park","6135 JUNCTION BLVD","","6135 JUNCTION BLVD, REGO PARK, NY, 11374-2771","REGO PARK","NY","11374-2771","US","40.73313166","-73.86329533","(718) 760-2180","Sales Location","Warehouse","NE","America/New_York","2010-07-08","False","True","True","True","True","False","AT&T Cellular Kiosk | Auto Buying Program | Bakery | Executive Membership | Food Court | Fresh Deli | Fresh Meat | Fresh Produce | Hearing Aids | Independent Optometrist | Membership | Optical Department | Pharmacy | Rotisserie Chicken","Costco warehouse locator API","https://ecom-api.costco.com/core/warehouse-locator/v1/salesLocations.json","2026-07-31T21:17:08.5763497Z"
"Costco","785","Riverhead","1768 OLD COUNTRY RD","","1768 OLD COUNTRY RD, RIVERHEAD, NY, 11901-3146","RIVERHEAD","NY","11901-3146","US","40.92659703","-72.70667033","(631) 655-0110","Sales Location","Warehouse","NE","America/New_York","2014-06-26","True","True","True","True","True","True","AT&T Cellular Kiosk | ATM | Auto Buying Program | Bakery | Executive Membership | Food Court | Fresh Deli | Fresh Meat | Fresh Produce | Gas Station | Hearing Aids | Independent Optometrist | Membership | Optical Department | Pharmacy | Service Deli | Special Order Kiosk | Tire Service Center","Costco warehouse locator API","https://ecom-api.costco.com/core/warehouse-locator/v1/salesLocations.json","2026-07-31T21:17:08.3615918Z"
"Costco","1195","Rochester NY","335 WESTFALL ROAD","","335 WESTFALL ROAD, ROCHESTER, NY, 14620-4603","ROCHESTER","NY","14620-4603","US","43.11368639","-77.6133106","(585) 471-6906","Sales Location","Warehouse","NE","America/New_York","2015-06-05","True","True","True","True","True","True","AT&T Cellular Kiosk | Auto Buying Program | Bakery | Executive Membership | Food Court | Fresh Deli | Fresh Meat | Fresh Produce | Gas Station | Hearing Aids | Independent Optometrist | Membership | Optical Department | Pharmacy | Rotisserie Chicken | Service Deli | Special Order Kiosk | Tire Service Center","Costco warehouse locator API","https://ecom-api.costco.com/core/warehouse-locator/v1/salesLocations.json","2026-07-31T21:17:08.8146759Z"
"Costco","316","Staten Island","2975 RICHMOND AVE","","2975 RICHMOND AVE, STATEN ISLAND, NY, 10314-5851","STATEN ISLAND","NY","10314-5851","US","40.57280632","-74.16903638","(718) 982-9525","Sales Location","Warehouse","NE","America/New_York","1995-12-15","True","True","True","True","True","True","AT&T Cellular Kiosk | ATM | Auto Buying Program | Bakery | Executive Membership | Food Court | Fresh Deli | Fresh Meat | Fresh Produce | Gas Station | Hearing Aids | Independent Optometrist | Membership | Optical Department | Pharmacy | Special Order Kiosk | Tire Service Center | Travel","Costco warehouse locator API","https://ecom-api.costco.com/core/warehouse-locator/v1/salesLocations.json","2026-07-31T21:17:07.4395044Z"
"Costco","226","Westbury","1250 OLD COUNTRY RD","","1250 OLD COUNTRY RD, WESTBURY, NY, 11590-5624","WESTBURY","NY","11590-5624","US","40.74432292","-73.59819713","(516) 683-8300","Sales Location","Warehouse","NE","America/New_York","1992-10-24","False","True","True","True","True","True","AT&T Cellular Kiosk | Auto Buying Program | Bakery | Executive Membership | Food Court | Fresh Deli | Fresh Meat | Fresh Produce | Hearing Aids | Independent Optometrist | Membership | Optical Department | Pharmacy | Service Deli | Special Order Kiosk | Tire Service Center | Travel","Costco warehouse locator API","https://ecom-api.costco.com/core/warehouse-locator/v1/salesLocations.json","2026-07-31T21:17:07.3093328Z"
"Costco","321","Yonkers","20 STEW LEONARD DR","","20 STEW LEONARD DR, YONKERS, NY, 10710-7204","YONKERS","NY","10710-7204","US","40.97445029","-73.86183531","(914) 595-1003","Sales Location","Warehouse","NE","America/New_York","1999-10-29","False","True","True","True","True","True","AT&T Cellular Kiosk | ATM | Auto Buying Program | Bakery | Executive Membership | Food Court | Fresh Deli | Fresh Meat | Hearing Aids | Independent Optometrist | Membership | Optical Department | Pharmacy | Pizza Kitchen | Rotisserie Chicken | Special Order Kiosk | Tire Service Center | Travel","Costco warehouse locator API","https://ecom-api.costco.com/core/warehouse-locator/v1/salesLocations.json","2026-07-31T21:17:07.4575072Z"
"Costco","343","Avon OH","35804 DETROIT ROAD","","35804 DETROIT ROAD, AVON, OH, 44011-1681","AVON","OH","44011-1681","US","41.46045252","-82.01107076","(440) 930-0103","Sales Location","Warehouse","MW","America/New_York","2002-12-10","True","True","True","True","True","True","Auto Buying Program | Bakery | Executive Membership | Food Court | Gas Station | Hearing Aids | Independent Optometrist | Membership | Optical Department | Pharmacy | Rotisserie Chicken | Take Out Pizza | Tire Service Center | T-Mobile Cellular Kiosk","Costco warehouse locator API","https://ecom-api.costco.com/core/warehouse-locator/v1/salesLocations.json","2026-07-31T21:17:07.5117154Z"
"Costco","1226","Boston Heights","6720 BASS PRO DR","","6720 BASS PRO DR, BOSTON HEIGHTS, OH, 44236-1198","BOSTON HEIGHTS","OH","44236-1198","US","41.26468955","-81.50662949","(330) 341-7000","Sales Location","Warehouse","MW","America/New_York","2016-06-22","True","True","True","True","True","True","Auto Buying Program | Bakery | Diesel | Executive Membership | Food Court | Fresh Deli | Fresh Meat | Fresh Produce | Gas Station | Hearing Aids | Independent Optometrist | Membership | Optical Department | Pharmacy | Rotisserie Chicken | Service Deli | Special Order Kiosk | Tire Service Center | T-Mobile Cellular Kiosk","Costco warehouse locator API","https://ecom-api.costco.com/core/warehouse-locator/v1/salesLocations.json","2026-07-31T21:17:08.8827413Z"
"Costco","1185","Centerville","5300 CORNERSTONE NORTH BLVD","","5300 CORNERSTONE NORTH BLVD, CENTERVILLE, OH, 45440-2268","CENTERVILLE","OH","45440-2268","US","39.6624966","-84.10670516","(937) 640-6000","Sales Location","Warehouse","MW","America/New_York","2014-11-13","True","True","True","True","True","True","ATM | Auto Buying Program | Bakery | Executive Membership | Food Court | Fresh Deli | Fresh Meat | Fresh Produce | Gas Station | Hearing Aids | Independent Optometrist | Membership | Optical Department | Pharmacy | Service Deli | Special Order Kiosk | Tire Service Center | T-Mobile Cellular Kiosk | Travel","Costco warehouse locator API","https://ecom-api.costco.com/core/warehouse-locator/v1/salesLocations.json","2026-07-31T21:17:08.7814630Z"
"Costco","384","Deerfield","9691 WATERSTONE BLVD","","9691 WATERSTONE BLVD, CINCINNATI, OH, 45249-8220","CINCINNATI","OH","45249-8220","US","39.29583611","-84.30306456","(513) 774-0024","Sales Location","Warehouse","MW","America/New_York","2000-02-16","True","True","True","True","True","True","A PS Processing | AT&T Cellular Kiosk | Auto Buying Program | Bakery | Executive Membership | Food Court | Fresh Deli | Fresh Meat | Fresh Produce | Gas Station | Hearing Aids | Independent Optometrist | Membership | Optical Department | Pharmacy | Service Deli | Special Order Kiosk | Tire Service Center","Costco warehouse locator API","https://ecom-api.costco.com/core/warehouse-locator/v1/salesLocations.json","2026-07-31T21:17:07.6515370Z"
"Costco","344","Mayfield Heights","1409 GOLDEN GATE BLVD","","1409 GOLDEN GATE BLVD, CLEVELAND, OH, 44124-1808","CLEVELAND","OH","44124-1808","US","41.52446707","-81.4470065","(440) 544-1350","Sales Location","Warehouse","MW","America/New_York","2002-10-22","True","True","True","True","True","True","AT&T Cellular Kiosk | Auto Buying Program | Bakery | Executive Membership | Food Court | Fresh Meat | Fresh Produce | Gas Station | Hearing Aids | Independent Optometrist | Membership | Optical Department | Pharmacy | Rotisserie Chicken | Service Deli | Tire Service Center","Costco warehouse locator API","https://ecom-api.costco.com/core/warehouse-locator/v1/salesLocations.json","2026-07-31T21:17:07.5137153Z"
"Costco","632","Columbus","1500 GEMINI PL","","1500 GEMINI PL, COLUMBUS, OH, 43240-7002","COLUMBUS","OH","43240-7002","US","40.15031035","-82.97698838","(614) 987-1900","Sales Location","Warehouse","MW","America/New_York","2006-11-29","True","True","True","True","True","True","Auto Buying Program | Bakery | Executive Membership | Food Court | Fresh Deli | Fresh Meat | Fresh Produce | Gas Station | Hearing Aids | Independent Optometrist | Membership | Optical Department | Pharmacy | Rotisserie Chicken | Tire Service Center | T-Mobile Cellular Kiosk","Costco warehouse locator API","https://ecom-api.costco.com/core/warehouse-locator/v1/salesLocations.json","2026-07-31T21:17:07.9166555Z"
"Costco","1160","Easton OH","3888 STELZER RD","","3888 STELZER RD, COLUMBUS, OH, 43219-3044","COLUMBUS","OH","43219-3044","US","40.05389012","-82.90541799","(614) 934-6211","Sales Location","Warehouse","MW","America/New_York","2013-10-04","True","True","True","True","True","True","Auto Buying Program | Bakery | Executive Membership | Food Court | Fresh Deli | Fresh Meat | Fresh Produce | Gas Station | Hearing Aids | Independent Optometrist | Membership | Optical Department | Pharmacy | Rotisserie Chicken | Service Deli | Special Order Kiosk | Tire Service Center | T-Mobile Cellular Kiosk","Costco warehouse locator API","https://ecom-api.costco.com/core/warehouse-locator/v1/salesLocations.json","2026-07-31T21:17:08.7288375Z"
"Costco","1632","Liberty Township","7135 VETERANS BOULEVARD","","7135 VETERANS BOULEVARD, LIBERTY TOWNSHIP, OH, 45069-3771","LIBERTY TOWNSHIP","OH","45069-3771","US","39.369927","-84.358485","(513) 346-7940","Sales Location","Warehouse","MW","America/New_York","2000-12-06","True","True","True","True","True","True","*General Information | AT&T Cellular Kiosk | Food Court | Gas Station | Hearing Aids | Optical Department | Pharmacy | Tire Service Center","Costco warehouse locator API","https://ecom-api.costco.com/core/warehouse-locator/v1/salesLocations.json","2026-07-31T21:17:09.1992117Z"
"Costco","1635","North Canton","4953 HUCKLEBERRY ST NW","","4953 HUCKLEBERRY ST NW, NORTH CANTON, OH, 44720-3333","NORTH CANTON","OH","44720-3333","US","40.88576","-81.43958","(330) 818-0000","Sales Location","Warehouse","MW","America/New_York","2023-08-17","True","True","True","True","True","True","*General Information | *General Information - English | ATM | Bakery | Executive Membership | Food Court | Fresh Deli | Fresh Meat | Fresh Produce | Gas Station | Hearing Aids | Independent Optometrist | Membership | Optical Department | Pharmacy | Rotisserie Chicken | Self Check-out | Service Deli | Special Order Kiosk | Take Out Pizza | Tire Service Center | T-Mobile Cellular Kiosk","Costco warehouse locator API","https://ecom-api.costco.com/core/warehouse-locator/v1/salesLocations.json","2026-07-31T21:17:09.2092160Z"
"Costco","1194","Perrysburg","26400 DIXIE HWY","","26400 DIXIE HWY, PERRYSBURG, OH, 43551-1967","PERRYSBURG","OH","43551-1967","US","41.5348486","-83.63347743","(567) 368-6000","Sales Location","Warehouse","MW","America/New_York","2015-06-11","True","True","True","True","True","True","AT&T Cellular Kiosk | Auto Buying Program | Bakery | Executive Membership | Food Court | Fresh Deli | Fresh Meat | Fresh Produce | Gas Station | Hearing Aids | Independent Optometrist | Membership | Optical Department | Pharmacy | Rotisserie Chicken | Service Deli | Special Order Kiosk | Tire Service Center","Costco warehouse locator API","https://ecom-api.costco.com/core/warehouse-locator/v1/salesLocations.json","2026-07-31T21:17:08.8126768Z"
"Costco","1243","NW Columbus","7300 STATE ROUTE 161 E","","7300 STATE ROUTE 161 E, PLAIN CITY, OH, 43064-9276","PLAIN CITY","OH","43064-9276","US","40.109677","-83.189049","(614) 733-5002","Sales Location","Warehouse","MW","America/New_York","2016-08-11","True","True","True","True","True","True","AT&T Cellular Kiosk | Auto Buying Program | Bakery | Diesel | Executive Membership | Food Court | Fresh Deli | Fresh Meat | Fresh Produce | Gas Station | Hearing Aids | Independent Optometrist | Membership | Optical Department | Pharmacy | Rotisserie Chicken | Service Deli | Special Order Kiosk | Tire Service Center","Costco warehouse locator API","https://ecom-api.costco.com/core/warehouse-locator/v1/salesLocations.json","2026-07-31T21:17:08.9216468Z"
"Costco","625","Strongsville","16690 ROYALTON RD","","16690 ROYALTON RD, STRONGSVILLE, OH, 44136-4433","STRONGSVILLE","OH","44136-4433","US","41.31690468","-81.81605236","(440) 783-3415","Sales Location","Warehouse","MW","America/New_York","2009-11-18","True","True","True","True","True","True","AT&T Cellular Kiosk | Auto Buying Program | Bakery | Executive Membership | Food Court | Fresh Deli | Fresh Meat | Fresh Produce | Gas Station | Hearing Aids | Independent Optometrist | Membership | Optical Department | Pharmacy | Rotisserie Chicken | Tire Service Center","Costco warehouse locator API","https://ecom-api.costco.com/core/warehouse-locator/v1/salesLocations.json","2026-07-31T21:17:07.8955560Z"
"Costco","1007","Toledo","3405 W CENTRAL AVE","","3405 W CENTRAL AVE, TOLEDO, OH, 43606-1402","TOLEDO","OH","43606-1402","US","41.67621627","-83.62520259","(419) 381-5000","Sales Location","Warehouse","MW","America/New_York","2007-08-29","True","True","True","True","True","True","Auto Buying Program | Bakery | Diesel | Executive Membership | Food Court | Fresh Deli | Fresh Meat | Fresh Produce | Gas Station | Hearing Aids | Membership | Optical Department | Pharmacy | Rotisserie Chicken | Tire Service Center | T-Mobile Cellular Kiosk","Costco warehouse locator API","https://ecom-api.costco.com/core/warehouse-locator/v1/salesLocations.json","2026-07-31T21:17:08.4286700Z"
"Costco","1444","Moore","2651 S. TELEPHONE RD","","2651 S. TELEPHONE RD, MOORE, OK, 73160-0008","MOORE","OK","73160-0008","US","35.31386358","-97.49609671","(405) 300-7661","Sales Location","Warehouse","TE","America/Chicago","2021-07-22","True","True","True","True","True","True","Auto Buying Program | Bakery | Executive Membership | Food Court | Fresh Deli | Fresh Meat | Fresh Produce | Gas Station | Hearing Aids | Membership | Optical Department | Optometrist | Pharmacy | Rotisserie Chicken | Service Deli | Special Order Kiosk | Tire Service Center | T-Mobile Cellular Kiosk","Costco warehouse locator API","https://ecom-api.costco.com/core/warehouse-locator/v1/salesLocations.json","2026-07-31T21:17:09.1246768Z"
"Costco","1350","Oklahoma City","13200 N WESTERN AVE","","13200 N WESTERN AVE, OKLAHOMA CITY, OK, 73114","OKLAHOMA CITY","OK","73114","US","35.60472429","-97.52950286","(405) 832-5102","Sales Location","Warehouse","TE","America/Chicago","2019-05-16","True","True","True","True","True","True","AT&T Cellular Kiosk | Auto Buying Program | Bakery | Executive Membership | Food Court | Fresh Deli | Fresh Meat | Fresh Produce | Gas Station | Hearing Aids | Membership | Optical Department | Pharmacy | Rotisserie Chicken | Service Deli | Special Order Kiosk | Tire Service Center","Costco warehouse locator API","https://ecom-api.costco.com/core/warehouse-locator/v1/salesLocations.json","2026-07-31T21:17:09.0470969Z"
"Costco","1640","North Tulsa","4816 N 118TH AVE E","","4816 N 118TH AVE E, TULSA, OK, 74116","TULSA","OK","74116","US","36.222645428","-95.84838694","(539) 235-5110","Sales Location","Warehouse","TE","America/Chicago","2023-05-25","True","True","True","True","True","True","*General Information | ATM | Auto Buying Program | Bakery | Food Court | Fresh Deli | Fresh Meat | Fresh Produce | Fresh Sushi | Gas Station | Hearing Aids | Membership | Optical Department | Optometrist | Pharmacy | Rotisserie Chicken | Self Check-out | Take Out Pizza | Tire Service Center | T-Mobile Cellular Kiosk","Costco warehouse locator API","https://ecom-api.costco.com/core/warehouse-locator/v1/salesLocations.json","2026-07-31T21:17:09.2132175Z"
"Costco","1207","Tulsa","10220 S MEMORIAL DR","","10220 S MEMORIAL DR, TULSA, OK, 74133-7179","TULSA","OK","74133-7179","US","36.01436954","-95.88869062","(918) 710-2220","Sales Location","Warehouse","TE","America/Chicago","2016-04-21","True","True","True","True","True","True","AT&T Cellular Kiosk | Auto Buying Program | Bakery | Diesel | Executive Membership | Food Court | Fresh Deli | Fresh Meat | Fresh Produce | Gas Station | Hearing Aids | Membership | Optical Department | Pharmacy | Rotisserie Chicken | Service Deli | Special Order Kiosk | Tire Service Center","Costco warehouse locator API","https://ecom-api.costco.com/core/warehouse-locator/v1/salesLocations.json","2026-07-31T21:17:08.8428657Z"
"Costco","682","Albany OR","3130 KILLDEER AVE SE","","3130 KILLDEER AVE SE, ALBANY, OR, 97322-5359","ALBANY","OR","97322-5359","US","44.63845598","-123.0662356","(541) 918-7043","Sales Location","Warehouse","NW","America/Los_Angeles","2001-10-12","True","True","True","True","True","True","AT&T Cellular Kiosk | Auto Buying Program | Bakery | Digital Print Services | Executive Membership | Food Court | Fresh Meat | Fresh Produce | Gas Station | Hearing Aids | Independent Optometrist | Membership | Optical Department | Pharmacy | Service Deli | Tire Service Center","Costco warehouse locator API","https://ecom-api.costco.com/core/warehouse-locator/v1/salesLocations.json","2026-07-31T21:17:08.1114998Z"
"Costco","9","Aloha","15901 SW JENKINS RD","","15901 SW JENKINS RD, ALOHA, OR, 97006-5045","ALOHA","OR","97006-5045","US","45.5088695","-122.8422336","(503) 644-7615","Sales Location","Warehouse","NW","America/Los_Angeles","1985-10-29","True","True","True","True","True","True","AT&T Cellular Kiosk | Auto Buying Program | Bakery | Executive Membership | Food Court | Fresh Deli | Fresh Meat | Fresh Produce | Gas Station | Hearing Aids | Independent Optometrist | Membership | Optical Department | Pharmacy | Service Deli | Special Order Kiosk | Tire Service Center | Travel","Costco warehouse locator API","https://ecom-api.costco.com/core/warehouse-locator/v1/salesLocations.json","2026-07-31T21:17:07.0007574Z"
"Costco","1696","Bend","62207 NW COSTCO DRIVE","","62207 NW COSTCO DRIVE, BEND, OR, 97703-8508","BEND","OR","97703-8508","US","44.107157","-121.305988","(541) 640-8580","Sales Location","Warehouse","NW","America/Los_Angeles","1993-08-17","True","True","True","True","True","True","AT&T Cellular Kiosk | Car Wash | Food Court | Gas Station | Hearing Aids | Optical Department | Pharmacy | Tire Service Center","Costco warehouse locator API","https://ecom-api.costco.com/core/warehouse-locator/v1/salesLocations.json","2026-07-31T21:17:09.2983348Z"
"Costco","1287","Central Point","3075 HAMRICK ROAD","","3075 HAMRICK ROAD, CENTRAL POINT, OR, 97502-2844","CENTRAL POINT","OR","97502-2844","US","42.37452593","-122.8870371","(541) 734-4227","Sales Location","Warehouse","NW","America/Los_Angeles","1991-10-29","True","True","True","True","True","True","AT&T Cellular Kiosk | ATM | Auto Buying Program | Bakery | Diesel | Executive Membership | Food Court | Fresh Deli | Fresh Meat | Fresh Produce | Gas Station | Hearing Aids | Independent Optometrist | Membership | Optical Department | Pharmacy | Special Order Kiosk | Tire Service Center | Travel","Costco warehouse locator API","https://ecom-api.costco.com/core/warehouse-locator/v1/salesLocations.json","2026-07-31T21:17:08.9659835Z"
"Costco","97","Clackamas","13130 SE 84TH AVE","","13130 SE 84TH AVE, CLACKAMAS, OR, 97015-9733","CLACKAMAS","OR","97015-9733","US","45.42837734","-122.5744757","(503) 794-5500","Sales Location","Warehouse","NW","America/Los_Angeles","1986-11-24","True","True","True","True","True","True","A PS Processing | Auto Buying Program | Bakery | Executive Membership | Food Court | Fresh Deli | Fresh Meat | Fresh Produce | Gas Station | Hearing Aids | Independent Optometrist | Membership | Optical Department | Pharmacy | Rotisserie Chicken | Service Deli | Special Order Kiosk | Take Out Pizza | Tire Service Center | T-Mobile Cellular Kiosk | Travel","Costco warehouse locator API","https://ecom-api.costco.com/core/warehouse-locator/v1/salesLocations.json","2026-07-31T21:17:07.0986658Z"
"Costco","17","Eugene","2828 CHAD DR","","2828 CHAD DR, EUGENE, OR, 97408-7336","EUGENE","OR","97408-7336","US","44.0890007","-123.0649315","(541) 683-8126","Sales Location","Warehouse","NW","America/Los_Angeles","1989-11-09","True","True","True","True","True","True","ATM | Auto Buying Program | Bakery | Executive Membership | Food Court | Fresh Deli | Fresh Meat | Fresh Produce | Gas Station | Hearing Aids | Independent Optometrist | Membership | Optical Department | Pharmacy | Service Deli | Special Order Kiosk | Tire Service Center | T-Mobile Cellular Kiosk | Travel","Costco warehouse locator API","https://ecom-api.costco.com/core/warehouse-locator/v1/salesLocations.json","2026-07-31T21:17:07.0136536Z"
"Costco","692","Hillsboro","1255 NE 48TH AVE","","1255 NE 48TH AVE, HILLSBORO, OR, 97124-5008","HILLSBORO","OR","97124-5008","US","45.5355","-122.9347","(503) 681-2800","Sales Location","Warehouse","NW","America/Los_Angeles","2005-11-17","True","True","True","True","True","True","Auto Buying Program | Bakery | Executive Membership | Food Court | Fresh Deli | Fresh Meat | Fresh Produce | Gas Station | Hearing Aids | Independent Optometrist | Membership | Optical Department | Pharmacy | Rotisserie Chicken | Special Order Kiosk | Tire Service Center | T-Mobile Cellular Kiosk","Costco warehouse locator API","https://ecom-api.costco.com/core/warehouse-locator/v1/salesLocations.json","2026-07-31T21:17:08.1597080Z"
"Costco","2","Portland","4849 NE 138TH AVE","","4849 NE 138TH AVE, PORTLAND, OR, 97230-3401","PORTLAND","OR","97230-3401","US","45.55919524","-122.5241905","(503) 252-2243","Sales Location","Warehouse","NW","America/Los_Angeles","1983-10-27","True","True","True","True","True","True","AT&T Cellular Kiosk | ATM | Auto Buying Program | Bakery | Diesel | Executive Membership | Food Court | Fresh Deli | Fresh Meat | Fresh Produce | Gas Station | Hearing Aids | Independent Optometrist | Membership | Optical Department | Pharmacy | Special Order Kiosk | Tire Service Center | Travel","Costco warehouse locator API","https://ecom-api.costco.com/core/warehouse-locator/v1/salesLocations.json","2026-07-31T21:17:06.9921788Z"
"Costco","1073","Roseburg","4141 NE STEPHENS ST","","4141 NE STEPHENS ST, ROSEBURG, OR, 97470-1161","ROSEBURG","OR","97470-1161","US","43.25992963","-123.3504316","(541) 378-0020","Sales Location","Warehouse","NW","America/Los_Angeles","2010-08-12","True","True","True","True","True","True","Auto Buying Program | Bakery | Executive Membership | Food Court | Fresh Deli | Fresh Meat | Fresh Produce | Gas Station | Hearing Aids | Independent Optometrist | Membership | Optical Department | Pharmacy | Rotisserie Chicken | Tire Service Center | T-Mobile Cellular Kiosk","Costco warehouse locator API","https://ecom-api.costco.com/core/warehouse-locator/v1/salesLocations.json","2026-07-31T21:17:08.5848602Z"
"Costco","1492","Salem","4885 27TH AVE. SE","","4885 27TH AVE. SE, SALEM, OR, 97306-6919","SALEM","OR","97306-6919","US","44.88394951","-123.0073021","(503) 371-1729","Sales Location","Warehouse","NW","America/Los_Angeles","1992-03-26","True","True","True","True","True","True","*General Information | *General Information - English | Food Court | Gas Station | Hearing Aids | Optical Department | Pharmacy | Rotisserie Chicken | Tire Service Center | T-Mobile Cellular Kiosk","Costco warehouse locator API","https://ecom-api.costco.com/core/warehouse-locator/v1/salesLocations.json","2026-07-31T21:17:09.1607163Z"
"Costco","111","Tigard","7850 SW DARTMOUTH ST","","7850 SW DARTMOUTH ST, TIGARD, OR, 97223-8401","TIGARD","OR","97223-8401","US","45.43503675","-122.7576822","(503) 639-0811","Sales Location","Warehouse","NW","America/Los_Angeles","1986-11-03","True","True","True","True","True","True","AT&T Cellular Kiosk | ATM | Auto Buying Program | Bakery | Digital Print Services | Executive Membership | Food Court | Fresh Deli | Fresh Meat | Fresh Produce | Gas Station | Hearing Aids | Independent Optometrist | Membership | Optical Department | Pharmacy | Special Order Kiosk | Tire Service Center | Travel","Costco warehouse locator API","https://ecom-api.costco.com/core/warehouse-locator/v1/salesLocations.json","2026-07-31T21:17:07.1182006Z"
"Costco","1059","Warrenton","1804 SE ENSIGN LN","","1804 SE ENSIGN LN, WARRENTON, OR, 97146-7339","WARRENTON","OR","97146-7339","US","46.14654109","-123.914299","(503) 338-4103","Sales Location","Warehouse","NW","America/Los_Angeles","1993-07-15","True","True","True","True","True","True","AT&T Cellular Kiosk | Auto Buying Program | Bakery | Executive Membership | Food Court | Fresh Deli | Fresh Meat | Fresh Produce | Gas Station | Hearing Aids | Independent Optometrist | Membership | Optical Department | Pharmacy | Rotisserie Chicken | Tire Service Center","Costco warehouse locator API","https://ecom-api.costco.com/core/warehouse-locator/v1/salesLocations.json","2026-07-31T21:17:08.5599643Z"
"Costco","766","Wilsonville","25900 SW HEATHER PL","","25900 SW HEATHER PL, WILSONVILLE, OR, 97070-5785","WILSONVILLE","OR","97070-5785","US","45.33308765","-122.7643266","(503) 825-4003","Sales Location","Warehouse","NW","America/Los_Angeles","2003-07-24","True","True","True","True","True","True","*General Information | Auto Buying Program | Bakery | Executive Membership | Food Court | Fresh Deli | Fresh Meat | Fresh Produce | Gas Station | Hearing Aids | Independent Optometrist | Membership | Optical Department | Pharmacy | Rotisserie Chicken | Special Order Kiosk | Tire Service Center | T-Mobile Cellular Kiosk","Costco warehouse locator API","https://ecom-api.costco.com/core/warehouse-locator/v1/salesLocations.json","2026-07-31T21:17:08.2479406Z"
"Costco","1211","Allentown","791 N KROCKS RD","","791 N KROCKS RD, ALLENTOWN, PA, 18106-9046","ALLENTOWN","PA","18106-9046","US","40.56613217","-75.5581802","(484) 273-7056","Sales Location","Warehouse","NE","America/New_York","2016-11-18","True","True","True","True","True","True","AT&T Cellular Kiosk | Auto Buying Program | Bakery | Executive Membership | Food Court | Fresh Deli | Fresh Meat | Fresh Produce | Gas Station | Hearing Aids | Independent Optometrist | Membership | Optical Department | Pharmacy | Rotisserie Chicken | Service Deli | Special Order Kiosk | Tire Service Center","Costco warehouse locator API","https://ecom-api.costco.com/core/warehouse-locator/v1/salesLocations.json","2026-07-31T21:17:08.8488658Z"
"Costco","328","Cranberry Township","1050 CRANBERRY SQUARE DR","","1050 CRANBERRY SQUARE DR, CRANBERRY TOWNSHIP, PA, 16066-6142","CRANBERRY TOWNSHIP","PA","16066-6142","US","40.69120186","-80.10799846","(724) 778-6300","Sales Location","Warehouse","NE","America/New_York","2001-11-28","True","True","True","True","True","True","ATM | Auto Buying Program | Bakery | Executive Membership | Food Court | Fresh Meat | Fresh Produce | Gas Station | Hearing Aids | Independent Optometrist | Membership | Optical Department | Pharmacy | Service Deli | Tire Service Center | T-Mobile Cellular Kiosk | Tobacco | Wheelchair Available","Costco warehouse locator API","https://ecom-api.costco.com/core/warehouse-locator/v1/salesLocations.json","2026-07-31T21:17:07.4754718Z"
"Costco","1114","Concordville","700 EVERGREEN DR","","700 EVERGREEN DR, GLEN MILLS, PA, 19342-2102","GLEN MILLS","PA","19342-2102","US","39.88957659","-75.53210409","(610) 387-2205","Sales Location","Warehouse","NE","America/New_York","2012-11-10","True","True","True","True","True","True","AT&T Cellular Kiosk | Auto Buying Program | Bakery | Executive Membership | Food Court | Fresh Deli | Fresh Meat | Fresh Produce | Gas Station | Hearing Aids | Independent Optometrist | Membership | Optical Department | Pharmacy | Rotisserie Chicken | Tire Service Center","Costco warehouse locator API","https://ecom-api.costco.com/core/warehouse-locator/v1/salesLocations.json","2026-07-31T21:17:08.6738054Z"
"Costco","327","Harrisburg","5125 JONESTOWN RD STE 221","","5125 JONESTOWN RD STE 221, HARRISBURG, PA, 17112-2983","HARRISBURG","PA","17112-2983","US","40.30688024","-76.79810018","(717) 412-2050","Sales Location","Warehouse","NE","America/New_York","2001-08-28","True","True","True","True","True","True","Auto Buying Program | Bakery | Executive Membership | Food Court | Fresh Meat | Fresh Produce | Gas Station | Hearing Aids | Independent Optometrist | Membership | Optical Department | Pharmacy | Service Deli | Tire Service Center | T-Mobile Cellular Kiosk | Tobacco | Wheelchair Available","Costco warehouse locator API","https://ecom-api.costco.com/core/warehouse-locator/v1/salesLocations.json","2026-07-31T21:17:07.4730474Z"
"Costco","649","Homestead","501 WATERFRONT DR W","","501 WATERFRONT DR W, HOMESTEAD, PA, 15120-5009","HOMESTEAD","PA","15120-5009","US","40.40295609","-79.92089214","(412) 205-1000","Sales Location","Warehouse","NE","America/New_York","2007-03-08","True","True","True","True","True","True","AT&T Cellular Kiosk | Auto Buying Program | Bakery | Executive Membership | Food Court | Fresh Deli | Fresh Produce | Gas Station | Hearing Aids | Membership | Optical Department | Pharmacy | Rotisserie Chicken | Tire Service Center","Costco warehouse locator API","https://ecom-api.costco.com/core/warehouse-locator/v1/salesLocations.json","2026-07-31T21:17:07.9654059Z"
"Costco","245","King Of Prussia","201 ALLENDALE RD","","201 ALLENDALE RD, KING OF PRUSSIA, PA, 19406-1634","KING OF PRUSSIA","PA","19406-1634","US","40.0909341","-75.38635318","(610) 337-6601","Sales Location","Warehouse","NE","America/New_York","1997-10-11","False","True","True","True","True","True","Auto Buying Program | Bakery | Executive Membership | Food Court | Fresh Deli | Fresh Meat | Fresh Produce | Hearing Aids | Independent Optometrist | Membership | Optical Department | Pharmacy | Special Order Kiosk | Tire Service Center | T-Mobile Cellular Kiosk","Costco warehouse locator API","https://ecom-api.costco.com/core/warehouse-locator/v1/salesLocations.json","2026-07-31T21:17:07.3582781Z"
"Costco","317","Lancaster PA","1875 HEMPSTEAD RD","","1875 HEMPSTEAD RD, LANCASTER, PA, 17601-5671","LANCASTER","PA","17601-5671","US","40.05278695","-76.25672682","(717) 396-8460","Sales Location","Warehouse","NE","America/New_York","1996-05-24","True","True","True","True","True","True","AT&T Cellular Kiosk | ATM | Auto Buying Program | Bakery | Executive Membership | Food Court | Fresh Deli | Fresh Meat | Fresh Produce | Gas Station | Hearing Aids | Independent Optometrist | Membership | Optical Department | Pharmacy | Service Deli | Special Order Kiosk | Tire Service Center | Travel","Costco warehouse locator API","https://ecom-api.costco.com/core/warehouse-locator/v1/salesLocations.json","2026-07-31T21:17:07.4445150Z"
"Costco","1719","Mechanicsburg","6719 CARLISLE PIKE","","6719 CARLISLE PIKE, MECHANICSBURG, PA, 17050-1712","MECHANICSBURG","PA","17050-1712","US","40.237305","-77.056951","(717) 458-6601","Sales Location","Warehouse","NE","America/New_York","2025-10-30","True","True","True","True","True","True","AT&T Cellular Kiosk | Food Court | Gas Station | Hearing Aids | Optical Department | Pharmacy | Tire Service Center","Costco warehouse locator API","https://ecom-api.costco.com/core/warehouse-locator/v1/salesLocations.json","2026-07-31T21:17:09.3257433Z"
"Costco","248","Montgomeryville","740 UPPER STATE RD","","740 UPPER STATE RD, NORTH WALES, PA, 19454-1403","NORTH WALES","PA","19454-1403","US","40.23744032","-75.23441934","(215) 353-4153","Sales Location","Warehouse","NE","America/New_York","1999-07-10","True","True","True","True","True","True","AT&T Cellular Kiosk | Auto Buying Program | Bakery | Executive Membership | Food Court | Fresh Deli | Fresh Meat | Fresh Produce | Gas Station | Hearing Aids | Independent Optometrist | Membership | Optical Department | Pharmacy | Rotisserie Chicken | Service Deli | Special Order Kiosk | Tire Service Center | Travel","Costco warehouse locator API","https://ecom-api.costco.com/core/warehouse-locator/v1/salesLocations.json","2026-07-31T21:17:07.3768487Z"
"Costco","332","Robinson","202 COSTCO DR","","202 COSTCO DR, PITTSBURGH, PA, 15205-4858","PITTSBURGH","PA","15205-4858","US","40.45916374","-80.16569015","(412) 490-2204","Sales Location","Warehouse","NE","America/New_York","2002-07-09","True","True","True","True","True","True","AT&T Cellular Kiosk | Auto Buying Program | Bakery | Executive Membership | Food Court | Fresh Meat | Fresh Produce | Gas Station | Hearing Aids | Independent Optometrist | Membership | Optical Department | Pharmacy | Service Deli | Tire Service Center","Costco warehouse locator API","https://ecom-api.costco.com/core/warehouse-locator/v1/salesLocations.json","2026-07-31T21:17:07.4824760Z"
"Costco","1081","Sanatoga","14 W LIGHTCAP RD","","14 W LIGHTCAP RD, POTTSTOWN, PA, 19464-3413","POTTSTOWN","PA","19464-3413","US","40.23849803","-75.57556948","(610) 569-4137","Sales Location","Warehouse","NE","America/New_York","2011-08-17","True","True","True","True","True","True","Auto Buying Program | Bakery | Executive Membership | Food Court | Fresh Deli | Fresh Meat | Fresh Produce | Gas Station | Hearing Aids | Independent Optometrist | Membership | Optical Department | Pharmacy | Rotisserie Chicken | Tire Service Center | T-Mobile Cellular Kiosk","Costco warehouse locator API","https://ecom-api.costco.com/core/warehouse-locator/v1/salesLocations.json","2026-07-31T21:17:08.6129081Z"
"Costco","1103","Bucks County","100 VETERANS WAY","","100 VETERANS WAY, WARMINSTER, PA, 18974-3533","WARMINSTER","PA","18974-3533","US","40.19749917","-75.08005862","(215) 347-1950","Sales Location","Warehouse","NE","America/New_York","2011-10-21","True","True","True","True","True","True","AT&T Cellular Kiosk | Auto Buying Program | Bakery | Executive Membership | Food Court | Fresh Deli | Fresh Meat | Fresh Produce | Gas Station | Hearing Aids | Independent Optometrist | Membership | Optical Department | Pharmacy | Rotisserie Chicken | Tire Service Center","Costco warehouse locator API","https://ecom-api.costco.com/core/warehouse-locator/v1/salesLocations.json","2026-07-31T21:17:08.6469720Z"
"Costco","363","E Bayamon","125 CALLE A","","125 CALLE A, BAYAMON, PR, 00959-1900","BAYAMON","PR","00959-1900","US","18.3841358","-66.1382978","(787) 993-9303","Sales Location","Warehouse","SE","America/Puerto_Rico","2006-07-27","False","True","True","True","True","True","Bakery | Food Court | Hearing Aids | Independent Optometrist | Membership | Optical Department | Pharmacy | Propane | Tire Service Center | T-Mobile Cellular Kiosk","Costco warehouse locator API","https://ecom-api.costco.com/core/warehouse-locator/v1/salesLocations.json","2026-07-31T21:17:07.5684281Z"
"Costco","364","W Bayamon","PR-2, KM 15.5","","PR-2, KM 15.5, BAYAMON, PR, 00959-5208","BAYAMON","PR","00959-5208","US","18.40419111","-66.19488552","(787) 474-6930","Sales Location","Warehouse","SE","America/Puerto_Rico","2001-11-17","False","True","True","True","True","True","ATM | Auto Buying Program | Bakery | Executive Membership | Food Court | Hearing Aids | Independent Optometrist | Membership | Optical Department | Pharmacy | Propane | Tire Service Center | T-Mobile Cellular Kiosk","Costco warehouse locator API","https://ecom-api.costco.com/core/warehouse-locator/v1/salesLocations.json","2026-07-31T21:17:07.5716578Z"
"Costco","365","Caguas","200 AVE RAFAEL CORDERO, PR#30","","200 AVE RAFAEL CORDERO, PR#30, CAGUAS BAIROA WARD, PR, 00725-4302","CAGUAS BAIROA WARD","PR","00725-4302","US","18.24738492","-66.02369266","(787) 653-6930","Sales Location","Warehouse","SE","America/Puerto_Rico","2001-11-17","False","True","True","True","True","True","ATM | Auto Buying Program | Bakery | Executive Membership | Food Court | Hearing Aids | Independent Optometrist | Membership | Optical Department | Pharmacy | Propane | Take Out Pizza | Tire Service Center | T-Mobile Cellular Kiosk","Costco warehouse locator API","https://ecom-api.costco.com/core/warehouse-locator/v1/salesLocations.json","2026-07-31T21:17:07.5736565Z"
"Costco","335","Carolina","1185 AVE 65 INFANTERIA","","1185 AVE 65 INFANTERIA, SAN JUAN, PR, 00924-3403","SAN JUAN","PR","00924-3403","US","18.39974101","-65.99743872","(787) 999-7230","Sales Location","Warehouse","SE","America/Puerto_Rico","2002-11-22","True","True","True","True","True","True","ATM | Auto Buying Program | Bakery | Executive Membership | Food Court | Fresh Deli | Fresh Produce | Gas Station | Hearing Aids | Independent Optometrist | Membership | Optical Department | Pharmacy | Propane | Tire Service Center | T-Mobile Cellular Kiosk","Costco warehouse locator API","https://ecom-api.costco.com/core/warehouse-locator/v1/salesLocations.json","2026-07-31T21:17:07.4918389Z"
"Costco","1622","Puerto Rico Home Showroom","CARR 176 KM 0.5","","CARR 176 KM 0.5, SAN JUAN, PR, 00926-0000","SAN JUAN","PR","00926-0000","US","18.3568717","-66.0536638","(888) 860-0413","Sales Location","Warehouse","HS","America/Puerto_Rico","2022-07-27","False","False","False","False","False","False","*General Information | *General Information - English","Costco warehouse locator API","https://ecom-api.costco.com/core/warehouse-locator/v1/salesLocations.json","2026-07-31T21:17:09.1829043Z"
"Costco","360","Charleston","3050 ASHLEY TOWN CENTER DR","","3050 ASHLEY TOWN CENTER DR, CHARLESTON, SC, 29414-5664","CHARLESTON","SC","29414-5664","US","32.79543709","-80.03564508","(843) 460-2003","Sales Location","Warehouse","SE","America/New_York","2001-04-18","True","True","True","True","True","True","Auto Buying Program | Bakery | Executive Membership | Food Court | Fresh Meat | Fresh Produce | Gas Station | Hearing Aids | Hot Dog Stand | Independent Optometrist | Membership | Optical Department | Pharmacy | Propane | Service Deli | Tire Service Center | T-Mobile Cellular Kiosk","Costco warehouse locator API","https://ecom-api.costco.com/core/warehouse-locator/v1/salesLocations.json","2026-07-31T21:17:07.5624267Z"
"Costco","1232","Columbia SC","507 PINEY GROVE RD","","507 PINEY GROVE RD, COLUMBIA, SC, 29210-3405","COLUMBIA","SC","29210-3405","US","34.0708318","-81.13971642","(803) 875-7130","Sales Location","Warehouse","SE","America/New_York","2016-08-10","True","True","True","True","True","True","AT&T Cellular Kiosk | Auto Buying Program | Bakery | Executive Membership | Food Court | Fresh Deli | Fresh Meat | Fresh Produce | Gas Station | Hearing Aids | Independent Optometrist | Membership | Optical Department | Pharmacy | Rotisserie Chicken | Service Deli | Special Order Kiosk | Tire Service Center","Costco warehouse locator API","https://ecom-api.costco.com/core/warehouse-locator/v1/salesLocations.json","2026-07-31T21:17:08.9055633Z"
"Costco","1005","Greenville","1021 WOODRUFF RD","","1021 WOODRUFF RD, GREENVILLE, SC, 29607-4108","GREENVILLE","SC","29607-4108","US","34.83609525","-82.31126388","(864) 297-2560","Sales Location","Warehouse","SE","America/New_York","2007-08-16","True","True","True","True","True","True","Auto Buying Program | Bakery | Executive Membership | Fine Wines and Liquor | Food Court | Fresh Deli | Fresh Meat | Fresh Produce | Gas Station | Hearing Aids | Membership | Optical Department | Pharmacy | Propane | Rotisserie Chicken | Tire Service Center | T-Mobile Cellular Kiosk","Costco warehouse locator API","https://ecom-api.costco.com/core/warehouse-locator/v1/salesLocations.json","2026-07-31T21:17:08.4241546Z"
"Costco","1714","Indian Land","8800 CHARLOTTE HIGHWAY","","8800 CHARLOTTE HIGHWAY, INDIAN LAND, SC, 29707-0000","INDIAN LAND","SC","29707-0000","US","34.970222","-80.852125","(803) 228-7735","Sales Location","Warehouse","SE","America/New_York","2025-10-31","True","True","True","True","True","True","*General Information | *General Information - English | ATM | Bakery | Beer | Beer & Wine | Food Court | Fresh Meat | Gas Station | Hearing Aids | Independent Optometrist | Membership | Optical Department | Optometrist | Pharmacy | Self Check-out | Service Deli | Tire Service Center","Costco warehouse locator API","https://ecom-api.costco.com/core/warehouse-locator/v1/salesLocations.json","2026-07-31T21:17:09.3142695Z"
"Costco","1319","Mt Pleasant","3525 PARK AVENUE BLVD","","3525 PARK AVENUE BLVD, MOUNT PLEASANT, SC, 29466-7242","MOUNT PLEASANT","SC","29466-7242","US","32.88157339","-79.76966865","(843) 375-7021","Sales Location","Warehouse","SE","America/New_York","2018-08-08","True","True","True","True","True","True","AT&T Cellular Kiosk | Auto Buying Program | Bakery | Executive Membership | Food Court | Fresh Deli | Fresh Meat | Fresh Produce | Gas Station | Hearing Aids | Independent Optometrist | Membership | Optical Department | Pharmacy | Rotisserie Chicken | Service Deli | Special Order Kiosk | Tire Service Center","Costco warehouse locator API","https://ecom-api.costco.com/core/warehouse-locator/v1/salesLocations.json","2026-07-31T21:17:08.9940369Z"
"Costco","338","Myrtle Beach","1021 OAK FOREST LN","","1021 OAK FOREST LN, MYRTLE BEACH, SC, 29577-9795","MYRTLE BEACH","SC","29577-9795","US","33.70578275","-78.91593686","(843) 839-6604","Sales Location","Warehouse","SE","America/New_York","2004-03-18","True","True","True","True","True","True","ATM | Auto Buying Program | Bakery | Executive Membership | Fine Wines and Liquor | Food Court | Gas Station | Hearing Aids | Independent Optometrist | Membership | Optical Department | Pharmacy | Propane | Tire Service Center | T-Mobile Cellular Kiosk","Costco warehouse locator API","https://ecom-api.costco.com/core/warehouse-locator/v1/salesLocations.json","2026-07-31T21:17:07.4988247Z"
"Costco","1008","Spartanburg","211 W BLACKSTOCK RD","","211 W BLACKSTOCK RD, SPARTANBURG, SC, 29301-1382","SPARTANBURG","SC","29301-1382","US","34.94011675","-81.99744397","(864) 515-4942","Sales Location","Warehouse","SE","America/New_York","2007-08-15","True","True","True","True","True","True","AT&T Cellular Kiosk | Auto Buying Program | Bakery | Executive Membership | Food Court | Fresh Deli | Fresh Meat | Fresh Produce | Gas Station | Hearing Aids | Membership | Optical Department | Pharmacy | Rotisserie Chicken | Tire Service Center","Costco warehouse locator API","https://ecom-api.costco.com/core/warehouse-locator/v1/salesLocations.json","2026-07-31T21:17:08.4316690Z"
"Costco","1159","Sioux Falls","3700 S GRANGE AVE","","3700 S GRANGE AVE, SIOUX FALLS, SD, 57105-6359","SIOUX FALLS","SD","57105-6359","US","43.51271281","-96.73999741","(605) 988-9140","Sales Location","Warehouse","MW","America/Chicago","2013-10-03","True","True","True","True","True","True","AT&T Cellular Kiosk | Auto Buying Program | Bakery | Executive Membership | Food Court | Fresh Deli | Fresh Meat | Fresh Produce | Gas Station | Hearing Aids | Independent Optometrist | Membership | Optical Department | Pharmacy | Rotisserie Chicken | Service Deli | Special Order Kiosk | Tire Service Center","Costco warehouse locator API","https://ecom-api.costco.com/core/warehouse-locator/v1/salesLocations.json","2026-07-31T21:17:08.7268374Z"
"Costco","1785","Brentwood Home Showroom","98 SEABOARD LN","","98 SEABOARD LN, BRENTWOOD, TN, 37027-2930","BRENTWOOD","TN","37027-2930","US","35.963328","-86.816425","(615) 493-1003","Sales Location","Warehouse","HS","America/Chicago","2025-06-28","False","False","False","False","False","False","","Costco warehouse locator API","https://ecom-api.costco.com/core/warehouse-locator/v1/salesLocations.json","2026-07-31T21:17:09.3790469Z"
"Costco","386","Brentwood TN","98 SEABOARD LN","","98 SEABOARD LN, BRENTWOOD, TN, 37027-2930","BRENTWOOD","TN","37027-2930","US","35.96382147","-86.81686479","(615) 493-1003","Sales Location","Warehouse","SE","America/Chicago","1999-08-27","True","True","True","True","True","True","A PS Processing | Auto Buying Program | Bakery | BBQ Deli | Business Products | Car Wash | Executive Membership | Food Court | Fresh Deli | Fresh Meat | Fresh Produce | Gas Station | Gourmet Deli | Hearing Aids | Independent Optometrist | Membership | Optical Department | Pharmacy | Pizza Kitchen | Rotisserie Chicken | Service Deli | Special Order Kiosk | Take Out Pizza | Tire Service Center | T-Mobile Cellular Kiosk | Tobacco | Travel | Wheelchair Available","Costco warehouse locator API","https://ecom-api.costco.com/core/warehouse-locator/v1/salesLocations.json","2026-07-31T21:17:07.6567377Z"
"Costco","352","NE Memphis","2431 N GERMANTOWN PKWY","","2431 N GERMANTOWN PKWY, CORDOVA, TN, 38016-4494","CORDOVA","TN","38016-4494","US","35.19178736","-89.79519927","(901) 214-0003","Sales Location","Warehouse","SE","America/Chicago","1999-11-18","True","True","True","True","True","True","Auto Buying Program | Bakery | BBQ Deli | Business Products | Executive Membership | Food Court | Fresh Deli | Fresh Meat | Fresh Produce | Gas Station | Gourmet Deli | Hearing Aids | Independent Optometrist | Membership | Optical Department | Pharmacy | Pizza Kitchen | Rotisserie Chicken | Service Deli | Special Order Kiosk | Take Out Pizza | Tire Service Center | T-Mobile Cellular Kiosk | Travel | Wheelchair Available","Costco warehouse locator API","https://ecom-api.costco.com/core/warehouse-locator/v1/salesLocations.json","2026-07-31T21:17:07.5392969Z"
"Costco","1659","Hendersonville","1101 FOREST RETREAT RD","","1101 FOREST RETREAT RD, HENDERSONVILLE, TN, 37075","HENDERSONVILLE","TN","37075","US","36.32874","-86.623289","(615) 348-3248","Sales Location","Warehouse","SE","America/Chicago","2023-11-15","True","True","True","True","True","True","*General Information | AT&T Cellular Kiosk | Food Court | Gas Station | Hearing Aids | Optical Department | Pharmacy | Tire Service Center","Costco warehouse locator API","https://ecom-api.costco.com/core/warehouse-locator/v1/salesLocations.json","2026-07-31T21:17:09.2492598Z"
"Costco","1116","Farragut","10745 KINGSTON PIKE","","10745 KINGSTON PIKE, KNOXVILLE, TN, 37934-3002","KNOXVILLE","TN","37934-3002","US","35.89611572","-84.140246","(865) 218-7700","Sales Location","Warehouse","SE","America/New_York","2012-11-09","True","True","True","True","True","True","AT&T Cellular Kiosk | Auto Buying Program | Bakery | Executive Membership | Food Court | Fresh Deli | Fresh Meat | Fresh Produce | Gas Station | Hearing Aids | Independent Optometrist | Membership | Optical Department | Pharmacy | Rotisserie Chicken | Tire Service Center","Costco warehouse locator API","https://ecom-api.costco.com/core/warehouse-locator/v1/salesLocations.json","2026-07-31T21:17:08.6803104Z"
"Costco","353","SE Memphis","3775 HACKS CROSS RD","","3775 HACKS CROSS RD, MEMPHIS, TN, 38125-2302","MEMPHIS","TN","38125-2302","US","35.0462415","-89.79708343","(901) 214-0054","Sales Location","Warehouse","SE","America/Chicago","1999-11-18","True","True","True","True","True","True","A PS Processing | AT&T Cellular Kiosk | Auto Buying Program | Bakery | BBQ Deli | Business Products | Executive Membership | Food Court | Fresh Deli | Fresh Meat | Fresh Produce | Gas Station | Gourmet Deli | Hearing Aids | Independent Optometrist | Membership | Optical Department | Pharmacy | Pizza Kitchen | Rotisserie Chicken | Service Deli | Special Order Kiosk | Take Out Pizza | Tire Service Center | Travel | Wheelchair Available","Costco warehouse locator API","https://ecom-api.costco.com/core/warehouse-locator/v1/salesLocations.json","2026-07-31T21:17:07.5438931Z"
"Costco","1686","Mt Juliet","100 LEGACY POINTE BLVD.","","100 LEGACY POINTE BLVD., MT. JULIET, TN, 37122","MT. JULIET","TN","37122","US","36.18236296","-86.4631395","(615) 583-4480","Sales Location","Warehouse","SE","America/Chicago","2024-06-06","True","True","True","True","True","True","AT&T Cellular Kiosk | Auto Buying Program | Bakery | Executive Membership | Food Court | Fresh Deli | Fresh Meat | Fresh Produce | Gas Station | Hearing Aids | Membership | Optical Department | Pharmacy | Rotisserie Chicken | Tire Service Center","Costco warehouse locator API","https://ecom-api.costco.com/core/warehouse-locator/v1/salesLocations.json","2026-07-31T21:17:09.2897485Z"
"Costco","1448","Murfreesboro","1524 BEASIE RD","","1524 BEASIE RD, MURFREESBORO, TN, 37128-2945","MURFREESBORO","TN","37128-2945","US","35.82625543","-86.41739894","(615) 439-2639","Sales Location","Warehouse","SE","America/Chicago","2021-07-20","True","True","True","True","True","True","A PS Processing | Auto Buying Program | Bakery | BBQ Deli | Business Products | Car Wash | Executive Membership | Food Court | Fresh Deli | Fresh Meat | Fresh Produce | Gas Station | Gourmet Deli | Hearing Aids | Independent Optometrist | Membership | Optical Department | Pharmacy | Pizza Kitchen | Rotisserie Chicken | Service Deli | Special Order Kiosk | Take Out Pizza | Tire Service Center | T-Mobile Cellular Kiosk | Tobacco | Travel | Wheelchair Available","Costco warehouse locator API","https://ecom-api.costco.com/core/warehouse-locator/v1/salesLocations.json","2026-07-31T21:17:09.1287010Z"
"Costco","630","W Nashville","6670 CHARLOTTE PIKE","","6670 CHARLOTTE PIKE, NASHVILLE, TN, 37209-4202","NASHVILLE","TN","37209-4202","US","36.13968491","-86.88509403","(615) 354-5100","Sales Location","Warehouse","SE","America/Chicago","2006-11-14","True","True","True","True","True","True","AT&T Cellular Kiosk | Auto Buying Program | Bakery | Executive Membership | Food Court | Fresh Deli | Fresh Meat | Fresh Produce | Gas Station | Hearing Aids | Membership | Optical Department | Pharmacy | Rotisserie Chicken | Tire Service Center","Costco warehouse locator API","https://ecom-api.costco.com/core/warehouse-locator/v1/salesLocations.json","2026-07-31T21:17:07.9086552Z"
"Costco","1739","Allen","1067 SH 121","","1067 SH 121, ALLEN, TX, 75013-6025","ALLEN","TX","75013-6025","US","33.139631","-96.688491","(469) 342-3318","Sales Location","Warehouse","TE","America/Chicago","2025-08-15","True","True","True","True","True","True","AT&T Cellular Kiosk | Auto Buying Program | Bakery | Bedding | Beer | Beer & Wine | Business Products | Executive Membership | Food Court | Fresh Deli | Fresh Fish | Fresh Meat | Fresh Produce | Gas Station | Hearing Aids | Home Improvement | Lighting | Office Furniture | Optical Department | Optometrist | Pharmacy | Rotisserie Chicken | Self Check-out | Tire Service Center","Costco warehouse locator API","https://ecom-api.costco.com/core/warehouse-locator/v1/salesLocations.json","2026-07-31T21:17:09.3337851Z"
"Costco","668","Arlington","600 W ARBROOK BLVD","","600 W ARBROOK BLVD, ARLINGTON, TX, 76014-3702","ARLINGTON","TX","76014-3702","US","32.68363928","-97.11283822","(817) 417-1603","Sales Location","Warehouse","TE","America/Chicago","2001-04-27","True","True","True","True","True","True","Auto Buying Program | Bakery | Executive Membership | Food Court | Fresh Meat | Fresh Produce | Gas Station | Hearing Aids | Independent Optometrist | Membership | Optical Department | Pharmacy | Rotisserie Chicken | Service Deli | Special Order Kiosk | Tire Service Center | T-Mobile Cellular Kiosk | Wheelchair Available","Costco warehouse locator API","https://ecom-api.costco.com/core/warehouse-locator/v1/salesLocations.json","2026-07-31T21:17:08.0070240Z"
"Costco","681","Austin","10401 RESEARCH BLVD","","10401 RESEARCH BLVD, AUSTIN, TX, 78759-5712","AUSTIN","TX","78759-5712","US","30.39638898","-97.74445499","(512) 634-2253","Sales Location","Warehouse","TE","America/Chicago","2001-08-30","True","True","True","True","True","True","ATM | Auto Buying Program | Bakery | Executive Membership | Food Court | Fresh Meat | Fresh Produce | Gas Station | Hearing Aids | Independent Optometrist | Membership | Optical Department | Pharmacy | Service Deli | Special Order Kiosk | Tire Service Center | T-Mobile Cellular Kiosk | Wheelchair Available","Costco warehouse locator API","https://ecom-api.costco.com/core/warehouse-locator/v1/salesLocations.json","2026-07-31T21:17:08.1095005Z"
"Costco","641","S Austin","4301 W WILLIAM CANNON DR BLDG A STE 100","","4301 W WILLIAM CANNON DR BLDG A STE 100, AUSTIN, TX, 78749-1499","AUSTIN","TX","78749-1499","US","30.21902782","-97.84223287","(512) 382-3013","Sales Location","Warehouse","TE","America/Chicago","2006-06-01","False","True","True","True","True","True","AT&T Cellular Kiosk | Auto Buying Program | Bakery | Executive Membership | Food Court | Fresh Deli | Fresh Meat | Fresh Produce | Hearing Aids | Independent Optometrist | Membership | Optical Department | Pharmacy | Rotisserie Chicken | Tire Service Center","Costco warehouse locator API","https://ecom-api.costco.com/core/warehouse-locator/v1/salesLocations.json","2026-07-31T21:17:07.9471452Z"
"Costco","1152","Cedar Park TX","4601 183A TOLL RD","","4601 183A TOLL RD, CEDAR PARK, TX, 78613-6310","CEDAR PARK","TX","78613-6310","US","30.52722118","-97.81899294","(512) 690-9059","Sales Location","Warehouse","TE","America/Chicago","2013-11-22","True","True","True","True","True","True","AT&T Cellular Kiosk | Auto Buying Program | Bakery | Executive Membership | Food Court | Fresh Deli | Fresh Meat | Fresh Produce | Gas Station | Hearing Aids | Independent Optometrist | Membership | Optical Department | Pharmacy | Rotisserie Chicken | Service Deli | Special Order Kiosk | Tire Service Center","Costco warehouse locator API","https://ecom-api.costco.com/core/warehouse-locator/v1/salesLocations.json","2026-07-31T21:17:08.7186226Z"
"Costco","1645","Celina","3445 S. PRESTON RD","","3445 S. PRESTON RD, CELINA, TX, 75009-3947","CELINA","TX","75009-3947","US","33.277008","-96.786849","(972) 346-6702","Sales Location","Warehouse","TE","America/Chicago","2026-08-26","True","True","True","True","True","True","*General Information | ATM | Auto Buying Program | Bakery | Bedding | Beer & Wine | Executive Membership | Food Court | Fresh Deli | Fresh Fish | Fresh Meat | Fresh Produce | Gas Station | Hearing Aids | Home Improvement | Independent Optometrist | Lighting | Membership | Optical Department | Pharmacy | Pizza Kitchen | Rotisserie Chicken | Self Check-out | Service Deli | Take Out Pizza | Tire Service Center | T-Mobile Cellular Kiosk","Costco warehouse locator API","https://ecom-api.costco.com/core/warehouse-locator/v1/salesLocations.json","2026-07-31T21:17:09.2238469Z"
"Costco","1614","College Station","4321 STATE HWY 6 SOUTH","","4321 STATE HWY 6 SOUTH, COLLEGE STATION, TX, 77845","COLLEGE STATION","TX","77845","US","30.56695561","-96.26287694","(979) 321-6550","Sales Location","Warehouse","TE","America/Chicago","2022-08-04","True","True","True","True","True","True","*General Information | AT&T Cellular Kiosk | ATM | Auto Buying Program | Bakery | Executive Membership | Food Court | Fresh Deli | Fresh Meat | Fresh Produce | Gas Station | Hearing Aids | Independent Optometrist | Membership | Optical Department | Pharmacy | Rotisserie Chicken | Self Check-out | Service Deli | Tire Service Center | Wheelchair Available","Costco warehouse locator API","https://ecom-api.costco.com/core/warehouse-locator/v1/salesLocations.json","2026-07-31T21:17:09.1785244Z"
"Costco","1189","The Woodlands","8185 HIGHWAY 242","","8185 HIGHWAY 242, CONROE, TX, 77385-4365","CONROE","TX","77385-4365","US","30.2086101","-95.45316796","(936) 703-2295","Sales Location","Warehouse","TE","America/Chicago","2014-11-21","True","True","True","True","True","True","Auto Buying Program | Bakery | Diesel | Executive Membership | Food Court | Fresh Meat | Fresh Produce | Gas Station | Hearing Aids | Independent Optometrist | Membership | Optical Department | Pharmacy | Service Deli | Special Order Kiosk | Tire Service Center | T-Mobile Cellular Kiosk","Costco warehouse locator API","https://ecom-api.costco.com/core/warehouse-locator/v1/salesLocations.json","2026-07-31T21:17:08.7862628Z"
"Costco","1208","Cypress TX","26960 NW FREEWAY","","26960 NW FREEWAY, CYPRESS, TX, 77433-4934","CYPRESS","TX","77433-4934","US","29.97881398","-95.71227893","(832) 653-4576","Sales Location","Warehouse","TE","America/Chicago","2019-07-19","True","True","True","True","True","True","AT&T Cellular Kiosk | Auto Buying Program | Bakery | Executive Membership | Food Court | Fresh Meat | Fresh Produce | Gas Station | Hearing Aids | Independent Optometrist | Membership | Optical Department | Optometrist | Pharmacy | Service Deli | Tire Service Center","Costco warehouse locator API","https://ecom-api.costco.com/core/warehouse-locator/v1/salesLocations.json","2026-07-31T21:17:08.8448665Z"
"Costco","1266","Dallas","8055 CHURCHILL WAY","","8055 CHURCHILL WAY, DALLAS, TX, 75251-2149","DALLAS","TX","75251-2149","US","32.91899259","-96.76784298","(469) 680-7546","Sales Location","Warehouse","TE","America/Chicago","2017-05-11","True","True","True","True","True","True","AT&T Cellular Kiosk | Auto Buying Program | Bakery | Executive Membership | Food Court | Fresh Deli | Fresh Meat | Fresh Produce | Gas Station | Hearing Aids | Independent Optometrist | Membership | Optical Department | Pharmacy | Rotisserie Chicken | Tire Service Center","Costco warehouse locator API","https://ecom-api.costco.com/core/warehouse-locator/v1/salesLocations.json","2026-07-31T21:17:08.9382023Z"
"Costco","655","Dallas Bus Ctr","8282 PARK LN","","8282 PARK LN, DALLAS, TX, 75231-6023","DALLAS","TX","75231-6023","US","32.86888258","-96.76383365","(469) 498-6623","Sales Location","Business Center","BD","America/Chicago","2019-09-05","False","False","False","False","False","False","Auto Buying Program | Business Delivery | Business Products | Delivery | Executive Membership | Fresh Meat | Membership | Office Furniture | Restaurant Supplies | Select Produce & Deli Area | Tobacco","Costco warehouse locator API","https://ecom-api.costco.com/core/warehouse-locator/v1/salesLocations.json","2026-07-31T21:17:07.9769186Z"
"Costco","636","Duncanville","250 W HIGHWAY 67","","250 W HIGHWAY 67, DUNCANVILLE, TX, 75137-4415","DUNCANVILLE","TX","75137-4415","US","32.62082843","-96.9099418","(469) 221-8113","Sales Location","Warehouse","TE","America/Chicago","2006-08-09","True","True","True","True","True","True","AT&T Cellular Kiosk | Auto Buying Program | Bakery | Executive Membership | Food Court | Fresh Deli | Fresh Meat | Fresh Produce | Gas Station | Hearing Aids | Independent Optometrist | Membership | Optical Department | Pharmacy | Rotisserie Chicken | Tire Service Center","Costco warehouse locator API","https://ecom-api.costco.com/core/warehouse-locator/v1/salesLocations.json","2026-07-31T21:17:07.9342563Z"
"Costco","768","El Paso","6101 GATEWAY BLVD W STE 1","","6101 GATEWAY BLVD W STE 1, EL PASO, TX, 79925-3416","EL PASO","TX","79925-3416","US","31.78250976","-106.409567","(915) 774-5203","Sales Location","Warehouse","TE","America/Denver","2003-11-13","True","True","True","True","True","True","ATM | Auto Buying Program | Bakery | Executive Membership | Food Court | Fresh Meat | Fresh Produce | Gas Station | Hearing Aids | Independent Optometrist | Membership | Optical Department | Pharmacy | Service Deli | Tire Service Center | T-Mobile Cellular Kiosk | Wheelchair Available","Costco warehouse locator API","https://ecom-api.costco.com/core/warehouse-locator/v1/salesLocations.json","2026-07-31T21:17:08.2533627Z"
"Costco","1771","Forney","150 FM 460","","150 FM 460, FORNEY, TX, 75126-3556","FORNEY","TX","75126-3556","US","32.770077","-96.485297","(469) 728-0051","Sales Location","Warehouse","TE","America/Chicago","2026-03-12","True","True","True","True","True","True","*General Information | Auto Buying Program | Beer & Wine | Fine Wines and Liquor | Food Court | Fresh Deli | Fresh Fish | Fresh Meat | Fresh Produce | Gas Station | Hearing Aids | Home Improvement | Independent Optometrist | Membership | Optical Department | Pharmacy | Pizza Kitchen | Rotisserie Chicken | Self Check-out | Tire Service Center | T-Mobile Cellular Kiosk","Costco warehouse locator API","https://ecom-api.costco.com/core/warehouse-locator/v1/salesLocations.json","2026-07-31T21:17:09.3669670Z"
"Costco","489","Fort Worth","5300 OVERTON RIDGE BLVD","","5300 OVERTON RIDGE BLVD, FORT WORTH, TX, 76132-3301","FORT WORTH","TX","76132-3301","US","32.67745987","-97.40890455","(817) 210-0003","Sales Location","Warehouse","TE","America/Chicago","2000-09-21","True","True","True","True","True","True","AT&T Cellular Kiosk | ATM | Auto Buying Program | Bakery | Executive Membership | Food Court | Fresh Meat | Fresh Produce | Gas Station | Hearing Aids | Independent Optometrist | Membership | Optical Department | Pharmacy | Rotisserie Chicken | Service Deli | Special Order Kiosk | Tire Service Center | Travel | Wheelchair Available","Costco warehouse locator API","https://ecom-api.costco.com/core/warehouse-locator/v1/salesLocations.json","2026-07-31T21:17:07.8605811Z"
"Costco","1173","N Fort Worth","8900 TEHAMA RIDGE PKWY","","8900 TEHAMA RIDGE PKWY, FORT WORTH, TX, 76177-2004","FORT WORTH","TX","76177-2004","US","32.90056752","-97.32062576","(817) 806-9833","Sales Location","Warehouse","TE","America/Chicago","2014-05-09","True","True","True","True","True","True","AT&T Cellular Kiosk | Auto Buying Program | Bakery | Executive Membership | Food Court | Fresh Deli | Fresh Produce | Gas Station | Hearing Aids | Independent Optometrist | Membership | Optical Department | Pharmacy | Rotisserie Chicken | Tire Service Center","Costco warehouse locator API","https://ecom-api.costco.com/core/warehouse-locator/v1/salesLocations.json","2026-07-31T21:17:08.7499427Z"
"Costco","1097","Frisco","11220 DALLAS PKWY","","11220 DALLAS PKWY, FRISCO, TX, 75033-4102","FRISCO","TX","75033-4102","US","33.17204641","-96.83771643","(469) 200-7116","Sales Location","Warehouse","TE","America/Chicago","2011-10-22","True","True","True","True","True","True","Auto Buying Program | Bakery | Executive Membership | Food Court | Fresh Deli | Fresh Meat | Fresh Produce | Gas Station | Hearing Aids | Independent Optometrist | Membership | Optical Department | Pharmacy | Rotisserie Chicken | Tire Service Center | T-Mobile Cellular Kiosk","Costco warehouse locator API","https://ecom-api.costco.com/core/warehouse-locator/v1/salesLocations.json","2026-07-31T21:17:08.6400599Z"
"Costco","1385","Georgetown","2201A N IH 35","","2201A N IH 35, GEORGETOWN, TX, 78628","GEORGETOWN","TX","78628","US","30.677111","-97.664209","(512) 240-9201","Sales Location","Warehouse","TE","America/Chicago","2023-07-14","True","True","True","True","True","True","*General Information | ATM | Auto Buying Program | Executive Membership | Food Court | Fresh Deli | Fresh Meat | Fresh Produce | Gas Station | Hearing Aids | Independent Optometrist | Membership | Optical Department | Pharmacy | Rotisserie Chicken | Service Deli | Tire Service Center | T-Mobile Cellular Kiosk | Wheelchair Available","Costco warehouse locator API","https://ecom-api.costco.com/core/warehouse-locator/v1/salesLocations.json","2026-07-31T21:17:09.0929294Z"
"Costco","680","Bunker Hill","1150 BUNKER HILL RD","","1150 BUNKER HILL RD, HOUSTON, TX, 77055-6208","HOUSTON","TX","77055-6208","US","29.7874279","-95.52944569","(713) 576-2053","Sales Location","Warehouse","TE","America/Chicago","2001-06-07","True","True","True","True","True","True","Auto Buying Program | Bakery | Executive Membership | Food Court | Fresh Meat | Fresh Produce | Gas Station | Hearing Aids | Independent Optometrist | Membership | Optical Department | Pharmacy | Service Deli | Tire Service Center | T-Mobile Cellular Kiosk","Costco warehouse locator API","https://ecom-api.costco.com/core/warehouse-locator/v1/salesLocations.json","2026-07-31T21:17:08.0392121Z"
"Costco","1018","Galleria","3836 RICHMOND AVE","","3836 RICHMOND AVE, HOUSTON, TX, 77027-5802","HOUSTON","TX","77027-5802","US","29.7348295","-95.43927094","(832) 325-5850","Sales Location","Warehouse","TE","America/Chicago","2008-10-22","True","True","True","True","True","True","AT&T Cellular Kiosk | Auto Buying Program | Bakery | Executive Membership | Food Court | Fresh Deli | Fresh Produce | Gas Station | Hearing Aids | Independent Optometrist | Membership | Optical Department | Pharmacy | Rotisserie Chicken | Tire Service Center","Costco warehouse locator API","https://ecom-api.costco.com/core/warehouse-locator/v1/salesLocations.json","2026-07-31T21:17:08.4728775Z"
"Costco","675","Willowbrook","12405 N GESSNER RD","","12405 N GESSNER RD, HOUSTON, TX, 77064-1170","HOUSTON","TX","77064-1170","US","29.95490464","-95.5471154","(832) 912-2353","Sales Location","Warehouse","TE","America/Chicago","2001-06-07","True","True","True","True","True","True","AT&T Cellular Kiosk | Auto Buying Program | Bakery | Executive Membership | Food Court | Fresh Meat | Fresh Produce | Gas Station | Hearing Aids | Independent Optometrist | Membership | Optical Department | Pharmacy | Service Deli | Tire Service Center","Costco warehouse locator API","https://ecom-api.costco.com/core/warehouse-locator/v1/salesLocations.json","2026-07-31T21:17:08.0269365Z"
"Costco","1228","Humble","21802 TOWNSEN BLVD W.","","21802 TOWNSEN BLVD W., HUMBLE, TX, 77338-1594","HUMBLE","TX","77338-1594","US","30.02141214","-95.26666048","(281) 707-7051","Sales Location","Warehouse","TE","America/Chicago","2016-03-18","True","True","True","True","True","True","Auto Buying Program | Bakery | Diesel | Executive Membership | Food Court | Fresh Deli | Fresh Meat | Fresh Produce | Gas Station | Hearing Aids | Independent Optometrist | Membership | Optical Department | Pharmacy | Rotisserie Chicken | Service Deli | Special Order Kiosk | Tire Service Center | T-Mobile Cellular Kiosk","Costco warehouse locator API","https://ecom-api.costco.com/core/warehouse-locator/v1/salesLocations.json","2026-07-31T21:17:08.8940924Z"
"Costco","1167","W Katy","23645 KATY FREEWAY","","23645 KATY FREEWAY, KATY, TX, 77494-7221","KATY","TX","77494-7221","US","29.78297346","-95.78081346","(281) 347-9900","Sales Location","Warehouse","TE","America/Chicago","2014-02-06","True","True","True","True","True","True","Auto Buying Program | Bakery | Executive Membership | Food Court | Fresh Deli | Fresh Produce | Gas Station | Hearing Aids | Independent Optometrist | Membership | Optical Department | Pharmacy | Rotisserie Chicken | Tire Service Center | T-Mobile Cellular Kiosk","Costco warehouse locator API","https://ecom-api.costco.com/core/warehouse-locator/v1/salesLocations.json","2026-07-31T21:17:08.7459435Z"
"Costco","1629","Kyle","19086 IH 35","","19086 IH 35, KYLE, TX, 78640-3210","KYLE","TX","78640-3210","US","30.031341","-97.8511963","(512) 400-2311","Sales Location","Warehouse","TE","America/Chicago","2023-03-30","True","True","True","True","True","True","*General Information | *General Information - English | AT&T Cellular Kiosk | ATM | Auto Buying Program | Bakery | Executive Membership | Food Court | Fresh Deli | Fresh Meat | Fresh Produce | Gas Station | Hearing Aids | Independent Optometrist | Membership | Optical Department | Pharmacy | Rotisserie Chicken | Self Check-out | Service Deli | Tire Service Center | Wheelchair Available","Costco warehouse locator API","https://ecom-api.costco.com/core/warehouse-locator/v1/salesLocations.json","2026-07-31T21:17:09.1891132Z"
"Costco","683","Lewisville","851 STATE HIGHWAY 121 BYP","","851 STATE HIGHWAY 121 BYP, LEWISVILLE, TX, 75067-4158","LEWISVILLE","TX","75067-4158","US","32.99758677","-96.96413421","(469) 948-1026","Sales Location","Warehouse","TE","America/Chicago","2004-08-25","True","True","True","True","True","True","AT&T Cellular Kiosk | ATM | Auto Buying Program | Bakery | Executive Membership | Food Court | Fresh Meat | Fresh Produce | Gas Station | Hearing Aids | Independent Optometrist | Membership | Optical Department | Pharmacy | Rotisserie Chicken | Service Deli | Special Order Kiosk | Tire Service Center | Wheelchair Available","Costco warehouse locator API","https://ecom-api.costco.com/core/warehouse-locator/v1/salesLocations.json","2026-07-31T21:17:08.1144996Z"
"Costco","1767","Liberty Hill","595 US 183","","595 US 183, LIBERTY HILL, TX, 78642-6426","LIBERTY HILL","TX","78642-6426","US","30.645733","-97.870416","(512) 778-2404","Sales Location","Warehouse","TE","America/Chicago","2026-03-11","True","True","True","True","True","True","*General Information | Bakery | Beer & Wine | Executive Membership | Fine Wines and Liquor | Food Court | Fresh Fish | Fresh Meat | Fresh Produce | Gas Station | Gourmet Deli | Hearing Aids | Independent Optometrist | Membership | Optical Department | Pharmacy | Pizza Kitchen | Rotisserie Chicken | Self Check-out | Service Deli | Special Order Kiosk | Tire Service Center | T-Mobile Cellular Kiosk","Costco warehouse locator API","https://ecom-api.costco.com/core/warehouse-locator/v1/salesLocations.json","2026-07-31T21:17:09.3615668Z"
"Costco","1163","Lubbock TX","6020 34TH ST","","6020 34TH ST, LUBBOCK, TX, 79407-3102","LUBBOCK","TX","79407-3102","US","33.56406911","-101.9470653","(806) 784-1450","Sales Location","Warehouse","TE","America/Chicago","2013-11-15","True","True","True","True","True","True","Auto Buying Program | Bakery | Diesel | Executive Membership | Food Court | Fresh Deli | Fresh Meat | Fresh Produce | Gas Station | Hearing Aids | Independent Optometrist | Membership | Optical Department | Pharmacy | Rotisserie Chicken | Service Deli | Special Order Kiosk | Tire Service Center | T-Mobile Cellular Kiosk","Costco warehouse locator API","https://ecom-api.costco.com/core/warehouse-locator/v1/salesLocations.json","2026-07-31T21:17:08.7399439Z"
"Costco","1793","Mansfield","1500 S. US HWY 287","","1500 S. US HWY 287, MANSFIELD, TX, 76063-3829","MANSFIELD","TX","76063-3829","US","32.536877","-97.102049","(817) 539-5800","Sales Location","Warehouse","TE","America/Chicago","2026-08-25","True","True","True","True","True","True","AT&T Cellular Kiosk | ATM | Auto Buying Program | Bakery | Bedding | Beer | Beer & Wine | Executive Membership | Food Court | Fresh Deli | Fresh Fish | Fresh Meat | Fresh Produce | Gas Station | Hearing Aids | Independent Optometrist | Lighting | Membership | Optical Department | Pharmacy | Pizza Kitchen | Rotisserie Chicken | Self Check-out | Service Deli | Take Out Pizza | Tire Service Center","Costco warehouse locator API","https://ecom-api.costco.com/core/warehouse-locator/v1/salesLocations.json","2026-07-31T21:17:09.3860619Z"
"Costco","1284","McKinney","3650 W UNIVERSITY DR","","3650 W UNIVERSITY DR, MCKINNEY, TX, 75071-2934","MCKINNEY","TX","75071-2934","US","33.21895026","-96.65964866","(469) 347-6421","Sales Location","Warehouse","TE","America/Chicago","2018-07-25","True","True","True","True","True","True","ATM | Auto Buying Program | Bakery | Executive Membership | Food Court | Fresh Meat | Fresh Produce | Gas Station | Hearing Aids | Independent Optometrist | Membership | Optical Department | Pharmacy | Service Deli | Special Order Kiosk | Tire Service Center | T-Mobile Cellular Kiosk | Wheelchair Available","Costco warehouse locator API","https://ecom-api.costco.com/core/warehouse-locator/v1/salesLocations.json","2026-07-31T21:17:08.9619843Z"
"Costco","1756","Midland TX","1901 KIRKLAND DRIVE","","1901 KIRKLAND DRIVE, MIDLAND, TX, 79707-2035","MIDLAND","TX","79707-2035","US","31.99485","-102.177568","(432) 203-8859","Sales Location","Warehouse","TE","America/Chicago","2025-07-10","True","True","True","True","True","True","Auto Buying Program | Bakery | Bedding | Beer & Wine | Carpeting/Area Rugs | Diesel | Executive Membership | Food Court | Fresh Fish | Fresh Meat | Fresh Produce | Furniture | Gas Station | Hearing Aids | Home Improvement | Lighting | Membership | Optical Department | Pharmacy | Pizza Kitchen | Rotisserie Chicken | Self Check-out | Service Deli | Take Out Pizza | Tire Service Center | T-Mobile Cellular Kiosk | Travel | Wheelchair Available","Costco warehouse locator API","https://ecom-api.costco.com/core/warehouse-locator/v1/salesLocations.json","2026-07-31T21:17:09.3463094Z"
"Costco","1766","New Braunfels","235 KOHLENBERG RD BLD 1","","235 KOHLENBERG RD BLD 1, NEW BRAUNFELS, TX, 78130-2780","NEW BRAUNFELS","TX","78130-2780","US","29.74616","-98.055295","(830) 310-5585","Sales Location","Warehouse","TE","America/Chicago","2026-05-15","True","True","True","True","True","True","ATM | Bakery | Bedding | Beer & Wine | Food Court | Fresh Deli | Fresh Fish | Fresh Meat | Gas Station | Hearing Aids | Membership | Optical Department | Optometrist | Pharmacy | Rotisserie Chicken | Tire Service Center | T-Mobile Cellular Kiosk","Costco warehouse locator API","https://ecom-api.costco.com/core/warehouse-locator/v1/salesLocations.json","2026-07-31T21:17:09.3553348Z"
"Costco","1221","Pearland","3500 BUSINESS CENTER DRIVE","","3500 BUSINESS CENTER DRIVE, PEARLAND, TX, 77584-1952","PEARLAND","TX","77584-1952","US","29.54380544","-95.3904037","(281) 707-7001","Sales Location","Warehouse","TE","America/Chicago","2015-11-12","True","True","True","True","True","True","Bakery | Diesel | Executive Membership | Food Court | Fresh Deli | Fresh Meat | Fresh Produce | Gas Station | Hearing Aids | Membership | Optical Department | Optometrist | Pharmacy | Rotisserie Chicken | Service Deli | Tire Service Center | T-Mobile Cellular Kiosk","Costco warehouse locator API","https://ecom-api.costco.com/core/warehouse-locator/v1/salesLocations.json","2026-07-31T21:17:08.8757420Z"
"Costco","1322","Pflugerville","1901 KELLY LN","","1901 KELLY LN, PFLUGERVILLE, TX, 78660","PFLUGERVILLE","TX","78660","US","30.46921574","-97.59130293","(737) 888-6037","Sales Location","Warehouse","TE","America/Chicago","2018-07-26","True","True","True","True","True","True","AT&T Cellular Kiosk | ATM | Auto Buying Program | Bakery | Executive Membership | Food Court | Fresh Meat | Fresh Produce | Gas Station | Hearing Aids | Independent Optometrist | Membership | Optical Department | Pharmacy | Service Deli | Special Order Kiosk | Tire Service Center | Wheelchair Available","Costco warehouse locator API","https://ecom-api.costco.com/core/warehouse-locator/v1/salesLocations.json","2026-07-31T21:17:09.0020658Z"
"Costco","1108","Pharr","1501 W KELLY AVE","","1501 W KELLY AVE, PHARR, TX, 78577-5031","PHARR","TX","78577-5031","US","26.19321804","-98.20246662","(956) 354-3900","Sales Location","Warehouse","TE","America/Chicago","2012-03-15","True","True","True","True","True","True","AT&T Cellular Kiosk | Auto Buying Program | Bakery | Executive Membership | Food Court | Fresh Deli | Fresh Meat | Fresh Produce | Gas Station | Hearing Aids | Independent Optometrist | Membership | Optical Department | Pharmacy | Rotisserie Chicken | Tire Service Center","Costco warehouse locator API","https://ecom-api.costco.com/core/warehouse-locator/v1/salesLocations.json","2026-07-31T21:17:08.6553358Z"
"Costco","664","E Plano","3800 N CENTRAL EXPY","","3800 N CENTRAL EXPY, PLANO, TX, 75074-2221","PLANO","TX","75074-2221","US","33.0443687","-96.69971485","(972) 244-0003","Sales Location","Warehouse","TE","America/Chicago","2000-09-21","True","True","True","True","True","True","AT&T Cellular Kiosk | Auto Buying Program | Bakery | Executive Membership | Food Court | Fresh Meat | Fresh Produce | Gas Station | Hearing Aids | Independent Optometrist | Membership | Optical Department | Pharmacy | Rotisserie Chicken | Service Deli | Special Order Kiosk | Tire Service Center | Travel | Wheelchair Available","Costco warehouse locator API","https://ecom-api.costco.com/core/warehouse-locator/v1/salesLocations.json","2026-07-31T21:17:08.0000075Z"
"Costco","684","W Plano","1701 DALLAS PKWY","","1701 DALLAS PKWY, PLANO, TX, 75093-4580","PLANO","TX","75093-4580","US","33.02362928","-96.83161813","(972) 246-2203","Sales Location","Warehouse","TE","America/Chicago","2001-09-27","True","True","True","True","True","True","ATM | Auto Buying Program | Bakery | Executive Membership | Food Court | Fresh Meat | Fresh Produce | Gas Station | Hearing Aids | Home Improvement | Independent Optometrist | Membership | Optical Department | Pharmacy | Service Deli | Special Order Kiosk | Tire Service Center | T-Mobile Cellular Kiosk | Wheelchair Available","Costco warehouse locator API","https://ecom-api.costco.com/core/warehouse-locator/v1/salesLocations.json","2026-07-31T21:17:08.1165000Z"
"Costco","1694","Prosper","5620 W UNIVERSITY DRIVE","","5620 W UNIVERSITY DRIVE, PROSPER, TX, 75078-3830","PROSPER","TX","75078-3830","US","33.22156","-96.89563","(972) 346-6120","Sales Location","Warehouse","TE","America/Chicago","2025-03-14","True","True","True","True","True","True","AT&T Cellular Kiosk | ATM | Auto Buying Program | Bakery | Executive Membership | Food Court | Fresh Meat | Gas Station | Hearing Aids | Home Improvement | Independent Optometrist | Optical Department | Pharmacy | Service Deli | Special Order Kiosk | Tire Service Center | Wheelchair Available","Costco warehouse locator API","https://ecom-api.costco.com/core/warehouse-locator/v1/salesLocations.json","2026-07-31T21:17:09.2963343Z"
"Costco","1697","Richmond TX","11125 W GRAND PKWY S","","11125 W GRAND PKWY S, RICHMOND, TX, 77407-0000","RICHMOND","TX","77407-0000","US","29.6489592","-95.7062629","(346) 309-3111","Sales Location","Warehouse","TE","America/Chicago","2024-06-27","True","True","True","True","True","True","AT&T Cellular Kiosk | Auto Buying Program | Bakery | Executive Membership | Food Court | Fresh Deli | Fresh Meat | Fresh Produce | Gas Station | Hearing Aids | Independent Optometrist | Membership | Optical Department | Pharmacy | Pizza Kitchen | Rotisserie Chicken | Self Check-out | Service Deli | Tire Service Center","Costco warehouse locator API","https://ecom-api.costco.com/core/warehouse-locator/v1/salesLocations.json","2026-07-31T21:17:09.3007981Z"
"Costco","1049","Rockwall","1225 STATE HIGHWAY 276","","1225 STATE HIGHWAY 276, ROCKWALL, TX, 75032-9376","ROCKWALL","TX","75032-9376","US","32.90794925","-96.4458793","(972) 772-1602","Sales Location","Warehouse","TE","America/Chicago","2009-04-08","True","True","True","True","True","True","Auto Buying Program | Bakery | Executive Membership | Food Court | Fresh Deli | Fresh Meat | Fresh Produce | Gas Station | Hearing Aids | Independent Optometrist | Membership | Optical Department | Pharmacy | Rotisserie Chicken | Tire Service Center | T-Mobile Cellular Kiosk","Costco warehouse locator API","https://ecom-api.costco.com/core/warehouse-locator/v1/salesLocations.json","2026-07-31T21:17:08.5419846Z"
"Costco","689","NW San Antonio","5611 UTSA BLVD","","5611 UTSA BLVD, SAN ANTONIO, TX, 78249-1619","SAN ANTONIO","TX","78249-1619","US","29.57584357","-98.59720585","(210) 200-2050","Sales Location","Warehouse","TE","America/Chicago","2001-11-03","True","True","True","True","True","True","Auto Buying Program | Bakery | Executive Membership | Food Court | Fresh Meat | Fresh Produce | Gas Station | Hearing Aids | Independent Optometrist | Membership | Optical Department | Pharmacy | Service Deli | Special Order Kiosk | Tire Service Center | T-Mobile Cellular Kiosk | Wheelchair Available","Costco warehouse locator API","https://ecom-api.costco.com/core/warehouse-locator/v1/salesLocations.json","2026-07-31T21:17:08.1478608Z"
"Costco","693","Sonterra Park","1201 N LOOP 1604 E","","1201 N LOOP 1604 E, SAN ANTONIO, TX, 78232-1322","SAN ANTONIO","TX","78232-1322","US","29.61154787","-98.47468019","(210) 403-4703","Sales Location","Warehouse","TE","America/Chicago","2002-07-11","False","True","True","True","True","True","AT&T Cellular Kiosk | Auto Buying Program | Bakery | Executive Membership | Food Court | Fresh Meat | Fresh Produce | Gourmet Deli | Hearing Aids | Independent Optometrist | Membership | Optical Department | Pharmacy | Rotisserie Chicken | Special Order Kiosk | Tire Service Center","Costco warehouse locator API","https://ecom-api.costco.com/core/warehouse-locator/v1/salesLocations.json","2026-07-31T21:17:08.1617157Z"
"Costco","1449","W San Antonio","191 W LOOP 1604 S","","191 W LOOP 1604 S, SAN ANTONIO, TX, 78245-4191","SAN ANTONIO","TX","78245-4191","US","29.43149508","-98.71462758","(210) 868-6725","Sales Location","Warehouse","TE","America/Chicago","2021-09-23","True","True","True","True","True","True","AT&T Cellular Kiosk | Auto Buying Program | Bakery | Executive Membership | Food Court | Fresh Meat | Fresh Produce | Gas Station | Hearing Aids | Independent Optometrist | Membership | Optical Department | Pharmacy | Service Deli | Special Order Kiosk | Tire Service Center | Wheelchair Available","Costco warehouse locator API","https://ecom-api.costco.com/core/warehouse-locator/v1/salesLocations.json","2026-07-31T21:17:09.1429388Z"
"Costco","1006","Selma","15330 IH-35 NORTH","","15330 IH-35 NORTH, SELMA, TX, 78154-3814","SELMA","TX","78154-3814","US","29.57629154","-98.31873997","(210) 332-1072","Sales Location","Warehouse","TE","America/Chicago","2007-10-17","True","True","True","True","True","True","Auto Buying Program | Bakery | Executive Membership | Food Court | Fresh Deli | Fresh Produce | Gas Station | Hearing Aids | Independent Optometrist | Membership | Optical Department | Pharmacy | Rotisserie Chicken | Service Deli | Special Order Kiosk | Tire Service Center | T-Mobile Cellular Kiosk","Costco warehouse locator API","https://ecom-api.costco.com/core/warehouse-locator/v1/salesLocations.json","2026-07-31T21:17:08.4261543Z"
"Costco","669","Southlake","2601 E STATE HIGHWAY 114","","2601 E STATE HIGHWAY 114, SOUTHLAKE, TX, 76092-6668","SOUTHLAKE","TX","76092-6668","US","32.94193275","-97.11142825","(817) 749-2800","Sales Location","Warehouse","TE","America/Chicago","2001-04-27","True","True","True","True","True","True","AT&T Cellular Kiosk | ATM | Auto Buying Program | Bakery | Executive Membership | Food Court | Fresh Meat | Fresh Produce | Gas Station | Hearing Aids | Independent Optometrist | Membership | Optical Department | Pharmacy | Rotisserie Chicken | Service Deli | Special Order Kiosk | Tire Service Center | Wheelchair Available","Costco warehouse locator API","https://ecom-api.costco.com/core/warehouse-locator/v1/salesLocations.json","2026-07-31T21:17:08.0100301Z"
"Costco","1487","Stafford Bus Ctr","12717 NETWORK DR","","12717 NETWORK DR, STAFFORD, TX, 77477-1738","STAFFORD","TX","77477-1738","US","29.63782024","-95.57688291","(346) 309-3871","Sales Location","Business Center","BD","America/Chicago","2021-10-20","False","False","False","False","False","False","Auto Buying Program | Business Delivery | Business Products | Delivery | Executive Membership | Fresh Meat | Membership | Office Furniture | Restaurant Supplies | Select Produce & Deli Area | Tobacco","Costco warehouse locator API","https://ecom-api.costco.com/core/warehouse-locator/v1/salesLocations.json","2026-07-31T21:17:09.1519414Z"
"Costco","1146","Sugar Land","17520 SOUTHWEST FWY","","17520 SOUTHWEST FWY, SUGAR LAND, TX, 77479-2359","SUGAR LAND","TX","77479-2359","US","29.58550639","-95.6444117","(281) 566-6720","Sales Location","Warehouse","TE","America/Chicago","2013-07-11","True","True","True","True","True","True","AT&T Cellular Kiosk | Auto Buying Program | Bakery | Executive Membership | Food Court | Fresh Meat | Fresh Produce | Gas Station | Hearing Aids | Independent Optometrist | Membership | Optical Department | Pharmacy | Service Deli | Tire Service Center","Costco warehouse locator API","https://ecom-api.costco.com/core/warehouse-locator/v1/salesLocations.json","2026-07-31T21:17:08.7126173Z"
"Costco","1687","Tomball","27000 TOMBALL PKWY","","27000 TOMBALL PKWY, TOMBALL, TX, 77375-3451","TOMBALL","TX","77375-3451","US","30.06933","-95.62069","(832) 843-0795","Sales Location","Warehouse","TE","America/Chicago","2024-08-16","True","True","True","True","True","True","Auto Buying Program | Bakery | Executive Membership | Food Court | Fresh Deli | Fresh Meat | Fresh Produce | Gas Station | Hearing Aids | Independent Optometrist | Membership | Optical Department | Pharmacy | Pizza Kitchen | Rotisserie Chicken | Self Check-out | Service Deli | Tire Service Center | T-Mobile Cellular Kiosk","Costco warehouse locator API","https://ecom-api.costco.com/core/warehouse-locator/v1/salesLocations.json","2026-07-31T21:17:09.2933459Z"
"Costco","1735","Weatherford","310 CENTER POINT ROAD","","310 CENTER POINT ROAD, WEATHERFORD, TX, 76087-4940","WEATHERFORD","TX","76087-4940","US","32.74979","-97.732","(682) 803-2846","Sales Location","Warehouse","TE","America/Chicago","2025-03-15","True","True","True","True","True","True","AT&T Cellular Kiosk | ATM | Auto Buying Program | Bakery | Executive Membership | Food Court | Fresh Meat | Fresh Produce | Gas Station | Hearing Aids | Membership | Optical Department | Optometrist | Pharmacy | Rotisserie Chicken | Self Check-out | Service Deli | Special Order Kiosk | Tire Service Center | Wheelchair Available","Costco warehouse locator API","https://ecom-api.costco.com/core/warehouse-locator/v1/salesLocations.json","2026-07-31T21:17:09.3277364Z"
"Costco","1330","Webster","1310 JASMINE AVE","","1310 JASMINE AVE, WEBSTER, TX, 77598-3210","WEBSTER","TX","77598-3210","US","29.53337765","-95.13909854","(281) 707-7750","Sales Location","Warehouse","TE","America/Chicago","2018-10-19","True","True","True","True","True","True","Bakery | Executive Membership | Food Court | Fresh Deli | Fresh Meat | Fresh Produce | Gas Station | Hearing Aids | Membership | Optical Department | Optometrist | Pharmacy | Rotisserie Chicken | Service Deli | Tire Service Center | T-Mobile Cellular Kiosk","Costco warehouse locator API","https://ecom-api.costco.com/core/warehouse-locator/v1/salesLocations.json","2026-07-31T21:17:09.0237478Z"
"Costco","733","Lehi","198 N 1200 E","","198 N 1200 E, LEHI, UT, 84043-2294","LEHI","UT","84043-2294","US","40.38918642","-111.8226236","(801) 653-2700","Sales Location","Warehouse","NW","America/Denver","2006-08-24","True","True","True","True","True","True","AT&T Cellular Kiosk | Auto Buying Program | Bakery | Executive Membership | Food Court | Fresh Deli | Fresh Meat | Fresh Produce | Gas Station | Hearing Aids | Membership | Optical Department | Pharmacy | Rotisserie Chicken | Tire Service Center","Costco warehouse locator API","https://ecom-api.costco.com/core/warehouse-locator/v1/salesLocations.json","2026-07-31T21:17:08.1677148Z"
"Costco","1633","Logan","1160 N 1000 W","","1160 N 1000 W, LOGAN, UT, 84321-6846","LOGAN","UT","84321-6846","US","41.75234242","-111.8568025","(435) 915-4214","Sales Location","Warehouse","NW","America/Denver","2022-11-18","True","True","True","True","True","True","*General Information | AT&T Cellular Kiosk | Food Court | Gas Station | Hearing Aids | Optical Department | Pharmacy | Tire Service Center","Costco warehouse locator API","https://ecom-api.costco.com/core/warehouse-locator/v1/salesLocations.json","2026-07-31T21:17:09.2012110Z"
"Costco","764","Murray","5201 S INTERMOUNTAIN DR","","5201 S INTERMOUNTAIN DR, MURRAY, UT, 84107-6024","MURRAY","UT","84107-6024","US","40.65779866","-111.8899632","(801) 290-4200","Sales Location","Warehouse","NW","America/Denver","1984-01-12","True","True","True","True","True","True","AT&T Cellular Kiosk | ATM | Auto Buying Program | Bakery | Executive Membership | Food Court | Fresh Deli | Fresh Meat | Fresh Produce | Gas Station | Hearing Aids | Independent Optometrist | Membership | Optical Department | Pharmacy | Service Deli | Special Order Kiosk | Tire Service Center | Travel","Costco warehouse locator API","https://ecom-api.costco.com/core/warehouse-locator/v1/salesLocations.json","2026-07-31T21:17:08.2439408Z"
"Costco","770","South Ogden","3656 WALL AVE","","3656 WALL AVE, OGDEN, UT, 84405-7101","OGDEN","UT","84405-7101","US","41.19632216","-111.9780695","(801) 317-3953","Sales Location","Warehouse","NW","America/Denver","2003-11-18","True","True","True","True","True","True","AT&T Cellular Kiosk | ATM | Auto Buying Program | Bakery | Executive Membership | Food Court | Fresh Deli | Fresh Meat | Fresh Produce | Gas Station | Hearing Aids | Independent Optometrist | Membership | Optical Department | Pharmacy | Service Deli | Special Order Kiosk | Tire Service Center | Travel","Costco warehouse locator API","https://ecom-api.costco.com/core/warehouse-locator/v1/salesLocations.json","2026-07-31T21:17:08.2625161Z"
"Costco","484","Orem","648 E 800 S","","648 E 800 S, OREM, UT, 84097-6528","OREM","UT","84097-6528","US","40.28044874","-111.679966","(801) 851-5003","Sales Location","Warehouse","NW","America/Denver","1999-11-23","True","True","True","True","True","True","A PS Processing | Auto Buying Program | Bakery | BBQ Deli | Business Products | Executive Membership | Food Court | Fresh Deli | Fresh Meat | Fresh Produce | Gas Station | Gourmet Deli | Hearing Aids | Independent Optometrist | Membership | Optical Department | Pharmacy | Pizza Kitchen | Rotisserie Chicken | Service Deli | Special Order Kiosk | Take Out Pizza | Tire Service Center | T-Mobile Cellular Kiosk | Wheelchair Available","Costco warehouse locator API","https://ecom-api.costco.com/core/warehouse-locator/v1/salesLocations.json","2026-07-31T21:17:07.8410868Z"
"Costco","1441","Riverton","13126 S. EAGLES FLIGHT RD","","13126 S. EAGLES FLIGHT RD, RIVERTON, UT, 84096-1410","RIVERTON","UT","84096-1410","US","40.51315254","-112.0019125","(385) 855-7196","Sales Location","Warehouse","NW","America/Denver","2022-05-19","True","True","True","True","True","True","*General Information | ATM | Bakery | Bedding | Executive Membership | Food Court | Fresh Fish | Fresh Meat | Fresh Produce | Furniture | Gas Station | Hearing Aids | Independent Optometrist | Membership | Optical Department | Optometrist | Pharmacy | Rotisserie Chicken | Self Check-out | Service Deli | Take Out Pizza | Tire Service Center | T-Mobile Cellular Kiosk","Costco warehouse locator API","https://ecom-api.costco.com/core/warehouse-locator/v1/salesLocations.json","2026-07-31T21:17:09.1168712Z"
"Costco","672","St George","835 N 3050 E","","835 N 3050 E, SAINT GEORGE, UT, 84790-9041","SAINT GEORGE","UT","84790-9041","US","37.12230277","-113.5224903","(435) 256-0003","Sales Location","Warehouse","SD","America/Denver","2000-11-15","True","True","True","True","True","True","AT&T Cellular Kiosk | Auto Buying Program | Bakery | Diesel | Executive Membership | Food Court | Fresh Deli | Fresh Meat | Fresh Produce | Gas Station | Gourmet Deli | Hearing Aids | Independent Optometrist | Membership | Optical Department | Pharmacy | Propane | Rotisserie Chicken | Special Order Kiosk | Tire Service Center | Wheelchair Available","Costco warehouse locator API","https://ecom-api.costco.com/core/warehouse-locator/v1/salesLocations.json","2026-07-31T21:17:08.0180289Z"
"Costco","113","Salt Lake City","1818 S 300 W","","1818 S 300 W, SALT LAKE CITY, UT, 84115-1805","SALT LAKE CITY","UT","84115-1805","US","40.73085654","-111.9015415","(801) 485-9715","Sales Location","Warehouse","NW","America/Denver","1995-12-02","True","True","True","True","True","True","AT&T Cellular Kiosk | ATM | Auto Buying Program | Bakery | Delivery | Diesel | Executive Membership | Food Court | Fresh Deli | Fresh Meat | Fresh Produce | Gas Station | Hearing Aids | Independent Optometrist | Membership | Optical Department | Pharmacy | Service Deli | Special Order Kiosk | Tire Service Center | Travel","Costco warehouse locator API","https://ecom-api.costco.com/core/warehouse-locator/v1/salesLocations.json","2026-07-31T21:17:07.1267143Z"
"Costco","622","West Valley","3747 S 2700 W","","3747 S 2700 W, SALT LAKE CITY, UT, 84119-3721","SALT LAKE CITY","UT","84119-3721","US","40.69046934","-111.9542064","(801) 996-9008","Sales Location","Warehouse","NW","America/Denver","2007-08-03","True","True","True","True","True","True","Auto Buying Program | Bakery | Executive Membership | Food Court | Fresh Deli | Fresh Meat | Fresh Produce | Gas Station | Hearing Aids | Membership | Optical Department | Pharmacy | Rotisserie Chicken | Tire Service Center | T-Mobile Cellular Kiosk","Costco warehouse locator API","https://ecom-api.costco.com/core/warehouse-locator/v1/salesLocations.json","2026-07-31T21:17:07.8885563Z"
"Costco","487","Sandy","11100 S AUTO MALL DR","","11100 S AUTO MALL DR, SANDY, UT, 84070-4171","SANDY","UT","84070-4171","US","40.54996683","-111.8946333","(801) 790-0003","Sales Location","Warehouse","NW","America/Denver","2000-06-02","True","True","True","True","True","True","AT&T Cellular Kiosk | Auto Buying Program | Bakery | Diesel | Executive Membership | Food Court | Fresh Deli | Fresh Meat | Fresh Produce | Gas Station | Hearing Aids | Independent Optometrist | Membership | Optical Department | Pharmacy | Rotisserie Chicken | Service Deli | Special Order Kiosk | Tire Service Center | Wheelchair Available","Costco warehouse locator API","https://ecom-api.costco.com/core/warehouse-locator/v1/salesLocations.json","2026-07-31T21:17:07.8490880Z"
"Costco","1383","Saratoga Springs","1083 N REDWOOD RD.","","1083 N REDWOOD RD., SARATOGA SPRINGS, UT, 84045-5179","SARATOGA SPRINGS","UT","84045-5179","US","40.382286","-111.918153","(801) 407-4194","Sales Location","Warehouse","NW","America/Denver","2020-08-13","True","True","True","True","True","True","Auto Buying Program | Bakery | Executive Membership | Food Court | Fresh Deli | Fresh Meat | Fresh Produce | Gas Station | Hearing Aids | Membership | Optical Department | Optometrist | Pharmacy | Rotisserie Chicken | Tire Service Center | T-Mobile Cellular Kiosk","Costco warehouse locator API","https://ecom-api.costco.com/core/warehouse-locator/v1/salesLocations.json","2026-07-31T21:17:09.0867832Z"
"Costco","1019","South Jordan","3571 W 10400 S","","3571 W 10400 S, SOUTH JORDAN, UT, 84095-7173","SOUTH JORDAN","UT","84095-7173","US","40.56006041","-111.9753083","(801) 523-5287","Sales Location","Warehouse","NW","America/Denver","2014-08-28","True","True","True","True","True","True","Auto Buying Program | Bakery | Diesel | Executive Membership | Food Court | Fresh Deli | Fresh Meat | Fresh Produce | Gas Station | Hearing Aids | Independent Optometrist | Membership | Optical Department | Pharmacy | Service Deli | Special Order Kiosk | Tire Service Center | T-Mobile Cellular Kiosk | Travel","Costco warehouse locator API","https://ecom-api.costco.com/core/warehouse-locator/v1/salesLocations.json","2026-07-31T21:17:08.4767975Z"
"Costco","1118","Spanish Fork","273 E 1000 N","","273 E 1000 N, SPANISH FORK, UT, 84660-5844","SPANISH FORK","UT","84660-5844","US","40.12389605","-111.6490733","(801) 504-9530","Sales Location","Warehouse","NW","America/Denver","2012-10-25","True","True","True","True","True","True","AT&T Cellular Kiosk | Auto Buying Program | Bakery | Executive Membership | Food Court | Fresh Deli | Fresh Meat | Fresh Produce | Gas Station | Hearing Aids | Independent Optometrist | Membership | Optical Department | Pharmacy | Rotisserie Chicken | Tire Service Center","Costco warehouse locator API","https://ecom-api.costco.com/core/warehouse-locator/v1/salesLocations.json","2026-07-31T21:17:08.6833173Z"
"Costco","1764","S St George","4700 SOUTH DESERT COLOR PARKWAY","","4700 SOUTH DESERT COLOR PARKWAY, ST. GEORGE, UT, 84790-1826","ST. GEORGE","UT","84790-1826","US","37.02754","-113.602451","(435) 215-1079","Sales Location","Warehouse","SD","America/Denver","2026-03-13","True","True","True","True","True","True","Bedding | Beer & Wine | Fine Furniture | Food Court | Fresh Deli | Fresh Produce | Gas Station | Hearing Aids | Membership | Optical Department | Pharmacy | Rotisserie Chicken | Tire Service Center | T-Mobile Cellular Kiosk | Wheelchair Available","Costco warehouse locator API","https://ecom-api.costco.com/core/warehouse-locator/v1/salesLocations.json","2026-07-31T21:17:09.3493420Z"
"Costco","1796","Syracuse UT","3151 W 1700 SOUTH","","3151 W 1700 SOUTH, SYRACUSE, UT, 84075-8813","SYRACUSE","UT","84075-8813","US","41.08698","-112.08702","(801) 416-2072","Sales Location","Warehouse","NW","America/Denver","2026-06-24","True","True","True","True","True","True","AT&T Cellular Kiosk | Diesel | Food Court | Gas Station | Hearing Aids | Optical Department | Pharmacy | Tire Service Center","Costco warehouse locator API","https://ecom-api.costco.com/core/warehouse-locator/v1/salesLocations.json","2026-07-31T21:17:09.3906197Z"
"Costco","735","Bountiful","573 W 100 N","","573 W 100 N, WEST BOUNTIFUL, UT, 84010-7018","WEST BOUNTIFUL","UT","84010-7018","US","40.88995634","-111.8945402","(801) 299-3940","Sales Location","Warehouse","NW","America/Denver","2005-11-22","True","True","True","True","True","True","Auto Buying Program | Bakery | Executive Membership | Food Court | Fresh Deli | Fresh Produce | Gas Station | Hearing Aids | Independent Optometrist | Membership | Optical Department | Pharmacy | Rotisserie Chicken | Special Order Kiosk | Tire Service Center | T-Mobile Cellular Kiosk","Costco warehouse locator API","https://ecom-api.costco.com/core/warehouse-locator/v1/salesLocations.json","2026-07-31T21:17:08.1735147Z"
"Costco","1115","Mt Vernon","7940 RICHMOND HWY","","7940 RICHMOND HWY, ALEXANDRIA, VA, 22306-7826","ALEXANDRIA","VA","22306-7826","US","38.74232851","-77.08784064","(571) 458-3500","Sales Location","Warehouse","NE","America/New_York","2013-08-08","True","True","True","True","True","True","Auto Buying Program | Bakery | Executive Membership | Food Court | Fresh Deli | Fresh Meat | Fresh Produce | Gas Station | Hearing Aids | Independent Optometrist | Membership | Optical Department | Pharmacy | Rotisserie Chicken | Service Deli | Tire Service Center | T-Mobile Cellular Kiosk","Costco warehouse locator API","https://ecom-api.costco.com/core/warehouse-locator/v1/salesLocations.json","2026-07-31T21:17:08.6768046Z"
"Costco","233","Pentagon City","1200 S FERN ST","","1200 S FERN ST, ARLINGTON, VA, 22202-2862","ARLINGTON","VA","22202-2862","US","38.86088862","-77.05719327","(703) 413-2324","Sales Location","Warehouse","NE","America/New_York","1987-07-06","False","True","True","True","True","True","AT&T Cellular Kiosk | ATM | Auto Buying Program | Bakery | Beer & Wine | Chocolate Shoppe | Executive Membership | Food Court | Fresh Deli | Fresh Meat | Fresh Produce | Hearing Aids | Independent Optometrist | Membership | Optical Department | Pharmacy | Service Deli | Special Order Kiosk | Tire Service Center | Tobacco | Travel | Wheelchair Available","Costco warehouse locator API","https://ecom-api.costco.com/core/warehouse-locator/v1/salesLocations.json","2026-07-31T21:17:07.3242742Z"
"Costco","334","Chantilly","14390 CHANTILLY CROSSING LN","","14390 CHANTILLY CROSSING LN, CHANTILLY, VA, 20151-2117","CHANTILLY","VA","20151-2117","US","38.89567957","-77.44274076","(703) 885-5544","Sales Location","Warehouse","NE","America/New_York","2003-10-09","True","True","True","True","True","True","AT&T Cellular Kiosk | Auto Buying Program | Bakery | Executive Membership | Food Court | Fresh Meat | Fresh Produce | Gas Station | Hearing Aids | Independent Optometrist | Membership | Optical Department | Pharmacy | Tire Service Center","Costco warehouse locator API","https://ecom-api.costco.com/core/warehouse-locator/v1/salesLocations.json","2026-07-31T21:17:07.4878292Z"
"Costco","1184","Charlottesville","3171 DISTRICT AVE","","3171 DISTRICT AVE, CHARLOTTESVILLE, VA, 22901-2784","CHARLOTTESVILLE","VA","22901-2784","US","38.06841587","-78.48991517","(434) 328-7023","Sales Location","Warehouse","NE","America/New_York","2015-07-30","True","True","True","True","True","True","Auto Buying Program | Bakery | Executive Membership | Food Court | Fresh Deli | Fresh Meat | Fresh Produce | Gas Station | Hearing Aids | Independent Optometrist | Membership | Optical Department | Pharmacy | Rotisserie Chicken | Service Deli | Special Order Kiosk | Tire Service Center | T-Mobile Cellular Kiosk","Costco warehouse locator API","https://ecom-api.costco.com/core/warehouse-locator/v1/salesLocations.json","2026-07-31T21:17:08.7774552Z"
"Costco","204","Fairfax","4725 W OX RD","","4725 W OX RD, FAIRFAX, VA, 22030-6125","FAIRFAX","VA","22030-6125","US","38.84940487","-77.37185421","(703) 332-3200","Sales Location","Warehouse","NE","America/New_York","1986-11-28","True","True","True","True","True","True","AT&T Cellular Kiosk | ATM | Auto Buying Program | Bakery | Beer | Beer & Wine | Executive Membership | Food Court | Fresh Deli | Fresh Meat | Fresh Produce | Gas Station | Hearing Aids | Independent Optometrist | Membership | Optical Department | Pharmacy | Rotisserie Chicken | Service Deli | Special Order Kiosk | Tire Service Center | Travel","Costco warehouse locator API","https://ecom-api.costco.com/core/warehouse-locator/v1/salesLocations.json","2026-07-31T21:17:07.2764609Z"
"Costco","340","Fredericksburg","3102 PLANK RD # 600","","3102 PLANK RD # 600, FREDERICKSBURG, VA, 22407-4900","FREDERICKSBURG","VA","22407-4900","US","38.2903186","-77.5158035","(540) 785-1160","Sales Location","Warehouse","NE","America/New_York","2002-07-10","True","True","True","True","True","True","Auto Buying Program | Bakery | Executive Membership | Food Court | Fresh Meat | Fresh Produce | Gas Station | Hearing Aids | Independent Optometrist | Membership | Optical Department | Pharmacy | Service Deli | Tire Service Center | T-Mobile Cellular Kiosk","Costco warehouse locator API","https://ecom-api.costco.com/core/warehouse-locator/v1/salesLocations.json","2026-07-31T21:17:07.5057386Z"
"Costco","205","W Henrico","9650 W BROAD ST","","9650 W BROAD ST, GLEN ALLEN, VA, 23060-4115","GLEN ALLEN","VA","23060-4115","US","37.64216295","-77.5611668","(804) 727-3050","Sales Location","Warehouse","NE","America/New_York","1991-11-23","True","True","True","True","True","True","AT&T Cellular Kiosk | ATM | Auto Buying Program | Bakery | Executive Membership | Food Court | Fresh Deli | Fresh Meat | Fresh Produce | Gas Station | Hearing Aids | Independent Optometrist | Membership | Optical Department | Pharmacy | Service Deli | Special Order Kiosk | Tire Service Center | Travel","Costco warehouse locator API","https://ecom-api.costco.com/core/warehouse-locator/v1/salesLocations.json","2026-07-31T21:17:07.2784684Z"
"Costco","238","Harrisonburg","1830 RESERVOIR ST","","1830 RESERVOIR ST, HARRISONBURG, VA, 22801-8742","HARRISONBURG","VA","22801-8742","US","38.42784661","-78.85674965","(540) 432-8989","Sales Location","Warehouse","NE","America/New_York","1995-05-04","True","True","True","True","True","True","AT&T Cellular Kiosk | Auto Buying Program | Bakery | Executive Membership | Food Court | Fresh Deli | Fresh Meat | Fresh Produce | Gas Station | Hearing Aids | Membership | Optical Department | Pharmacy | Special Order Kiosk | Tire Service Center | Travel","Costco warehouse locator API","https://ecom-api.costco.com/core/warehouse-locator/v1/salesLocations.json","2026-07-31T21:17:07.3302755Z"
"Costco","337","Leesburg","1300 EDWARDS FERRY RD NE","","1300 EDWARDS FERRY RD NE, LEESBURG, VA, 20176-3355","LEESBURG","VA","20176-3355","US","39.11531733","-77.533187","(703) 669-5061","Sales Location","Warehouse","NE","America/New_York","2004-07-28","True","True","True","True","True","True","AT&T Cellular Kiosk | Auto Buying Program | Bakery | Executive Membership | Food Court | Fresh Deli | Fresh Meat | Fresh Produce | Gas Station | Hearing Aids | Independent Optometrist | Membership | Optical Department | Pharmacy | Service Deli | Tire Service Center","Costco warehouse locator API","https://ecom-api.costco.com/core/warehouse-locator/v1/salesLocations.json","2026-07-31T21:17:07.4968248Z"
"Costco","225","Manassas","10701 SUDLEY MANOR DR","","10701 SUDLEY MANOR DR, MANASSAS, VA, 20109-2845","MANASSAS","VA","20109-2845","US","38.78392651","-77.51669293","(703) 368-7579","Sales Location","Warehouse","NE","America/New_York","1992-06-27","True","True","True","True","True","True","Auto Buying Program | Executive Membership | Food Court | Fresh Deli | Fresh Meat | Fresh Produce | Gas Station | Hearing Aids | Independent Optometrist | Membership | Optical Department | Pharmacy | Service Deli | Special Order Kiosk | Tire Service Center | T-Mobile Cellular Kiosk","Costco warehouse locator API","https://ecom-api.costco.com/core/warehouse-locator/v1/salesLocations.json","2026-07-31T21:17:07.3063332Z"
"Costco","247","Newport News","12121 JEFFERSON AVE","","12121 JEFFERSON AVE, NEWPORT NEWS, VA, 23602-6916","NEWPORT NEWS","VA","23602-6916","US","37.10629877","-76.49662313","(757) 746-2003","Sales Location","Warehouse","NE","America/New_York","1988-09-17","True","True","True","True","True","True","AT&T Cellular Kiosk | ATM | Auto Buying Program | Bakery | Executive Membership | Food Court | Fresh Deli | Fresh Meat | Fresh Produce | Gas Station | Hearing Aids | Membership | Optical Department | Pharmacy | Service Deli | Special Order Kiosk | Tire Service Center | Travel","Costco warehouse locator API","https://ecom-api.costco.com/core/warehouse-locator/v1/salesLocations.json","2026-07-31T21:17:07.3709860Z"
"Costco","202","Norfolk","850 GLENROCK RD","","850 GLENROCK RD, NORFOLK, VA, 23502-3702","NORFOLK","VA","23502-3702","US","36.85191244","-76.19950324","(757) 459-4471","Sales Location","Warehouse","NE","America/New_York","1984-11-19","True","True","True","True","True","True","ATM | Auto Buying Program | Bakery | Executive Membership | Food Court | Fresh Deli | Fresh Meat | Fresh Produce | Gas Station | Hearing Aids | Membership | Optical Department | Pharmacy | Service Deli | Special Order Kiosk | Tire Service Center | T-Mobile Cellular Kiosk | Travel","Costco warehouse locator API","https://ecom-api.costco.com/core/warehouse-locator/v1/salesLocations.json","2026-07-31T21:17:07.2680457Z"
"Costco","1089","Chesterfield","1401 MALL DR","","1401 MALL DR, NORTH CHESTERFIELD, VA, 23235-4887","NORTH CHESTERFIELD","VA","23235-4887","US","37.51370183","-77.6049463","(804) 464-9110","Sales Location","Warehouse","NE","America/New_York","1990-11-03","True","True","True","True","True","True","Auto Buying Program | Bakery | Executive Membership | Food Court | Fresh Deli | Fresh Meat | Fresh Produce | Gas Station | Hearing Aids | Independent Optometrist | Membership | Optical Department | Pharmacy | Rotisserie Chicken | Tire Service Center | T-Mobile Cellular Kiosk","Costco warehouse locator API","https://ecom-api.costco.com/core/warehouse-locator/v1/salesLocations.json","2026-07-31T21:17:08.6315637Z"
"Costco","227","Newington","7373 BOSTON BLVD","","7373 BOSTON BLVD, SPRINGFIELD, VA, 22153-2805","SPRINGFIELD","VA","22153-2805","US","38.73983945","-77.19739325","(703) 912-1203","Sales Location","Warehouse","NE","America/New_York","1992-11-07","False","True","True","True","True","True","AT&T Cellular Kiosk | Auto Buying Program | Bakery | Executive Membership | Food Court | Fresh Deli | Fresh Meat | Fresh Produce | Hearing Aids | Independent Optometrist | Membership | Optical Department | Pharmacy | Service Deli | Special Order Kiosk | Tire Service Center | Travel","Costco warehouse locator API","https://ecom-api.costco.com/core/warehouse-locator/v1/salesLocations.json","2026-07-31T21:17:07.3123327Z"
"Costco","218","Sterling","21398 PRICE CASCADES PLZ","","21398 PRICE CASCADES PLZ, STERLING, VA, 20164-6606","STERLING","VA","20164-6606","US","39.02375906","-77.40165246","(703) 406-6500","Sales Location","Warehouse","NE","America/New_York","1990-11-17","True","True","True","True","True","True","AT&T Cellular Kiosk | Auto Buying Program | Bakery | Executive Membership | Food Court | Fresh Deli | Fresh Meat | Fresh Produce | Gas Station | Hearing Aids | Independent Optometrist | Membership | Optical Department | Pharmacy | Service Deli | Special Order Kiosk | Tire Service Center | Travel","Costco warehouse locator API","https://ecom-api.costco.com/core/warehouse-locator/v1/salesLocations.json","2026-07-31T21:17:07.2953279Z"
"Costco","239","Winchester","251 FRONT ROYAL PIKE","","251 FRONT ROYAL PIKE, WINCHESTER, VA, 22602-7319","WINCHESTER","VA","22602-7319","US","39.15750069","-78.15630898","(540) 722-9626","Sales Location","Warehouse","NE","America/New_York","1995-05-23","True","True","True","True","True","True","ATM | Auto Buying Program | Bakery | Executive Membership | Food Court | Fresh Deli | Fresh Meat | Fresh Produce | Gas Station | Hearing Aids | Membership | Optical Department | Pharmacy | Special Order Kiosk | Tire Service Center | T-Mobile Cellular Kiosk | Travel","Costco warehouse locator API","https://ecom-api.costco.com/core/warehouse-locator/v1/salesLocations.json","2026-07-31T21:17:07.3342743Z"
"Costco","626","Potomac Mills","2700 POTOMAC MILLS CIRCLE","SUITE 200","2700 POTOMAC MILLS CIRCLE, SUITE 200, WOODBRIDGE, VA, 22192-4653","WOODBRIDGE","VA","22192-4653","US","38.64249346","-77.29249881","(703) 490-7410","Sales Location","Warehouse","NE","America/New_York","2007-05-05","True","True","True","True","True","True","AT&T Cellular Kiosk | Auto Buying Program | Bakery | Executive Membership | Food Court | Fresh Deli | Fresh Produce | Gas Station | Hearing Aids | Membership | Optical Department | Pharmacy | Rotisserie Chicken | Tire Service Center","Costco warehouse locator API","https://ecom-api.costco.com/core/warehouse-locator/v1/salesLocations.json","2026-07-31T21:17:07.8975562Z"
"Costco","314","Colchester","218 LOWER MOUNTAIN VIEW DR","","218 LOWER MOUNTAIN VIEW DR, COLCHESTER, VT, 05446-5830","COLCHESTER","VT","05446-5830","US","44.50412326","-73.17507355","(802) 318-2000","Sales Location","Warehouse","NE","America/New_York","1993-08-25","True","True","True","True","True","True","AT&T Cellular Kiosk | Auto Buying Program | Bakery | Executive Membership | Food Court | Fresh Deli | Fresh Meat | Fresh Produce | Gas Station | Hearing Aids | Independent Optometrist | Membership | Optical Department | Pharmacy | Special Order Kiosk | Tire Service Center | Travel","Costco warehouse locator API","https://ecom-api.costco.com/core/warehouse-locator/v1/salesLocations.json","2026-07-31T21:17:07.4325005Z"
"Costco","1216","Bellingham","4125 ARCTIC AVE","","4125 ARCTIC AVE, BELLINGHAM, WA, 98226-9325","BELLINGHAM","WA","98226-9325","US","48.79159447","-122.5144363","(360) 671-6947","Sales Location","Warehouse","NW","America/Los_Angeles","1991-11-13","True","True","True","True","True","True","AT&T Cellular Kiosk | Auto Buying Program | Bakery | Car Wash | Diesel | Executive Membership | Food Court | Fresh Deli | Fresh Meat | Fresh Produce | Gas Station | Hearing Aids | Independent Optometrist | Membership | Optical Department | Pharmacy | Special Order Kiosk | Tire Service Center","Costco warehouse locator API","https://ecom-api.costco.com/core/warehouse-locator/v1/salesLocations.json","2026-07-31T21:17:08.8737433Z"
"Costco","1278","Bonney Lake","9801 204TH AVE E","","9801 204TH AVE E, BONNEY LAKE, WA, 98391-6559","BONNEY LAKE","WA","98391-6559","US","47.16654398","-122.1585604","(253) 750-8120","Sales Location","Warehouse","NW","America/Los_Angeles","2018-05-30","True","True","True","True","True","True","ATM | Auto Buying Program | Bakery | Diesel | Executive Membership | Food Court | Fresh Deli | Fresh Meat | Fresh Produce | Gas Station | Hearing Aids | Independent Optometrist | Membership | Optical Department | Pharmacy | Rotisserie Chicken | Service Deli | Special Order Kiosk | Take Out Pizza | Tire Service Center | T-Mobile Cellular Kiosk | Wheelchair Available","Costco warehouse locator API","https://ecom-api.costco.com/core/warehouse-locator/v1/salesLocations.json","2026-07-31T21:17:08.9569836Z"
"Costco","662","Burlington WA","1725 S BURLINGTON BLVD","","1725 S BURLINGTON BLVD, BURLINGTON, WA, 98233-3223","BURLINGTON","WA","98233-3223","US","48.45356068","-122.3379232","(360) 757-5703","Sales Location","Warehouse","NW","America/Los_Angeles","2000-08-03","True","True","True","True","True","True","ATM | Auto Buying Program | Bakery | Beer & Wine | Executive Membership | Food Court | Fresh Deli | Fresh Meat | Fresh Produce | Gas Station | Hearing Aids | Independent Optometrist | Membership | Optical Department | Pharmacy | Rotisserie Chicken | Service Deli | Special Order Kiosk | Tire Service Center | T-Mobile Cellular Kiosk | Tobacco | Travel | Wheelchair Available","Costco warehouse locator API","https://ecom-api.costco.com/core/warehouse-locator/v1/salesLocations.json","2026-07-31T21:17:07.9940074Z"
"Costco","1086","E Vancouver WA","19610 SE 1ST ST","","19610 SE 1ST ST, CAMAS, WA, 98607-7472","CAMAS","WA","98607-7472","US","45.62199055","-122.4729602","(360) 258-6221","Sales Location","Warehouse","NW","America/Los_Angeles","2010-11-24","True","True","True","True","True","True","Auto Buying Program | Bakery | Executive Membership | Food Court | Fresh Deli | Fresh Meat | Fresh Produce | Gas Station | Hearing Aids | Independent Optometrist | Membership | Optical Department | Pharmacy | Rotisserie Chicken | Tire Service Center | T-Mobile Cellular Kiosk","Costco warehouse locator API","https://ecom-api.costco.com/core/warehouse-locator/v1/salesLocations.json","2026-07-31T21:17:08.6229554Z"
"Costco","103","Clarkston","301 5TH ST","","301 5TH ST, CLARKSTON, WA, 99403-1860","CLARKSTON","WA","99403-1860","US","46.42261585","-117.0424875","(509) 758-1800","Sales Location","Warehouse","NW","America/Los_Angeles","1993-07-29","True","True","True","True","True","True","AT&T Cellular Kiosk | ATM | Auto Buying Program | Bakery | Diesel | Executive Membership | Food Court | Fresh Deli | Fresh Meat | Fresh Produce | Gas Station | Hearing Aids | Independent Optometrist | Membership | Optical Department | Pharmacy | Special Order Kiosk | Tire Service Center | Travel","Costco warehouse locator API","https://ecom-api.costco.com/core/warehouse-locator/v1/salesLocations.json","2026-07-31T21:17:07.1025420Z"
"Costco","1029","Covington WA","27520 COVINGTON WAY SE","","27520 COVINGTON WAY SE, COVINGTON, WA, 98042-9100","COVINGTON","WA","98042-9100","US","47.35497481","-122.1206988","(253) 796-1004","Sales Location","Warehouse","NW","America/Los_Angeles","2008-10-25","True","True","True","True","True","True","Auto Buying Program | Bakery | Executive Membership | Food Court | Fresh Deli | Fresh Meat | Fresh Produce | Gas Station | Hearing Aids | Independent Optometrist | Membership | Optical Department | Pharmacy | Rotisserie Chicken | Tire Service Center | T-Mobile Cellular Kiosk","Costco warehouse locator API","https://ecom-api.costco.com/core/warehouse-locator/v1/salesLocations.json","2026-07-31T21:17:08.5137099Z"
"Costco","112","Wenatchee","375 HIGHLINE DR","","375 HIGHLINE DR, EAST WENATCHEE, WA, 98802-5344","EAST WENATCHEE","WA","98802-5344","US","47.40142933","-120.2806526","(509) 886-0593","Sales Location","Warehouse","NW","America/Los_Angeles","1995-06-23","True","True","True","True","True","True","AT&T Cellular Kiosk | ATM | Auto Buying Program | Bakery | Executive Membership | Food Court | Fresh Deli | Fresh Meat | Fresh Produce | Gas Station | Hearing Aids | Independent Optometrist | Membership | Optical Department | Pharmacy | Special Order Kiosk | Tire Service Center | Travel","Costco warehouse locator API","https://ecom-api.costco.com/core/warehouse-locator/v1/salesLocations.json","2026-07-31T21:17:07.1227141Z"
"Costco","114","Everett WA","10200 19TH AVE SE","","10200 19TH AVE SE, EVERETT, WA, 98208-4256","EVERETT","WA","98208-4256","US","47.90398009","-122.2096145","(425) 379-7451","Sales Location","Warehouse","NW","America/Los_Angeles","1984-11-01","True","True","True","True","True","True","ATM | Auto Buying Program | Bakery | Executive Membership | Food Court | Fresh Deli | Fresh Meat | Fresh Produce | Gas Station | Hearing Aids | Independent Optometrist | Membership | Optical Department | Pharmacy | Service Deli | Special Order Kiosk | Tire Service Center | T-Mobile Cellular Kiosk | Travel","Costco warehouse locator API","https://ecom-api.costco.com/core/warehouse-locator/v1/salesLocations.json","2026-07-31T21:17:07.1297141Z"
"Costco","61","Federal Way","35100 ENCHANTED PKWY S","","35100 ENCHANTED PKWY S, FEDERAL WAY, WA, 98003-8314","FEDERAL WAY","WA","98003-8314","US","47.28689376","-122.3104371","(253) 874-3652","Sales Location","Warehouse","NW","America/Los_Angeles","1989-03-09","True","True","True","True","True","True","AT&T Cellular Kiosk | ATM | Auto Buying Program | Bakery | Executive Membership | Food Court | Fresh Deli | Fresh Meat | Fresh Produce | Gas Station | Hearing Aids | Independent Optometrist | Membership | Optical Department | Pharmacy | Service Deli | Special Order Kiosk | Tire Service Center | Travel","Costco warehouse locator API","https://ecom-api.costco.com/core/warehouse-locator/v1/salesLocations.json","2026-07-31T21:17:07.0595356Z"
"Costco","767","Fife Bus Ctr","3900 20TH ST E","","3900 20TH ST E, FIFE, WA, 98424-1818","FIFE","WA","98424-1818","US","47.23829293","-122.3740171","(253) 719-1950","Sales Location","Business Center","BD","America/Los_Angeles","2003-11-12","False","False","False","False","False","False","Auto Buying Program | Bakery | Business Delivery | Business Products | Delivery | Executive Membership | Fresh Meat | Membership | Office Furniture | Restaurant Supplies | Select Produce & Deli Area | Tobacco","Costco warehouse locator API","https://ecom-api.costco.com/core/warehouse-locator/v1/salesLocations.json","2026-07-31T21:17:08.2499410Z"
"Costco","624","Gig Harbor","10990 HARBOR HILL DR NW","","10990 HARBOR HILL DR NW, GIG HARBOR, WA, 98332-8945","GIG HARBOR","WA","98332-8945","US","47.35790044","-122.6040319","(253) 853-8600","Sales Location","Warehouse","NW","America/Los_Angeles","2007-11-02","True","True","True","True","True","True","AT&T Cellular Kiosk | Auto Buying Program | Bakery | Executive Membership | Food Court | Fresh Deli | Fresh Meat | Fresh Produce | Gas Station | Hearing Aids | Independent Optometrist | Membership | Optical Department | Pharmacy | Rotisserie Chicken | Service Deli | Special Order Kiosk | Tire Service Center","Costco warehouse locator API","https://ecom-api.costco.com/core/warehouse-locator/v1/salesLocations.json","2026-07-31T21:17:07.8935559Z"
"Costco","110","Issaquah","1801 10TH AVE NW","","1801 10TH AVE NW, ISSAQUAH, WA, 98027-5384","ISSAQUAH","WA","98027-5384","US","47.55083843","-122.0520236","(425) 313-0965","Sales Location","Warehouse","NW","America/Los_Angeles","1994-09-09","True","True","True","True","True","True","Auto Buying Program | Bakery | Executive Membership | Food Court | Fresh Deli | Fresh Meat | Fresh Produce | Gas Station | Hearing Aids | Independent Optometrist | Membership | Optical Department | Pharmacy | Special Order Kiosk | Tire Service Center | T-Mobile Cellular Kiosk","Costco warehouse locator API","https://ecom-api.costco.com/core/warehouse-locator/v1/salesLocations.json","2026-07-31T21:17:07.1136846Z"
"Costco","486","Kennewick","8505 W. GAGE BLVD","","8505 W. GAGE BLVD, KENNEWICK, WA, 99336-8120","KENNEWICK","WA","99336-8120","US","46.22600948","-119.2351899","(509) 737-8861","Sales Location","Warehouse","NW","America/Los_Angeles","1987-07-01","True","True","True","True","True","True","AT&T Cellular Kiosk | ATM | Auto Buying Program | Bakery | Executive Membership | Food Court | Fresh Deli | Fresh Meat | Fresh Produce | Gas Station | Hearing Aids | Independent Optometrist | Membership | Optical Department | Pharmacy | Pizza Kitchen | Rotisserie Chicken | Service Deli | Special Order Kiosk | Tire Service Center | Travel | Wheelchair Available","Costco warehouse locator API","https://ecom-api.costco.com/core/warehouse-locator/v1/salesLocations.json","2026-07-31T21:17:07.8470877Z"
"Costco","8","Kirkland","8629 120TH AVE NE","","8629 120TH AVE NE, KIRKLAND, WA, 98033-5822","KIRKLAND","WA","98033-5822","US","47.6811519","-122.1813748","(425) 827-1693","Sales Location","Warehouse","NW","America/Los_Angeles","1985-08-29","True","True","True","True","True","True","AT&T Cellular Kiosk | Auto Buying Program | Bakery | Executive Membership | Food Court | Fresh Deli | Fresh Meat | Fresh Produce | Gas Station | Hearing Aids | Independent Optometrist | Membership | Optical Department | Pharmacy | Service Deli | Special Order Kiosk | Tire Service Center | Travel","Costco warehouse locator API","https://ecom-api.costco.com/core/warehouse-locator/v1/salesLocations.json","2026-07-31T21:17:06.9987511Z"
"Costco","740","Lacey","1470 MARVIN RD NE","","1470 MARVIN RD NE, LACEY, WA, 98516-3870","LACEY","WA","98516-3870","US","47.05935717","-122.7611469","(360) 412-3500","Sales Location","Warehouse","NW","America/Los_Angeles","2006-07-18","True","True","True","True","True","True","Auto Buying Program | Bakery | Diesel | Executive Membership | Food Court | Fresh Deli | Fresh Meat | Fresh Produce | Gas Station | Hearing Aids | Membership | Optical Department | Pharmacy | Rotisserie Chicken | Tire Service Center | T-Mobile Cellular Kiosk","Costco warehouse locator API","https://ecom-api.costco.com/core/warehouse-locator/v1/salesLocations.json","2026-07-31T21:17:08.1956693Z"
"Costco","1588","Lake Stevens","9210 24TH STREET SE","","9210 24TH STREET SE, LAKE STEVENS, WA, 98258-8703","LAKE STEVENS","WA","98258-8703","US","47.975332","-122.105232","(425) 367-6422","Sales Location","Warehouse","NW","America/Los_Angeles","2022-12-02","True","True","True","True","True","True","AT&T Cellular Kiosk | ATM | Auto Buying Program | Bakery | Bedding | Beer | Beer & Wine | Carpeting/Area Rugs | Executive Membership | Fine Furniture | Fine Wines and Liquor | Food Court | Fresh Deli | Fresh Fish | Fresh Meat | Fresh Produce | Furniture | Garden Center | Gas Station | Hearing Aids | Home Improvement | Hot Dog Stand | Independent Optometrist | Lighting | Membership | Office Furniture | Optical Department | Optometrist | Pharmacy | Pharmacy Kiosk | Pizza Kitchen | Rebates | Rotisserie Chicken | Select Produce & Deli Area | Self Check-out | Service Deli | Special Order Kiosk | Take Out Pizza | Tire Service Center | Travel | Wheelchair Available | Window Fashions","Costco warehouse locator API","https://ecom-api.costco.com/core/warehouse-locator/v1/salesLocations.json","2026-07-31T21:17:09.1751742Z"
"Costco","1190","Lynnwood","18109 33RD AVE W","","18109 33RD AVE W, LYNNWOOD, WA, 98037-4840","LYNNWOOD","WA","98037-4840","US","47.83397656","-122.2729756","(425) 697-1062","Sales Location","Warehouse","NW","America/Los_Angeles","2015-10-01","True","True","True","True","True","True","Auto Buying Program | Bakery | Diesel | Executive Membership | Food Court | Fresh Deli | Fresh Meat | Fresh Produce | Gas Station | Hearing Aids | Independent Optometrist | Membership | Optical Department | Pharmacy | Rotisserie Chicken | Service Deli | Special Order Kiosk | Tire Service Center | T-Mobile Cellular Kiosk","Costco warehouse locator API","https://ecom-api.costco.com/core/warehouse-locator/v1/salesLocations.json","2026-07-31T21:17:08.7910964Z"
"Costco","115","Lynnwood Bus Ctr","19105 HIGHWAY 99","","19105 HIGHWAY 99, LYNNWOOD, WA, 98036-5228","LYNNWOOD","WA","98036-5228","US","47.82565564","-122.3104726","(425) 640-7700","Sales Location","Business Center","BD","America/Los_Angeles","1996-10-03","True","False","False","False","False","False","Auto Buying Program | Business Delivery | Business Products | Delivery | Executive Membership | Fresh Meat | Gas Station | Membership | Office Furniture | Restaurant Supplies | Select Produce & Deli Area | Tobacco","Costco warehouse locator API","https://ecom-api.costco.com/core/warehouse-locator/v1/salesLocations.json","2026-07-31T21:17:07.1427160Z"
"Costco","642","Marysville WA","16616 TWIN LAKES AVE","","16616 TWIN LAKES AVE, MARYSVILLE, WA, 98271-4701","MARYSVILLE","WA","98271-4701","US","48.14782023","-122.1910724","(360) 652-4532","Sales Location","Warehouse","NW","America/Los_Angeles","2006-09-21","True","True","True","True","True","True","AT&T Cellular Kiosk | Auto Buying Program | Bakery | Executive Membership | Food Court | Fresh Deli | Fresh Meat | Fresh Produce | Gas Station | Hearing Aids | Membership | Optical Department | Pharmacy | Rotisserie Chicken | Special Order Kiosk | Tire Service Center","Costco warehouse locator API","https://ecom-api.costco.com/core/warehouse-locator/v1/salesLocations.json","2026-07-31T21:17:07.9491527Z"
"Costco","660","Puyallup","1201 39TH AVE SW","","1201 39TH AVE SW, PUYALLUP, WA, 98373-3803","PUYALLUP","WA","98373-3803","US","47.15614495","-122.3085256","(253) 445-7543","Sales Location","Warehouse","NW","America/Los_Angeles","2000-11-14","True","True","True","True","True","True","ATM | Auto Buying Program | Bakery | Executive Membership | Food Court | Fresh Deli | Fresh Meat | Fresh Produce | Gas Station | Hearing Aids | Independent Optometrist | Membership | Optical Department | Pharmacy | Rotisserie Chicken | Service Deli | Special Order Kiosk | Take Out Pizza | Tire Service Center | T-Mobile Cellular Kiosk | Wheelchair Available","Costco warehouse locator API","https://ecom-api.costco.com/core/warehouse-locator/v1/salesLocations.json","2026-07-31T21:17:07.9880087Z"
"Costco","1225","Redmond","7725 188TH AVE NE","","7725 188TH AVE NE, REDMOND, WA, 98052-6088","REDMOND","WA","98052-6088","US","47.67344191","-122.0907395","(425) 406-5382","Sales Location","Warehouse","NW","America/Los_Angeles","2016-11-11","True","True","True","True","True","True","Auto Buying Program | Bakery | Diesel | Executive Membership | Food Court | Fresh Deli | Fresh Meat | Fresh Produce | Gas Station | Hearing Aids | Independent Optometrist | Membership | Optical Department | Pharmacy | Rotisserie Chicken | Service Deli | Special Order Kiosk | Tire Service Center | T-Mobile Cellular Kiosk","Costco warehouse locator API","https://ecom-api.costco.com/core/warehouse-locator/v1/salesLocations.json","2026-07-31T21:17:08.8807414Z"
"Costco","1718","Richland","3125 QUEENSGATE DRIVE","","3125 QUEENSGATE DRIVE, RICHLAND, WA, 99352-9127","RICHLAND","WA","99352-9127","US","46.259937","-119.317588","(509) 579-3909","Sales Location","Warehouse","NW","America/Los_Angeles","2025-08-08","True","True","True","True","True","True","*General Information | ATM | Auto Buying Program | Bakery | EV Station | Food Court | Fresh Deli | Fresh Meat | Fresh Produce | Gas Station | Hearing Aids | Independent Optometrist | Membership | Optical Department | Pharmacy | Rotisserie Chicken | Self Check-out | Service Deli | Tire Service Center | T-Mobile Cellular Kiosk","Costco warehouse locator API","https://ecom-api.costco.com/core/warehouse-locator/v1/salesLocations.json","2026-07-31T21:17:09.3247308Z"
"Costco","1703","Ridgefield","519 N. 56TH PL.","","519 N. 56TH PL., RIDGEFIELD, WA, 98642-3500","RIDGEFIELD","WA","98642-3500","US","45.820238","-122.693178","(360) 727-8401","Sales Location","Warehouse","NW","America/Los_Angeles","2024-08-29","True","True","True","True","True","True","Bakery | EV Station | Executive Membership | Food Court | Fresh Meat | Fresh Produce | Gas Station | Hearing Aids | Membership | Optical Department | Optometrist | Pharmacy | Self Check-out | Service Deli | Tire Service Center | T-Mobile Cellular Kiosk","Costco warehouse locator API","https://ecom-api.costco.com/core/warehouse-locator/v1/salesLocations.json","2026-07-31T21:17:09.3071833Z"
"Costco","1","Seattle","4401 4TH AVE S","","4401 4TH AVE S, SEATTLE, WA, 98134-2311","SEATTLE","WA","98134-2311","US","47.56482663","-122.3307644","(206) 622-3136","Sales Location","Warehouse","NW","America/Los_Angeles","1983-09-15","True","True","True","True","True","True","Auto Buying Program | Bakery | Car Wash | Executive Membership | Food Court | Fresh Deli | Fresh Meat | Fresh Produce | Gas Station | Hearing Aids | Independent Optometrist | Membership | Optical Department | Pharmacy | Special Order Kiosk | Tire Service Center | T-Mobile Cellular Kiosk","Costco warehouse locator API","https://ecom-api.costco.com/core/warehouse-locator/v1/salesLocations.json","2026-07-31T21:17:06.9890403Z"
"Costco","639","Sequim","955 W WASHINGTON ST","","955 W WASHINGTON ST, SEQUIM, WA, 98382-3266","SEQUIM","WA","98382-3266","US","48.07705507","-123.1261232","(360) 406-2025","Sales Location","Warehouse","NW","America/Los_Angeles","1993-09-09","True","True","True","True","True","True","AT&T Cellular Kiosk | Auto Buying Program | Bakery | Executive Membership | Food Court | Fresh Deli | Fresh Meat | Fresh Produce | Gas Station | Hearing Aids | Independent Optometrist | Membership | Optical Department | Pharmacy | Rotisserie Chicken | Service Deli | Tire Service Center","Costco warehouse locator API","https://ecom-api.costco.com/core/warehouse-locator/v1/salesLocations.json","2026-07-31T21:17:07.9431311Z"
"Costco","106","Aurora Village","1175 N 205TH ST","","1175 N 205TH ST, SHORELINE, WA, 98133-3206","SHORELINE","WA","98133-3206","US","47.77546968","-122.3443106","(206) 546-0480","Sales Location","Warehouse","NW","America/Los_Angeles","1994-06-30","True","True","True","True","True","True","AT&T Cellular Kiosk | ATM | Auto Buying Program | Bakery | Digital Print Services | Executive Membership | Food Court | Fresh Deli | Fresh Meat | Fresh Produce | Gas Station | Hearing Aids | Independent Optometrist | Membership | Optical Department | Pharmacy | Service Deli | Special Order Kiosk | Tire Service Center | Travel","Costco warehouse locator API","https://ecom-api.costco.com/core/warehouse-locator/v1/salesLocations.json","2026-07-31T21:17:07.1076852Z"
"Costco","13","Silverdale","10000 MICKELBERRY RD NW","","10000 MICKELBERRY RD NW, SILVERDALE, WA, 98383-8302","SILVERDALE","WA","98383-8302","US","47.65669038","-122.6804671","(360) 692-9213","Sales Location","Warehouse","NW","America/Los_Angeles","1986-11-25","True","True","True","True","True","True","ATM | Auto Buying Program | Bakery | Diesel | Executive Membership | Food Court | Fresh Meat | Fresh Produce | Gas Station | Hearing Aids | Independent Optometrist | Membership | Optical Department | Pharmacy | Service Deli | Special Order Kiosk | Tire Service Center | T-Mobile Cellular Kiosk | Travel","Costco warehouse locator API","https://ecom-api.costco.com/core/warehouse-locator/v1/salesLocations.json","2026-07-31T21:17:07.0086526Z"
"Costco","1298","N Spokane","12020 N NEWPORT HWY","","12020 N NEWPORT HWY, SPOKANE, WA, 99218-1655","SPOKANE","WA","99218-1655","US","47.7664894","-117.3825889","(509) 466-9668","Sales Location","Warehouse","NW","America/Los_Angeles","1992-10-16","True","True","True","True","True","True","ATM | Auto Buying Program | Bakery | Diesel | Executive Membership | Food Court | Fresh Deli | Fresh Meat | Fresh Produce | Gas Station | Hearing Aids | Independent Optometrist | Membership | Optical Department | Pharmacy | Special Order Kiosk | Tire Service Center | T-Mobile Cellular Kiosk | Travel","Costco warehouse locator API","https://ecom-api.costco.com/core/warehouse-locator/v1/salesLocations.json","2026-07-31T21:17:08.9819835Z"
"Costco","670","Spokane","5601 E SPRAGUE AVE","","5601 E SPRAGUE AVE, SPOKANE, WA, 99212-0826","SPOKANE","WA","99212-0826","US","47.65811383","-117.3327155","(509) 842-0003","Sales Location","Warehouse","NW","America/Los_Angeles","1983-12-01","True","True","True","True","True","True","AT&T Cellular Kiosk | Auto Buying Program | Bakery | Beer & Wine | Executive Membership | Food Court | Fresh Deli | Fresh Meat | Fresh Produce | Gas Station | Hearing Aids | Independent Optometrist | Membership | Optical Department | Pharmacy | Rotisserie Chicken | Service Deli | Tire Service Center | Wheelchair Available","Costco warehouse locator API","https://ecom-api.costco.com/core/warehouse-locator/v1/salesLocations.json","2026-07-31T21:17:08.0130301Z"
"Costco","95","Tacoma","2219 S 37TH ST","","2219 S 37TH ST, TACOMA, WA, 98409-7473","TACOMA","WA","98409-7473","US","47.22484658","-122.4675654","(253) 475-5595","Sales Location","Warehouse","NW","America/Los_Angeles","1984-05-24","True","True","True","True","True","True","AT&T Cellular Kiosk | ATM | Auto Buying Program | Bakery | Executive Membership | Food Court | Fresh Deli | Fresh Meat | Fresh Produce | Gas Station | Gourmet Deli | Hearing Aids | Independent Optometrist | Membership | Optical Department | Pharmacy | Pizza Kitchen | Rotisserie Chicken | Special Order Kiosk | Tire Service Center | Wheelchair Available","Costco warehouse locator API","https://ecom-api.costco.com/core/warehouse-locator/v1/salesLocations.json","2026-07-31T21:17:07.0911024Z"
"Costco","6","Tukwila","400 COSTCO DR STE 150","","400 COSTCO DR STE 150, TUKWILA, WA, 98188-4808","TUKWILA","WA","98188-4808","US","47.44575038","-122.2481838","(206) 575-9191","Sales Location","Warehouse","NW","America/Los_Angeles","1984-08-30","True","True","True","True","True","True","AT&T Cellular Kiosk | Auto Buying Program | Bakery | Diesel | Executive Membership | Food Court | Fresh Deli | Fresh Meat | Fresh Produce | Gas Station | Hearing Aids | Independent Optometrist | Membership | Optical Department | Pharmacy | Special Order Kiosk | Tire Service Center","Costco warehouse locator API","https://ecom-api.costco.com/core/warehouse-locator/v1/salesLocations.json","2026-07-31T21:17:06.9957525Z"
"Costco","64","Tumwater","5500 LITTLEROCK RD SW","","5500 LITTLEROCK RD SW, TUMWATER, WA, 98512-7363","TUMWATER","WA","98512-7363","US","46.99675325","-122.9164592","(360) 357-6580","Sales Location","Warehouse","NW","America/Los_Angeles","1991-11-14","True","True","True","True","True","True","AT&T Cellular Kiosk | Auto Buying Program | Bakery | Executive Membership | Food Court | Fresh Deli | Fresh Meat | Fresh Produce | Gas Station | Hearing Aids | Independent Optometrist | Membership | Optical Department | Pharmacy | Special Order Kiosk | Tire Service Center","Costco warehouse locator API","https://ecom-api.costco.com/core/warehouse-locator/v1/salesLocations.json","2026-07-31T21:17:07.0669071Z"
"Costco","1013","Union Gap","2310 LONGFIBRE RD","","2310 LONGFIBRE RD, UNION GAP, WA, 98903-1513","UNION GAP","WA","98903-1513","US","46.56262354","-120.4997091","(509) 454-5242","Sales Location","Warehouse","NW","America/Los_Angeles","1990-11-14","True","True","True","True","True","True","Auto Buying Program | Bakery | Executive Membership | Food Court | Fresh Deli | Fresh Meat | Fresh Produce | Gas Station | Hearing Aids | Independent Optometrist | Membership | Optical Department | Pharmacy | Rotisserie Chicken | Service Deli | Special Order Kiosk | Tire Service Center | T-Mobile Cellular Kiosk","Costco warehouse locator API","https://ecom-api.costco.com/core/warehouse-locator/v1/salesLocations.json","2026-07-31T21:17:08.4538718Z"
"Costco","772","Vancouver WA","6720 NE 84TH ST","","6720 NE 84TH ST, VANCOUVER, WA, 98665-2016","VANCOUVER","WA","98665-2016","US","45.68488762","-122.6045932","(360) 828-2262","Sales Location","Warehouse","NW","America/Los_Angeles","2004-08-27","True","True","True","True","True","True","AT&T Cellular Kiosk | Auto Buying Program | Bakery | Diesel | Executive Membership | Food Court | Fresh Deli | Fresh Meat | Fresh Produce | Gas Station | Hearing Aids | Independent Optometrist | Membership | Optical Department | Pharmacy | Tire Service Center","Costco warehouse locator API","https://ecom-api.costco.com/core/warehouse-locator/v1/salesLocations.json","2026-07-31T21:17:08.3186185Z"
"Costco","747","Woodinville","24008 SNOHOMISH WOODINVILLE RD","","24008 SNOHOMISH WOODINVILLE RD, WOODINVILLE, WA, 98072-9743","WOODINVILLE","WA","98072-9743","US","47.78000927","-122.1479148","(425) 806-7700","Sales Location","Warehouse","NW","America/Los_Angeles","2005-08-26","True","True","True","True","True","True","AT&T Cellular Kiosk | Auto Buying Program | Bakery | Diesel | Executive Membership | Food Court | Fresh Meat | Fresh Produce | Gas Station | Hearing Aids | Independent Optometrist | Membership | Optical Department | Pharmacy | Rotisserie Chicken | Special Order Kiosk | Tire Service Center","Costco warehouse locator API","https://ecom-api.costco.com/core/warehouse-locator/v1/salesLocations.json","2026-07-31T21:17:08.2194886Z"
"Costco","1162","Bellevue","2355 COSTCO WAY","","2355 COSTCO WAY, BELLEVUE, WI, 54311-9206","BELLEVUE","WI","54311-9206","US","44.45818287","-87.98582969","(920) 469-5700","Sales Location","Warehouse","MW","America/Chicago","2013-10-17","True","True","True","True","True","True","Auto Buying Program | Bakery | Executive Membership | Food Court | Fresh Deli | Fresh Meat | Fresh Produce | Gas Station | Hearing Aids | Independent Optometrist | Membership | Optical Department | Pharmacy | Rotisserie Chicken | Service Deli | Special Order Kiosk | Tire Service Center | T-Mobile Cellular Kiosk","Costco warehouse locator API","https://ecom-api.costco.com/core/warehouse-locator/v1/salesLocations.json","2026-07-31T21:17:08.7343516Z"
"Costco","1664","Eau Claire","1420 BLACK AVENUE","","1420 BLACK AVENUE, EAU CLAIRE, WI, 54703-1354","EAU CLAIRE","WI","54703-1354","US","44.8306","-91.4513","(715) 598-6755","Sales Location","Warehouse","MW","America/Chicago","2023-11-30","True","True","True","True","True","True","AT&T Cellular Kiosk | Food Court | Gas Station | Hearing Aids | Optical Department | Pharmacy | Tire Service Center","Costco warehouse locator API","https://ecom-api.costco.com/core/warehouse-locator/v1/salesLocations.json","2026-07-31T21:17:09.2604988Z"
"Costco","628","Grafton","950 PORT WASHINGTON RD","","950 PORT WASHINGTON RD, GRAFTON, WI, 53024-9201","GRAFTON","WI","53024-9201","US","43.32440369","-87.92237463","(262) 204-1050","Sales Location","Warehouse","MW","America/Chicago","2007-08-30","True","True","True","True","True","True","AT&T Cellular Kiosk | Auto Buying Program | Bakery | Executive Membership | Food Court | Fresh Deli | Fresh Meat | Fresh Produce | Gas Station | Hearing Aids | Independent Optometrist | Membership | Optical Department | Pharmacy | Rotisserie Chicken | Tire Service Center","Costco warehouse locator API","https://ecom-api.costco.com/core/warehouse-locator/v1/salesLocations.json","2026-07-31T21:17:07.9015563Z"
"Costco","1222","Grand Chute","5401 W. INTEGRITY WAY","","5401 W. INTEGRITY WAY, GRAND CHUTE, WI, 54913-8602","GRAND CHUTE","WI","54913-8602","US","44.270614","-88.487826","(920) 815-4500","Sales Location","Warehouse","MW","America/Chicago","2015-11-07","True","True","True","True","True","True","AT&T Cellular Kiosk | Bakery | Diesel | Executive Membership | Food Court | Fresh Deli | Fresh Meat | Fresh Produce | Gas Station | Hearing Aids | Membership | Optical Department | Optometrist | Pharmacy | Rotisserie Chicken | Service Deli | Tire Service Center","Costco warehouse locator API","https://ecom-api.costco.com/core/warehouse-locator/v1/salesLocations.json","2026-07-31T21:17:08.8777411Z"
"Costco","1209","Menomonee Falls","W162N9235 PERSHING AVE","","W162N9235 PERSHING AVE, MENOMONEE FALLS, WI, 53051-4026","MENOMONEE FALLS","WI","53051-4026","US","43.18505004","-88.11184663","(262) 946-6060","Sales Location","Warehouse","MW","America/Chicago","2015-11-05","True","True","True","True","True","True","Auto Buying Program | Diesel | Food Court | Fresh Deli | Fresh Meat | Fresh Produce | Gas Station | Hearing Aids | Membership | Optical Department | Optometrist | Pharmacy | Rotisserie Chicken | Service Deli | Tire Service Center | T-Mobile Cellular Kiosk","Costco warehouse locator API","https://ecom-api.costco.com/core/warehouse-locator/v1/salesLocations.json","2026-07-31T21:17:08.8468663Z"
"Costco","1020","Middleton","2150 DEMING WAY","","2150 DEMING WAY, MIDDLETON, WI, 53562-5507","MIDDLETON","WI","53562-5507","US","43.1001966","-89.52230145","(608) 824-3950","Sales Location","Warehouse","MW","America/Chicago","2008-08-20","True","True","True","True","True","True","Auto Buying Program | Bakery | Executive Membership | Food Court | Fresh Deli | Fresh Meat | Fresh Produce | Gas Station | Hearing Aids | Independent Optometrist | Membership | Optical Department | Pharmacy | Rotisserie Chicken | Tire Service Center | T-Mobile Cellular Kiosk","Costco warehouse locator API","https://ecom-api.costco.com/core/warehouse-locator/v1/salesLocations.json","2026-07-31T21:17:08.4805504Z"
"Costco","1212","New Berlin","15300 WEST GRANGE AVE","","15300 WEST GRANGE AVE, NEW BERLIN, WI, 53151-7909","NEW BERLIN","WI","53151-7909","US","42.945088","-88.105872","(262) 599-7030","Sales Location","Warehouse","MW","America/Chicago","2015-11-06","True","True","True","True","True","True","Bakery | Executive Membership | Food Court | Fresh Deli | Fresh Meat | Fresh Produce | Gas Station | Hearing Aids | Membership | Optical Department | Optometrist | Pharmacy | Rotisserie Chicken | Service Deli | Tire Service Center | T-Mobile Cellular Kiosk","Costco warehouse locator API","https://ecom-api.costco.com/core/warehouse-locator/v1/salesLocations.json","2026-07-31T21:17:08.8518676Z"
"Costco","1803","Oconomowoc","1855 KIRKLAND WAY","","1855 KIRKLAND WAY, OCONOMOWOC, WI, 53066-4457","OCONOMOWOC","WI","53066-4457","US","43.064586350828606","-88.44796871237186","(262) 266-2227","Sales Location","Warehouse","MW","America/Chicago","2026-08-07","True","True","True","True","True","True","Food Court | Gas Station | Hearing Aids | Optical Department | Pharmacy | Tire Service Center","Costco warehouse locator API","https://ecom-api.costco.com/core/warehouse-locator/v1/salesLocations.json","2026-07-31T21:17:09.3936717Z"
"Costco","1101","Pewaukee","443 PEWAUKEE RD","","443 PEWAUKEE RD, PEWAUKEE, WI, 53072-5886","PEWAUKEE","WI","53072-5886","US","43.08936164","-88.23061891","(262) 956-6700","Sales Location","Warehouse","MW","America/Chicago","2011-10-27","True","True","True","True","True","True","AT&T Cellular Kiosk | Auto Buying Program | Bakery | Executive Membership | Food Court | Fresh Deli | Fresh Meat | Fresh Produce | Gas Station | Hearing Aids | Independent Optometrist | Membership | Optical Department | Pharmacy | Rotisserie Chicken | Tire Service Center","Costco warehouse locator API","https://ecom-api.costco.com/core/warehouse-locator/v1/salesLocations.json","2026-07-31T21:17:08.6427296Z"
"Costco","1198","Pleasant Prairie","7707 94TH AVE","","7707 94TH AVE, PLEASANT PRAIRIE, WI, 53158-1955","PLEASANT PRAIRIE","WI","53158-1955","US","42.56449851","-87.91960186","(262) 597-1027","Sales Location","Warehouse","MW","America/Chicago","2015-06-12","True","True","True","True","True","True","Auto Buying Program | Bakery | Executive Membership | Food Court | Fresh Deli | Fresh Meat | Fresh Produce | Gas Station | Hearing Aids | Independent Optometrist | Membership | Optical Department | Pharmacy | Rotisserie Chicken | Service Deli | Special Order Kiosk | Tire Service Center | T-Mobile Cellular Kiosk","Costco warehouse locator API","https://ecom-api.costco.com/core/warehouse-locator/v1/salesLocations.json","2026-07-31T21:17:08.8245679Z"
"Costco","1121","Sun Prairie","2850 HOEPKER RD","","2850 HOEPKER RD, SUN PRAIRIE, WI, 53590-9334","SUN PRAIRIE","WI","53590-9334","US","43.1673357","-89.27352424","(608) 825-4001","Sales Location","Warehouse","MW","America/Chicago","2012-11-15","True","True","True","True","True","True","AT&T Cellular Kiosk | Auto Buying Program | Bakery | Executive Membership | Food Court | Fresh Deli | Fresh Meat | Fresh Produce | Gas Station | Hearing Aids | Independent Optometrist | Membership | Optical Department | Pharmacy | Rotisserie Chicken | Tire Service Center","Costco warehouse locator API","https://ecom-api.costco.com/core/warehouse-locator/v1/salesLocations.json","2026-07-31T21:17:08.6987539Z"
"Costco","1491","Verona","1000 BATKER COURT","","1000 BATKER COURT, VERONA, WI, 53593-8993","VERONA","WI","53593-8993","US","42.9709734","-89.50916363","(608) 497-8355","Sales Location","Warehouse","MW","America/Chicago","2022-08-17","True","True","True","True","True","True","*General Information | *General Information - English | AT&T Cellular Kiosk | ATM | Auto Buying Program | Bakery | Bedding | Beer & Wine | Business Products | Carpeting/Area Rugs | Executive Membership | Fine Furniture | Fine Wines and Liquor | Food Court | Fresh Deli | Fresh Fish | Fresh Produce | Furniture | Gas Station | Gourmet Deli | Hearing Aids | Home Improvement | Independent Optometrist | Lighting | Membership | Office Furniture | Optical Department | Optometrist | Pharmacy | Pharmacy Mail Service | Restaurant & Hospitality Products | Restaurant Supplies | Rotisserie Chicken | Select Produce & Deli Area | Self Check-out | Service Deli | Special Order Kiosk | Take Out Pizza | Tire Service Center | Travel | Wheelchair Available | Window Fashions","Costco warehouse locator API","https://ecom-api.costco.com/core/warehouse-locator/v1/salesLocations.json","2026-07-31T21:17:09.1587169Z"
