"retailer","store_number","location_id","name","address","address_2","city","state","zip_code","latitude","longitude","phone","active","store_status","web_active","physical_grocery_store","pickup_point_type","price_zone","tax_group","source_query_zip","source_url","source_method","retrieved_at_utc"
"Food Lion","","https://stores.foodlion.com/de/bear/1607-pulaski-hwy","Food Lion Grocery Store of Bear","1607 Pulaski Hwy","","Bear","DE","19701","39.62069353187464","-75.69216907024389","(302) 836-6071","True","ACTIVE","True","True","","","","","https://stores.foodlion.com/de/bear/1607-pulaski-hwy","official_store_directory","2026-07-31T20:21:18.5512413Z"
"Food Lion","","https://stores.foodlion.com/de/bridgeville/9537-bridgeville-center","Food Lion Grocery Store of Bridgeville","9537 Bridgeville Center","","Bridgeville","DE","19933","38.71910996363883","-75.58504700660706","(302) 337-9239","True","ACTIVE","True","True","","","","","https://stores.foodlion.com/de/bridgeville/9537-bridgeville-center","official_store_directory","2026-07-31T20:21:19.9252201Z"
"Food Lion","","https://stores.foodlion.com/de/claymont/3609-philadelphia-pike","Food Lion Grocery Store of Claymont","3609 Philadelphia Pike","","Claymont","DE","19703","39.804553093271906","-75.45605421066284","(302) 798-3079","True","ACTIVE","True","True","","","","","https://stores.foodlion.com/de/claymont/3609-philadelphia-pike","official_store_directory","2026-07-31T20:21:21.4037160Z"
"Food Lion","","https://stores.foodlion.com/de/delmar/38650-sussex-hwy","Food Lion Grocery Store of Delmar","38650 Sussex Hwy","","Delmar","DE","19940","38.45812060809796","-75.55977878944157","(302) 846-2701","True","ACTIVE","True","True","","","","","https://stores.foodlion.com/de/delmar/38650-sussex-hwy","official_store_directory","2026-07-31T20:21:22.7411181Z"
"Food Lion","","https://stores.foodlion.com/de/dover/1030-forest-ave","Food Lion Grocery Store of Dover","1030 Forest Ave","","Dover","DE","19904","39.156417400745376","-75.54419077882687","(302) 674-2921","True","ACTIVE","True","True","","","","","https://stores.foodlion.com/de/dover/1030-forest-ave","official_store_directory","2026-07-31T20:21:24.2769300Z"
"Food Lion","","https://stores.foodlion.com/de/dover/250-gateway-south-blvd","Food Lion Grocery Store of Gateway South","250 Gateway South Blvd","","Dover","DE","19901","39.12403655815161","-75.49752652645111","(302) 698-1445","True","ACTIVE","True","True","","","","","https://stores.foodlion.com/de/dover/250-gateway-south-blvd","official_store_directory","2026-07-31T20:21:25.6679844Z"
"Food Lion","","https://stores.foodlion.com/de/harrington/2004-midway-drive","Food Lion Grocery Store of Harrington","2004 Midway Drive","","Harrington","DE","19952","38.9257924455135","-75.56455224752426","(302) 398-7884","True","ACTIVE","True","True","","","","","https://stores.foodlion.com/de/harrington/2004-midway-drive","official_store_directory","2026-07-31T20:21:27.0060126Z"
"Food Lion","","https://stores.foodlion.com/de/laurel/30214-sussex-hwy","Food Lion Grocery Store of Laurel","30214 Sussex Hwy","","Laurel","DE","19956","38.57322244790083","-75.56646198034286","(302) 875-7630","True","ACTIVE","True","True","","","","","https://stores.foodlion.com/de/laurel/30214-sussex-hwy","official_store_directory","2026-07-31T20:21:28.4663908Z"
"Food Lion","","https://stores.foodlion.com/de/milford/951-north-dupont-blvd","Food Lion Grocery Store of Milford","951 North Dupont Blvd","","Milford","DE","19963","38.93157641003293","-75.43261706829071","(302) 424-0462","True","ACTIVE","True","True","","","","","https://stores.foodlion.com/de/milford/951-north-dupont-blvd","official_store_directory","2026-07-31T20:21:30.8371070Z"
"Food Lion","","https://stores.foodlion.com/de/milton/110-broadkill-road","Food Lion Grocery Store of Milton","110 Broadkill Road","","Milton","DE","19968","38.79000325229789","-75.31479835510254","(302) 684-5880","True","ACTIVE","True","True","","","","","https://stores.foodlion.com/de/milton/110-broadkill-road","official_store_directory","2026-07-31T20:21:33.1304553Z"
"Food Lion","","https://stores.foodlion.com/de/new-castle/1200-beaver-brook-place","Food Lion Grocery Store of New Castle","1200 Beaver Brook Place","","New Castle","DE","19720","39.64123538228593","-75.62398731708527","(302) 325-9158","True","ACTIVE","True","True","","","","","https://stores.foodlion.com/de/new-castle/1200-beaver-brook-place","official_store_directory","2026-07-31T20:21:37.5728383Z"
"Food Lion","","https://stores.foodlion.com/de/newark/401-new-london-road","Food Lion Grocery Store of Fairfield Shopping Center","401 New London Road","","Newark","DE","19711","39.6939095","-75.7648569","(302) 266-8220","True","ACTIVE","True","True","","","","","https://stores.foodlion.com/de/newark/401-new-london-road","official_store_directory","2026-07-31T20:21:34.5720589Z"
"Food Lion","","https://stores.foodlion.com/de/newark/907-south-chapel-street","Food Lion Grocery Store of Newark","907 South Chapel Street","","Newark","DE","19713","39.65999535365148","-75.73714971542358","(302) 368-5342","True","ACTIVE","True","True","","","","","https://stores.foodlion.com/de/newark/907-south-chapel-street","official_store_directory","2026-07-31T20:21:36.0463631Z"
"Food Lion","","https://stores.foodlion.com/de/seaford/22954-sussex-hwy","Food Lion Grocery Store of Seaford","22954 Sussex Hwy","","Seaford","DE","19973","38.65944680617607","-75.59682190418243","(302) 629-6714","True","ACTIVE","True","True","","","","","https://stores.foodlion.com/de/seaford/22954-sussex-hwy","official_store_directory","2026-07-31T20:21:39.1488948Z"
"Food Lion","","https://stores.foodlion.com/de/selbyville/32-n-dupont-hwy","Food Lion Grocery Store of Selbyville","32 N Dupont Hwy","","Selbyville","DE","19975","38.458848095323866","-75.2317625284195","(302) 436-9557","True","ACTIVE","True","True","","","","","https://stores.foodlion.com/de/selbyville/32-n-dupont-hwy","official_store_directory","2026-07-31T20:21:40.4931522Z"
"Food Lion","","https://stores.foodlion.com/de/smyrna/215-stadium-st","Food Lion Grocery Store of Smyrna","215 Stadium St","","Smyrna","DE","19977","39.28004262644952","-75.59103906154633","(302) 659-5593","True","ACTIVE","True","True","","","","","https://stores.foodlion.com/de/smyrna/215-stadium-st","official_store_directory","2026-07-31T20:21:42.9677715Z"
"Food Lion","","https://stores.foodlion.com/de/wilmington/4401-governor-printz-blvd","Food Lion Grocery Store of Wilmington","4401 Governor Printz Blvd","","Wilmington","DE","19802","39.75369821305115","-75.51056206226349","(302) 762-2567","True","ACTIVE","True","True","","","","","https://stores.foodlion.com/de/wilmington/4401-governor-printz-blvd","official_store_directory","2026-07-31T20:21:44.3453541Z"
"Food Lion","","https://stores.foodlion.com/ga/adairsville/7409-adairsville-hwy","Food Lion Grocery Store of Adairsville","7409 Adairsville Hwy","","Adairsville","GA","30103","34.37852162114539","-84.93145108222961","(770) 877-9301","True","ACTIVE","True","True","","","","","https://stores.foodlion.com/ga/adairsville/7409-adairsville-hwy","official_store_directory","2026-07-31T20:21:45.7501289Z"
"Food Lion","","https://stores.foodlion.com/ga/americus/107-prince-street","Food Lion Grocery Store of 107 Prince Street","107 Prince Street","","Americus","GA","31709","32.07263388004907","-84.22906267960603","(229) 931-6312","True","ACTIVE","True","True","","","","","https://stores.foodlion.com/ga/americus/107-prince-street","official_store_directory","2026-07-31T20:21:51.5538502Z"
"Food Lion","","https://stores.foodlion.com/ga/augusta/2115-windsor-spring-rd","Food Lion Grocery Store of Colony Plaza","2115 Windsor Spring Rd","","Augusta","GA","30906","33.40977962439059","-82.02945917844772","(706) 796-8179","True","ACTIVE","True","True","","","","","https://stores.foodlion.com/ga/augusta/2115-windsor-spring-rd","official_store_directory","2026-07-31T20:21:52.8685400Z"
"Food Lion","","https://stores.foodlion.com/ga/augusta/3722-mike-padgett-hwy","Food Lion Grocery Store of Goshen Village","3722 Mike Padgett Hwy","","Augusta","GA","30906","33.367492834627434","-81.99394673109055","(706) 560-2539","True","ACTIVE","True","True","","","","","https://stores.foodlion.com/ga/augusta/3722-mike-padgett-hwy","official_store_directory","2026-07-31T20:21:56.4552980Z"
"Food Lion","","https://stores.foodlion.com/ga/blakely/12246-columbia-st.-ste.-f","Food Lion Grocery Store of Blakely","12246 Columbia St. Ste. F","","Blakely","GA","39823","31.373821275045824","-84.93828822893059","(229) 723-5115","True","ACTIVE","True","True","","","","","https://stores.foodlion.com/ga/blakely/12246-columbia-st.-ste.-f","official_store_directory","2026-07-31T20:21:57.8660852Z"
"Food Lion","","https://stores.foodlion.com/ga/blue-ridge/4295-old-hwy-76","Food Lion Grocery Store of Blue Ridge","4295 Old Hwy 76","","Blue Ridge","GA","30513","34.87360012011236","-84.30804669857025","(706) 258-2223","True","ACTIVE","True","True","","","","","https://stores.foodlion.com/ga/blue-ridge/4295-old-hwy-76","official_store_directory","2026-07-31T20:21:59.2440735Z"
"Food Lion","","https://stores.foodlion.com/ga/chickamauga/13311-n-hwy-27","Food Lion Grocery Store of Chickamauga","13311 N Hwy 27","","Chickamauga","GA","30707","34.88891655182767","-85.26981979608536","(706) 375-7124","True","ACTIVE","True","True","","","","","https://stores.foodlion.com/ga/chickamauga/13311-n-hwy-27","official_store_directory","2026-07-31T20:22:01.5867480Z"
"Food Lion","","https://stores.foodlion.com/ga/dalton/3925-cleveland-rd","Food Lion Grocery Store of Varnell","3925 Cleveland Rd","","Dalton","GA","30721","34.896827679604556","-84.94786604309411","(706) 694-2470","True","ACTIVE","True","True","","","","","https://stores.foodlion.com/ga/dalton/3925-cleveland-rd","official_store_directory","2026-07-31T20:22:03.0016338Z"
"Food Lion","","https://stores.foodlion.com/ga/grovetown/5157-columbia-rd","Food Lion Grocery Store of Grovetown","5157 Columbia Rd","","Grovetown","GA","30813","33.50920965564911","-82.20029979944229","(706) 863-2666","True","ACTIVE","True","True","","","","","https://stores.foodlion.com/ga/grovetown/5157-columbia-rd","official_store_directory","2026-07-31T20:22:07.6705312Z"
"Food Lion","","https://stores.foodlion.com/ga/hawkinsville/42-surrey-plz","Food Lion Grocery Store of Hawkinsville","42 Surrey Plz","","Hawkinsville","GA","31036","32.28940789771069","-83.47933319742278","(478) 783-3250","True","ACTIVE","True","True","","","","","https://stores.foodlion.com/ga/hawkinsville/42-surrey-plz","official_store_directory","2026-07-31T20:22:10.0633013Z"
"Food Lion","","https://stores.foodlion.com/ga/hinesville/2389-w-hwy-196","Food Lion Grocery Store of Hinesville","2389 W Hwy 196","","Hinesville","GA","31313","31.816395467342993","-81.65062934160233","(912) 369-3090","True","ACTIVE","True","True","","","","","https://stores.foodlion.com/ga/hinesville/2389-w-hwy-196","official_store_directory","2026-07-31T20:22:11.6561533Z"
"Food Lion","","https://stores.foodlion.com/ga/pooler/1017-e.-hwy-80","Food Lion Grocery Store of Pooler","1017 E. Hwy 80","","Pooler","GA","31322","32.10845116617573","-81.23405277729034","(912) 748-0943","True","ACTIVE","True","True","","","","","https://stores.foodlion.com/ga/pooler/1017-e.-hwy-80","official_store_directory","2026-07-31T20:22:17.1175458Z"
"Food Lion","","https://stores.foodlion.com/ga/port-wentworth/7306-hwy-21","Food Lion Grocery Store of Port Wentworth","7306 Hwy 21","","Port Wentworth","GA","31407","32.19977887336934","-81.19444236703282","(912) 963-9813","True","ACTIVE","True","True","","","","","https://stores.foodlion.com/ga/port-wentworth/7306-hwy-21","official_store_directory","2026-07-31T20:22:18.6417679Z"
"Food Lion","","https://stores.foodlion.com/ga/richmond-hill/3500-hwy-17-south","Food Lion Grocery Store of Richmond Hill","3500 Hwy 17 South","","Richmond Hill","GA","31324","31.933946979704555","-81.32455319166183","(912) 756-9929","True","ACTIVE","True","True","","","","","https://stores.foodlion.com/ga/richmond-hill/3500-hwy-17-south","official_store_directory","2026-07-31T20:22:22.0119649Z"
"Food Lion","","https://stores.foodlion.com/ga/ringgold/95-poplar-springs-road","Food Lion Grocery Store of Ringgold","95 Poplar Springs Road","","Ringgold","GA","30736","34.90493623135769","-85.13211518526077","(706) 935-5833","True","ACTIVE","True","True","","","","","https://stores.foodlion.com/ga/ringgold/95-poplar-springs-road","official_store_directory","2026-07-31T20:22:23.5257098Z"
"Food Lion","","https://stores.foodlion.com/ga/rocky-face/2709-chattanooga-rd","Food Lion Grocery Store of Rocky Face","2709 Chattanooga Rd","","Rocky Face","GA","30740","34.80612635189483","-85.03149211406702","(706) 259-8500","True","ACTIVE","True","True","","","","","https://stores.foodlion.com/ga/rocky-face/2709-chattanooga-rd","official_store_directory","2026-07-31T20:22:25.0707435Z"
"Food Lion","","https://stores.foodlion.com/ga/rome/3365-martha-berry-hwy-nw","Food Lion Grocery Store of Rome","3365 Martha Berry Hwy NW","","Rome","GA","30165","34.31863085178438","-85.17398983240128","(706) 232-8553","True","ACTIVE","True","True","","","","","https://stores.foodlion.com/ga/rome/3365-martha-berry-hwy-nw","official_store_directory","2026-07-31T20:22:26.5065468Z"
"Food Lion","","https://stores.foodlion.com/ga/savannah/1040-king-george-blvd","Food Lion Grocery Store of Georgetown","1040 King George Blvd","","Savannah","GA","31419","31.986293316575818","-81.2205559015274","(912) 920-2114","True","ACTIVE","True","True","","","","","https://stores.foodlion.com/ga/savannah/1040-king-george-blvd","official_store_directory","2026-07-31T20:22:29.2184950Z"
"Food Lion","","https://stores.foodlion.com/ga/savannah/2208-e-derenne-ave","Food Lion Grocery Store of DeRenne Plaza Shopping Center","2208 E Derenne Ave","","Savannah","GA","31406","32.01940425417329","-81.07302099466324","(912) 356-1274","True","ACTIVE","True","True","","","","","https://stores.foodlion.com/ga/savannah/2208-e-derenne-ave","official_store_directory","2026-07-31T20:22:30.5231781Z"
"Food Lion","","https://stores.foodlion.com/ga/savannah/8914-white-bluff-road","Food Lion Grocery Store of Savannah","8914 White Bluff Road","","Savannah","GA","31406","31.99517441718636","-81.12397491931915","(912) 925-0755","True","ACTIVE","True","True","","","","","https://stores.foodlion.com/ga/savannah/8914-white-bluff-road","official_store_directory","2026-07-31T20:22:31.8892371Z"
"Food Lion","","https://stores.foodlion.com/ky/glasgow/214-s-l-rogers-wells-blvd","Food Lion Grocery Store of Glasgow","214 S L Rogers Wells Blvd","","Glasgow","KY","42141","36.99825815138139","-85.93165988450176","(270) 651-1718","True","ACTIVE","True","True","","","","","https://stores.foodlion.com/ky/glasgow/214-s-l-rogers-wells-blvd","official_store_directory","2026-07-31T20:22:40.3178395Z"
"Food Lion","","https://stores.foodlion.com/ky/hopkinsville/4305-canton-pike","Food Lion Grocery Store of Hopkinsville","4305 Canton Pike","","Hopkinsville","KY","42240","36.86032588554495","-87.53893107175827","(270) 889-5364","True","ACTIVE","True","True","","","","","https://stores.foodlion.com/ky/hopkinsville/4305-canton-pike","official_store_directory","2026-07-31T20:22:41.7583309Z"
"Food Lion","","https://stores.foodlion.com/ky/hopkinsville/4439-canton-pike","Food Lion Grocery Store of 4439 Canton Pike","4439 Canton Pike","","Hopkinsville","KY","42240","36.85999548511141","-87.51655339861996","","True","ACTIVE","True","True","","","","","https://stores.foodlion.com/ky/hopkinsville/4439-canton-pike","official_store_directory","2026-07-31T20:22:43.6228697Z"
"Food Lion","","https://stores.foodlion.com/ky/scottsville/1224-gallatin-road","Food Lion Grocery Store of Scottsville","1224 Gallatin Road","","Scottsville","KY","42164","36.742271569465345","-86.2063130736351","(270) 237-9127","True","ACTIVE","True","True","","","","","https://stores.foodlion.com/ky/scottsville/1224-gallatin-road","official_store_directory","2026-07-31T20:22:45.3847599Z"
"Food Lion","","https://stores.foodlion.com/md/bel-air/2458-churchville-rd","Food Lion Grocery Store of Churchville","2458 Churchville Rd","","Bel Air","MD","21015","39.55674011991154","-76.27185881137848","(410) 399-4186","True","ACTIVE","True","True","","","","","https://stores.foodlion.com/md/bel-air/2458-churchville-rd","official_store_directory","2026-07-31T20:22:46.9933570Z"
"Food Lion","","https://stores.foodlion.com/md/berlin/10138-old-ocean-city-blvd","Food Lion Grocery Store of Berlin","10138 Old Ocean City Blvd","","Berlin","MD","21811","38.33353535882864","-75.21105587482452","(410) 629-1576","True","ACTIVE","True","True","","","","","https://stores.foodlion.com/md/berlin/10138-old-ocean-city-blvd","official_store_directory","2026-07-31T20:22:48.7584437Z"
"Food Lion","","https://stores.foodlion.com/md/bryans-road/2960-marshall-hall-rd","Food Lion Grocery Store of Bryans Road","2960 Marshall Hall Rd","","Bryans Road","MD","20616","38.6303739378406","-77.0714682340622","(301) 375-7802","True","ACTIVE","True","True","","","","","https://stores.foodlion.com/md/bryans-road/2960-marshall-hall-rd","official_store_directory","2026-07-31T20:22:51.4655726Z"
"Food Lion","","https://stores.foodlion.com/md/cambridge/6-washington-street","Food Lion Grocery Store of Cambridge","6 Washington Street","","Cambridge","MD","21613","38.558340714931994","-76.06397688388819","(410) 228-8328","True","ACTIVE","True","True","","","","","https://stores.foodlion.com/md/cambridge/6-washington-street","official_store_directory","2026-07-31T20:22:53.0600278Z"
"Food Lion","","https://stores.foodlion.com/md/centreville/2466-centreville-rd","Food Lion Grocery Store of Centreville","2466 Centreville Rd","","Centreville","MD","21617","39.030973428214075","-76.07460111379623","(410) 758-1860","True","ACTIVE","True","True","","","","","https://stores.foodlion.com/md/centreville/2466-centreville-rd","official_store_directory","2026-07-31T20:22:54.8102412Z"
"Food Lion","","https://stores.foodlion.com/md/cockeysville/122-cranbrook-rd","Food Lion Grocery Store of Cockeysville","122 Cranbrook Rd","","Cockeysville","MD","21030","39.46564017147098","-76.63447737693787","(410) 666-9035","True","ACTIVE","True","True","","","","","https://stores.foodlion.com/md/cockeysville/122-cranbrook-rd","official_store_directory","2026-07-31T20:22:57.3731574Z"
"Food Lion","","https://stores.foodlion.com/md/crisfield/1-jacksonville-road","Food Lion Grocery Store of Crisfield","1 Jacksonville Road","","Crisfield","MD","21817","37.99204080964521","-75.84461241960526","(410) 968-1321","True","ACTIVE","True","True","","","","","https://stores.foodlion.com/md/crisfield/1-jacksonville-road","official_store_directory","2026-07-31T20:22:58.8780777Z"
"Food Lion","","https://stores.foodlion.com/md/denton/840-5th-street","Food Lion Grocery Store of Denton","840 5Th Street","","Denton","MD","21629","38.872291389615455","-75.82763671875","(410) 479-5350","True","ACTIVE","True","True","","","","","https://stores.foodlion.com/md/denton/840-5th-street","official_store_directory","2026-07-31T20:23:00.5140611Z"
"Food Lion","","https://stores.foodlion.com/md/edgemere/7514-north-point-road","Food Lion Grocery Store of Edgemere","7514 North Point Road","","Edgemere","MD","21219","39.23642693300698","-76.44088357686991","(410) 477-4784","True","ACTIVE","True","True","","","","","https://stores.foodlion.com/md/edgemere/7514-north-point-road","official_store_directory","2026-07-31T20:23:01.9965961Z"
"Food Lion","","https://stores.foodlion.com/md/edgewood/2250-hanson-rd","Food Lion Grocery Store of Edgewood","2250 Hanson Rd","","Edgewood","MD","21040","39.428368288727114","-76.29825711250305","(410) 671-6500","True","ACTIVE","True","True","","","","","https://stores.foodlion.com/md/edgewood/2250-hanson-rd","official_store_directory","2026-07-31T20:23:03.7883774Z"
"Food Lion","","https://stores.foodlion.com/md/elkton/1001-east-pulaski-hwy","Food Lion Grocery Store of Elkton","1001 East Pulaski Hwy","","Elkton","MD","21921","39.60389442630006","-75.79828798770905","(410) 620-3664","True","ACTIVE","True","True","","","","","https://stores.foodlion.com/md/elkton/1001-east-pulaski-hwy","official_store_directory","2026-07-31T20:23:05.3401708Z"
"Food Lion","","https://stores.foodlion.com/md/essex/1565-hyde-park-rd","Food Lion Grocery Store of Essex","1565 Hyde Park Rd","","Essex","MD","21221","39.2987963403098","-76.43695666464737","(410) 918-0171","True","ACTIVE","True","True","","","","","https://stores.foodlion.com/md/essex/1565-hyde-park-rd","official_store_directory","2026-07-31T20:23:07.1201621Z"
"Food Lion","","https://stores.foodlion.com/md/finksburg/3000-gamber-road","Food Lion Grocery Store of Finksburg","3000 Gamber Road","","Finksburg","MD","21048","39.49358047300021","-76.89412593841553","(410) 861-8422","True","ACTIVE","True","True","","","","","https://stores.foodlion.com/md/finksburg/3000-gamber-road","official_store_directory","2026-07-31T20:23:09.9950226Z"
"Food Lion","","https://stores.foodlion.com/md/frederick/6920-crestwood-blvd","Food Lion Grocery Store of Crestwood Plaza","6920 Crestwood Blvd","","Frederick","MD","21703","39.392179232383135","-77.42327749729151","(301) 846-4704","True","ACTIVE","True","True","","","","","https://stores.foodlion.com/md/frederick/6920-crestwood-blvd","official_store_directory","2026-07-31T20:23:12.8467817Z"
"Food Lion","","https://stores.foodlion.com/md/fruitland/206-n.-fruitland-blvd","Food Lion Grocery Store of Fruitland","206 N. Fruitland Blvd","","Fruitland","MD","21826","38.326966495182155","-75.6181588768959","(410) 341-4125","True","ACTIVE","True","True","","","","","https://stores.foodlion.com/md/fruitland/206-n.-fruitland-blvd","official_store_directory","2026-07-31T20:23:14.4611233Z"
"Food Lion","","https://stores.foodlion.com/md/glen-burnie/121-crain-hwy-n","Food Lion Grocery Store of Glen Burnie","121 Crain Hwy N","","Glen Burnie","MD","21061","39.1648460365755","-76.62331938743591","(410) 863-4957","True","ACTIVE","True","True","","","","","https://stores.foodlion.com/md/glen-burnie/121-crain-hwy-n","official_store_directory","2026-07-31T20:23:16.2025608Z"
"Food Lion","","https://stores.foodlion.com/md/glen-burnie/7069-baltimore-annapolis-blvd","Food Lion Grocery Store of Linthicum","7069 Baltimore Annapolis Blvd","","Glen Burnie","MD","21061","39.199676993744994","-76.63976669311529","(410) 684-2068","True","ACTIVE","True","True","","","","","https://stores.foodlion.com/md/glen-burnie/7069-baltimore-annapolis-blvd","official_store_directory","2026-07-31T20:23:17.8966487Z"
"Food Lion","","https://stores.foodlion.com/md/hanover/2655-annapolis-road","Food Lion Grocery Store of Hanover","2655 Annapolis Road","","Hanover","MD","21076","39.13043059345833","-76.74200713634491","(410) 519-8740","True","ACTIVE","True","True","","","","","https://stores.foodlion.com/md/hanover/2655-annapolis-road","official_store_directory","2026-07-31T20:23:20.4453709Z"
"Food Lion","","https://stores.foodlion.com/md/laurel/12675-laurel-bowie-rd","Food Lion Grocery Store of Laurel","12675 Laurel Bowie Rd","","Laurel","MD","20708","39.065283331666095","-76.8365228176117","(240) 456-0574","True","ACTIVE","True","True","","","","","https://stores.foodlion.com/md/laurel/12675-laurel-bowie-rd","official_store_directory","2026-07-31T20:23:21.8861256Z"
"Food Lion","","https://stores.foodlion.com/md/laurel/410-sandy-spring-rd","Food Lion Grocery Store of Laurel","410 Sandy Spring Rd","","Laurel","MD","20707","39.105891649736044","-76.86313569545746","(301) 362-9581","True","ACTIVE","True","True","","","","","https://stores.foodlion.com/md/laurel/410-sandy-spring-rd","official_store_directory","2026-07-31T20:23:23.3429044Z"
"Food Lion","","https://stores.foodlion.com/md/leonardtown/40955-merchant-lane","Food Lion Grocery Store of Leonardtown","40955 Merchant Lane","","Leonardtown","MD","20650","38.304696942797044","-76.66129142045975","(301) 475-9104","True","ACTIVE","True","True","","","","","https://stores.foodlion.com/md/leonardtown/40955-merchant-lane","official_store_directory","2026-07-31T20:23:24.9338211Z"
"Food Lion","","https://stores.foodlion.com/md/middle-river/1413-fuselage-ave","Food Lion Grocery Store of Middle River","1413 Fuselage Ave","","Middle River","MD","21220","39.33248007071641","-76.44576519727707","(410) 391-9316","True","ACTIVE","True","True","","","","","https://stores.foodlion.com/md/middle-river/1413-fuselage-ave","official_store_directory","2026-07-31T20:23:26.4767471Z"
"Food Lion","","https://stores.foodlion.com/md/mount-airy/1312-s.-main-st","Food Lion Grocery Store of Mount Airy","1312 S. Main St","","Mount Airy","MD","21771","39.36704315416391","-77.16688778586177","(301) 829-5966","True","ACTIVE","True","True","","","","","https://stores.foodlion.com/md/mount-airy/1312-s.-main-st","official_store_directory","2026-07-31T20:23:29.0159598Z"
"Food Lion","","https://stores.foodlion.com/md/new-market/11800-old-national-pike","Food Lion Grocery Store of New Market","11800 Old National Pike","","New Market","MD","21774","39.3835016786081","-77.25434929132462","(301) 865-6950","True","ACTIVE","True","True","","","","","https://stores.foodlion.com/md/new-market/11800-old-national-pike","official_store_directory","2026-07-31T20:23:30.5228893Z"
"Food Lion","","https://stores.foodlion.com/md/north-east/2500-west-pulasky-hwy","Food Lion Grocery Store of North East","2500 West Pulasky Hwy","","North East","MD","21901","39.605905161302005","-75.9501975774765","(410) 287-5177","True","ACTIVE","True","True","","","","","https://stores.foodlion.com/md/north-east/2500-west-pulasky-hwy","official_store_directory","2026-07-31T20:23:32.0844276Z"
"Food Lion","","https://stores.foodlion.com/md/ocean-city/11801-coastal-hwy","Food Lion Grocery Store of Ocean City","11801 Coastal Hwy","","Ocean City","MD","21842","38.42395396003935","-75.05775963558193","(410) 524-9039","True","ACTIVE","True","True","","","","","https://stores.foodlion.com/md/ocean-city/11801-coastal-hwy","official_store_directory","2026-07-31T20:23:33.5214271Z"
"Food Lion","","https://stores.foodlion.com/md/ocean-city/9936-stephen-decatur-hwy","Food Lion Grocery Store of West Ocean City","9936 Stephen Decatur Hwy","","Ocean City","MD","21842","38.335172221922086","-75.11192679405218","(410) 213-0166","True","ACTIVE","True","True","","","","","https://stores.foodlion.com/md/ocean-city/9936-stephen-decatur-hwy","official_store_directory","2026-07-31T20:23:35.0069714Z"
"Food Lion","","https://stores.foodlion.com/md/odenton/8741-piney-orchard-pkwy","Food Lion Grocery Store of Piney Orchard","8741 Piney Orchard Pkwy","","Odenton","MD","21113","39.065225020430624","-76.7195463180542","(410) 695-0852","True","ACTIVE","True","True","","","","","https://stores.foodlion.com/md/odenton/8741-piney-orchard-pkwy","official_store_directory","2026-07-31T20:23:36.5908579Z"
"Food Lion","","https://stores.foodlion.com/md/pasadena/350-mountain-road","Food Lion Grocery Store of Pasadena","350 Mountain Road","","Pasadena","MD","21122","39.13178506401443","-76.55713319778442","(410) 255-4626","True","ACTIVE","True","True","","","","","https://stores.foodlion.com/md/pasadena/350-mountain-road","official_store_directory","2026-07-31T20:23:38.2318421Z"
"Food Lion","","https://stores.foodlion.com/md/perry-hall/8635-walther-blvd","Food Lion Grocery Store of Perry Hall","8635 Walther Blvd","","Perry Hall","MD","21236","39.388775504504984","-76.50749623775482","(410) 663-3207","True","ACTIVE","True","True","","","","","https://stores.foodlion.com/md/perry-hall/8635-walther-blvd","official_store_directory","2026-07-31T20:23:40.1346746Z"
"Food Lion","","https://stores.foodlion.com/md/princess-anne/12158-brittingham-lane","Food Lion Grocery Store of Princess Anne","12158 Brittingham Lane","","Princess Anne","MD","21853","38.21602662194966","-75.70092380046844","(410) 651-1508","True","ACTIVE","True","True","","","","","https://stores.foodlion.com/md/princess-anne/12158-brittingham-lane","official_store_directory","2026-07-31T20:23:43.1340593Z"
"Food Lion","","https://stores.foodlion.com/md/randallstown/8508-liberty-road","Food Lion Grocery Store of Randallstown","8508 Liberty Road","","Randallstown","MD","21133","39.36100881612932","-76.77476763725281","(410) 521-7049","True","ACTIVE","True","True","","","","","https://stores.foodlion.com/md/randallstown/8508-liberty-road","official_store_directory","2026-07-31T20:23:44.9664105Z"
"Food Lion","","https://stores.foodlion.com/md/rockville/845-rockville-pike","Food Lion Grocery Store of Rockville","845 Rockville Pike","","Rockville","MD","20852","39.07402530689836","-77.1378368139267","(301) 251-0184","True","ACTIVE","True","True","","","","","https://stores.foodlion.com/md/rockville/845-rockville-pike","official_store_directory","2026-07-31T20:23:46.8307350Z"
"Food Lion","","https://stores.foodlion.com/md/salisbury/232-tilghman-rd","Food Lion Grocery Store of Shoppes At Salisbury","232 Tilghman Rd","","Salisbury","MD","21804","38.36792254318183","-75.54919091988268","(410) 742-8155","True","ACTIVE","True","True","","","","","https://stores.foodlion.com/md/salisbury/232-tilghman-rd","official_store_directory","2026-07-31T20:23:49.4178072Z"
"Food Lion","","https://stores.foodlion.com/md/salisbury/817-snow-hill-road","Food Lion Grocery Store of Salisbury","817 Snow Hill Road","","Salisbury","MD","21804","38.351240130220205","-75.58228969573975","(410) 742-8833","True","ACTIVE","True","True","","","","","https://stores.foodlion.com/md/salisbury/817-snow-hill-road","official_store_directory","2026-07-31T20:23:51.1253590Z"
"Food Lion","","https://stores.foodlion.com/md/scaggsville/8300-ice-crystal-dr","Food Lion Grocery Store of Scaggsville","8300 Ice Crystal Dr","","Scaggsville","MD","20723","39.1440594156673","-76.89996242523188","(301) 362-1375","True","ACTIVE","True","True","","","","","https://stores.foodlion.com/md/scaggsville/8300-ice-crystal-dr","official_store_directory","2026-07-31T20:23:53.1563900Z"
"Food Lion","","https://stores.foodlion.com/md/stevensville/300-thompson-creek-mall-d","Food Lion Grocery Store of Kent Island","300 Thompson Creek Mall D","","Stevensville","MD","21666","38.97566334092571","-76.31454598595731","(410) 643-9687","True","ACTIVE","True","True","","","","","https://stores.foodlion.com/md/stevensville/300-thompson-creek-mall-d","official_store_directory","2026-07-31T20:23:55.0070998Z"
"Food Lion","","https://stores.foodlion.com/md/taneytown/511-east-baltimore-st","Food Lion Grocery Store of Taneytown","511 East Baltimore St","","Taneytown","MD","21787","39.65147510817268","-77.1577924489975","(410) 756-1443","True","ACTIVE","True","True","","","","","https://stores.foodlion.com/md/taneytown/511-east-baltimore-st","official_store_directory","2026-07-31T20:23:56.7645364Z"
"Food Lion","","https://stores.foodlion.com/md/thurmont/231-tippin-dr","Food Lion Grocery Store of Thurmont","231 Tippin Dr","","Thurmont","MD","21788","39.61684848752785","-77.42027878761292","(301) 271-9949","True","ACTIVE","True","True","","","","","https://stores.foodlion.com/md/thurmont/231-tippin-dr","official_store_directory","2026-07-31T20:23:58.4468743Z"
"Food Lion","","https://stores.foodlion.com/md/upper-marlboro/9500-se-crain-hwy","Food Lion Grocery Store of Upper Marlboro","9500 SE Crain Hwy","","Upper Marlboro","MD","20772","38.7597138926964","-76.80679321289062","(301) 599-6022","True","ACTIVE","True","True","","","","","https://stores.foodlion.com/md/upper-marlboro/9500-se-crain-hwy","official_store_directory","2026-07-31T20:24:00.4167571Z"
"Food Lion","","https://stores.foodlion.com/md/waldorf/191-st.-patricks-drive","Food Lion Grocery Store of St. Charles Village Center","191 St. Patricks Drive","","Waldorf","MD","20603","38.620110356017214","-76.93507254123688","(301) 374-6527","True","ACTIVE","True","True","","","","","https://stores.foodlion.com/md/waldorf/191-st.-patricks-drive","official_store_directory","2026-07-31T20:24:01.8496155Z"
"Food Lion","","https://stores.foodlion.com/md/waldorf/3200-old-washington-road","Food Lion Grocery Store of Waldorf","3200 Old Washington Road","","Waldorf","MD","20602","38.62304415531062","-76.90844088792801","(301) 932-9500","True","ACTIVE","True","True","","","","","https://stores.foodlion.com/md/waldorf/3200-old-washington-road","official_store_directory","2026-07-31T20:24:03.4223685Z"
"Food Lion","","https://stores.foodlion.com/md/woodbine/705-lisbon-center-drive","Food Lion Grocery Store of Woodbine","705 Lisbon Center Drive","","Woodbine","MD","21797","39.350543682635916","-77.06659197807312","(410) 489-6255","True","ACTIVE","True","True","","","","","https://stores.foodlion.com/md/woodbine/705-lisbon-center-drive","official_store_directory","2026-07-31T20:24:05.8100369Z"
"Food Lion","","https://stores.foodlion.com/nc/aberdeen/1680-nc-hwy-5","Food Lion Grocery Store of Pinehurst","1680 NC Hwy 5","","Aberdeen","NC","28315","35.1634136871214","-79.47283891129361","(910) 295-1031","True","ACTIVE","True","True","","","","","https://stores.foodlion.com/nc/aberdeen/1680-nc-hwy-5","official_store_directory","2026-07-31T20:24:07.3173683Z"
"Food Lion","","https://stores.foodlion.com/nc/aberdeen/1832-n-sandhills-blvd","Food Lion Grocery Store of Aberdeen","1832 N Sandhills Blvd","","Aberdeen","NC","28315","35.155271148842","-79.41313594579697","(910) 693-1925","True","ACTIVE","True","True","","","","","https://stores.foodlion.com/nc/aberdeen/1832-n-sandhills-blvd","official_store_directory","2026-07-31T20:24:08.8725208Z"
"Food Lion","","https://stores.foodlion.com/nc/advance/5285-us-hwy-158","Food Lion Grocery Store of Bermuda Run","5285 US Hwy 158","","Advance","NC","27006","36.005415563042284","-80.44237196445465","(336) 998-1678","True","ACTIVE","True","True","","","","","https://stores.foodlion.com/nc/advance/5285-us-hwy-158","official_store_directory","2026-07-31T20:24:10.2686208Z"
"Food Lion","","https://stores.foodlion.com/nc/ahoskie/1498-e-memorial-dr","Food Lion Grocery Store of Ahoskie","1498 E Memorial Dr","","Ahoskie","NC","27910","36.27244177312256","-76.97493016719818","(252) 332-5255","True","ACTIVE","True","True","","","","","https://stores.foodlion.com/nc/ahoskie/1498-e-memorial-dr","official_store_directory","2026-07-31T20:24:11.9343648Z"
"Food Lion","","https://stores.foodlion.com/nc/albemarle/2000-hwy-52-n","Food Lion Grocery Store of Northwoods Plaza","2000 Hwy 52 N","","Albemarle","NC","28001","35.388477065190145","-80.19418179988861","(704) 983-6170","True","ACTIVE","True","True","","","","","https://stores.foodlion.com/nc/albemarle/2000-hwy-52-n","official_store_directory","2026-07-31T20:24:13.4786104Z"
"Food Lion","","https://stores.foodlion.com/nc/albemarle/833-hwy-24-27-bypass-e","Food Lion Grocery Store of Eastgate","833 Hwy 24 27 Bypass E","","Albemarle","NC","28001","35.34831986656142","-80.16848055665832","(704) 982-5817","True","ACTIVE","True","True","","","","","https://stores.foodlion.com/nc/albemarle/833-hwy-24-27-bypass-e","official_store_directory","2026-07-31T20:24:15.0545783Z"
"Food Lion","","https://stores.foodlion.com/nc/angier/1363-n-raleigh-st","Food Lion Grocery Store of Angier","1363 N Raleigh St","","Angier","NC","27501","35.526502848941284","-78.74483406543732","(919) 639-2797","True","ACTIVE","True","True","","","","","https://stores.foodlion.com/nc/angier/1363-n-raleigh-st","official_store_directory","2026-07-31T20:24:16.6853369Z"
"Food Lion","","https://stores.foodlion.com/nc/apex/1777-w.-williams-street","Food Lion Grocery Store of Peak Plaza","1777 W. Williams Street","","Apex","NC","27523","35.75940503240373","-78.87788772583008","(919) 362-1986","True","ACTIVE","True","True","","","","","https://stores.foodlion.com/nc/apex/1777-w.-williams-street","official_store_directory","2026-07-31T20:24:18.1886040Z"
"Food Lion","","https://stores.foodlion.com/nc/apex/620-laura-duncan-rd","Food Lion Grocery Store of Apex","620 Laura Duncan Rd","","Apex","NC","27502","35.73493898410428","-78.84139895439148","(919) 362-3904","True","ACTIVE","True","True","","","","","https://stores.foodlion.com/nc/apex/620-laura-duncan-rd","official_store_directory","2026-07-31T20:24:19.7181438Z"
"Food Lion","","https://stores.foodlion.com/nc/apex/8745-holly-springs-rd","Food Lion Grocery Store of Fairview Village","8745 Holly Springs Rd","","Apex","NC","27539","35.69294452959353","-78.77302676439285","(919) 362-1738","True","ACTIVE","True","True","","","","","https://stores.foodlion.com/nc/apex/8745-holly-springs-rd","official_store_directory","2026-07-31T20:24:21.4349901Z"
"Food Lion","","https://stores.foodlion.com/nc/archdale/10102-f-s-main-st","Food Lion Grocery Store of Archdale","10102 F S Main St","","Archdale","NC","27263","35.9006400211375","-79.95028048753738","(336) 431-2779","True","ACTIVE","True","True","","","","","https://stores.foodlion.com/nc/archdale/10102-f-s-main-st","official_store_directory","2026-07-31T20:24:23.0188038Z"
"Food Lion","","https://stores.foodlion.com/nc/asheboro/1200-n-fayetteville-st","Food Lion Grocery Store of Oakie Mountain","1200 N Fayetteville St","","Asheboro","NC","27203","35.72526281773583","-79.80800271034241","(336) 625-4331","True","ACTIVE","True","True","","","","","https://stores.foodlion.com/nc/asheboro/1200-n-fayetteville-st","official_store_directory","2026-07-31T20:24:24.4669319Z"
"Food Lion","","https://stores.foodlion.com/nc/asheboro/1327-e-dixie-dr","Food Lion Grocery Store of Asheboro","1327 E Dixie Dr","","Asheboro","NC","27203","35.698370665857425","-79.78964567184448","(336) 625-8520","True","ACTIVE","True","True","","","","","https://stores.foodlion.com/nc/asheboro/1327-e-dixie-dr","official_store_directory","2026-07-31T20:24:25.9528897Z"
"Food Lion","","https://stores.foodlion.com/nc/asheboro/433-nc-hwy-49-s","Food Lion Grocery Store of West Point Village","433 NC Hwy 49 S","","Asheboro","NC","27203","35.681609","-79.843055","(336) 636-5592","True","ACTIVE","True","True","","","","","https://stores.foodlion.com/nc/asheboro/433-nc-hwy-49-s","official_store_directory","2026-07-31T20:24:27.4570232Z"
"Food Lion","","https://stores.foodlion.com/nc/atlantic-beach/1010-w-fort-macon-rd","Food Lion Grocery Store of Atlantic Beach","1010 W Fort Macon Rd","","Atlantic Beach","NC","28512","34.70191010118502","-76.7526538809509","(252) 726-9413","True","ACTIVE","True","True","","","","","https://stores.foodlion.com/nc/atlantic-beach/1010-w-fort-macon-rd","official_store_directory","2026-07-31T20:24:29.0770766Z"
"Food Lion","","https://stores.foodlion.com/nc/avon/41934-nc-hwy-12","Food Lion Grocery Store of Avon","41934 NC Hwy 12","","Avon","NC","27915","35.334505484531185","-75.50744533538818","(252) 995-4488","True","ACTIVE","True","True","","","","","https://stores.foodlion.com/nc/avon/41934-nc-hwy-12","official_store_directory","2026-07-31T20:24:30.6803062Z"
"Food Lion","","https://stores.foodlion.com/nc/ayden/120-nc-102-w","Food Lion Grocery Store of Ayden","120 NC 102 W","","Ayden","NC","28513","35.477101560979975","-77.43586242198944","(252) 746-8907","True","ACTIVE","True","True","","","","","https://stores.foodlion.com/nc/ayden/120-nc-102-w","official_store_directory","2026-07-31T20:24:32.1445788Z"
"Food Lion","","https://stores.foodlion.com/nc/banner-elk/3555-tynecastle-hwy","Food Lion Grocery Store of Banner Elk","3555 Tynecastle Hwy","","Banner Elk","NC","28604","36.12984437981592","-81.84725135564804","(828) 898-6318","True","ACTIVE","True","True","","","","","https://stores.foodlion.com/nc/banner-elk/3555-tynecastle-hwy","official_store_directory","2026-07-31T20:24:33.7237538Z"
"Food Lion","","https://stores.foodlion.com/nc/battleboro/3936-bishop-rd","Food Lion Grocery Store of Battleboro","3936 Bishop Rd","","Battleboro","NC","27809","36.02359859014986","-77.7709749341011","(252) 977-2575","True","ACTIVE","True","True","","","","","https://stores.foodlion.com/nc/battleboro/3936-bishop-rd","official_store_directory","2026-07-31T20:24:35.2500692Z"
"Food Lion","","https://stores.foodlion.com/nc/beaufort/1901-live-oak-st","Food Lion Grocery Store of Beaufort","1901 Live Oak St","","Beaufort","NC","28516","34.73566134247182","-76.6370040178299","(252) 504-2442","True","ACTIVE","True","True","","","","","https://stores.foodlion.com/nc/beaufort/1901-live-oak-st","official_store_directory","2026-07-31T20:24:36.7083259Z"
"Food Lion","","https://stores.foodlion.com/nc/belhaven/998-us-hwy-264-bypass","Food Lion Grocery Store of Belhaven","998 US Hwy 264 Bypass","","Belhaven","NC","27810","35.55204534604422","-76.62380754947662","(252) 943-3094","True","ACTIVE","True","True","","","","","https://stores.foodlion.com/nc/belhaven/998-us-hwy-264-bypass","official_store_directory","2026-07-31T20:24:38.1587795Z"
"Food Lion","","https://stores.foodlion.com/nc/belmont/1438-perfection-avenue","Food Lion Grocery Store of Belmont","1438 Perfection Avenue","","Belmont","NC","28012","35.28128170240303","-81.04782700538635","(704) 822-0377","True","ACTIVE","True","True","","","","","https://stores.foodlion.com/nc/belmont/1438-perfection-avenue","official_store_directory","2026-07-31T20:24:39.6204869Z"
"Food Lion","","https://stores.foodlion.com/nc/benson/12330-nc-hwy-210","Food Lion Grocery Store of McGee's Crossroads","12330 NC Hwy 210","","Benson","NC","27504","35.51831434601705","-78.56071650981903","(919) 989-6137","True","ACTIVE","True","True","","","","","https://stores.foodlion.com/nc/benson/12330-nc-hwy-210","official_store_directory","2026-07-31T20:24:41.0969033Z"
"Food Lion","","https://stores.foodlion.com/nc/benson/700-e-parrish-dr","Food Lion Grocery Store of Benson","700 E Parrish Dr","","Benson","NC","27504","35.37641019735911","-78.54206442832952","(919) 894-0252","True","ACTIVE","True","True","","","","","https://stores.foodlion.com/nc/benson/700-e-parrish-dr","official_store_directory","2026-07-31T20:24:42.6354061Z"
"Food Lion","","https://stores.foodlion.com/nc/blowing-rock/7533-valley-boulevard","Food Lion Grocery Store of Blowing Rock","7533 Valley Boulevard","","Blowing Rock","NC","28605","36.13730068586682","-81.66959255933762","(828) 295-7585","True","ACTIVE","True","True","","","","","https://stores.foodlion.com/nc/blowing-rock/7533-valley-boulevard","official_store_directory","2026-07-31T20:24:44.0776368Z"
"Food Lion","","https://stores.foodlion.com/nc/boone/1864-old-421-s","Food Lion Grocery Store of Carroll Commons","1864 Old 421 S","","Boone","NC","28607","36.22621693666441","-81.61125719547272","(828) 264-9373","True","ACTIVE","True","True","","","","","https://stores.foodlion.com/nc/boone/1864-old-421-s","official_store_directory","2026-07-31T20:24:45.5515490Z"
"Food Lion","","https://stores.foodlion.com/nc/boone/350-watauga-village-dr","Food Lion Grocery Store of Watauga Village","350 Watauga Village Dr","","Boone","NC","28607","36.196053316913826","-81.65653824806213","(828) 262-1438","True","ACTIVE","True","True","","","","","https://stores.foodlion.com/nc/boone/350-watauga-village-dr","official_store_directory","2026-07-31T20:24:47.0752140Z"
"Food Lion","","https://stores.foodlion.com/nc/brevard/100-college-station-dr","Food Lion Grocery Store of Brevard","100 College Station Dr","","Brevard","NC","28712","35.23926195105982","-82.73221671581268","(828) 884-4532","True","ACTIVE","True","True","","","","","https://stores.foodlion.com/nc/brevard/100-college-station-dr","official_store_directory","2026-07-31T20:24:48.5478650Z"
"Food Lion","","https://stores.foodlion.com/nc/bunn/649-main-st","Food Lion Grocery Store of Bunn","649 Main St","","Bunn","NC","27508","35.95476042698873","-78.24529409408575","(919) 496-7488","True","ACTIVE","True","True","","","","","https://stores.foodlion.com/nc/bunn/649-main-st","official_store_directory","2026-07-31T20:24:50.0866684Z"
"Food Lion","","https://stores.foodlion.com/nc/burgaw/602-us-117-n","Food Lion Grocery Store of Burgaw","602 US 117 N","","Burgaw","NC","28425","34.56083286071481","-77.91911602020264","(910) 259-5058","True","ACTIVE","True","True","","","","","https://stores.foodlion.com/nc/burgaw/602-us-117-n","official_store_directory","2026-07-31T20:24:51.5778004Z"
"Food Lion","","https://stores.foodlion.com/nc/burlington/1780-w-webb-ave","Food Lion Grocery Store of Glen Raven","1780 W Webb Ave","","Burlington","NC","27215","36.107579560843604","-79.46244835853577","(336) 227-4828","True","ACTIVE","True","True","","","","","https://stores.foodlion.com/nc/burlington/1780-w-webb-ave","official_store_directory","2026-07-31T20:24:53.1020734Z"
"Food Lion","","https://stores.foodlion.com/nc/burlington/2208-n-church-st","Food Lion Grocery Store of Burlington","2208 N Church St","","Burlington","NC","27217","36.09523759096786","-79.39816117286682","(336) 570-9894","True","ACTIVE","True","True","","","","","https://stores.foodlion.com/nc/burlington/2208-n-church-st","official_store_directory","2026-07-31T20:24:54.5304194Z"
"Food Lion","","https://stores.foodlion.com/nc/burlington/2660-ramada-rd","Food Lion Grocery Store of Burlington","2660 Ramada Rd","","Burlington","NC","27215","36.068217190536664","-79.4701436161995","(336) 570-0068","True","ACTIVE","True","True","","","","","https://stores.foodlion.com/nc/burlington/2660-ramada-rd","official_store_directory","2026-07-31T20:24:56.0036700Z"
"Food Lion","","https://stores.foodlion.com/nc/burlington/3535-s-church-st","Food Lion Grocery Store of Elon","3535 S Church St","","Burlington","NC","27215","36.0811877080786","-79.51490432024002","(336) 584-3622","True","ACTIVE","True","True","","","","","https://stores.foodlion.com/nc/burlington/3535-s-church-st","official_store_directory","2026-07-31T20:24:57.5123490Z"
"Food Lion","","https://stores.foodlion.com/nc/burlington/414-harden-st","Food Lion Grocery Store of Burlington","414 Harden St","","Burlington","NC","27215","36.06688814991143","-79.42638337612146","(336) 570-2581","True","ACTIVE","True","True","","","","","https://stores.foodlion.com/nc/burlington/414-harden-st","official_store_directory","2026-07-31T20:24:59.0612248Z"
"Food Lion","","https://stores.foodlion.com/nc/cameron/133-mittie-haddock-dr","Food Lion Grocery Store of Spout Springs","133 Mittie Haddock Dr","","Cameron","NC","28326","35.26322459577318","-79.0461266040802","(919) 499-9711","True","ACTIVE","True","True","","","","","https://stores.foodlion.com/nc/cameron/133-mittie-haddock-dr","official_store_directory","2026-07-31T20:25:00.5829955Z"
"Food Lion","","https://stores.foodlion.com/nc/candler/35-westridge-market-pl","Food Lion Grocery Store of Candler","35 Westridge Market Pl","","Candler","NC","28715","35.54801033406689","-82.65712827444077","(828) 667-8785","True","ACTIVE","True","True","","","","","https://stores.foodlion.com/nc/candler/35-westridge-market-pl","official_store_directory","2026-07-31T20:25:01.9933852Z"
"Food Lion","","https://stores.foodlion.com/nc/canton/1-new-clyde-hwy","Food Lion Grocery Store of Canton","1 New Clyde Hwy","","Canton","NC","28716","35.530953673441516","-82.85038948059082","(828) 648-1550","True","ACTIVE","True","True","","","","","https://stores.foodlion.com/nc/canton/1-new-clyde-hwy","official_store_directory","2026-07-31T20:25:03.4280361Z"
"Food Lion","","https://stores.foodlion.com/nc/carolina-beach/1401-n-lake-park-blvd","Food Lion Grocery Store of Carolina Beach","1401 N Lake Park Blvd","","Carolina Beach","NC","28428","34.05159272381303","-77.90118008852","(910) 458-5410","True","ACTIVE","True","True","","","","","https://stores.foodlion.com/nc/carolina-beach/1401-n-lake-park-blvd","official_store_directory","2026-07-31T20:25:05.0867881Z"
"Food Lion","","https://stores.foodlion.com/nc/carolina-shores/9869-ocean-hwy-w","Food Lion Grocery Store of Carolina Shores","9869 Ocean Hwy W","","Carolina Shores","NC","28467","33.906316766866254","-78.58415365219116","(910) 579-8807","True","ACTIVE","True","True","","","","","https://stores.foodlion.com/nc/carolina-shores/9869-ocean-hwy-w","official_store_directory","2026-07-31T20:25:06.5849359Z"
"Food Lion","","https://stores.foodlion.com/nc/carrboro/104-nc-hwy-54","Food Lion Grocery Store of Carrboro Plaza","104 NC Hwy 54","","Carrboro","NC","27510","35.91721196844597","-79.09715044710826","(919) 932-1589","True","ACTIVE","True","True","","","","","https://stores.foodlion.com/nc/carrboro/104-nc-hwy-54","official_store_directory","2026-07-31T20:25:07.9883116Z"
"Food Lion","","https://stores.foodlion.com/nc/carrboro/602-jones-ferry-road","Food Lion Grocery Store of Carrboro","602 Jones Ferry Road","","Carrboro","NC","27510","35.907115302480825","-79.08894843558197","(919) 942-0916","True","ACTIVE","True","True","","","","","https://stores.foodlion.com/nc/carrboro/602-jones-ferry-road","official_store_directory","2026-07-31T20:25:09.4442290Z"
"Food Lion","","https://stores.foodlion.com/nc/carthage/1005-monroe-st","Food Lion Grocery Store of Carthage","1005 Monroe St","","Carthage","NC","28327","35.3419053600514","-79.40288186073303","(910) 947-3999","True","ACTIVE","True","True","","","","","https://stores.foodlion.com/nc/carthage/1005-monroe-st","official_store_directory","2026-07-31T20:25:10.9861172Z"
"Food Lion","","https://stores.foodlion.com/nc/carthage/7475-nc-hwy-22-2181","Food Lion Grocery Store of Whispering Pines","7475 NC Hwy 22 2181","","Carthage","NC","28327","35.24603091124037","-79.40507590770721","(910) 949-2017","True","ACTIVE","True","True","","","","","https://stores.foodlion.com/nc/carthage/7475-nc-hwy-22-2181","official_store_directory","2026-07-31T20:25:12.5043795Z"
"Food Lion","","https://stores.foodlion.com/nc/carthage/7475-nc-hwy-22-p-2181","Food Lion Grocery Store of 7475 NC Hwy 22","7475 NC Hwy 22 P 2181","","Carthage","NC","28327","35.246032208035125","-79.40508999707332","(910) 949-2071","True","ACTIVE","True","True","","","","","https://stores.foodlion.com/nc/carthage/7475-nc-hwy-22-p-2181","official_store_directory","2026-07-31T20:25:13.8724464Z"
"Food Lion","","https://stores.foodlion.com/nc/cary/2458-sw-cary-pkwy","Food Lion Grocery Store of Parkway Point","2458 SW Cary Pkwy","","Cary","NC","27513","35.76390601830996","-78.82166862487793","(919) 481-1822","True","ACTIVE","True","True","","","","","https://stores.foodlion.com/nc/cary/2458-sw-cary-pkwy","official_store_directory","2026-07-31T20:25:15.2860581Z"
"Food Lion","","https://stores.foodlion.com/nc/cary/900-ne-maynard-rd","Food Lion Grocery Store of Reedy Creek Plaza","900 NE Maynard Rd","","Cary","NC","27513","35.80069006854817","-78.7688291072846","(919) 460-6274","True","ACTIVE","True","True","","","","","https://stores.foodlion.com/nc/cary/900-ne-maynard-rd","official_store_directory","2026-07-31T20:25:16.7106483Z"
"Food Lion","","https://stores.foodlion.com/nc/chadbourn/809-n-brown-st","Food Lion Grocery Store of Chadbourn","809 N Brown St","","Chadbourn","NC","28431","34.33017829464663","-78.82818639278406","(910) 654-6147","True","ACTIVE","True","True","","","","","https://stores.foodlion.com/nc/chadbourn/809-n-brown-st","official_store_directory","2026-07-31T20:25:19.2858656Z"
"Food Lion","","https://stores.foodlion.com/nc/chapel-hill/1129-weaver-dairy-rd","Food Lion Grocery Store of Chapel Hill","1129 Weaver Dairy Rd","","Chapel Hill","NC","27514","35.96213346725357","-79.0547351539135","(919) 929-0458","True","ACTIVE","True","True","","","","","https://stores.foodlion.com/nc/chapel-hill/1129-weaver-dairy-rd","official_store_directory","2026-07-31T20:25:20.7704054Z"
"Food Lion","","https://stores.foodlion.com/nc/chapel-hill/1720-fordham-blvd","Food Lion Grocery Store of Ram's Plaza","1720 Fordham Blvd","","Chapel Hill","NC","27514","35.93674612467096","-79.02199745178228","(919) 967-2613","True","ACTIVE","True","True","","","","","https://stores.foodlion.com/nc/chapel-hill/1720-fordham-blvd","official_store_directory","2026-07-31T20:25:22.2475315Z"
"Food Lion","","https://stores.foodlion.com/nc/chapel-hill/50000-governors-dr","Food Lion Grocery Store of Governors Village","50000 Governors Dr","","Chapel Hill","NC","27517","35.85248741135294","-79.02564525604248","(919) 932-1467","True","ACTIVE","True","True","","","","","https://stores.foodlion.com/nc/chapel-hill/50000-governors-dr","official_store_directory","2026-07-31T20:25:23.6997810Z"
"Food Lion","","https://stores.foodlion.com/nc/charlotte/10120-johnston-rd","Food Lion Grocery Store of Johnston Road","10120 Johnston Rd","","Charlotte","NC","28210","35.09167241350941","-80.85828870534897","(704) 543-5166","True","ACTIVE","True","True","","","","","https://stores.foodlion.com/nc/charlotte/10120-johnston-rd","official_store_directory","2026-07-31T20:25:25.0829217Z"
"Food Lion","","https://stores.foodlion.com/nc/charlotte/1620-ashley-road","Food Lion Grocery Store of Charlotte - Ashley Road","1620 Ashley Road","","Charlotte","NC","28208","35.2400118285896","-80.89808572955425","(704) 398-1321","True","ACTIVE","True","True","","","","","https://stores.foodlion.com/nc/charlotte/1620-ashley-road","official_store_directory","2026-07-31T20:25:26.6134234Z"
"Food Lion","","https://stores.foodlion.com/nc/charlotte/1704-harris-houston-rd","Food Lion Grocery Store of University","1704 Harris Houston Rd","","Charlotte","NC","28213","35.31498511727452","-80.69972723722458","(704) 549-0924","True","ACTIVE","True","True","","","","","https://stores.foodlion.com/nc/charlotte/1704-harris-houston-rd","official_store_directory","2026-07-31T20:25:28.3647903Z"
"Food Lion","","https://stores.foodlion.com/nc/charlotte/2123-beatties-ford-rd","Food Lion Grocery Store of Beatties Ford Road","2123 Beatties Ford Rd","","Charlotte","NC","28216","35.2641816402143","-80.85609465837479","(704) 391-7758","True","ACTIVE","True","True","","","","","https://stores.foodlion.com/nc/charlotte/2123-beatties-ford-rd","official_store_directory","2026-07-31T20:25:30.0034784Z"
"Food Lion","","https://stores.foodlion.com/nc/charlotte/2226-park-rd","Food Lion Grocery Store of Dilworth","2226 Park Rd","","Charlotte","NC","28203","35.19953714768972","-80.8532863855362","(704) 333-1227","True","ACTIVE","True","True","","","","","https://stores.foodlion.com/nc/charlotte/2226-park-rd","official_store_directory","2026-07-31T20:25:32.5585702Z"
"Food Lion","","https://stores.foodlion.com/nc/charlotte/237-mt-holly-huntersville-rd","Food Lion Grocery Store of Mt. Holly-Huntersville Road","237 Mt Holly Huntersville Rd","","Charlotte","NC","28214","35.30280657330899","-80.98727345466614","(704) 822-0653","True","ACTIVE","True","True","","","","","https://stores.foodlion.com/nc/charlotte/237-mt-holly-huntersville-rd","official_store_directory","2026-07-31T20:25:33.9776764Z"
"Food Lion","","https://stores.foodlion.com/nc/charlotte/2526-little-rock-rd","Food Lion Grocery Store of Little Rock Road","2526 Little Rock Rd","","Charlotte","NC","28214","35.24528394369428","-80.9384948015213","(704) 394-8319","True","ACTIVE","True","True","","","","","https://stores.foodlion.com/nc/charlotte/2526-little-rock-rd","official_store_directory","2026-07-31T20:25:35.5820486Z"
"Food Lion","","https://stores.foodlion.com/nc/charlotte/2931-e-w.t.-harris-blvd","Food Lion Grocery Store of Charlotte - Rocky River","2931 E W.T. Harris Blvd","","Charlotte","NC","28207","35.272895048781024","-80.7285633498941","(704) 596-8148","True","ACTIVE","True","True","","","","","https://stores.foodlion.com/nc/charlotte/2931-e-w.t.-harris-blvd","official_store_directory","2026-07-31T20:25:37.1582176Z"
"Food Lion","","https://stores.foodlion.com/nc/charlotte/3009-the-plaza","Food Lion Grocery Store of Noda","3009 The Plaza","","Charlotte","NC","28205","35.23903192792406","-80.79963147640234","(704) 333-4389","True","ACTIVE","True","True","","","","","https://stores.foodlion.com/nc/charlotte/3009-the-plaza","official_store_directory","2026-07-31T20:25:38.5646634Z"
"Food Lion","","https://stores.foodlion.com/nc/charlotte/3207-eastway-dr","Food Lion Grocery Store of Eastway Drive","3207 Eastway Dr","","Charlotte","NC","28205","35.210571939294454","-80.7803276181221","(704) 531-2956","True","ACTIVE","True","True","","","","","https://stores.foodlion.com/nc/charlotte/3207-eastway-dr","official_store_directory","2026-07-31T20:25:40.1446926Z"
"Food Lion","","https://stores.foodlion.com/nc/charlotte/4001-sunset-rd-w","Food Lion Grocery Store of Sunset Road","4001 Sunset Rd W","","Charlotte","NC","28216","35.30559894997753","-80.86062356829638","(704) 393-3754","True","ACTIVE","True","True","","","","","https://stores.foodlion.com/nc/charlotte/4001-sunset-rd-w","official_store_directory","2026-07-31T20:25:41.5168806Z"
"Food Lion","","https://stores.foodlion.com/nc/charlotte/4709-tuckaseegee-rd","Food Lion Grocery Store of Tuckaseegee Road","4709 Tuckaseegee Rd","","Charlotte","NC","28208","35.24603091124037","-80.9038245677948","(704) 399-1880","True","ACTIVE","True","True","","","","","https://stores.foodlion.com/nc/charlotte/4709-tuckaseegee-rd","official_store_directory","2026-07-31T20:25:43.1241062Z"
"Food Lion","","https://stores.foodlion.com/nc/charlotte/5624-n-graham-st","Food Lion Grocery Store of Derita","5624 N Graham St","","Charlotte","NC","28269","35.28934763172987","-80.79805433750153","(704) 596-8327","True","ACTIVE","True","True","","","","","https://stores.foodlion.com/nc/charlotte/5624-n-graham-st","official_store_directory","2026-07-31T20:25:44.6421740Z"
"Food Lion","","https://stores.foodlion.com/nc/charlotte/5831-south-blvd","Food Lion Grocery Store of South Blvd","5831 South Blvd","","Charlotte","NC","28210","35.15581500104008","-80.8750069141388","(704) 554-1748","True","ACTIVE","True","True","","","","","https://stores.foodlion.com/nc/charlotte/5831-south-blvd","official_store_directory","2026-07-31T20:25:46.2443155Z"
"Food Lion","","https://stores.foodlion.com/nc/charlotte/6430-w-sugar-creek-rd","Food Lion Grocery Store of North Charlotte - Cheshire Commons","6430 W Sugar Creek Rd","","Charlotte","NC","28269","35.33554920997284","-80.79630821943283","(704) 598-1067","True","ACTIVE","True","True","","","","","https://stores.foodlion.com/nc/charlotte/6430-w-sugar-creek-rd","official_store_directory","2026-07-31T20:25:47.8227367Z"
"Food Lion","","https://stores.foodlion.com/nc/charlotte/7004-e-w.t.-harris-blvd","Food Lion Grocery Store of Hickory Grove","7004 E W.T. Harris Blvd","","Charlotte","NC","28215","35.22497956335704","-80.72747737169266","(704) 566-6210","True","ACTIVE","True","True","","","","","https://stores.foodlion.com/nc/charlotte/7004-e-w.t.-harris-blvd","official_store_directory","2026-07-31T20:25:49.3721427Z"
"Food Lion","","https://stores.foodlion.com/nc/charlotte/7400-candlewyck-ln","Food Lion Grocery Store of Candlewyck","7400 Candlewyck Ln","","Charlotte","NC","28226","35.10893388146748","-80.78096866607672","(704) 366-6149","True","ACTIVE","True","True","","","","","https://stores.foodlion.com/nc/charlotte/7400-candlewyck-ln","official_store_directory","2026-07-31T20:25:50.7965816Z"
"Food Lion","","https://stores.foodlion.com/nc/charlotte/7400-the-plaza","Food Lion Grocery Store of Plaza Extension","7400 The Plaza","","Charlotte","NC","28215","35.25750837416734","-80.73444038629532","(704) 567-6143","True","ACTIVE","True","True","","","","","https://stores.foodlion.com/nc/charlotte/7400-the-plaza","official_store_directory","2026-07-31T20:25:52.3968553Z"
"Food Lion","","https://stores.foodlion.com/nc/charlotte/8010-cambridge-commons-dr","Food Lion Grocery Store of Cambridge Commons","8010 Cambridge Commons Dr","","Charlotte","NC","28215","35.252290693976285","-80.65709875657922","(704) 535-5422","True","ACTIVE","True","True","","","","","https://stores.foodlion.com/nc/charlotte/8010-cambridge-commons-dr","official_store_directory","2026-07-31T20:25:53.7633750Z"
"Food Lion","","https://stores.foodlion.com/nc/charlotte/8100-idlewild-rd","Food Lion Grocery Store of Idlewild","8100 Idlewild Rd","","Charlotte","NC","28227","35.184476128156824","-80.72928786277771","(704) 532-9512","True","ACTIVE","True","True","","","","","https://stores.foodlion.com/nc/charlotte/8100-idlewild-rd","official_store_directory","2026-07-31T20:25:55.2788612Z"
"Food Lion","","https://stores.foodlion.com/nc/charlotte/8138-mt-holly-huntersville-rd","Food Lion Grocery Store of Mount Holly","8138 Mt Holly Huntersville Rd","","Charlotte","NC","28216","35.344425801598845","-80.88667452335358","(704) 697-9246","True","ACTIVE","True","True","","","","","https://stores.foodlion.com/nc/charlotte/8138-mt-holly-huntersville-rd","official_store_directory","2026-07-31T20:25:56.7064362Z"
"Food Lion","","https://stores.foodlion.com/nc/charlotte/9021-albemarle-rd","Food Lion Grocery Store of Albemarle Road","9021 Albemarle Rd","","Charlotte","NC","28227","35.21319289282918","-80.69031536579132","(704) 537-7265","True","ACTIVE","True","True","","","","","https://stores.foodlion.com/nc/charlotte/9021-albemarle-rd","official_store_directory","2026-07-31T20:25:58.1518612Z"
"Food Lion","","https://stores.foodlion.com/nc/charlotte/9112-s-tryon-st","Food Lion Grocery Store of South Charlotte","9112 S Tryon St","","Charlotte","NC","28273","35.13454065309911","-80.94071567058563","(704) 588-7880","True","ACTIVE","True","True","","","","","https://stores.foodlion.com/nc/charlotte/9112-s-tryon-st","official_store_directory","2026-07-31T20:25:59.5850997Z"
"Food Lion","","https://stores.foodlion.com/nc/charlotte/9115-samlen-lane","Food Lion Grocery Store of Moores Chapel","9115 Samlen Lane","","Charlotte","NC","28214","35.272028102323205","-80.9616208076477","(704) 398-8849","True","ACTIVE","True","True","","","","","https://stores.foodlion.com/nc/charlotte/9115-samlen-lane","official_store_directory","2026-07-31T20:26:01.0578793Z"
"Food Lion","","https://stores.foodlion.com/nc/charlotte/931-n-wendover-rd","Food Lion Grocery Store of Sedgewood","931 N Wendover Rd","","Charlotte","NC","28211","35.19235441327277","-80.79719066619879","(704) 367-1849","True","ACTIVE","True","True","","","","","https://stores.foodlion.com/nc/charlotte/931-n-wendover-rd","official_store_directory","2026-07-31T20:26:02.5800610Z"
"Food Lion","","https://stores.foodlion.com/nc/charlotte/9323-n-tryon-st","Food Lion Grocery Store of North Charlotte - Mallard Pointe","9323 N Tryon St","","Charlotte","NC","28262","35.3140855787015","-80.74446111917496","(704) 547-0248","True","ACTIVE","True","True","","","","","https://stores.foodlion.com/nc/charlotte/9323-n-tryon-st","official_store_directory","2026-07-31T20:26:04.2137143Z"
"Food Lion","","https://stores.foodlion.com/nc/charlotte/9848-monroe-rd","Food Lion Grocery Store of Matthews","9848 Monroe Rd","","Charlotte","NC","28270","35.1377782218634","-80.73965191841125","(704) 847-2443","True","ACTIVE","True","True","","","","","https://stores.foodlion.com/nc/charlotte/9848-monroe-rd","official_store_directory","2026-07-31T20:26:05.6997735Z"
"Food Lion","","https://stores.foodlion.com/nc/cherryville/1209-shelby-hwy","Food Lion Grocery Store of Cherryville","1209 Shelby Hwy","","Cherryville","NC","28021","35.375163607621275","-81.39620304107672","(704) 435-5041","True","ACTIVE","True","True","","","","","https://stores.foodlion.com/nc/cherryville/1209-shelby-hwy","official_store_directory","2026-07-31T20:26:07.2104021Z"
"Food Lion","","https://stores.foodlion.com/nc/china-grove/1408-n.-main-street","Food Lion Grocery Store of China Grove","1408 N. Main Street","","China Grove","NC","28023","35.57777455537134","-80.56361018143528","(704) 855-0051","True","ACTIVE","True","True","","","","","https://stores.foodlion.com/nc/china-grove/1408-n.-main-street","official_store_directory","2026-07-31T20:26:08.6784153Z"
"Food Lion","","https://stores.foodlion.com/nc/china-grove/1460-s-main-st","Food Lion Grocery Store of China Grove","1460 S Main St","","China Grove","NC","28023","35.558783734250305","-80.59588551521301","(704) 857-5027","True","ACTIVE","True","True","","","","","https://stores.foodlion.com/nc/china-grove/1460-s-main-st","official_store_directory","2026-07-31T20:26:11.5162164Z"
"Food Lion","","https://stores.foodlion.com/nc/china-grove/1460-s.-main-street","Food Lion Grocery Store of 1460 S. Main Street","1460 S. Main Street","","China Grove","NC","28023","35.558783147684856","-80.59583207467783","(704) 855-1316","True","ACTIVE","True","True","","","","","https://stores.foodlion.com/nc/china-grove/1460-s.-main-street","official_store_directory","2026-07-31T20:26:10.1568375Z"
"Food Lion","","https://stores.foodlion.com/nc/chocowinity/160-chocowinity-town-ctr","Food Lion Grocery Store of Chocowinity","160 Chocowinity Town Ctr","","Chocowinity","NC","27817","35.51618358285654","-77.09871411323547","(252) 948-0280","True","ACTIVE","True","True","","","","","https://stores.foodlion.com/nc/chocowinity/160-chocowinity-town-ctr","official_store_directory","2026-07-31T20:26:13.0528130Z"
"Food Lion","","https://stores.foodlion.com/nc/clayton/10105-us-70-bus-hwy-w","Food Lion Grocery Store of Clayton","10105 US 70 Bus Hwy W","","Clayton","NC","27520","35.6386301677797","-78.44850897789001","(919) 553-3164","True","ACTIVE","True","True","","","","","https://stores.foodlion.com/nc/clayton/10105-us-70-bus-hwy-w","official_store_directory","2026-07-31T20:26:14.4952878Z"
"Food Lion","","https://stores.foodlion.com/nc/clayton/238-pritchard-rd","Food Lion Grocery Store of Riverwood","238 Pritchard Rd","","Clayton","NC","27527","35.69495949683191","-78.41930642724037","(919) 553-1390","True","ACTIVE","True","True","","","","","https://stores.foodlion.com/nc/clayton/238-pritchard-rd","official_store_directory","2026-07-31T20:26:15.8821749Z"
"Food Lion","","https://stores.foodlion.com/nc/clayton/50-neuse-river-parkway-ste.-11","Food Lion Grocery Store of 50 Neuse River Parkway Ste. 11","50 Neuse River Parkway Ste. 11","","Clayton","NC","27527","35.64929075466849","-78.3941800004381","(919) 553-5945","True","ACTIVE","True","True","","","","","https://stores.foodlion.com/nc/clayton/50-neuse-river-parkway-ste.-11","official_store_directory","2026-07-31T20:26:17.2294804Z"
"Food Lion","","https://stores.foodlion.com/nc/clayton/50-neuse-river-pkwy","Food Lion Grocery Store of Flowers Plantation","50 Neuse River Pkwy","","Clayton","NC","27527","35.649295102706425","-78.39425660276126","(919) 550-2476","True","ACTIVE","True","True","","","","","https://stores.foodlion.com/nc/clayton/50-neuse-river-pkwy","official_store_directory","2026-07-31T20:26:18.7048058Z"
"Food Lion","","https://stores.foodlion.com/nc/clayton/9147-cleveland-rd","Food Lion Grocery Store of Cleveland","9147 Cleveland Rd","","Clayton","NC","27520","35.56699865170798","-78.53249430656433","(919) 209-0686","True","ACTIVE","True","True","","","","","https://stores.foodlion.com/nc/clayton/9147-cleveland-rd","official_store_directory","2026-07-31T20:26:20.1581031Z"
"Food Lion","","https://stores.foodlion.com/nc/clemmons/1430-river-ridge-drive","Food Lion Grocery Store of Clemmons","1430 River Ridge Drive","","Clemmons","NC","27012","36.075651165175366","-80.39254993200302","(336) 712-1644","True","ACTIVE","True","True","","","","","https://stores.foodlion.com/nc/clemmons/1430-river-ridge-drive","official_store_directory","2026-07-31T20:26:21.7144490Z"
"Food Lion","","https://stores.foodlion.com/nc/clemmons/4380-kinnamon-village-loop","Food Lion Grocery Store of Village of Clemmons","4380 Kinnamon Village Loop","","Clemmons","NC","27012","36.027045484739276","-80.3713349206464","(336) 766-4755","True","ACTIVE","True","True","","","","","https://stores.foodlion.com/nc/clemmons/4380-kinnamon-village-loop","official_store_directory","2026-07-31T20:26:23.1598440Z"
"Food Lion","","https://stores.foodlion.com/nc/cleveland/11745-statesville-blvd","Food Lion Grocery Store of Cleveland, NC","11745 Statesville Blvd","","Cleveland","NC","27013","35.728712457503875","-80.69397481484211","(704) 278-0228","True","ACTIVE","True","True","","","","","https://stores.foodlion.com/nc/cleveland/11745-statesville-blvd","official_store_directory","2026-07-31T20:26:24.7057886Z"
"Food Lion","","https://stores.foodlion.com/nc/clinton/347-north-blvd","Food Lion Grocery Store of Northside Plaza","347 North Blvd","","Clinton","NC","28328","35.01725665507475","-78.33008140325546","(910) 592-2169","True","ACTIVE","True","True","","","","","https://stores.foodlion.com/nc/clinton/347-north-blvd","official_store_directory","2026-07-31T20:26:26.1432104Z"
"Food Lion","","https://stores.foodlion.com/nc/clyde/179-paragon-pkwy","Food Lion Grocery Store of Clyde","179 Paragon Pkwy","","Clyde","NC","28721","35.52727122862433","-82.95465230941772","(828) 456-4661","True","ACTIVE","True","True","","","","","https://stores.foodlion.com/nc/clyde/179-paragon-pkwy","official_store_directory","2026-07-31T20:26:27.7920590Z"
"Food Lion","","https://stores.foodlion.com/nc/columbia/625-us-hwy-64-e","Food Lion Grocery Store of Columbia","625 US Hwy 64 E","","Columbia","NC","27925","35.919891999484555","-76.24136209487915","(252) 796-4371","True","ACTIVE","True","True","","","","","https://stores.foodlion.com/nc/columbia/625-us-hwy-64-e","official_store_directory","2026-07-31T20:26:29.2457633Z"
"Food Lion","","https://stores.foodlion.com/nc/columbus/250-w-mills-st","Food Lion Grocery Store of Columbus","250 W Mills St","","Columbus","NC","28722","35.24922833871365","-82.2042355669342","(828) 894-8286","True","ACTIVE","True","True","","","","","https://stores.foodlion.com/nc/columbus/250-w-mills-st","official_store_directory","2026-07-31T20:26:30.6912821Z"
"Food Lion","","https://stores.foodlion.com/nc/concord/3501-hwy-601","Food Lion Grocery Store of Southgate Commons","3501 Hwy 601","","Concord","NC","28025","35.370317033678454","-80.54756551980972","(704) 795-1573","True","ACTIVE","True","True","","","","","https://stores.foodlion.com/nc/concord/3501-hwy-601","official_store_directory","2026-07-31T20:26:31.9814504Z"
"Food Lion","","https://stores.foodlion.com/nc/concord/3673-concord-pkwy-s","Food Lion Grocery Store of Waterville Commons","3673 Concord Pkwy S","","Concord","NC","28027","35.37006332413787","-80.66360056400299","(704) 721-3637","True","ACTIVE","True","True","","","","","https://stores.foodlion.com/nc/concord/3673-concord-pkwy-s","official_store_directory","2026-07-31T20:26:33.4884192Z"
"Food Lion","","https://stores.foodlion.com/nc/concord/5303-poplar-tent-rd","Food Lion Grocery Store of Poplar Crossing","5303 Poplar Tent Rd","","Concord","NC","28027","35.41082377484943","-80.66699087619787","(704) 786-4386","True","ACTIVE","True","True","","","","","https://stores.foodlion.com/nc/concord/5303-poplar-tent-rd","official_store_directory","2026-07-31T20:26:35.0142717Z"
"Food Lion","","https://stores.foodlion.com/nc/concord/547-winecoff-school-rd","Food Lion Grocery Store of Winecoff Commons","547 Winecoff School Rd","","Concord","NC","28027","35.44324510909523","-80.62363296747208","(704) 795-2516","True","ACTIVE","True","True","","","","","https://stores.foodlion.com/nc/concord/547-winecoff-school-rd","official_store_directory","2026-07-31T20:26:36.5522981Z"
"Food Lion","","https://stores.foodlion.com/nc/concord/734-cabarrus-ave-w","Food Lion Grocery Store of Concord","734 Cabarrus Ave W","","Concord","NC","28027","35.397933796011344","-80.60812711715704","(704) 788-3175","True","ACTIVE","True","True","","","","","https://stores.foodlion.com/nc/concord/734-cabarrus-ave-w","official_store_directory","2026-07-31T20:26:38.0741506Z"
"Food Lion","","https://stores.foodlion.com/nc/concord/80-branchview-dr-ne","Food Lion Grocery Store of Branchview Plaza","80 Branchview Dr NE","","Concord","NC","28025","35.42110629591118","-80.57277023792267","(704) 784-5318","True","ACTIVE","True","True","","","","","https://stores.foodlion.com/nc/concord/80-branchview-dr-ne","official_store_directory","2026-07-31T20:26:39.8300933Z"
"Food Lion","","https://stores.foodlion.com/nc/concord/860-union-st-s","Food Lion Grocery Store of Union","860 Union St S","","Concord","NC","28025","35.38689609772781","-80.55992782115942","(704) 782-3166","True","ACTIVE","True","True","","","","","https://stores.foodlion.com/nc/concord/860-union-st-s","official_store_directory","2026-07-31T20:26:41.3124450Z"
"Food Lion","","https://stores.foodlion.com/nc/conover/104-thornburg-dr-se","Food Lion Grocery Store of Conover","104 Thornburg Dr SE","","Conover","NC","28613","35.7016690200145","-81.20154699327146","(828) 464-9360","True","ACTIVE","True","True","","","","","https://stores.foodlion.com/nc/conover/104-thornburg-dr-se","official_store_directory","2026-07-31T20:26:42.7228589Z"
"Food Lion","","https://stores.foodlion.com/nc/cornelius/20125-n-main-st","Food Lion Grocery Store of Cornelius","20125 N Main St","","Cornelius","NC","28031","35.48304468633628","-80.86005091667175","(704) 892-4220","True","ACTIVE","True","True","","","","","https://stores.foodlion.com/nc/cornelius/20125-n-main-st","official_store_directory","2026-07-31T20:26:44.2576115Z"
"Food Lion","","https://stores.foodlion.com/nc/corolla/805-ocean-trail","Food Lion Grocery Store of Corolla","805 Ocean Trail","","Corolla","NC","27927","36.327870539695326","-75.8156752860466","(252) 453-4544","True","ACTIVE","True","True","","","","","https://stores.foodlion.com/nc/corolla/805-ocean-trail","official_store_directory","2026-07-31T20:26:45.7564747Z"
"Food Lion","","https://stores.foodlion.com/nc/cramerton/202-a-market-st","Food Lion Grocery Store of Cramerton","202 A Market St","","Cramerton","NC","28032","35.24875586060317","-81.08033269643784","(704) 824-4757","True","ACTIVE","True","True","","","","","https://stores.foodlion.com/nc/cramerton/202-a-market-st","official_store_directory","2026-07-31T20:26:47.2708359Z"
"Food Lion","","https://stores.foodlion.com/nc/creedmoor/2151-wilton-ave","Food Lion Grocery Store of Creedmoor","2151 Wilton Ave","","Creedmoor","NC","27522","36.122658187381916","-78.66829991340632","(919) 528-9007","True","ACTIVE","True","True","","","","","https://stores.foodlion.com/nc/creedmoor/2151-wilton-ave","official_store_directory","2026-07-31T20:26:48.7238307Z"
"Food Lion","","https://stores.foodlion.com/nc/creedmoor/2531-e-lyon-station-rd","Food Lion Grocery Store of Butner","2531 E Lyon Station Rd","","Creedmoor","NC","27522","36.14546024438634","-78.72451260814408","(919) 528-1885","True","ACTIVE","True","True","","","","","https://stores.foodlion.com/nc/creedmoor/2531-e-lyon-station-rd","official_store_directory","2026-07-31T20:26:50.2878658Z"
"Food Lion","","https://stores.foodlion.com/nc/dallas/3123-dallas-high-shoals-hwy","Food Lion Grocery Store of Dallas","3123 Dallas High Shoals Hwy","","Dallas","NC","28034","35.317375083564286","-81.19219958782196","(704) 922-9832","True","ACTIVE","True","True","","","","","https://stores.foodlion.com/nc/dallas/3123-dallas-high-shoals-hwy","official_store_directory","2026-07-31T20:26:51.7848450Z"
"Food Lion","","https://stores.foodlion.com/nc/denver/130-south-hwy-16","Food Lion Grocery Store of Triangle Crossing","130 South Hwy 16","","Denver","NC","28037","35.446186293874085","-80.99930047988897","(704) 827-1403","True","ACTIVE","True","True","","","","","https://stores.foodlion.com/nc/denver/130-south-hwy-16","official_store_directory","2026-07-31T20:26:53.4029893Z"
"Food Lion","","https://stores.foodlion.com/nc/denver/2100-n-hwy-16","Food Lion Grocery Store of Westport Market","2100 N Hwy 16","","Denver","NC","28037","35.50113345789978","-80.99514573812485","(704) 483-1807","True","ACTIVE","True","True","","","","","https://stores.foodlion.com/nc/denver/2100-n-hwy-16","official_store_directory","2026-07-31T20:26:54.8257394Z"
"Food Lion","","https://stores.foodlion.com/nc/denver/6113-hwy-16-s","Food Lion Grocery Store of Denver Lake","6113 Hwy 16 S","","Denver","NC","28037","35.55697044779259","-81.06473565101624","(704) 483-5965","True","ACTIVE","True","True","","","","","https://stores.foodlion.com/nc/denver/6113-hwy-16-s","official_store_directory","2026-07-31T20:26:56.2921268Z"
"Food Lion","","https://stores.foodlion.com/nc/dobson/600-e-atkins-st","Food Lion Grocery Store of Dobson","600 E Atkins St","","Dobson","NC","27017","36.394124098858356","-80.71591973304749","(336) 386-8040","True","ACTIVE","True","True","","","","","https://stores.foodlion.com/nc/dobson/600-e-atkins-st","official_store_directory","2026-07-31T20:26:57.8083958Z"
"Food Lion","","https://stores.foodlion.com/nc/dunn/1243-e-cumberland-st","Food Lion Grocery Store of Dunn","1243 E Cumberland St","","Dunn","NC","28334","35.29212366690264","-78.59480202198029","(910) 897-5048","True","ACTIVE","True","True","","","","","https://stores.foodlion.com/nc/dunn/1243-e-cumberland-st","official_store_directory","2026-07-31T20:26:59.1750304Z"
"Food Lion","","https://stores.foodlion.com/nc/durham/121-sherron-rd","Food Lion Grocery Store of Durham","121 Sherron Rd","","Durham","NC","27703","35.97413254061772","-78.79301726827298","(919) 596-2363","True","ACTIVE","True","True","","","","","https://stores.foodlion.com/nc/durham/121-sherron-rd","official_store_directory","2026-07-31T20:27:00.7224368Z"
"Food Lion","","https://stores.foodlion.com/nc/durham/2000-chapel-hill-rd","Food Lion Grocery Store of Shoppes At Lakewood","2000 Chapel Hill Rd","","Durham","NC","27707","35.98782083243694","-78.9279055595398","(919) 402-0190","True","ACTIVE","True","True","","","","","https://stores.foodlion.com/nc/durham/2000-chapel-hill-rd","official_store_directory","2026-07-31T20:27:02.2442770Z"
"Food Lion","","https://stores.foodlion.com/nc/durham/2400-holloway-dr","Food Lion Grocery Store of Joy Land Center","2400 Holloway Dr","","Durham","NC","27703","35.989133845600314","-78.85947167873383","(919) 598-1433","True","ACTIVE","True","True","","","","","https://stores.foodlion.com/nc/durham/2400-holloway-dr","official_store_directory","2026-07-31T20:27:03.8307001Z"
"Food Lion","","https://stores.foodlion.com/nc/durham/2930-w-main-st","Food Lion Grocery Store of University Centre","2930 W Main St","","Durham","NC","27705","36.01434162992416","-78.9340478181839","(919) 286-0400","True","ACTIVE","True","True","","","","","https://stores.foodlion.com/nc/durham/2930-w-main-st","official_store_directory","2026-07-31T20:27:05.3469164Z"
"Food Lion","","https://stores.foodlion.com/nc/durham/3022-fayetteville-st","Food Lion Grocery Store of Durham","3022 Fayetteville St","","Durham","NC","27707","35.963692225665646","-78.90856683254242","(919) 682-6242","True","ACTIVE","True","True","","","","","https://stores.foodlion.com/nc/durham/3022-fayetteville-st","official_store_directory","2026-07-31T20:27:06.9210460Z"
"Food Lion","","https://stores.foodlion.com/nc/durham/3500-n-roxboro-st","Food Lion Grocery Store of Oxford Commons","3500 N Roxboro St","","Durham","NC","27704","36.036422466564524","-78.8910037279129","(919) 220-7651","True","ACTIVE","True","True","","","","","https://stores.foodlion.com/nc/durham/3500-n-roxboro-st","official_store_directory","2026-07-31T20:27:08.4919254Z"
"Food Lion","","https://stores.foodlion.com/nc/durham/3808-guess-rd","Food Lion Grocery Store of Cross Creek","3808 Guess Rd","","Durham","NC","27705","36.05809543861775","-78.92787237474435","(919) 471-0817","True","ACTIVE","True","True","","","","","https://stores.foodlion.com/nc/durham/3808-guess-rd","official_store_directory","2026-07-31T20:27:10.0270292Z"
"Food Lion","","https://stores.foodlion.com/nc/durham/3808-guess-road","Food Lion Grocery Store of 3808 Guess Road","3808 Guess Road","","Durham","NC","27705","36.0580657512603","-78.92782133762019","(919) 620-1947","True","ACTIVE","True","True","","","","","https://stores.foodlion.com/nc/durham/3808-guess-road","official_store_directory","2026-07-31T20:27:11.5077491Z"
"Food Lion","","https://stores.foodlion.com/nc/durham/4621-hillsborough-rd","Food Lion Grocery Store of Bennett Pointe","4621 Hillsborough Rd","","Durham","NC","27705","36.03188923054567","-78.97922962903976","(919) 309-0385","True","ACTIVE","True","True","","","","","https://stores.foodlion.com/nc/durham/4621-hillsborough-rd","official_store_directory","2026-07-31T20:27:13.0134295Z"
"Food Lion","","https://stores.foodlion.com/nc/durham/4711-hope-valley-rd","Food Lion Grocery Store of Woodcroft","4711 Hope Valley Rd","","Durham","NC","27707","35.92082602054324","-78.95605266094208","(919) 493-2352","True","ACTIVE","True","True","","","","","https://stores.foodlion.com/nc/durham/4711-hope-valley-rd","official_store_directory","2026-07-31T20:27:14.3037236Z"
"Food Lion","","https://stores.foodlion.com/nc/durham/4900-nc-hwy-55","Food Lion Grocery Store of Park West Crossing","4900 NC Hwy 55","","Durham","NC","27713","35.89885418213264","-78.89876435443605","(919) 544-4180","True","ACTIVE","True","True","","","","","https://stores.foodlion.com/nc/durham/4900-nc-hwy-55","official_store_directory","2026-07-31T20:27:15.8013165Z"
"Food Lion","","https://stores.foodlion.com/nc/durham/5279-roxboro-rd","Food Lion Grocery Store of Eno Square","5279 Roxboro Rd","","Durham","NC","27712","36.07631669818858","-78.91145825386047","(919) 477-0438","True","ACTIVE","True","True","","","","","https://stores.foodlion.com/nc/durham/5279-roxboro-rd","official_store_directory","2026-07-31T20:27:17.2250592Z"
"Food Lion","","https://stores.foodlion.com/nc/eden/205-e-meadow-rd","Food Lion Grocery Store of Eden","205 E Meadow Rd","","Eden","NC","27288","36.509429196052594","-79.73916113376617","(336) 623-3294","True","ACTIVE","True","True","","","","","https://stores.foodlion.com/nc/eden/205-e-meadow-rd","official_store_directory","2026-07-31T20:27:18.7152800Z"
"Food Lion","","https://stores.foodlion.com/nc/eden/824-s-van-buren-rd","Food Lion Grocery Store of Eden Center","824 S Van Buren Rd","","Eden","NC","27288","36.4858877938443","-79.7369932658757","(336) 627-8504","True","ACTIVE","True","True","","","","","https://stores.foodlion.com/nc/eden/824-s-van-buren-rd","official_store_directory","2026-07-31T20:27:20.0588307Z"
"Food Lion","","https://stores.foodlion.com/nc/edenton/300-c-virginia-road","Food Lion Grocery Store of Edenton","300 C Virginia Road","","Edenton","NC","27932","36.074455568022564","-76.60963540608213","(252) 482-1950","True","ACTIVE","True","True","","","","","https://stores.foodlion.com/nc/edenton/300-c-virginia-road","official_store_directory","2026-07-31T20:27:21.5244356Z"
"Food Lion","","https://stores.foodlion.com/nc/elizabeth-city/1313-n-road-st","Food Lion Grocery Store of Elizabeth City Retail Center","1313 N Road St","","Elizabeth City","NC","27909","36.32783009393793","-76.22689962387079","(252) 335-2844","True","ACTIVE","True","True","","","","","https://stores.foodlion.com/nc/elizabeth-city/1313-n-road-st","official_store_directory","2026-07-31T20:27:23.0093411Z"
"Food Lion","","https://stores.foodlion.com/nc/elizabeth-city/1515-eringhaus-rd","Food Lion Grocery Store of Towne Square","1515 Eringhaus Rd","","Elizabeth City","NC","27909","36.29247629312956","-76.24440103769302","(252) 338-1676","True","ACTIVE","True","True","","","","","https://stores.foodlion.com/nc/elizabeth-city/1515-eringhaus-rd","official_store_directory","2026-07-31T20:27:24.3849259Z"
"Food Lion","","https://stores.foodlion.com/nc/elizabeth-city/1805-weeksville-rd","Food Lion Grocery Store of Weeksville Crossing","1805 Weeksville Rd","","Elizabeth City","NC","27909","36.27288290792404","-76.21119797229773","(252) 334-9516","True","ACTIVE","True","True","","","","","https://stores.foodlion.com/nc/elizabeth-city/1805-weeksville-rd","official_store_directory","2026-07-31T20:27:25.7315202Z"
"Food Lion","","https://stores.foodlion.com/nc/elizabeth-city/683-hughes-blvd","Food Lion Grocery Store of 683 Hughes Blvd","683 Hughes Blvd","","Elizabeth City","NC","27909","36.3113483","-76.2248603","(252) 331-1306","True","ACTIVE","True","True","","","","","https://stores.foodlion.com/nc/elizabeth-city/683-hughes-blvd","official_store_directory","2026-07-31T20:27:27.1436765Z"
"Food Lion","","https://stores.foodlion.com/nc/elizabethtown/1202-w-broad-st","Food Lion Grocery Store of Elizabethtown","1202 W Broad St","","Elizabethtown","NC","28337","34.633426398217374","-78.61904114484787","(910) 862-4791","True","ACTIVE","True","True","","","","","https://stores.foodlion.com/nc/elizabethtown/1202-w-broad-st","official_store_directory","2026-07-31T20:27:29.6369540Z"
"Food Lion","","https://stores.foodlion.com/nc/elkin/1526-n-bridge-st","Food Lion Grocery Store of Elkin","1526 N Bridge St","","Elkin","NC","28621","36.27170346972589","-80.85152884196907","(336) 526-1923","True","ACTIVE","True","True","","","","","https://stores.foodlion.com/nc/elkin/1526-n-bridge-st","official_store_directory","2026-07-31T20:27:31.0922051Z"
"Food Lion","","https://stores.foodlion.com/nc/emerald-isle/8700-emerald-dr","Food Lion Grocery Store of Emerald Isle","8700 Emerald Dr","","Emerald Isle","NC","28594","34.66261238853361","-77.05035388469696","(252) 354-4270","True","ACTIVE","True","True","","","","","https://stores.foodlion.com/nc/emerald-isle/8700-emerald-dr","official_store_directory","2026-07-31T20:27:32.6270883Z"
"Food Lion","","https://stores.foodlion.com/nc/fairmont/500-n-walnut-st","Food Lion Grocery Store of Fairmont","500 N Walnut St","","Fairmont","NC","28340","34.50331625178222","-79.11117017269135","(910) 628-5803","True","ACTIVE","True","True","","","","","https://stores.foodlion.com/nc/fairmont/500-n-walnut-st","official_store_directory","2026-07-31T20:27:34.1184093Z"
"Food Lion","","https://stores.foodlion.com/nc/fairview/1350-charlotte-hwy","Food Lion Grocery Store of Fairview","1350 Charlotte Hwy","","Fairview","NC","28730","35.52531970447489","-82.41123408079147","(828) 628-2283","True","ACTIVE","True","True","","","","","https://stores.foodlion.com/nc/fairview/1350-charlotte-hwy","official_store_directory","2026-07-31T20:27:35.5926422Z"
"Food Lion","","https://stores.foodlion.com/nc/farmville/3434-cooperative-way","Food Lion Grocery Store of Farmville","3434 Cooperative Way","","Farmville","NC","27828","35.616418740090225","-77.60591983795166","(252) 753-4790","True","ACTIVE","True","True","","","","","https://stores.foodlion.com/nc/farmville/3434-cooperative-way","official_store_directory","2026-07-31T20:27:37.1010588Z"
"Food Lion","","https://stores.foodlion.com/nc/fayetteville/102-n-reilly-rd","Food Lion Grocery Store of Fayetteville","102 N Reilly Rd","","Fayetteville","NC","28302","35.083207813163604","-79.00862209495835","(910) 864-2813","True","ACTIVE","True","True","","","","","https://stores.foodlion.com/nc/fayetteville/102-n-reilly-rd","official_store_directory","2026-07-31T20:27:38.6502097Z"
"Food Lion","","https://stores.foodlion.com/nc/fayetteville/150-andrews-rd","Food Lion Grocery Store of North Fayetteville","150 Andrews Rd","","Fayetteville","NC","28311","35.15908680930848","-78.87160062789917","(910) 822-2049","True","ACTIVE","True","True","","","","","https://stores.foodlion.com/nc/fayetteville/150-andrews-rd","official_store_directory","2026-07-31T20:27:40.1074895Z"
"Food Lion","","https://stores.foodlion.com/nc/fayetteville/151-westwood-shopping-ctr","Food Lion Grocery Store of Westwood","151 Westwood Shopping Ctr","","Fayetteville","NC","28302","35.06590277960984","-78.95184411669106","(910) 864-3524","True","ACTIVE","True","True","","","","","https://stores.foodlion.com/nc/fayetteville/151-westwood-shopping-ctr","official_store_directory","2026-07-31T20:27:41.5852101Z"
"Food Lion","","https://stores.foodlion.com/nc/fayetteville/1738-bingham-rd","Food Lion Grocery Store of Bingham Station","1738 Bingham Rd","","Fayetteville","NC","28304","35.016913973284716","-78.98600220680237","(910) 223-5510","True","ACTIVE","True","True","","","","","https://stores.foodlion.com/nc/fayetteville/1738-bingham-rd","official_store_directory","2026-07-31T20:27:43.1140921Z"
"Food Lion","","https://stores.foodlion.com/nc/fayetteville/2071-skibo-rd","Food Lion Grocery Store of Fayetteville Pavilion","2071 Skibo Rd","","Fayetteville","NC","28314","35.05297115652698","-78.97085557421934","(910) 867-2454","True","ACTIVE","True","True","","","","","https://stores.foodlion.com/nc/fayetteville/2071-skibo-rd","official_store_directory","2026-07-31T20:27:44.5772564Z"
"Food Lion","","https://stores.foodlion.com/nc/fayetteville/2885-legion-road","Food Lion Grocery Store of Legion Crossing","2885 Legion Road","","Fayetteville","NC","28306","35.00356480458022","-78.9133662693689","(910) 426-0088","True","ACTIVE","True","True","","","","","https://stores.foodlion.com/nc/fayetteville/2885-legion-road","official_store_directory","2026-07-31T20:27:46.1303200Z"
"Food Lion","","https://stores.foodlion.com/nc/fayetteville/3300-rosehill-rd","Food Lion Grocery Store of Rosehill","3300 Rosehill Rd","","Fayetteville","NC","28311","35.10390240712867","-78.8982805609703","(910) 822-4667","True","ACTIVE","True","True","","","","","https://stores.foodlion.com/nc/fayetteville/3300-rosehill-rd","official_store_directory","2026-07-31T20:27:47.6873775Z"
"Food Lion","","https://stores.foodlion.com/nc/fayetteville/3308-bragg-blvd","Food Lion Grocery Store of Sycamore Square","3308 Bragg Blvd","","Fayetteville","NC","28302","35.07929453578236","-78.93479799632632","(910) 864-8213","True","ACTIVE","True","True","","","","","https://stores.foodlion.com/nc/fayetteville/3308-bragg-blvd","official_store_directory","2026-07-31T20:27:49.2354149Z"
"Food Lion","","https://stores.foodlion.com/nc/fayetteville/342-n-eastern-blvd","Food Lion Grocery Store of East Fayetteville","342 N Eastern Blvd","","Fayetteville","NC","28301","35.051575924362346","-78.86233039105832","(910) 485-8886","True","ACTIVE","True","True","","","","","https://stores.foodlion.com/nc/fayetteville/342-n-eastern-blvd","official_store_directory","2026-07-31T20:27:50.5867529Z"
"Food Lion","","https://stores.foodlion.com/nc/fayetteville/4106-raeford-rd","Food Lion Grocery Store of Fayetteville","4106 Raeford Rd","","Fayetteville","NC","28304","35.04565471068606","-78.94762247800827","(910) 323-3132","True","ACTIVE","True","True","","","","","https://stores.foodlion.com/nc/fayetteville/4106-raeford-rd","official_store_directory","2026-07-31T20:27:52.1046218Z"
"Food Lion","","https://stores.foodlion.com/nc/fayetteville/5102-nc-hwy-87-s","Food Lion Grocery Store of Grays Creek","5102 NC Hwy 87 S","","Fayetteville","NC","28306","34.92978232974148","-78.85668754577631","(910) 484-1527","True","ACTIVE","True","True","","","","","https://stores.foodlion.com/nc/fayetteville/5102-nc-hwy-87-s","official_store_directory","2026-07-31T20:27:53.5562954Z"
"Food Lion","","https://stores.foodlion.com/nc/fayetteville/5555-waldos-beach-rd","Food Lion Grocery Store of Rockfish Commons","5555 Waldos Beach Rd","","Fayetteville","NC","28306","34.97852232940432","-79.0073311328888","(910) 223-5540","True","ACTIVE","True","True","","","","","https://stores.foodlion.com/nc/fayetteville/5555-waldos-beach-rd","official_store_directory","2026-07-31T20:27:55.0856490Z"
"Food Lion","","https://stores.foodlion.com/nc/fayetteville/7071-raeford-rd","Food Lion Grocery Store of Rayconda Plaza","7071 Raeford Rd","","Fayetteville","NC","28304","35.03402653752771","-79.01735723018646","(910) 826-0188","True","ACTIVE","True","True","","","","","https://stores.foodlion.com/nc/fayetteville/7071-raeford-rd","official_store_directory","2026-07-31T20:27:56.5910226Z"
"Food Lion","","https://stores.foodlion.com/nc/fayetteville/8175-cliffdale-rd","Food Lion Grocery Store of Montibello","8175 Cliffdale Rd","","Fayetteville","NC","28314","35.057914005935","-79.04665667663237","(910) 864-1393","True","ACTIVE","True","True","","","","","https://stores.foodlion.com/nc/fayetteville/8175-cliffdale-rd","official_store_directory","2026-07-31T20:27:58.0102422Z"
"Food Lion","","https://stores.foodlion.com/nc/fayetteville/929-mcarthur-rd","Food Lion Grocery Store of College Lake Plaza","929 Mcarthur Rd","","Fayetteville","NC","28311","35.12966650936304","-78.8995760679245","(910) 822-0446","True","ACTIVE","True","True","","","","","https://stores.foodlion.com/nc/fayetteville/929-mcarthur-rd","official_store_directory","2026-07-31T20:27:59.4845880Z"
"Food Lion","","https://stores.foodlion.com/nc/fayetteville/9535-cliffdale-rd","Food Lion Grocery Store of Westin Centre","9535 Cliffdale Rd","","Fayetteville","NC","28304","35.02943410628853","-79.06073927879339","(910) 860-7966","True","ACTIVE","True","True","","","","","https://stores.foodlion.com/nc/fayetteville/9535-cliffdale-rd","official_store_directory","2026-07-31T20:28:01.0211407Z"
"Food Lion","","https://stores.foodlion.com/nc/forest-city/668-s-broadway","Food Lion Grocery Store of Forest City","668 S Broadway","","Forest City","NC","28043","35.31815202625722","-81.85869097709656","(828) 245-3299","True","ACTIVE","True","True","","","","","https://stores.foodlion.com/nc/forest-city/668-s-broadway","official_store_directory","2026-07-31T20:28:02.5269416Z"
"Food Lion","","https://stores.foodlion.com/nc/franklinton/33801-us-hwy-1","Food Lion Grocery Store of Franklinton","33801 US Hwy 1","","Franklinton","NC","27525","36.09923187698565","-78.46520036458969","(919) 494-1403","True","ACTIVE","True","True","","","","","https://stores.foodlion.com/nc/franklinton/33801-us-hwy-1","official_store_directory","2026-07-31T20:28:05.0171835Z"
"Food Lion","","https://stores.foodlion.com/nc/fuquay-varina/1338-n-main-st","Food Lion Grocery Store of Fuquay Varina","1338 N Main St","","Fuquay-Varina","NC","27526","35.590043926093934","-78.77655655145645","(919) 552-1388","True","ACTIVE","True","True","","","","","https://stores.foodlion.com/nc/fuquay-varina/1338-n-main-st","official_store_directory","2026-07-31T20:28:06.4744850Z"
"Food Lion","","https://stores.foodlion.com/nc/fuquay-varina/1508-broad-st","Food Lion Grocery Store of Broad Street Market","1508 Broad St","","Fuquay-Varina","NC","27526","35.60475243551787","-78.80195438861847","(919) 577-1000","True","ACTIVE","True","True","","","","","https://stores.foodlion.com/nc/fuquay-varina/1508-broad-st","official_store_directory","2026-07-31T20:28:08.0759237Z"
"Food Lion","","https://stores.foodlion.com/nc/fuquay-varina/3417-n-main-st","Food Lion Grocery Store of Hilltop Crossings","3417 N Main St","","Fuquay-Varina","NC","27526","35.625074692559664","-78.72616857290268","(919) 577-0555","True","ACTIVE","True","True","","","","","https://stores.foodlion.com/nc/fuquay-varina/3417-n-main-st","official_store_directory","2026-07-31T20:28:09.6625346Z"
"Food Lion","","https://stores.foodlion.com/nc/garner/1339-5th-ave","Food Lion Grocery Store of Garner","1339 5Th Ave","","Garner","NC","27529","35.70861200917056","-78.62337827682501","(919) 779-0770","True","ACTIVE","True","True","","","","","https://stores.foodlion.com/nc/garner/1339-5th-ave","official_store_directory","2026-07-31T20:28:11.2013938Z"
"Food Lion","","https://stores.foodlion.com/nc/garner/16369-nc-hwy-50-north","Food Lion Grocery Store of Garner 50 & 42","16369 NC Hwy 50 North","","Garner","NC","27529","35.595199","-78.59912","(919) 771-2978","True","ACTIVE","True","True","","","","","https://stores.foodlion.com/nc/garner/16369-nc-hwy-50-north","official_store_directory","2026-07-31T20:28:12.6967995Z"
"Food Lion","","https://stores.foodlion.com/nc/garner/217-timber-dr-w","Food Lion Grocery Store of Timber Crossing","217 Timber Dr W","","Garner","NC","27529","35.68471204273276","-78.60552549362177","(919) 779-5551","True","ACTIVE","True","True","","","","","https://stores.foodlion.com/nc/garner/217-timber-dr-w","official_store_directory","2026-07-31T20:28:14.1246975Z"
"Food Lion","","https://stores.foodlion.com/nc/garner/55-ford-meadows-drive","Food Lion Grocery Store of 55 Ford Meadows Drive","55 Ford Meadows Drive","","Garner","NC","27529","35.6127154","-78.54351100000001","(919) 763-0106","True","ACTIVE","True","True","","","","","https://stores.foodlion.com/nc/garner/55-ford-meadows-drive","official_store_directory","2026-07-31T20:28:15.6424919Z"
"Food Lion","","https://stores.foodlion.com/nc/garner/75-glen-rd","Food Lion Grocery Store of Garner 40/42","75 Glen Rd","","Garner","NC","27529","35.60671947189959","-78.5682937502861","(919) 772-1423","True","ACTIVE","True","True","","","","","https://stores.foodlion.com/nc/garner/75-glen-rd","official_store_directory","2026-07-31T20:28:17.0984454Z"
"Food Lion","","https://stores.foodlion.com/nc/gastonia/1024-w-hudson-blvd","Food Lion Grocery Store of Hudson Boulevard","1024 W Hudson Blvd","","Gastonia","NC","28052","35.2359386010489","-81.20404556393623","(704) 864-4215","True","ACTIVE","True","True","","","","","https://stores.foodlion.com/nc/gastonia/1024-w-hudson-blvd","official_store_directory","2026-07-31T20:28:18.6742402Z"
"Food Lion","","https://stores.foodlion.com/nc/gastonia/111-w-garrison-blvd","Food Lion Grocery Store of Garrison Boulevard","111 W Garrison Blvd","","Gastonia","NC","28052","35.25293072594253","-81.18231564760208","(704) 861-0295","True","ACTIVE","True","True","","","","","https://stores.foodlion.com/nc/gastonia/111-w-garrison-blvd","official_store_directory","2026-07-31T20:28:20.1148574Z"
"Food Lion","","https://stores.foodlion.com/nc/gastonia/2211-n-new-hope-road","Food Lion Grocery Store of North New Hope Road","2211 N New Hope Road","","Gastonia","NC","28054","35.29771047746494","-81.16054683923721","(704) 866-7022","True","ACTIVE","True","True","","","","","https://stores.foodlion.com/nc/gastonia/2211-n-new-hope-road","official_store_directory","2026-07-31T20:28:21.7579990Z"
"Food Lion","","https://stores.foodlion.com/nc/gastonia/3011-union-rd","Food Lion Grocery Store of Union Road","3011 Union Rd","","Gastonia","NC","28056","35.214645776269656","-81.16870075464249","(704) 861-0567","True","ACTIVE","True","True","","","","","https://stores.foodlion.com/nc/gastonia/3011-union-rd","official_store_directory","2026-07-31T20:28:24.4472269Z"
"Food Lion","","https://stores.foodlion.com/nc/gastonia/3680-s-new-hope-rd","Food Lion Grocery Store of South New Hope Road","3680 S New Hope Rd","","Gastonia","NC","28056","35.2210245691396","-81.1014711856842","(704) 824-9645","True","ACTIVE","True","True","","","","","https://stores.foodlion.com/nc/gastonia/3680-s-new-hope-rd","official_store_directory","2026-07-31T20:28:25.9738496Z"
"Food Lion","","https://stores.foodlion.com/nc/goldsboro/118-five-points-rd","Food Lion Grocery Store of Mar-Mac","118 Five Points Rd","","Goldsboro","NC","27530","35.33291251908831","-78.0364465713501","(919) 581-0254","True","ACTIVE","True","True","","","","","https://stores.foodlion.com/nc/goldsboro/118-five-points-rd","official_store_directory","2026-07-31T20:28:28.4670003Z"
"Food Lion","","https://stores.foodlion.com/nc/goldsboro/1809-e-ashe-st","Food Lion Grocery Store of Ash Street","1809 E Ashe St","","Goldsboro","NC","27530","35.37855997266419","-77.96751111745834","(919) 731-4064","True","ACTIVE","True","True","","","","","https://stores.foodlion.com/nc/goldsboro/1809-e-ashe-st","official_store_directory","2026-07-31T20:28:29.9502542Z"
"Food Lion","","https://stores.foodlion.com/nc/goldsboro/219-nc-hwy-111-s","Food Lion Grocery Store of 111 Hwy","219 NC Hwy 111 S","","Goldsboro","NC","27534","35.3417806486625","-77.9169487953186","(919) 751-1099","True","ACTIVE","True","True","","","","","https://stores.foodlion.com/nc/goldsboro/219-nc-hwy-111-s","official_store_directory","2026-07-31T20:28:31.4610718Z"
"Food Lion","","https://stores.foodlion.com/nc/goldsboro/555-e-new-hope-rd","Food Lion Grocery Store of New Hope","555 E New Hope Rd","","Goldsboro","NC","27534","35.3868151898458","-77.90400445461273","(919) 751-2149","True","ACTIVE","True","True","","","","","https://stores.foodlion.com/nc/goldsboro/555-e-new-hope-rd","official_store_directory","2026-07-31T20:28:32.9178094Z"
"Food Lion","","https://stores.foodlion.com/nc/graham/921-s-main-st","Food Lion Grocery Store of Graham","921 S Main St","","Graham","NC","27253","36.052282400756795","-79.40097212791443","(336) 228-0583","True","ACTIVE","True","True","","","","","https://stores.foodlion.com/nc/graham/921-s-main-st","official_store_directory","2026-07-31T20:28:34.3967892Z"
"Food Lion","","https://stores.foodlion.com/nc/grandy/123-b-forbes-loop","Food Lion Grocery Store of 123 B Forbes Loop","123 B Forbes Loop","","Grandy","NC","27939","36.238981986730785","-75.8783538977024","(252) 453-8500","True","ACTIVE","True","True","","","","","https://stores.foodlion.com/nc/grandy/123-b-forbes-loop","official_store_directory","2026-07-31T20:28:35.7981342Z"
"Food Lion","","https://stores.foodlion.com/nc/grandy/123-forbes-loop","Food Lion Grocery Store of Grandy","123 Forbes Loop","","Grandy","NC","27939","36.23898216503858","-75.87831623308026","(252) 453-4151","True","ACTIVE","True","True","","","","","https://stores.foodlion.com/nc/grandy/123-forbes-loop","official_store_directory","2026-07-31T20:28:37.3315121Z"
"Food Lion","","https://stores.foodlion.com/nc/grantsboro/11560-nc-hwy-55","Food Lion Grocery Store of Grantsboro","11560 NC Hwy 55","","Grantsboro","NC","28529","35.141730688858345","-76.83045029640198","(252) 745-7077","True","ACTIVE","True","True","","","","","https://stores.foodlion.com/nc/grantsboro/11560-nc-hwy-55","official_store_directory","2026-07-31T20:28:38.8053995Z"
"Food Lion","","https://stores.foodlion.com/nc/greensboro/1023-alamance-church-rd","Food Lion Grocery Store of Alamance Square","1023 Alamance Church Rd","","Greensboro","NC","27406","36.04250396761501","-79.77098822593689","(336) 272-5813","True","ACTIVE","True","True","","","","","https://stores.foodlion.com/nc/greensboro/1023-alamance-church-rd","official_store_directory","2026-07-31T20:28:40.3689922Z"
"Food Lion","","https://stores.foodlion.com/nc/greensboro/120-w-meadowview-rd","Food Lion Grocery Store of South Elm Plaza","120 W Meadowview Rd","","Greensboro","NC","27406","36.0404173475447","-79.7929984331131","(336) 379-7253","True","ACTIVE","True","True","","","","","https://stores.foodlion.com/nc/greensboro/120-w-meadowview-rd","official_store_directory","2026-07-31T20:28:42.1027794Z"
"Food Lion","","https://stores.foodlion.com/nc/greensboro/1911-coliseum-blvd","Food Lion Grocery Store of Coliseum","1911 Coliseum Blvd","","Greensboro","NC","27403","36.05156461962846","-79.82093632221222","(336) 294-7000","True","ACTIVE","True","True","","","","","https://stores.foodlion.com/nc/greensboro/1911-coliseum-blvd","official_store_directory","2026-07-31T20:28:43.7085696Z"
"Food Lion","","https://stores.foodlion.com/nc/greensboro/2208-golden-gate-dr","Food Lion Grocery Store of Golden Gate","2208 Golden Gate Dr","","Greensboro","NC","27405","36.10281529178147","-79.78235810995102","(336) 378-9844","True","ACTIVE","True","True","","","","","https://stores.foodlion.com/nc/greensboro/2208-golden-gate-dr","official_store_directory","2026-07-31T20:28:45.4218118Z"
"Food Lion","","https://stores.foodlion.com/nc/greensboro/2217-fleming-rd","Food Lion Grocery Store of Cardinal Crossing","2217 Fleming Rd","","Greensboro","NC","27410","36.12482147249612","-79.90514286242518","(336) 668-1063","True","ACTIVE","True","True","","","","","https://stores.foodlion.com/nc/greensboro/2217-fleming-rd","official_store_directory","2026-07-31T20:28:46.9599625Z"
"Food Lion","","https://stores.foodlion.com/nc/greensboro/2316-e-market-st","Food Lion Grocery Store of English Market","2316 E Market St","","Greensboro","NC","27420","36.07563814750517","-79.75696311330466","(336) 370-0118","True","ACTIVE","True","True","","","","","https://stores.foodlion.com/nc/greensboro/2316-e-market-st","official_store_directory","2026-07-31T20:28:48.4965396Z"
"Food Lion","","https://stores.foodlion.com/nc/greensboro/3219-s-holden-rd","Food Lion Grocery Store of Holden Plaza","3219 S Holden Rd","","Greensboro","NC","27407","36.02163968505763","-79.8454517126084","(336) 855-3326","True","ACTIVE","True","True","","","","","https://stores.foodlion.com/nc/greensboro/3219-s-holden-rd","official_store_directory","2026-07-31T20:28:50.0619216Z"
"Food Lion","","https://stores.foodlion.com/nc/greensboro/3228-randleman-rd","Food Lion Grocery Store of Randleman Market","3228 Randleman Rd","","Greensboro","NC","27406","36.00718935757292","-79.80734288692474","(336) 370-9883","True","ACTIVE","True","True","","","","","https://stores.foodlion.com/nc/greensboro/3228-randleman-rd","official_store_directory","2026-07-31T20:28:51.6179180Z"
"Food Lion","","https://stores.foodlion.com/nc/greensboro/3501-n-elm-street","Food Lion Grocery Store of Elm Street","3501 N Elm Street","","Greensboro","NC","27405","36.1280613","-79.79767389999999","(336) 252-5497","True","ACTIVE","True","True","","","","","https://stores.foodlion.com/nc/greensboro/3501-n-elm-street","official_store_directory","2026-07-31T20:28:53.1804792Z"
"Food Lion","","https://stores.foodlion.com/nc/greensboro/3603-groometown-rd","Food Lion Grocery Store of Sedgefield Village","3603 Groometown Rd","","Greensboro","NC","27407","36.01670858213927","-79.86335545778275","(336) 851-1388","True","ACTIVE","True","True","","","","","https://stores.foodlion.com/nc/greensboro/3603-groometown-rd","official_store_directory","2026-07-31T20:28:54.8736294Z"
"Food Lion","","https://stores.foodlion.com/nc/greensboro/4620-woody-mill-rd","Food Lion Grocery Store of Forest Oaks","4620 Woody Mill Rd","","Greensboro","NC","27406","35.96623653958907","-79.70031201839447","(336) 676-7199","True","ACTIVE","True","True","","","","","https://stores.foodlion.com/nc/greensboro/4620-woody-mill-rd","official_store_directory","2026-07-31T20:28:56.2985718Z"
"Food Lion","","https://stores.foodlion.com/nc/greensboro/4634-hicone-rd","Food Lion Grocery Store of Hicone","4634 Hicone Rd","","Greensboro","NC","27405","36.15110446294355","-79.71138417720789","(336) 621-5716","True","ACTIVE","True","True","","","","","https://stores.foodlion.com/nc/greensboro/4634-hicone-rd","official_store_directory","2026-07-31T20:28:57.8084054Z"
"Food Lion","","https://stores.foodlion.com/nc/greensboro/4653-market-st","Food Lion Grocery Store of West Market Shopping Center","4653 Market St","","Greensboro","NC","27402","36.06823876590754","-79.86710770988793","(336) 297-9338","True","ACTIVE","True","True","","","","","https://stores.foodlion.com/nc/greensboro/4653-market-st","official_store_directory","2026-07-31T20:28:59.3730388Z"
"Food Lion","","https://stores.foodlion.com/nc/greensboro/4709-lawndale-dr","Food Lion Grocery Store of Greensboro","4709 Lawndale Dr","","Greensboro","NC","27408","36.13922855210617","-79.83355611562729","(336) 282-0180","True","ACTIVE","True","True","","","","","https://stores.foodlion.com/nc/greensboro/4709-lawndale-dr","official_store_directory","2026-07-31T20:29:00.9522956Z"
"Food Lion","","https://stores.foodlion.com/nc/greenville/1914-turnbury-dr","Food Lion Grocery Store of Greenville","1914 Turnbury Dr","","Greenville","NC","27858","35.5683862677705","-77.3535668849945","(252) 321-8131","True","ACTIVE","True","True","","","","","https://stores.foodlion.com/nc/greenville/1914-turnbury-dr","official_store_directory","2026-07-31T20:29:02.5084411Z"
"Food Lion","","https://stores.foodlion.com/nc/greenville/2460-stantonsburg-rd","Food Lion Grocery Store of Greenville","2460 Stantonsburg Rd","","Greenville","NC","27834","35.606859","-77.413702","(252) 830-6259","True","ACTIVE","True","True","","","","","https://stores.foodlion.com/nc/greenville/2460-stantonsburg-rd","official_store_directory","2026-07-31T20:29:03.8721322Z"
"Food Lion","","https://stores.foodlion.com/nc/greenville/250-easy-st","Food Lion Grocery Store of Greenville","250 Easy St","","Greenville","NC","27834","35.65216590822155","-77.36897349357605","(252) 752-8484","True","ACTIVE","True","True","","","","","https://stores.foodlion.com/nc/greenville/250-easy-st","official_store_directory","2026-07-31T20:29:05.3560945Z"
"Food Lion","","https://stores.foodlion.com/nc/greenville/3136-e-10th-st","Food Lion Grocery Store of Greenville","3136 E 10Th St","","Greenville","NC","27834","35.598990510121936","-77.33325972223611","(252) 757-3741","True","ACTIVE","True","True","","","","","https://stores.foodlion.com/nc/greenville/3136-e-10th-st","official_store_directory","2026-07-31T20:29:06.7788192Z"
"Food Lion","","https://stores.foodlion.com/nc/greenville/3700-s-memorial-dr","Food Lion Grocery Store of Greenville","3700 S Memorial Dr","","Greenville","NC","27834","35.563040759415024","-77.40624815225601","(252) 439-0467","True","ACTIVE","True","True","","","","","https://stores.foodlion.com/nc/greenville/3700-s-memorial-dr","official_store_directory","2026-07-31T20:29:08.3473185Z"
"Food Lion","","https://stores.foodlion.com/nc/greenville/4330-e-10th-st","Food Lion Grocery Store of Greenville","4330 E 10Th St","","Greenville","NC","27858","35.582086595273665","-77.30980932712549","(252) 752-1380","True","ACTIVE","True","True","","","","","https://stores.foodlion.com/nc/greenville/4330-e-10th-st","official_store_directory","2026-07-31T20:29:09.8960288Z"
"Food Lion","","https://stores.foodlion.com/nc/greenville/620-red-banks-road","Food Lion Grocery Store of Greenville","620 Red Banks Road","","Greenville","NC","27858","35.580267291808326","-77.36913979053497","(252) 439-0209","True","ACTIVE","True","True","","","","","https://stores.foodlion.com/nc/greenville/620-red-banks-road","official_store_directory","2026-07-31T20:29:11.2657401Z"
"Food Lion","","https://stores.foodlion.com/nc/hamlet/803-w.-hamlet-avenue","Food Lion Grocery Store of Hamlet","803 W. Hamlet Avenue","","Hamlet","NC","28345","34.89624261004527","-79.70475643873215","(910) 582-6525","True","ACTIVE","True","True","","","","","https://stores.foodlion.com/nc/hamlet/803-w.-hamlet-avenue","official_store_directory","2026-07-31T20:29:12.8238630Z"
"Food Lion","","https://stores.foodlion.com/nc/hampstead/14564-us-hwy-17","Food Lion Grocery Store of Hampstead","14564 US Hwy 17","","Hampstead","NC","28443","34.364795588978325","-77.71048307418823","(910) 270-9703","True","ACTIVE","True","True","","","","","https://stores.foodlion.com/nc/hampstead/14564-us-hwy-17","official_store_directory","2026-07-31T20:29:14.1883359Z"
"Food Lion","","https://stores.foodlion.com/nc/harrisburg/4226-hwy-49","Food Lion Grocery Store of Harrisburg","4226 Hwy 49","","Harrisburg","NC","28075","35.32369327145585","-80.64701914787292","(704) 455-3100","True","ACTIVE","True","True","","","","","https://stores.foodlion.com/nc/harrisburg/4226-hwy-49","official_store_directory","2026-07-31T20:29:15.6068481Z"
"Food Lion","","https://stores.foodlion.com/nc/havelock/1403-e-main-st","Food Lion Grocery Store of Havelock","1403 E Main St","","Havelock","NC","28532","34.857451077461995","-76.89405888319016","(252) 447-6308","True","ACTIVE","True","True","","","","","https://stores.foodlion.com/nc/havelock/1403-e-main-st","official_store_directory","2026-07-31T20:29:17.1019117Z"
"Food Lion","","https://stores.foodlion.com/nc/haw-river/1125-roxboro-st","Food Lion Grocery Store of Haw River","1125 Roxboro St","","Haw River","NC","27258","36.11289717103135","-79.35250997543335","(336) 578-8429","True","ACTIVE","True","True","","","","","https://stores.foodlion.com/nc/haw-river/1125-roxboro-st","official_store_directory","2026-07-31T20:29:18.5300456Z"
"Food Lion","","https://stores.foodlion.com/nc/henderson/1263-dabney-dr","Food Lion Grocery Store of Henderson Mall","1263 Dabney Dr","","Henderson","NC","27536","36.32970789042289","-78.4335047006607","(252) 430-8812","True","ACTIVE","True","True","","","","","https://stores.foodlion.com/nc/henderson/1263-dabney-dr","official_store_directory","2026-07-31T20:29:20.2126954Z"
"Food Lion","","https://stores.foodlion.com/nc/henderson/1263-dabney-drive","Food Lion Grocery Store of 1263 Dabney Drive","1263 Dabney Drive","","Henderson","NC","27536","36.32967227210776","-78.43346830966549","(252) 438-2539","True","ACTIVE","True","True","","","","","https://stores.foodlion.com/nc/henderson/1263-dabney-drive","official_store_directory","2026-07-31T20:29:22.1631686Z"
"Food Lion","","https://stores.foodlion.com/nc/henderson/1419-e-andrews-ave","Food Lion Grocery Store of Cardinal Plaza","1419 E Andrews Ave","","Henderson","NC","27536","36.32035951644374","-78.38159322738647","(252) 433-0553","True","ACTIVE","True","True","","","","","https://stores.foodlion.com/nc/henderson/1419-e-andrews-ave","official_store_directory","2026-07-31T20:29:23.9103814Z"
"Food Lion","","https://stores.foodlion.com/nc/henderson/1419-east-andrews-avenue","Food Lion Grocery Store of 1419 East Andrews Avenue","1419 East Andrews Avenue","","Henderson","NC","27536","36.320342692324346","-78.3815612986204","(252) 762-0156","True","ACTIVE","True","True","","","","","https://stores.foodlion.com/nc/henderson/1419-east-andrews-avenue","official_store_directory","2026-07-31T20:29:25.6444637Z"
"Food Lion","","https://stores.foodlion.com/nc/henderson/1650-n-garnett-st","Food Lion Grocery Store of Henderson","1650 N Garnett St","","Henderson","NC","27536","36.34218360745809","-78.39251518249512","(252) 492-8028","True","ACTIVE","True","True","","","","","https://stores.foodlion.com/nc/henderson/1650-n-garnett-st","official_store_directory","2026-07-31T20:29:27.1543739Z"
"Food Lion","","https://stores.foodlion.com/nc/henderson/377-raleigh-rd","Food Lion Grocery Store of Dabney Shopping Center","377 Raleigh Rd","","Henderson","NC","27536","36.317055118810806","-78.40878278017038","(252) 492-0929","True","ACTIVE","True","True","","","","","https://stores.foodlion.com/nc/henderson/377-raleigh-rd","official_store_directory","2026-07-31T20:29:29.2033676Z"
"Food Lion","","https://stores.foodlion.com/nc/hertford/321-ocean-hwy-s","Food Lion Grocery Store of Hertford","321 Ocean Hwy S","","Hertford","NC","27944","36.17323352028485","-76.46209448575979","(252) 426-4009","True","ACTIVE","True","True","","","","","https://stores.foodlion.com/nc/hertford/321-ocean-hwy-s","official_store_directory","2026-07-31T20:29:30.9913383Z"
"Food Lion","","https://stores.foodlion.com/nc/hickory/2625-n-center-st","Food Lion Grocery Store of Hickory","2625 N Center St","","Hickory","NC","28601","35.766313114185465","-81.33364856243128","(828) 322-7332","True","ACTIVE","True","True","","","","","https://stores.foodlion.com/nc/hickory/2625-n-center-st","official_store_directory","2026-07-31T20:29:32.8142704Z"
"Food Lion","","https://stores.foodlion.com/nc/hickory/2730-2nd-ave-nw","Food Lion Grocery Store of Long View","2730 2Nd Ave NW","","Hickory","NC","28601","35.73797397499554","-81.38417601585388","(828) 328-2443","True","ACTIVE","True","True","","","","","https://stores.foodlion.com/nc/hickory/2730-2nd-ave-nw","official_store_directory","2026-07-31T20:29:34.5554379Z"
"Food Lion","","https://stores.foodlion.com/nc/hickory/3206-nc-127-s","Food Lion Grocery Store of Mountain View","3206 NC 127 S","","Hickory","NC","28602","35.682376554378926","-81.37419819831848","(828) 294-3205","True","ACTIVE","True","True","","","","","https://stores.foodlion.com/nc/hickory/3206-nc-127-s","official_store_directory","2026-07-31T20:29:36.2866618Z"
"Food Lion","","https://stores.foodlion.com/nc/hickory/3220-springs-rd-ne","Food Lion Grocery Store of Springs Road","3220 Springs Rd NE","","Hickory","NC","28601","35.75710655840507","-81.27260953187943","(828) 256-9871","True","ACTIVE","True","True","","","","","https://stores.foodlion.com/nc/hickory/3220-springs-rd-ne","official_store_directory","2026-07-31T20:29:37.9209529Z"
"Food Lion","","https://stores.foodlion.com/nc/high-point/1107-e-lexington-ave","Food Lion Grocery Store of College Village","1107 E Lexington Ave","","High Point","NC","27260","35.97935180967216","-80.00095798635812","(336) 886-7872","True","ACTIVE","True","True","","","","","https://stores.foodlion.com/nc/high-point/1107-e-lexington-ave","official_store_directory","2026-07-31T20:29:39.5434269Z"
"Food Lion","","https://stores.foodlion.com/nc/high-point/140-e-fairfield-rd","Food Lion Grocery Store of Fairfield Plaza","140 E Fairfield Rd","","High Point","NC","27263","35.9243864665174","-79.97904107734378","(336) 434-6525","True","ACTIVE","True","True","","","","","https://stores.foodlion.com/nc/high-point/140-e-fairfield-rd","official_store_directory","2026-07-31T20:29:41.0638361Z"
"Food Lion","","https://stores.foodlion.com/nc/high-point/2200-westchester-dr","Food Lion Grocery Store of High Point","2200 Westchester Dr","","High Point","NC","27262","35.93872451119618","-80.03599315881729","(336) 885-5896","True","ACTIVE","True","True","","","","","https://stores.foodlion.com/nc/high-point/2200-westchester-dr","official_store_directory","2026-07-31T20:29:42.6995095Z"
"Food Lion","","https://stores.foodlion.com/nc/high-point/2705-n-main-st","Food Lion Grocery Store of North Main Crossing","2705 N Main St","","High Point","NC","27260","35.99246875874225","-80.03197862245605","(336) 869-5800","True","ACTIVE","True","True","","","","","https://stores.foodlion.com/nc/high-point/2705-n-main-st","official_store_directory","2026-07-31T20:29:44.3426353Z"
"Food Lion","","https://stores.foodlion.com/nc/high-point/3935-brian-jordan-place","Food Lion Grocery Store of The Shoppes at Deep River","3935 Brian Jordan Place","","High Point","NC","27265","36.03338379866457","-79.96151616865254","(336) 812-9963","True","ACTIVE","True","True","","","","","https://stores.foodlion.com/nc/high-point/3935-brian-jordan-place","official_store_directory","2026-07-31T20:29:45.9368933Z"
"Food Lion","","https://stores.foodlion.com/nc/hildebran/511-us-hwy-70-e","Food Lion Grocery Store of Hildebran","511 US Hwy 70 E","","Hildebran","NC","28637","35.71410023524771","-81.42082303762436","(828) 397-5882","True","ACTIVE","True","True","","","","","https://stores.foodlion.com/nc/hildebran/511-us-hwy-70-e","official_store_directory","2026-07-31T20:29:47.4974902Z"
"Food Lion","","https://stores.foodlion.com/nc/hillsborough/101-n-scotswood-blvd","Food Lion Grocery Store of Churton Grove Shopping Center","101 N Scotswood Blvd","","Hillsborough","NC","27278","36.0835309747171","-79.07966762781143","(919) 732-5964","True","ACTIVE","True","True","","","","","https://stores.foodlion.com/nc/hillsborough/101-n-scotswood-blvd","official_store_directory","2026-07-31T20:29:49.0001648Z"
"Food Lion","","https://stores.foodlion.com/nc/hillsborough/106-rebecca-dr","Food Lion Grocery Store of Food Lion Plaza","106 Rebecca Dr","","Hillsborough","NC","27278","36.06199240364945","-79.10123527050018","(919) 732-6168","True","ACTIVE","True","True","","","","","https://stores.foodlion.com/nc/hillsborough/106-rebecca-dr","official_store_directory","2026-07-31T20:29:51.0512359Z"
"Food Lion","","https://stores.foodlion.com/nc/holden-beach/1100-sabbath-home-rd-sw","Food Lion Grocery Store of Holden Beach","1100 Sabbath Home Rd SW","","Holden Beach","NC","28462","33.92993243123399","-78.27127933502197","(910) 842-4911","True","ACTIVE","True","True","","","","","https://stores.foodlion.com/nc/holden-beach/1100-sabbath-home-rd-sw","official_store_directory","2026-07-31T20:29:52.7493622Z"
"Food Lion","","https://stores.foodlion.com/nc/holly-springs/517-n-main-st","Food Lion Grocery Store of Holly Springs","517 N Main St","","Holly Springs","NC","27540","35.65976104779767","-78.83720397949224","(919) 557-1175","True","ACTIVE","True","True","","","","","https://stores.foodlion.com/nc/holly-springs/517-n-main-st","official_store_directory","2026-07-31T20:29:54.4284791Z"
"Food Lion","","https://stores.foodlion.com/nc/hope-mills/3020-hope-mills-rd","Food Lion Grocery Store of Hope Mills","3020 Hope Mills Rd","","Hope Mills","NC","28348","34.98401642894318","-78.96662324666971","(910) 424-5382","True","ACTIVE","True","True","","","","","https://stores.foodlion.com/nc/hope-mills/3020-hope-mills-rd","official_store_directory","2026-07-31T20:29:56.3053157Z"
"Food Lion","","https://stores.foodlion.com/nc/hudson/3078-hickory-blvd","Food Lion Grocery Store of Hudson","3078 Hickory Blvd","","Hudson","NC","28638","35.847047865606164","-81.47122442722315","(828) 728-1181","True","ACTIVE","True","True","","","","","https://stores.foodlion.com/nc/hudson/3078-hickory-blvd","official_store_directory","2026-07-31T20:29:58.0760762Z"
"Food Lion","","https://stores.foodlion.com/nc/huntersville/13108-eastfield-road","Food Lion Grocery Store of Huntersville","13108 Eastfield Road","","Huntersville","NC","28078","35.384767481889796","-80.78443654326273","(704) 948-2348","True","ACTIVE","True","True","","","","","https://stores.foodlion.com/nc/huntersville/13108-eastfield-road","official_store_directory","2026-07-31T20:29:59.8468356Z"
"Food Lion","","https://stores.foodlion.com/nc/huntersville/706-gilead-road","Food Lion Grocery Store of Huntersville","706 Gilead Road","","Huntersville","NC","28078","35.41101930415351","-80.85257780368748","(704) 875-1651","True","ACTIVE","True","True","","","","","https://stores.foodlion.com/nc/huntersville/706-gilead-road","official_store_directory","2026-07-31T20:30:01.2974332Z"
"Food Lion","","https://stores.foodlion.com/nc/huntersville/9548-mt-holly-huntersville-rd","Food Lion Grocery Store of Pecan Ridge Shopping Center","9548 Mt Holly Huntersville Rd","","Huntersville","NC","28078","35.35674464083059","-80.86759597063065","(704) 391-1680","True","ACTIVE","True","True","","","","","https://stores.foodlion.com/nc/huntersville/9548-mt-holly-huntersville-rd","official_store_directory","2026-07-31T20:30:02.9904507Z"
"Food Lion","","https://stores.foodlion.com/nc/indian-trail/4423-old-monroe-rd","Food Lion Grocery Store of Indian Trail","4423 Old Monroe Rd","","Indian Trail","NC","28079","35.068137738278644","-80.67627131938934","(704) 821-9179","True","ACTIVE","True","True","","","","","https://stores.foodlion.com/nc/indian-trail/4423-old-monroe-rd","official_store_directory","2026-07-31T20:30:04.7405300Z"
"Food Lion","","https://stores.foodlion.com/nc/indian-trail/5850-w-hwy-74","Food Lion Grocery Store of Indian Trail","5850 W Hwy 74","","Indian Trail","NC","28079","35.0677864885829","-80.63999712467188","(704) 821-1770","True","ACTIVE","True","True","","","","","https://stores.foodlion.com/nc/indian-trail/5850-w-hwy-74","official_store_directory","2026-07-31T20:30:06.2185625Z"
"Food Lion","","https://stores.foodlion.com/nc/indian-trail/7868-idlewild-rd","Food Lion Grocery Store of Hemby Bridge","7868 Idlewild Rd","","Indian Trail","NC","28079","35.10736939611924","-80.63274443149567","(704) 893-0693","True","ACTIVE","True","True","","","","","https://stores.foodlion.com/nc/indian-trail/7868-idlewild-rd","official_store_directory","2026-07-31T20:30:07.6023680Z"
"Food Lion","","https://stores.foodlion.com/nc/jacksonville/104-branchwood-shopping-ctr","Food Lion Grocery Store of Branchwood","104 Branchwood Shopping Ctr","","Jacksonville","NC","28546","34.77940114948543","-77.41372883319855","(910) 455-8566","True","ACTIVE","True","True","","","","","https://stores.foodlion.com/nc/jacksonville/104-branchwood-shopping-ctr","official_store_directory","2026-07-31T20:30:09.0721395Z"
"Food Lion","","https://stores.foodlion.com/nc/jacksonville/175-freedom-way","Food Lion Grocery Store of Piney Green","175 Freedom Way","","Jacksonville","NC","28544","34.718510798845024","-77.32440054416662","(910) 353-1372","True","ACTIVE","True","True","","","","","https://stores.foodlion.com/nc/jacksonville/175-freedom-way","official_store_directory","2026-07-31T20:30:10.6910708Z"
"Food Lion","","https://stores.foodlion.com/nc/jacksonville/2040-wilmington-hwy","Food Lion Grocery Store of Plum Point","2040 Wilmington Hwy","","Jacksonville","NC","28540","34.73184492906813","-77.47539622658921","(910) 347-7311","True","ACTIVE","True","True","","","","","https://stores.foodlion.com/nc/jacksonville/2040-wilmington-hwy","official_store_directory","2026-07-31T20:30:12.2293398Z"
"Food Lion","","https://stores.foodlion.com/nc/jacksonville/2200-gumbranch-rd","Food Lion Grocery Store of Williamsburg Crossing Shopping Center","2200 Gumbranch Rd","","Jacksonville","NC","28540","34.79822841771478","-77.43665099143982","(910) 938-1689","True","ACTIVE","True","True","","","","","https://stores.foodlion.com/nc/jacksonville/2200-gumbranch-rd","official_store_directory","2026-07-31T20:30:14.0074404Z"
"Food Lion","","https://stores.foodlion.com/nc/jacksonville/461-western-blvd-u-128","Food Lion Grocery Store of Jacksonville","461 Western Blvd U 128","","Jacksonville","NC","28546","34.77351414390071","-77.39086925629212","(910) 455-7880","True","ACTIVE","True","True","","","","","https://stores.foodlion.com/nc/jacksonville/461-western-blvd-u-128","official_store_directory","2026-07-31T20:30:15.4550378Z"
"Food Lion","","https://stores.foodlion.com/nc/jacksonville/861-piney-green-rd","Food Lion Grocery Store of White Oak","861 Piney Green Rd","","Jacksonville","NC","28546","34.77151607821663","-77.35377073287964","(910) 938-3775","True","ACTIVE","True","True","","","","","https://stores.foodlion.com/nc/jacksonville/861-piney-green-rd","official_store_directory","2026-07-31T20:30:16.9567014Z"
"Food Lion","","https://stores.foodlion.com/nc/jamestown/118-w-main-st","Food Lion Grocery Store of Jamestown","118 W Main St","","Jamestown","NC","27282","35.99470251473565","-79.93757486343384","(336) 454-3247","True","ACTIVE","True","True","","","","","https://stores.foodlion.com/nc/jamestown/118-w-main-st","official_store_directory","2026-07-31T20:30:18.4153133Z"
"Food Lion","","https://stores.foodlion.com/nc/jefferson/733-e-main-st","Food Lion Grocery Store of Jefferson","733 E Main St","","Jefferson","NC","28640","36.421601871692275","-81.45889163017273","(336) 246-2992","True","ACTIVE","True","True","","","","","https://stores.foodlion.com/nc/jefferson/733-e-main-st","official_store_directory","2026-07-31T20:30:19.8944389Z"
"Food Lion","","https://stores.foodlion.com/nc/jonesville/101-valley-dr","Food Lion Grocery Store of Yadkin Valley","101 Valley Dr","","Jonesville","NC","28642","36.23861834552436","-80.83153903484344","(336) 526-2290","True","ACTIVE","True","True","","","","","https://stores.foodlion.com/nc/jonesville/101-valley-dr","official_store_directory","2026-07-31T20:30:21.5025641Z"
"Food Lion","","https://stores.foodlion.com/nc/kannapolis/1746-s-cannon-blvd","Food Lion Grocery Store of Boulevard Center","1746 S Cannon Blvd","","Kannapolis","NC","28083","35.47028204235468","-80.6115227937699","(704) 933-6800","True","ACTIVE","True","True","","","","","https://stores.foodlion.com/nc/kannapolis/1746-s-cannon-blvd","official_store_directory","2026-07-31T20:30:23.3012044Z"
"Food Lion","","https://stores.foodlion.com/nc/kannapolis/2825-n-cannon-blvd","Food Lion Grocery Store of Chapel Square","2825 N Cannon Blvd","","Kannapolis","NC","28083","35.53242704059722","-80.6099483370781","(704) 932-5608","True","ACTIVE","True","True","","","","","https://stores.foodlion.com/nc/kannapolis/2825-n-cannon-blvd","official_store_directory","2026-07-31T20:30:24.6986141Z"
"Food Lion","","https://stores.foodlion.com/nc/kannapolis/358-oak-avenue-mall-dr","Food Lion Grocery Store of Oak Avenue Mall","358 Oak Avenue Mall Dr","","Kannapolis","NC","28081","35.49777064786837","-80.62862455844873","(704) 933-1137","True","ACTIVE","True","True","","","","","https://stores.foodlion.com/nc/kannapolis/358-oak-avenue-mall-dr","official_store_directory","2026-07-31T20:30:26.1095775Z"
"Food Lion","","https://stores.foodlion.com/nc/kenansville/130-liberty-square-shopping-ctr","Food Lion Grocery Store of Kenansville","130 Liberty Square Shopping Ctr","","Kenansville","NC","28349","34.960171563606885","-77.96338856220245","(910) 296-1644","True","ACTIVE","True","True","","","","","https://stores.foodlion.com/nc/kenansville/130-liberty-square-shopping-ctr","official_store_directory","2026-07-31T20:30:27.5832668Z"
"Food Lion","","https://stores.foodlion.com/nc/kenly/406-s-church-st","Food Lion Grocery Store of Kenly","406 S Church St","","Kenly","NC","27542","35.59057456389688","-78.13232986295945","(919) 284-3104","True","ACTIVE","True","True","","","","","https://stores.foodlion.com/nc/kenly/406-s-church-st","official_store_directory","2026-07-31T20:30:28.9067685Z"
"Food Lion","","https://stores.foodlion.com/nc/kernersville/1014-n-main-st","Food Lion Grocery Store of 1014 N Main St","1014 N Main St","","Kernersville","NC","27284","36.1345833","-80.053045","(336) 497-3330","True","ACTIVE","True","True","","","","","https://stores.foodlion.com/nc/kernersville/1014-n-main-st","official_store_directory","2026-07-31T20:30:30.5142493Z"
"Food Lion","","https://stores.foodlion.com/nc/kernersville/1535-union-cross-rd","Food Lion Grocery Store of Kernersville","1535 Union Cross Rd","","Kernersville","NC","27284","36.07640558002132","-80.10682761669159","(336) 993-6620","True","ACTIVE","True","True","","","","","https://stores.foodlion.com/nc/kernersville/1535-union-cross-rd","official_store_directory","2026-07-31T20:30:31.9189778Z"
"Food Lion","","https://stores.foodlion.com/nc/kernersville/980-s-main-st","Food Lion Grocery Store of South Main","980 S Main St","","Kernersville","NC","27284","36.11019507262176","-80.09678006172186","(336) 996-3220","True","ACTIVE","True","True","","","","","https://stores.foodlion.com/nc/kernersville/980-s-main-st","official_store_directory","2026-07-31T20:30:33.6944922Z"
"Food Lion","","https://stores.foodlion.com/nc/kill-devil-hills/1720-n-croatan-hwy","Food Lion Grocery Store of Kill Devil Hills","1720 N Croatan Hwy","","Kill Devil Hills","NC","27948","36.03149228884456","-75.67345261573797","(252) 480-1016","True","ACTIVE","True","True","","","","","https://stores.foodlion.com/nc/kill-devil-hills/1720-n-croatan-hwy","official_store_directory","2026-07-31T20:30:35.2219663Z"
"Food Lion","","https://stores.foodlion.com/nc/king/6370-nc-hwy-66","Food Lion Grocery Store of Crossroads","6370 NC Hwy 66","","King","NC","27021","36.30151889884008","-80.33166110515594","(336) 983-0481","True","ACTIVE","True","True","","","","","https://stores.foodlion.com/nc/king/6370-nc-hwy-66","official_store_directory","2026-07-31T20:30:36.7371913Z"
"Food Lion","","https://stores.foodlion.com/nc/king/705-s-main-st","Food Lion Grocery Store of Tobaccoville","705 S Main St","","King","NC","27021","36.262210236797024","-80.36078832638933","(336) 983-3010","True","ACTIVE","True","True","","","","","https://stores.foodlion.com/nc/king/705-s-main-st","official_store_directory","2026-07-31T20:30:38.1651992Z"
"Food Lion","","https://stores.foodlion.com/nc/kings-mountain/1320-shelby-rd","Food Lion Grocery Store of Westgate Plaza","1320 Shelby Rd","","Kings Mountain","NC","28086","35.241117447164754","-81.37196391820908","(704) 739-8044","True","ACTIVE","True","True","","","","","https://stores.foodlion.com/nc/kings-mountain/1320-shelby-rd","official_store_directory","2026-07-31T20:30:39.5009006Z"
"Food Lion","","https://stores.foodlion.com/nc/kings-mountain/610-e-king-st","Food Lion Grocery Store of Kings Mountain","610 E King St","","Kings Mountain","NC","28086","35.23966065628306","-81.33188098669052","(704) 739-7458","True","ACTIVE","True","True","","","","","https://stores.foodlion.com/nc/kings-mountain/610-e-king-st","official_store_directory","2026-07-31T20:30:40.9516063Z"
"Food Lion","","https://stores.foodlion.com/nc/kinston/1304-w-vernon-ave","Food Lion Grocery Store of Kinston - Vernon Market","1304 W Vernon Ave","","Kinston","NC","28504","35.26931269486664","-77.59947180747986","(252) 527-5232","True","ACTIVE","True","True","","","","","https://stores.foodlion.com/nc/kinston/1304-w-vernon-ave","official_store_directory","2026-07-31T20:30:42.4319761Z"
"Food Lion","","https://stores.foodlion.com/nc/kinston/2410-n-heritage-street","Food Lion Grocery Store of Kinston - Heritage Plaza","2410 N Heritage Street","","Kinston","NC","28501","35.28698748910263","-77.59102284908295","(252) 522-2532","True","ACTIVE","True","True","","","","","https://stores.foodlion.com/nc/kinston/2410-n-heritage-street","official_store_directory","2026-07-31T20:30:44.1868228Z"
"Food Lion","","https://stores.foodlion.com/nc/knightdale/7053-us-hwy-64-e","Food Lion Grocery Store of Knightdale","7053 US Hwy 64 E","","Knightdale","NC","27545","35.80000698254131","-78.49029779434204","(919) 266-5164","True","ACTIVE","True","True","","","","","https://stores.foodlion.com/nc/knightdale/7053-us-hwy-64-e","official_store_directory","2026-07-31T20:30:45.7672963Z"
"Food Lion","","https://stores.foodlion.com/nc/la-grange/301-e-washington-st","Food Lion Grocery Store of La Grange","301 E Washington St","","La Grange","NC","28551","35.303817873751726","-77.78246819972992","(252) 566-2451","True","ACTIVE","True","True","","","","","https://stores.foodlion.com/nc/la-grange/301-e-washington-st","official_store_directory","2026-07-31T20:30:48.9738913Z"
"Food Lion","","https://stores.foodlion.com/nc/lagrange/301-east-washington-street","Food Lion Grocery Store of 301 East Washington Street","301 East Washington Street","","LaGrange","NC","28551","35.303855364002416","-77.78242311115947","(252) 566-9595","True","ACTIVE","True","True","","","","","https://stores.foodlion.com/nc/lagrange/301-east-washington-street","official_store_directory","2026-07-31T20:30:47.2582249Z"
"Food Lion","","https://stores.foodlion.com/nc/laurinburg/1108-aberdeen-rd","Food Lion Grocery Store of Northside Square","1108 Aberdeen Rd","","Laurinburg","NC","28352","34.79377475923984","-79.45600569248205","(910) 276-2077","True","ACTIVE","True","True","","","","","https://stores.foodlion.com/nc/laurinburg/1108-aberdeen-rd","official_store_directory","2026-07-31T20:30:50.5596039Z"
"Food Lion","","https://stores.foodlion.com/nc/laurinburg/1301-scotland-crossing-dr","Food Lion Grocery Store of Scotland Crossing","1301 Scotland Crossing Dr","","Laurinburg","NC","28352","34.7584805950246","-79.48488235473633","(910) 277-7550","True","ACTIVE","True","True","","","","","https://stores.foodlion.com/nc/laurinburg/1301-scotland-crossing-dr","official_store_directory","2026-07-31T20:30:52.2986429Z"
"Food Lion","","https://stores.foodlion.com/nc/leland/103-village-rd","Food Lion Grocery Store of Leland-Village Road","103 Village Rd","","Leland","NC","28451","34.232698432375024","-77.99728095531458","(910) 371-1951","True","ACTIVE","True","True","","","","","https://stores.foodlion.com/nc/leland/103-village-rd","official_store_directory","2026-07-31T20:30:53.7070031Z"
"Food Lion","","https://stores.foodlion.com/nc/leland/1735-reed-rd","Food Lion Grocery Store of Leland-Reed Road","1735 Reed Rd","","Leland","NC","28451","34.2605794078046","-78.05776208639145","(910) 383-1467","True","ACTIVE","True","True","","","","","https://stores.foodlion.com/nc/leland/1735-reed-rd","official_store_directory","2026-07-31T20:30:55.3120357Z"
"Food Lion","","https://stores.foodlion.com/nc/lenoir/2116-morganton-blvd-sw","Food Lion Grocery Store of Harper Crossing","2116 Morganton Blvd SW","","Lenoir","NC","28645","35.897294017946436","-81.56555235385895","(828) 754-0643","True","ACTIVE","True","True","","","","","https://stores.foodlion.com/nc/lenoir/2116-morganton-blvd-sw","official_store_directory","2026-07-31T20:30:56.8138013Z"
"Food Lion","","https://stores.foodlion.com/nc/lenoir/847-wilkesboro-blvd-ne","Food Lion Grocery Store of Lenoir","847 Wilkesboro Blvd NE","","Lenoir","NC","28645","35.92344122082647","-81.5068843960762","(828) 754-2811","True","ACTIVE","True","True","","","","","https://stores.foodlion.com/nc/lenoir/847-wilkesboro-blvd-ne","official_store_directory","2026-07-31T20:30:58.2807123Z"
"Food Lion","","https://stores.foodlion.com/nc/lewisville/6810-shallowford-rd","Food Lion Grocery Store of Lewisville","6810 Shallowford Rd","","Lewisville","NC","27023","36.09471526291868","-80.42985677719122","(336) 945-4411","True","ACTIVE","True","True","","","","","https://stores.foodlion.com/nc/lewisville/6810-shallowford-rd","official_store_directory","2026-07-31T20:30:59.8077309Z"
"Food Lion","","https://stores.foodlion.com/nc/lexington/140-forest-hill-rd","Food Lion Grocery Store of Forest Hill Centre","140 Forest Hill Rd","","Lexington","NC","27295","35.83570666963355","-80.27978450059891","(336) 236-4080","True","ACTIVE","True","True","","","","","https://stores.foodlion.com/nc/lexington/140-forest-hill-rd","official_store_directory","2026-07-31T20:31:01.3824117Z"
"Food Lion","","https://stores.foodlion.com/nc/lexington/1989-cotton-grove-rd","Food Lion Grocery Store of Southmont","1989 Cotton Grove Rd","","Lexington","NC","27292","35.770805004262876","-80.2603062987327","(336) 357-5151","True","ACTIVE","True","True","","","","","https://stores.foodlion.com/nc/lexington/1989-cotton-grove-rd","official_store_directory","2026-07-31T20:31:02.8675904Z"
"Food Lion","","https://stores.foodlion.com/nc/lexington/291-talbert-blvd","Food Lion Grocery Store of Lexington","291 Talbert Blvd","","Lexington","NC","27292","35.82124733802852","-80.2406457066536","(336) 243-2346","True","ACTIVE","True","True","","","","","https://stores.foodlion.com/nc/lexington/291-talbert-blvd","official_store_directory","2026-07-31T20:31:04.3946902Z"
"Food Lion","","https://stores.foodlion.com/nc/lexington/4705-hwy-150-s","Food Lion Grocery Store of Tyro","4705 Hwy 150 S","","Lexington","NC","27295","35.80431641723242","-80.37725329399109","(336) 853-5192","True","ACTIVE","True","True","","","","","https://stores.foodlion.com/nc/lexington/4705-hwy-150-s","official_store_directory","2026-07-31T20:31:05.8239503Z"
"Food Lion","","https://stores.foodlion.com/nc/lexington/848-n-winston-rd","Food Lion Grocery Store of Erlanger","848 N Winston Rd","","Lexington","NC","27295","35.83707657042808","-80.25538176298147","(336) 248-4637","True","ACTIVE","True","True","","","","","https://stores.foodlion.com/nc/lexington/848-n-winston-rd","official_store_directory","2026-07-31T20:31:07.3074473Z"
"Food Lion","","https://stores.foodlion.com/nc/liberty/434-w-swannanoa-ave","Food Lion Grocery Store of Liberty","434 W Swannanoa Ave","","Liberty","NC","27298","35.85384832646982","-79.57899034023285","(336) 622-1570","True","ACTIVE","True","True","","","","","https://stores.foodlion.com/nc/liberty/434-w-swannanoa-ave","official_store_directory","2026-07-31T20:31:09.0334773Z"
"Food Lion","","https://stores.foodlion.com/nc/lillington/100-w-cornelius-harnett-b","Food Lion Grocery Store of Cape Fear Crossing","100 W Cornelius Harnett B","","Lillington","NC","27546","35.42002433219329","-78.80431473255157","(910) 814-0451","True","ACTIVE","True","True","","","","","https://stores.foodlion.com/nc/lillington/100-w-cornelius-harnett-b","official_store_directory","2026-07-31T20:31:10.6194186Z"
"Food Lion","","https://stores.foodlion.com/nc/lillington/8-the-square-at-lillington","Food Lion Grocery Store of Square At Lillington","8 The Square At Lillington","","Lillington","NC","27546","35.387453703897044","-78.82030338048935","(910) 893-3921","True","ACTIVE","True","True","","","","","https://stores.foodlion.com/nc/lillington/8-the-square-at-lillington","official_store_directory","2026-07-31T20:31:12.1935491Z"
"Food Lion","","https://stores.foodlion.com/nc/lincolnton/200-stanford-rd","Food Lion Grocery Store of Lincolnton","200 Stanford Rd","","Lincolnton","NC","28092","35.480316713118995","-81.22721850872034","(704) 742-9950","True","ACTIVE","True","True","","","","","https://stores.foodlion.com/nc/lincolnton/200-stanford-rd","official_store_directory","2026-07-31T20:31:13.6037428Z"
"Food Lion","","https://stores.foodlion.com/nc/lincolnton/742-w.-highway-27","Food Lion Grocery Store of Lincolnton","742 W. Highway 27","","Lincolnton","NC","28092","35.46710191080809","-81.26913018380411","(704) 732-3462","True","ACTIVE","True","True","","","","","https://stores.foodlion.com/nc/lincolnton/742-w.-highway-27","official_store_directory","2026-07-31T20:31:15.1186280Z"
"Food Lion","","https://stores.foodlion.com/nc/littleton/2467-eaton-ferry-rd","Food Lion Grocery Store of Lake Gaston","2467 Eaton Ferry Rd","","Littleton","NC","27850","36.53354077196135","-77.93900191783905","(252) 586-7141","True","ACTIVE","True","True","","","","","https://stores.foodlion.com/nc/littleton/2467-eaton-ferry-rd","official_store_directory","2026-07-31T20:31:16.6924798Z"
"Food Lion","","https://stores.foodlion.com/nc/locust/1004-main-st-w","Food Lion Grocery Store of Locust","1004 Main St W","","Locust","NC","28097","35.255379471361174","-80.43803751468664","(704) 888-6660","True","ACTIVE","True","True","","","","","https://stores.foodlion.com/nc/locust/1004-main-st-w","official_store_directory","2026-07-31T20:31:18.2922037Z"
"Food Lion","","https://stores.foodlion.com/nc/louisburg/321-s-bickett-blvd","Food Lion Grocery Store of Louisburg","321 S Bickett Blvd","","Louisburg","NC","27549","36.08880902994387","-78.29923331737518","(919) 496-6121","True","ACTIVE","True","True","","","","","https://stores.foodlion.com/nc/louisburg/321-s-bickett-blvd","official_store_directory","2026-07-31T20:31:19.8192772Z"
"Food Lion","","https://stores.foodlion.com/nc/lumberton/2710-roberts-ave","Food Lion Grocery Store of Center Stage at Lumberton","2710 Roberts Ave","","Lumberton","NC","28358","34.64540918878681","-79.00937229394913","(910) 618-0607","True","ACTIVE","True","True","","","","","https://stores.foodlion.com/nc/lumberton/2710-roberts-ave","official_store_directory","2026-07-31T20:31:21.4359694Z"
"Food Lion","","https://stores.foodlion.com/nc/lumberton/2779-w-5th-st","Food Lion Grocery Store of Lumberton","2779 W 5Th St","","Lumberton","NC","28358","34.62241968402366","-79.04471576213831","(910) 739-8130","True","ACTIVE","True","True","","","","","https://stores.foodlion.com/nc/lumberton/2779-w-5th-st","official_store_directory","2026-07-31T20:31:23.1427902Z"
"Food Lion","","https://stores.foodlion.com/nc/lumberton/6685-elizabethtown-rd","Food Lion Grocery Store of Northeast Plaza","6685 Elizabethtown Rd","","Lumberton","NC","28358","34.63828371959565","-78.9692759513855","(910) 739-6723","True","ACTIVE","True","True","","","","","https://stores.foodlion.com/nc/lumberton/6685-elizabethtown-rd","official_store_directory","2026-07-31T20:31:24.6296257Z"
"Food Lion","","https://stores.foodlion.com/nc/madison/614-burton-st","Food Lion Grocery Store of Madison","614 Burton St","","Madison","NC","27025","36.40275768674622","-79.97301757335663","(336) 427-6135","True","ACTIVE","True","True","","","","","https://stores.foodlion.com/nc/madison/614-burton-st","official_store_directory","2026-07-31T20:31:26.2818198Z"
"Food Lion","","https://stores.foodlion.com/nc/maiden/201-island-ford-rd","Food Lion Grocery Store of Maiden","201 Island Ford Rd","","Maiden","NC","28650","35.5658771960111","-81.19288623332983","(828) 428-9393","True","ACTIVE","True","True","","","","","https://stores.foodlion.com/nc/maiden/201-island-ford-rd","official_store_directory","2026-07-31T20:31:27.8673237Z"
"Food Lion","","https://stores.foodlion.com/nc/marion/1210-hwy-70-w","Food Lion Grocery Store of Marion","1210 Hwy 70 W","","Marion","NC","28752","35.705153361491575","-82.03930020332336","(828) 659-3650","True","ACTIVE","True","True","","","","","https://stores.foodlion.com/nc/marion/1210-hwy-70-w","official_store_directory","2026-07-31T20:31:29.4272409Z"
"Food Lion","","https://stores.foodlion.com/nc/marshville/7206-marshville-blvd","Food Lion Grocery Store of Marshville","7206 Marshville Blvd","","Marshville","NC","28103","34.98560085876146","-80.35367667675018","(704) 624-5071","True","ACTIVE","True","True","","","","","https://stores.foodlion.com/nc/marshville/7206-marshville-blvd","official_store_directory","2026-07-31T20:31:31.0327035Z"
"Food Lion","","https://stores.foodlion.com/nc/matthews/3609-matthews-mint-hill-rd","Food Lion Grocery Store of Hoods Crossroads","3609 Matthews Mint Hill Rd","","Matthews","NC","28105","35.13931799597492","-80.68425357341766","(704) 847-5587","True","ACTIVE","True","True","","","","","https://stores.foodlion.com/nc/matthews/3609-matthews-mint-hill-rd","official_store_directory","2026-07-31T20:31:32.5057900Z"
"Food Lion","","https://stores.foodlion.com/nc/maxton/638-n-patterson-st","Food Lion Grocery Store of Maxton","638 N Patterson St","","Maxton","NC","28364","34.74595877624363","-79.34588491916656","(910) 844-9878","True","ACTIVE","True","True","","","","","https://stores.foodlion.com/nc/maxton/638-n-patterson-st","official_store_directory","2026-07-31T20:31:33.9862960Z"
"Food Lion","","https://stores.foodlion.com/nc/mebane/1282-s-fifth-st","Food Lion Grocery Store of Brookhollow Plaza","1282 S Fifth St","","Mebane","NC","27302","36.07330549577312","-79.2952018976211","(919) 563-5511","True","ACTIVE","True","True","","","","","https://stores.foodlion.com/nc/mebane/1282-s-fifth-st","official_store_directory","2026-07-31T20:31:35.4207172Z"
"Food Lion","","https://stores.foodlion.com/nc/mebane/630-n-first-st","Food Lion Grocery Store of Mebane","630 N First St","","Mebane","NC","27302","36.10642021334971","-79.26777899265295","(919) 304-2090","True","ACTIVE","True","True","","","","","https://stores.foodlion.com/nc/mebane/630-n-first-st","official_store_directory","2026-07-31T20:31:36.9919747Z"
"Food Lion","","https://stores.foodlion.com/nc/millers-creek/2931-nc-hwy-16","Food Lion Grocery Store of Miller’s Creek","2931 NC Hwy 16","","Millers Creek","NC","28651","36.18740764556366","-81.23956739902496","(336) 667-5446","True","ACTIVE","True","True","","","","","https://stores.foodlion.com/nc/millers-creek/2931-nc-hwy-16","official_store_directory","2026-07-31T20:31:38.3976726Z"
"Food Lion","","https://stores.foodlion.com/nc/mint-hill/6275-wilson-grove-rd","Food Lion Grocery Store of Mint Hill","6275 Wilson Grove Rd","","Mint Hill","NC","28227","35.18918039361943","-80.68993449211126","(704) 573-0783","True","ACTIVE","True","True","","","","","https://stores.foodlion.com/nc/mint-hill/6275-wilson-grove-rd","official_store_directory","2026-07-31T20:31:40.0291854Z"
"Food Lion","","https://stores.foodlion.com/nc/mint-hill/8118-blair-rd","Food Lion Grocery Store of Mint Hill","8118 Blair Rd","","Mint Hill","NC","28227","35.18127987818081","-80.64441204071045","(704) 573-2617","True","ACTIVE","True","True","","","","","https://stores.foodlion.com/nc/mint-hill/8118-blair-rd","official_store_directory","2026-07-31T20:31:41.4600893Z"
"Food Lion","","https://stores.foodlion.com/nc/mocksville/1388-hwy-601-s","Food Lion Grocery Store of Mocksville","1388 Hwy 601 S","","Mocksville","NC","27028","35.8694080561583","-80.55017530918121","(336) 751-9913","True","ACTIVE","True","True","","","","","https://stores.foodlion.com/nc/mocksville/1388-hwy-601-s","official_store_directory","2026-07-31T20:31:42.9176926Z"
"Food Lion","","https://stores.foodlion.com/nc/mocksville/796-valley-rd","Food Lion Grocery Store of Mocksville","796 Valley Rd","","Mocksville","NC","27028","35.90383814651861","-80.58033406734461","(336) 751-1673","True","ACTIVE","True","True","","","","","https://stores.foodlion.com/nc/mocksville/796-valley-rd","official_store_directory","2026-07-31T20:31:44.4978880Z"
"Food Lion","","https://stores.foodlion.com/nc/monroe/100-e-sunset-dr","Food Lion Grocery Store of Monroe","100 E Sunset Dr","","Monroe","NC","28112","34.971234387047","-80.54834604263306","(704) 289-5067","True","ACTIVE","True","True","","","","","https://stores.foodlion.com/nc/monroe/100-e-sunset-dr","official_store_directory","2026-07-31T20:31:45.9213466Z"
"Food Lion","","https://stores.foodlion.com/nc/monroe/2118-w-roosevelt-blvd","Food Lion Grocery Store of Monroe Town Square Center","2118 W Roosevelt Blvd","","Monroe","NC","28110","35.00744572260944","-80.55762112140656","(704) 283-7448","True","ACTIVE","True","True","","","","","https://stores.foodlion.com/nc/monroe/2118-w-roosevelt-blvd","official_store_directory","2026-07-31T20:31:47.4939096Z"
"Food Lion","","https://stores.foodlion.com/nc/monroe/250-n.-martin-luther-king-jr.-blvd","Food Lion Grocery Store of Monroe","250 N. Martin Luther King Jr. Blvd","","Monroe","NC","28110","34.98603873709268","-80.57805835537896","(704) 225-0036","True","ACTIVE","True","True","","","","","https://stores.foodlion.com/nc/monroe/250-n.-martin-luther-king-jr.-blvd","official_store_directory","2026-07-31T20:31:48.9385677Z"
"Food Lion","","https://stores.foodlion.com/nc/monroe/801-east-roosevelt-blvd","Food Lion Grocery Store of Hilltop Plaza","801 East Roosevelt Blvd","","Monroe","NC","28112","34.97522129713729","-80.51692128181458","(704) 283-7426","True","ACTIVE","True","True","","","","","https://stores.foodlion.com/nc/monroe/801-east-roosevelt-blvd","official_store_directory","2026-07-31T20:31:50.4581025Z"
"Food Lion","","https://stores.foodlion.com/nc/mooresville/1088-brawley-school-rd","Food Lion Grocery Store of Mooresville","1088 Brawley School Rd","","Mooresville","NC","28117","35.570668363938225","-80.90116918087006","(704) 664-1125","True","ACTIVE","True","True","","","","","https://stores.foodlion.com/nc/mooresville/1088-brawley-school-rd","official_store_directory","2026-07-31T20:31:51.9900659Z"
"Food Lion","","https://stores.foodlion.com/nc/mooresville/1339-shearers-rd","Food Lion Grocery Store of Mooresville","1339 Shearers Rd","","Mooresville","NC","28115","35.5349196979362","-80.79932570457453","(704) 658-9321","True","ACTIVE","True","True","","","","","https://stores.foodlion.com/nc/mooresville/1339-shearers-rd","official_store_directory","2026-07-31T20:31:53.4583446Z"
"Food Lion","","https://stores.foodlion.com/nc/mooresville/516-river-hwy-10","Food Lion Grocery Store of Mooresville","516 River Hwy 10","","Mooresville","NC","28117","35.59575840710893","-80.86642920970917","(704) 664-6961","True","ACTIVE","True","True","","","","","https://stores.foodlion.com/nc/mooresville/516-river-hwy-10","official_store_directory","2026-07-31T20:31:55.0489288Z"
"Food Lion","","https://stores.foodlion.com/nc/mooresville/529-e-plaza-dr","Food Lion Grocery Store of Mooresville","529 E Plaza Dr","","Mooresville","NC","28115","35.59964925538021","-80.81392496824265","(704) 799-6522","True","ACTIVE","True","True","","","","","https://stores.foodlion.com/nc/mooresville/529-e-plaza-dr","official_store_directory","2026-07-31T20:31:56.4856188Z"
"Food Lion","","https://stores.foodlion.com/nc/mooresville/835-williamson-rd","Food Lion Grocery Store of Mooresville","835 Williamson Rd","","Mooresville","NC","28117","35.55705336672058","-80.8592677116394","(704) 799-9425","True","ACTIVE","True","True","","","","","https://stores.foodlion.com/nc/mooresville/835-williamson-rd","official_store_directory","2026-07-31T20:31:57.9584095Z"
"Food Lion","","https://stores.foodlion.com/nc/mooresville/971-n-main-st","Food Lion Grocery Store of Mooresville","971 N Main St","","Mooresville","NC","28115","35.58796087450905","-80.79461038112646","(704) 664-5150","True","ACTIVE","True","True","","","","","https://stores.foodlion.com/nc/mooresville/971-n-main-st","official_store_directory","2026-07-31T20:31:59.4303450Z"
"Food Lion","","https://stores.foodlion.com/nc/morehead-city/4917-arendell-st","Food Lion Grocery Store of Morehead City","4917 Arendell St","","Morehead City","NC","28557","34.732665764940535","-76.7893373966217","(252) 247-3573","True","ACTIVE","True","True","","","","","https://stores.foodlion.com/nc/morehead-city/4917-arendell-st","official_store_directory","2026-07-31T20:32:00.7936258Z"
"Food Lion","","https://stores.foodlion.com/nc/morganton/120-bost-road","Food Lion Grocery Store of Morganton","120 Bost Road","","Morganton","NC","28655","35.75434873730032","-81.71406090259552","(828) 433-5541","True","ACTIVE","True","True","","","","","https://stores.foodlion.com/nc/morganton/120-bost-road","official_store_directory","2026-07-31T20:32:03.2268361Z"
"Food Lion","","https://stores.foodlion.com/nc/morganton/1230-burkemont-ave","Food Lion Grocery Store of Salem Station","1230 Burkemont Ave","","Morganton","NC","28655","35.71695744779581","-81.69818222522736","(828) 438-9875","True","ACTIVE","True","True","","","","","https://stores.foodlion.com/nc/morganton/1230-burkemont-ave","official_store_directory","2026-07-31T20:32:04.6848860Z"
"Food Lion","","https://stores.foodlion.com/nc/morganton/1555-east-union-street","Food Lion Grocery Store of East Union Plaza","1555 East Union Street","","Morganton","NC","28655","35.75418767","-81.65492417","(828) 433-8972","True","ACTIVE","True","True","","","","","https://stores.foodlion.com/nc/morganton/1555-east-union-street","official_store_directory","2026-07-31T20:32:06.1734653Z"
"Food Lion","","https://stores.foodlion.com/nc/morrisville/2121-tw-alexander-dr","Food Lion Grocery Store of Brier Creek","2121 Tw Alexander Dr","","Morrisville","NC","27560","35.92047847911228","-78.81120800971985","(919) 598-1932","True","ACTIVE","True","True","","","","","https://stores.foodlion.com/nc/morrisville/2121-tw-alexander-dr","official_store_directory","2026-07-31T20:32:07.6628430Z"
"Food Lion","","https://stores.foodlion.com/nc/morrisville/3609-davis-drive","Food Lion Grocery Store of Bethany Village","3609 Davis Drive","","Morrisville","NC","27560","35.82228039014057","-78.84924173355103","(919) 469-4195","True","ACTIVE","True","True","","","","","https://stores.foodlion.com/nc/morrisville/3609-davis-drive","official_store_directory","2026-07-31T20:32:09.2017744Z"
"Food Lion","","https://stores.foodlion.com/nc/morrisville/9567-chapel-hill-rd","Food Lion Grocery Store of Morrisville","9567 Chapel Hill Rd","","Morrisville","NC","27560","35.804340345798146","-78.81181955337519","(919) 462-1542","True","ACTIVE","True","True","","","","","https://stores.foodlion.com/nc/morrisville/9567-chapel-hill-rd","official_store_directory","2026-07-31T20:32:10.7847788Z"
"Food Lion","","https://stores.foodlion.com/nc/mount-airy/1136-w-pine-st","Food Lion Grocery Store of Toast","1136 W Pine St","","Mount Airy","NC","27030","36.50266384461463","-80.63365638256073","(336) 789-0399","True","ACTIVE","True","True","","","","","https://stores.foodlion.com/nc/mount-airy/1136-w-pine-st","official_store_directory","2026-07-31T20:32:12.1685867Z"
"Food Lion","","https://stores.foodlion.com/nc/mount-airy/1215-w-lebanon-st","Food Lion Grocery Store of Mayberry","1215 W Lebanon St","","Mount Airy","NC","27030","36.52534635195157","-80.62538981437689","(336) 789-7887","True","ACTIVE","True","True","","","","","https://stores.foodlion.com/nc/mount-airy/1215-w-lebanon-st","official_store_directory","2026-07-31T20:32:13.5906026Z"
"Food Lion","","https://stores.foodlion.com/nc/mount-airy/692-s-andy-griffith-pkwy","Food Lion Grocery Store of Granite Towne Centre","692 S Andy Griffith Pkwy","","Mount Airy","NC","27030","36.48588685262535","-80.6176032047937","(336) 719-6967","True","ACTIVE","True","True","","","","","https://stores.foodlion.com/nc/mount-airy/692-s-andy-griffith-pkwy","official_store_directory","2026-07-31T20:32:15.0627823Z"
"Food Lion","","https://stores.foodlion.com/nc/mount-holly/609-highland-st","Food Lion Grocery Store of Mount Holly","609 Highland St","","Mount Holly","NC","28120","35.28788951834117","-81.01742684841156","(704) 822-0348","True","ACTIVE","True","True","","","","","https://stores.foodlion.com/nc/mount-holly/609-highland-st","official_store_directory","2026-07-31T20:32:16.3749806Z"
"Food Lion","","https://stores.foodlion.com/nc/mount-pleasant/7230-hwy-49-north","Food Lion Grocery Store of Mount Pleasant","7230 Hwy 49 North","","Mount Pleasant","NC","28124","35.405010859442974","-80.45293986797338","(704) 436-2073","True","ACTIVE","True","True","","","","","https://stores.foodlion.com/nc/mount-pleasant/7230-hwy-49-north","official_store_directory","2026-07-31T20:32:19.0353564Z"
"Food Lion","","https://stores.foodlion.com/nc/moyock/101-lark-drive","Food Lion Grocery Store of Moyock","101 Lark Drive","","Moyock","NC","27958","36.5174909","-76.1725354","(252) 435-4072","True","ACTIVE","True","True","","","","","https://stores.foodlion.com/nc/moyock/101-lark-drive","official_store_directory","2026-07-31T20:32:20.8812111Z"
"Food Lion","","https://stores.foodlion.com/nc/murfreesboro/920-w-main-st","Food Lion Grocery Store of Murfreesboro","920 W Main St","","Murfreesboro","NC","27855","36.44314788176393","-77.11962625253973","(252) 398-8582","True","ACTIVE","True","True","","","","","https://stores.foodlion.com/nc/murfreesboro/920-w-main-st","official_store_directory","2026-07-31T20:32:22.3879169Z"
"Food Lion","","https://stores.foodlion.com/nc/nags-head/5200-s-croatan-hwy","Food Lion Grocery Store of Nags Head","5200 S Croatan Hwy","","Nags Head","NC","27959","35.93571022086592","-75.6157985329628","(252) 441-4118","True","ACTIVE","True","True","","","","","https://stores.foodlion.com/nc/nags-head/5200-s-croatan-hwy","official_store_directory","2026-07-31T20:32:24.9313168Z"
"Food Lion","","https://stores.foodlion.com/nc/nashville/1151-eastern-ave","Food Lion Grocery Store of Nashville","1151 Eastern Ave","","Nashville","NC","27856","35.96940162114475","-77.9386156797409","(252) 459-6984","True","ACTIVE","True","True","","","","","https://stores.foodlion.com/nc/nashville/1151-eastern-ave","official_store_directory","2026-07-31T20:32:26.3883744Z"
"Food Lion","","https://stores.foodlion.com/nc/new-bern/121-bridge-town-blvd","Food Lion Grocery Store of Bridgeton","121 Bridge Town Blvd","","New Bern","NC","28560","35.118671194939694","-77.00707912445068","(252) 637-5601","True","ACTIVE","True","True","","","","","https://stores.foodlion.com/nc/new-bern/121-bridge-town-blvd","official_store_directory","2026-07-31T20:32:29.1963732Z"
"Food Lion","","https://stores.foodlion.com/nc/new-bern/935-hwy-70-east","Food Lion Grocery Store of James City","935 Hwy 70 East","","New Bern","NC","28560","35.08293714843923","-77.0335391163826","(252) 636-5056","True","ACTIVE","True","True","","","","","https://stores.foodlion.com/nc/new-bern/935-hwy-70-east","official_store_directory","2026-07-31T20:32:31.6912231Z"
"Food Lion","","https://stores.foodlion.com/nc/newport/7075-hwy-70","Food Lion Grocery Store of Newport","7075 Hwy 70","","Newport","NC","28570","34.790572029232145","-76.87911361455912","(252) 223-4401","True","ACTIVE","True","True","","","","","https://stores.foodlion.com/nc/newport/7075-hwy-70","official_store_directory","2026-07-31T20:32:33.0672946Z"
"Food Lion","","https://stores.foodlion.com/nc/newton/1390-s-nc-16-hwy","Food Lion Grocery Store of Newton","1390 S NC 16 Hwy","","Newton","NC","28658","35.65632726308404","-81.2068659067154","(828) 465-7040","True","ACTIVE","True","True","","","","","https://stores.foodlion.com/nc/newton/1390-s-nc-16-hwy","official_store_directory","2026-07-31T20:32:34.6494656Z"
"Food Lion","","https://stores.foodlion.com/nc/newton/2380-w-nc-10-hwy","Food Lion Grocery Store of Startown","2380 W NC 10 Hwy","","Newton","NC","28658","35.64690446128208","-81.26701712608337","(828) 464-4908","True","ACTIVE","True","True","","","","","https://stores.foodlion.com/nc/newton/2380-w-nc-10-hwy","official_store_directory","2026-07-31T20:32:36.1805263Z"
"Food Lion","","https://stores.foodlion.com/nc/newton-grove/306-main-street","Food Lion Grocery Store of Newton Grove","306 Main Street","","Newton Grove","NC","28366","35.247844633709235","-78.35362315177917","(910) 594-6555","True","ACTIVE","True","True","","","","","https://stores.foodlion.com/nc/newton-grove/306-main-street","official_store_directory","2026-07-31T20:32:37.6624032Z"
"Food Lion","","https://stores.foodlion.com/nc/norlina/1202-us-158-bus-west","Food Lion Grocery Store of Norlina","1202 US 158 Bus West","","Norlina","NC","27563","36.43563382564615","-78.1819081306457","(252) 456-2084","True","ACTIVE","True","True","","","","","https://stores.foodlion.com/nc/norlina/1202-us-158-bus-west","official_store_directory","2026-07-31T20:32:39.0916248Z"
"Food Lion","","https://stores.foodlion.com/nc/north-wilkesboro/23-b-sparta-road","Food Lion Grocery Store of Key to the Blue Ridge","23 B Sparta Road","","North Wilkesboro","NC","28659","36.180334949420924","-81.14901455092621","(336) 667-9492","True","ACTIVE","True","True","","","","","https://stores.foodlion.com/nc/north-wilkesboro/23-b-sparta-road","official_store_directory","2026-07-31T20:32:40.5543116Z"
"Food Lion","","https://stores.foodlion.com/nc/norwood/542-fork-road","Food Lion Grocery Store of Norwood","542 Fork Road","","Norwood","NC","28128","35.21644924397582","-80.1116394996643","(704) 474-3118","True","ACTIVE","True","True","","","","","https://stores.foodlion.com/nc/norwood/542-fork-road","official_store_directory","2026-07-31T20:32:42.0899197Z"
"Food Lion","","https://stores.foodlion.com/nc/oak-ridge/7605-nc-hwy-68-n","Food Lion Grocery Store of Oak Ridge","7605 NC Hwy 68 N","","Oak Ridge","NC","27310","36.21093315183888","-79.99148190021515","(336) 644-8898","True","ACTIVE","True","True","","","","","https://stores.foodlion.com/nc/oak-ridge/7605-nc-hwy-68-n","official_store_directory","2026-07-31T20:32:46.1951697Z"
"Food Lion","","https://stores.foodlion.com/nc/oakboro/230-alonzo-rd","Food Lion Grocery Store of Oakboro","230 Alonzo Rd","","Oakboro","NC","28129","35.223355957473935","-80.3209108114242","(704) 485-8575","True","ACTIVE","True","True","","","","","https://stores.foodlion.com/nc/oakboro/230-alonzo-rd","official_store_directory","2026-07-31T20:32:43.6164875Z"
"Food Lion","","https://stores.foodlion.com/nc/oxford/109-hilltop-village","Food Lion Grocery Store of Oxford","109 Hilltop Village","","Oxford","NC","27565","36.31729501112446","-78.57051461935043","(919) 693-1557","True","ACTIVE","True","True","","","","","https://stores.foodlion.com/nc/oxford/109-hilltop-village","official_store_directory","2026-07-31T20:32:47.7025274Z"
"Food Lion","","https://stores.foodlion.com/nc/oxford/120-roxboro-road","Food Lion Grocery Store of Oxford Commons","120 Roxboro Road","","Oxford","NC","27565","36.32414135619869","-78.5977953672409","(919) 693-6448","True","ACTIVE","True","True","","","","","https://stores.foodlion.com/nc/oxford/120-roxboro-road","official_store_directory","2026-07-31T20:32:49.5397123Z"
"Food Lion","","https://stores.foodlion.com/nc/pembroke/913-g.-west-3rd-street","Food Lion Grocery Store of Pembroke","913 G. West 3Rd Street","","Pembroke","NC","28372","34.6858840869149","-79.20995593070984","(910) 521-8734","True","ACTIVE","True","True","","","","","https://stores.foodlion.com/nc/pembroke/913-g.-west-3rd-street","official_store_directory","2026-07-31T20:32:51.2285676Z"
"Food Lion","","https://stores.foodlion.com/nc/pfafftown/4615-yadkinville-rd","Food Lion Grocery Store of Pfafftown","4615 Yadkinville Rd","","Pfafftown","NC","27040","36.154598588985706","-80.35847246646875","(336) 922-6992","True","ACTIVE","True","True","","","","","https://stores.foodlion.com/nc/pfafftown/4615-yadkinville-rd","official_store_directory","2026-07-31T20:32:52.8430032Z"
"Food Lion","","https://stores.foodlion.com/nc/pikeville/4700-us-hwy-117-n","Food Lion Grocery Store of 4700 US Hwy 117 N","4700 US Hwy 117 N","","Pikeville","NC","27863","35.48918","-77.980611","(919) 242-2067","True","ACTIVE","True","True","","","","","https://stores.foodlion.com/nc/pikeville/4700-us-hwy-117-n","official_store_directory","2026-07-31T20:32:54.4065294Z"
"Food Lion","","https://stores.foodlion.com/nc/pikeville/4700-us-hwy-117-north","Food Lion Grocery Store of Pikeville","4700 US Hwy 117 North","","Pikeville","NC","27863","35.489092200724194","-77.98059225082397","(919) 242-5440","True","ACTIVE","True","True","","","","","https://stores.foodlion.com/nc/pikeville/4700-us-hwy-117-north","official_store_directory","2026-07-31T20:32:55.8319177Z"
"Food Lion","","https://stores.foodlion.com/nc/pilot-mountain/647-s-key-st","Food Lion Grocery Store of Pilot Mountain","647 S Key St","","Pilot Mountain","NC","27041","36.380220690141215","-80.47966539859772","(336) 368-9553","True","ACTIVE","True","True","","","","","https://stores.foodlion.com/nc/pilot-mountain/647-s-key-st","official_store_directory","2026-07-31T20:32:57.3381816Z"
"Food Lion","","https://stores.foodlion.com/nc/pink-hill/5909-hwy-11-south","Food Lion Grocery Store of Pink Hill","5909 Hwy 11 South","","Pink Hill","NC","28572","35.075471925649765","-77.73278564214706","(252) 568-6311","True","ACTIVE","True","True","","","","","https://stores.foodlion.com/nc/pink-hill/5909-hwy-11-south","official_store_directory","2026-07-31T20:33:00.0616682Z"
"Food Lion","","https://stores.foodlion.com/nc/pittsboro/630-east-st","Food Lion Grocery Store of Pittsboro","630 East St","","Pittsboro","NC","27312","35.718194379989136","-79.16632175445557","(919) 542-0861","True","ACTIVE","True","True","","","","","https://stores.foodlion.com/nc/pittsboro/630-east-st","official_store_directory","2026-07-31T20:33:01.9506791Z"
"Food Lion","","https://stores.foodlion.com/nc/pittsboro/70-ballantrae-court","Food Lion Grocery Store of Briar Chapel","70 Ballantrae Court","","Pittsboro","NC","27312","35.812685642917955","-79.08817862452977","(919) 929-9501","True","ACTIVE","True","True","","","","","https://stores.foodlion.com/nc/pittsboro/70-ballantrae-court","official_store_directory","2026-07-31T20:33:03.3587421Z"
"Food Lion","","https://stores.foodlion.com/nc/plymouth/824-us-hwy-64-e","Food Lion Grocery Store of Plymouth","824 US Hwy 64 E","","Plymouth","NC","27962","35.86236112476808","-76.73114955425262","(252) 793-5784","True","ACTIVE","True","True","","","","","https://stores.foodlion.com/nc/plymouth/824-us-hwy-64-e","official_store_directory","2026-07-31T20:33:04.8312036Z"
"Food Lion","","https://stores.foodlion.com/nc/princeton/610-dr-donnie-h-jones-blvd-e","Food Lion Grocery Store of Princeton","610 Dr Donnie H Jones Blvd E","","Princeton","NC","27569","35.46185623302483","-78.15047532320023","(919) 936-0272","True","ACTIVE","True","True","","","","","https://stores.foodlion.com/nc/princeton/610-dr-donnie-h-jones-blvd-e","official_store_directory","2026-07-31T20:33:06.2485002Z"
"Food Lion","","https://stores.foodlion.com/nc/raeford/232-west-cole-street","Food Lion Grocery Store of Reaford-Hoke Village","232 West Cole Street","","Raeford","NC","28376","34.97866957607923","-79.23855632543564","(910) 875-8515","True","ACTIVE","True","True","","","","","https://stores.foodlion.com/nc/raeford/232-west-cole-street","official_store_directory","2026-07-31T20:33:07.7523633Z"
"Food Lion","","https://stores.foodlion.com/nc/raeford/4530-fayetteville-rd","Food Lion Grocery Store of Raeford","4530 Fayetteville Rd","","Raeford","NC","28376","35.0053168629048","-79.17405724525452","(910) 848-1021","True","ACTIVE","True","True","","","","","https://stores.foodlion.com/nc/raeford/4530-fayetteville-rd","official_store_directory","2026-07-31T20:33:09.2582387Z"
"Food Lion","","https://stores.foodlion.com/nc/raleigh/1030-n-rogers-ln","Food Lion Grocery Store of Edgewater Place","1030 N Rogers Ln","","Raleigh","NC","27610","35.79128204427576","-78.54866539257317","(919) 792-0321","True","ACTIVE","True","True","","","","","https://stores.foodlion.com/nc/raleigh/1030-n-rogers-ln","official_store_directory","2026-07-31T20:33:10.6495397Z"
"Food Lion","","https://stores.foodlion.com/nc/raleigh/1121-falls-river-ave","Food Lion Grocery Store of Falls River","1121 Falls River Ave","","Raleigh","NC","27614","35.90577173300572","-78.58925521373743","(919) 847-1640","True","ACTIVE","True","True","","","","","https://stores.foodlion.com/nc/raleigh/1121-falls-river-ave","official_store_directory","2026-07-31T20:33:12.9437900Z"
"Food Lion","","https://stores.foodlion.com/nc/raleigh/1121-falls-river-avenue","Food Lion Grocery Store of 1121 Falls River Avenue","1121 Falls River Avenue","","Raleigh","NC","27614","35.90575706079345","-78.58926447960604","(919) 847-4235","True","ACTIVE","True","True","","","","","https://stores.foodlion.com/nc/raleigh/1121-falls-river-avenue","official_store_directory","2026-07-31T20:33:14.4459878Z"
"Food Lion","","https://stores.foodlion.com/nc/raleigh/12345-strickland-road","Food Lion Grocery Store of Strickland Corners","12345 Strickland Road","","Raleigh","NC","27613","35.90526552897371","-78.70292991399765","(919) 846-3589","True","ACTIVE","True","True","","","","","https://stores.foodlion.com/nc/raleigh/12345-strickland-road","official_store_directory","2026-07-31T20:33:15.8318115Z"
"Food Lion","","https://stores.foodlion.com/nc/raleigh/13200-new-falls-of-neuse-road","Food Lion Grocery Store of Wakefield Crossing","13200 New Falls Of Neuse Road","","Raleigh","NC","27614","35.94069154435826","-78.55920914355126","(919) 562-8912","True","ACTIVE","True","True","","","","","https://stores.foodlion.com/nc/raleigh/13200-new-falls-of-neuse-road","official_store_directory","2026-07-31T20:33:17.3862627Z"
"Food Lion","","https://stores.foodlion.com/nc/raleigh/1601-cross-link-rd","Food Lion Grocery Store of Southgate","1601 Cross Link Rd","","Raleigh","NC","27610","35.75450110560167","-78.61551403999334","(919) 807-1395","True","ACTIVE","True","True","","","","","https://stores.foodlion.com/nc/raleigh/1601-cross-link-rd","official_store_directory","2026-07-31T20:33:18.8624087Z"
"Food Lion","","https://stores.foodlion.com/nc/raleigh/2420-wycliff-road","Food Lion Grocery Store of Lake Boone Shopping Center","2420 Wycliff Road","","Raleigh","NC","27697","35.81651937285321","-78.69230938343239","(919) 571-3638","True","ACTIVE","True","True","","","","","https://stores.foodlion.com/nc/raleigh/2420-wycliff-road","official_store_directory","2026-07-31T20:33:20.2684263Z"
"Food Lion","","https://stores.foodlion.com/nc/raleigh/2720-lake-wheeler-rd","Food Lion Grocery Store of Raleigh Oaks","2720 Lake Wheeler Rd","","Raleigh","NC","27603","35.74426124880494","-78.6804497582838","(919) 755-3855","True","ACTIVE","True","True","","","","","https://stores.foodlion.com/nc/raleigh/2720-lake-wheeler-rd","official_store_directory","2026-07-31T20:33:21.6681768Z"
"Food Lion","","https://stores.foodlion.com/nc/raleigh/2861-jones-franklin-road","Food Lion Grocery Store of Swift Creek","2861 Jones Franklin Road","","Raleigh","NC","27606","35.743501541378485","-78.73838067054749","(919) 233-9708","True","ACTIVE","True","True","","","","","https://stores.foodlion.com/nc/raleigh/2861-jones-franklin-road","official_store_directory","2026-07-31T20:33:23.1225501Z"
"Food Lion","","https://stores.foodlion.com/nc/raleigh/3151-capital-blvd","Food Lion Grocery Store of Capital Square","3151 Capital Blvd","","Raleigh","NC","27604","35.823689669025065","-78.5895824432373","(919) 790-6728","True","ACTIVE","True","True","","","","","https://stores.foodlion.com/nc/raleigh/3151-capital-blvd","official_store_directory","2026-07-31T20:33:24.4912581Z"
"Food Lion","","https://stores.foodlion.com/nc/raleigh/3415-avent-ferry-rd","Food Lion Grocery Store of Greek Way","3415 Avent Ferry Rd","","Raleigh","NC","27609","35.76603453900484","-78.69707465171814","(919) 858-9772","True","ACTIVE","True","True","","","","","https://stores.foodlion.com/nc/raleigh/3415-avent-ferry-rd","official_store_directory","2026-07-31T20:33:26.0087297Z"
"Food Lion","","https://stores.foodlion.com/nc/raleigh/3685-new-bern-avenue","Food Lion Grocery Store of Tower Shopping Center","3685 New Bern Avenue","","Raleigh","NC","27610","35.79984599963351","-78.57945442199707","(919) 231-7294","True","ACTIVE","True","True","","","","","https://stores.foodlion.com/nc/raleigh/3685-new-bern-avenue","official_store_directory","2026-07-31T20:33:28.4122360Z"
"Food Lion","","https://stores.foodlion.com/nc/raleigh/3926-western-blvd","Food Lion Grocery Store of Western Boulevard","3926 Western Blvd","","Raleigh","NC","27607","35.78622218319647","-78.69275629520416","(919) 664-8059","True","ACTIVE","True","True","","","","","https://stores.foodlion.com/nc/raleigh/3926-western-blvd","official_store_directory","2026-07-31T20:33:29.9302940Z"
"Food Lion","","https://stores.foodlion.com/nc/raleigh/4317-fall-of-the-neuse-rd","Food Lion Grocery Store of Wake Forest Square","4317 Fall Of The Neuse Rd","","Raleigh","NC","27609","35.84069038567718","-78.61324220895767","(919) 872-5376","True","ACTIVE","True","True","","","","","https://stores.foodlion.com/nc/raleigh/4317-fall-of-the-neuse-rd","official_store_directory","2026-07-31T20:33:31.7911796Z"
"Food Lion","","https://stores.foodlion.com/nc/raleigh/4827-grove-barton-rd","Food Lion Grocery Store of Raleigh","4827 Grove Barton Rd","","Raleigh","NC","27613","35.86782135575753","-78.71777594089508","(919) 781-4437","True","ACTIVE","True","True","","","","","https://stores.foodlion.com/nc/raleigh/4827-grove-barton-rd","official_store_directory","2026-07-31T20:33:34.4966758Z"
"Food Lion","","https://stores.foodlion.com/nc/raleigh/5426-six-forks-road","Food Lion Grocery Store of Colony Shopping Center","5426 Six Forks Road","","Raleigh","NC","27609","35.85465921207087","-78.64034593105316","(919) 676-3386","True","ACTIVE","True","True","","","","","https://stores.foodlion.com/nc/raleigh/5426-six-forks-road","official_store_directory","2026-07-31T20:33:36.1199890Z"
"Food Lion","","https://stores.foodlion.com/nc/raleigh/5633-creedmoor-crossing","Food Lion Grocery Store of Creedmore Crossing","5633 Creedmoor Crossing","","Raleigh","NC","27612","35.858956984678485","-78.68244320154184","(919) 781-0597","True","ACTIVE","True","True","","","","","https://stores.foodlion.com/nc/raleigh/5633-creedmoor-crossing","official_store_directory","2026-07-31T20:33:38.7109222Z"
"Food Lion","","https://stores.foodlion.com/nc/raleigh/7440-101-louisburg-rd","Food Lion Grocery Store of The Market At Perry Creek","7440 101 Louisburg Rd","","Raleigh","NC","27616","35.87403538861743","-78.53950291872025","(919) 875-1394","True","ACTIVE","True","True","","","","","https://stores.foodlion.com/nc/raleigh/7440-101-louisburg-rd","official_store_directory","2026-07-31T20:33:41.5103286Z"
"Food Lion","","https://stores.foodlion.com/nc/raleigh/7440-louisburg-road","Food Lion Grocery Store of 7440 Louisburg Road","7440 Louisburg Road","","Raleigh","NC","27616","35.87409579420261","-78.53955259462658","(919) 875-1488","True","ACTIVE","True","True","","","","","https://stores.foodlion.com/nc/raleigh/7440-louisburg-road","official_store_directory","2026-07-31T20:33:43.1956523Z"
"Food Lion","","https://stores.foodlion.com/nc/raleigh/7713-lead-mine-rd","Food Lion Grocery Store of Greystone Village","7713 Lead Mine Rd","","Raleigh","NC","27615","35.88608478965157","-78.66074567274134","(919) 518-1607","True","ACTIVE","True","True","","","","","https://stores.foodlion.com/nc/raleigh/7713-lead-mine-rd","official_store_directory","2026-07-31T20:33:45.0068525Z"
"Food Lion","","https://stores.foodlion.com/nc/raleigh/7905-falls-of-neuse-road","Food Lion Grocery Store of Bent Tree Plaza Shopping Center","7905 Falls Of Neuse Road","","Raleigh","NC","27615","35.893385780303326","-78.62682148259795","(919) 847-8159","True","ACTIVE","True","True","","","","","https://stores.foodlion.com/nc/raleigh/7905-falls-of-neuse-road","official_store_directory","2026-07-31T20:33:46.4508816Z"
"Food Lion","","https://stores.foodlion.com/nc/raleigh/9101-leesville-rd","Food Lion Grocery Store of Leesville","9101 Leesville Rd","","Raleigh","NC","27613","35.89617720358085","-78.72522711753845","(919) 848-6082","True","ACTIVE","True","True","","","","","https://stores.foodlion.com/nc/raleigh/9101-leesville-rd","official_store_directory","2026-07-31T20:33:49.8826618Z"
"Food Lion","","https://stores.foodlion.com/nc/raleigh/9525-strickland-road","Food Lion Grocery Store of North Raleigh","9525 Strickland Road","","Raleigh","NC","27615","35.899005442482725","-78.65617766976362","(919) 676-0141","True","ACTIVE","True","True","","","","","https://stores.foodlion.com/nc/raleigh/9525-strickland-road","official_store_directory","2026-07-31T20:33:51.5965061Z"
"Food Lion","","https://stores.foodlion.com/nc/randleman/103-pointe-s-dr","Food Lion Grocery Store of Randleman","103 Pointe S Dr","","Randleman","NC","27317","35.800872803936386","-79.81190264225006","(336) 498-5415","True","ACTIVE","True","True","","","","","https://stores.foodlion.com/nc/randleman/103-pointe-s-dr","official_store_directory","2026-07-31T20:33:53.1666761Z"
"Food Lion","","https://stores.foodlion.com/nc/red-springs/805-a-east-4th-avenue","Food Lion Grocery Store of Red Springs","805 A East 4Th Avenue","","Red Springs","NC","28377","34.810317279555036","-79.16921317577362","(910) 843-2766","True","ACTIVE","True","True","","","","","https://stores.foodlion.com/nc/red-springs/805-a-east-4th-avenue","official_store_directory","2026-07-31T20:33:54.6440865Z"
"Food Lion","","https://stores.foodlion.com/nc/reidsville/1130-freeway-dr","Food Lion Grocery Store of Reidsville","1130 Freeway Dr","","Reidsville","NC","27320","36.325731835125644","-79.68429923057562","(336) 349-5687","True","ACTIVE","True","True","","","","","https://stores.foodlion.com/nc/reidsville/1130-freeway-dr","official_store_directory","2026-07-31T20:33:56.2090866Z"
"Food Lion","","https://stores.foodlion.com/nc/reidsville/1605-way-st","Food Lion Grocery Store of Reidsville","1605 Way St","","Reidsville","NC","27320","36.34121785866934","-79.65732961893082","(336) 342-1604","True","ACTIVE","True","True","","","","","https://stores.foodlion.com/nc/reidsville/1605-way-st","official_store_directory","2026-07-31T20:33:57.8465882Z"
"Food Lion","","https://stores.foodlion.com/nc/reidsville/5200-us-bus-hwy-29","Food Lion Grocery Store of Reidsville","5200 US Bus Hwy 29","","Reidsville","NC","27320","36.38180570495917","-79.6635764837265","(336) 342-3767","True","ACTIVE","True","True","","","","","https://stores.foodlion.com/nc/reidsville/5200-us-bus-hwy-29","official_store_directory","2026-07-31T20:33:59.3705884Z"
"Food Lion","","https://stores.foodlion.com/nc/richfield/410-w.-church-street","Food Lion Grocery Store of Richfield","410 W. Church Street","","Richfield","NC","28137","35.4732571885497","-80.26745438575745","(704) 463-5916","True","ACTIVE","True","True","","","","","https://stores.foodlion.com/nc/richfield/410-w.-church-street","official_store_directory","2026-07-31T20:34:00.7819134Z"
"Food Lion","","https://stores.foodlion.com/nc/richlands/9007-richlands-hwy","Food Lion Grocery Store of Richlands","9007 Richlands Hwy","","Richlands","NC","28574","34.90363346177087","-77.55756597588167","(910) 324-1217","True","ACTIVE","True","True","","","","","https://stores.foodlion.com/nc/richlands/9007-richlands-hwy","official_store_directory","2026-07-31T20:34:02.3083540Z"
"Food Lion","","https://stores.foodlion.com/nc/roanoke-rapids/1201-julian-r-allsbrook-hwy","Food Lion Grocery Store of Great Falls Square","1201 Julian R Allsbrook Hwy","","Roanoke Rapids","NC","27870","36.433278457269395","-77.64276140122337","(252) 537-0796","True","ACTIVE","True","True","","","","","https://stores.foodlion.com/nc/roanoke-rapids/1201-julian-r-allsbrook-hwy","official_store_directory","2026-07-31T20:34:03.8018153Z"
"Food Lion","","https://stores.foodlion.com/nc/roanoke-rapids/175-roanoke-avenue","Food Lion Grocery Store of The Avenue","175 Roanoke Avenue","","Roanoke Rapids","NC","27870","36.46999298035951","-77.65076100826263","(252) 535-2500","True","ACTIVE","True","True","","","","","https://stores.foodlion.com/nc/roanoke-rapids/175-roanoke-avenue","official_store_directory","2026-07-31T20:34:05.2653630Z"
"Food Lion","","https://stores.foodlion.com/nc/robersonville/22713-nc-hwy-903","Food Lion Grocery Store of Robersonville","22713 NC Hwy 903","","Robersonville","NC","27871","35.832070881722714","-77.25236177444464","(252) 795-3011","True","ACTIVE","True","True","","","","","https://stores.foodlion.com/nc/robersonville/22713-nc-hwy-903","official_store_directory","2026-07-31T20:34:07.8928641Z"
"Food Lion","","https://stores.foodlion.com/nc/rockingham/2124-b-fayetteville-road","Food Lion Grocery Store of Rockingham","2124 B Fayetteville Road","","Rockingham","NC","28379","34.94915781205122","-79.74304497241974","(910) 895-9716","True","ACTIVE","True","True","","","","","https://stores.foodlion.com/nc/rockingham/2124-b-fayetteville-road","official_store_directory","2026-07-31T20:34:09.3198494Z"
"Food Lion","","https://stores.foodlion.com/nc/rockwell/968-main-st.-hwy-52","Food Lion Grocery Store of Rockwell","968 Main St. Hwy 52","","Rockwell","NC","28138","35.560843542985516","-80.41414976119995","(704) 279-5537","True","ACTIVE","True","True","","","","","https://stores.foodlion.com/nc/rockwell/968-main-st.-hwy-52","official_store_directory","2026-07-31T20:34:11.8261254Z"
"Food Lion","","https://stores.foodlion.com/nc/rocky-mount/10601-e.-nc-97","Food Lion Grocery Store of Highway 97","10601 E. NC 97","","Rocky Mount","NC","27803","35.891464247253616","-77.8617811203003","(252) 977-7311","True","ACTIVE","True","True","","","","","https://stores.foodlion.com/nc/rocky-mount/10601-e.-nc-97","official_store_directory","2026-07-31T20:34:13.4168939Z"
"Food Lion","","https://stores.foodlion.com/nc/rocky-mount/113-north-fairview-rd","Food Lion Grocery Store of Fairview","113 North Fairview Rd","","Rocky Mount","NC","27801","35.93072813746177","-77.77230530977249","(252) 446-6303","True","ACTIVE","True","True","","","","","https://stores.foodlion.com/nc/rocky-mount/113-north-fairview-rd","official_store_directory","2026-07-31T20:34:14.9203707Z"
"Food Lion","","https://stores.foodlion.com/nc/rocky-mount/1441-hunterhill-road","Food Lion Grocery Store of Hunter Hill","1441 Hunterhill Road","","Rocky Mount","NC","27804","35.97164619056087","-77.8219717741012","(252) 443-4131","True","ACTIVE","True","True","","","","","https://stores.foodlion.com/nc/rocky-mount/1441-hunterhill-road","official_store_directory","2026-07-31T20:34:16.4548334Z"
"Food Lion","","https://stores.foodlion.com/nc/rocky-mount/802-harbour-dr","Food Lion Grocery Store of Harbour West","802 Harbour Dr","","Rocky Mount","NC","27801","35.93489364980784","-77.82892674207687","(252) 977-3017","True","ACTIVE","True","True","","","","","https://stores.foodlion.com/nc/rocky-mount/802-harbour-dr","official_store_directory","2026-07-31T20:34:18.9990528Z"
"Food Lion","","https://stores.foodlion.com/nc/rocky-point/8057-us-hwy.117-s","Food Lion Grocery Store of Rocky Point","8057 US Hwy.117 S","","Rocky Point","NC","28457","34.440291893053825","-77.8819191455841","(910) 675-2156","True","ACTIVE","True","True","","","","","https://stores.foodlion.com/nc/rocky-point/8057-us-hwy.117-s","official_store_directory","2026-07-31T20:34:20.5294368Z"
"Food Lion","","https://stores.foodlion.com/nc/rolesville/405-s.-main-street","Food Lion Grocery Store of Rolesville","405 S. Main Street","","Rolesville","NC","27571","35.91704859771384","-78.46457004547119","(919) 554-4018","True","ACTIVE","True","True","","","","","https://stores.foodlion.com/nc/rolesville/405-s.-main-street","official_store_directory","2026-07-31T20:34:21.8624153Z"
"Food Lion","","https://stores.foodlion.com/nc/roseboro/220-w-dr-martin-l-king-jr-blvd","Food Lion Grocery Store of Roseboro","220 W Dr Martin L King Jr Blvd","","Roseboro","NC","28382","34.960237509757405","-78.5143893957138","(910) 525-3181","True","ACTIVE","True","True","","","","","https://stores.foodlion.com/nc/roseboro/220-w-dr-martin-l-king-jr-blvd","official_store_directory","2026-07-31T20:34:23.4098353Z"
"Food Lion","","https://stores.foodlion.com/nc/roxboro/1005-n-madison-blvd","Food Lion Grocery Store of Roxboro","1005 N Madison Blvd","","Roxboro","NC","27573","36.4090482242231","-78.97708654403692","(336) 599-9236","True","ACTIVE","True","True","","","","","https://stores.foodlion.com/nc/roxboro/1005-n-madison-blvd","official_store_directory","2026-07-31T20:34:25.8308532Z"
"Food Lion","","https://stores.foodlion.com/nc/roxboro/2828-durham-road","Food Lion Grocery Store of Marketplace","2828 Durham Road","","Roxboro","NC","27573","36.35576763665515","-78.98366868495947","(336) 597-8073","True","ACTIVE","True","True","","","","","https://stores.foodlion.com/nc/roxboro/2828-durham-road","official_store_directory","2026-07-31T20:34:27.3532314Z"
"Food Lion","","https://stores.foodlion.com/nc/rural-hall/1050-bethania-rural-hall-road","Food Lion Grocery Store of Rural Hall","1050 Bethania Rural Hall Road","","Rural Hall","NC","27045","36.2124313","-80.30328677668648","(336) 969-9542","True","ACTIVE","True","True","","","","","https://stores.foodlion.com/nc/rural-hall/1050-bethania-rural-hall-road","official_store_directory","2026-07-31T20:34:28.9609389Z"
"Food Lion","","https://stores.foodlion.com/nc/rutherfordton/169-railroad-ave.-hwy-74b","Food Lion Grocery Store of Rutherfordton","169 Railroad Ave. Hwy 74B","","Rutherfordton","NC","28139","35.365246853275366","-81.94271354008379","(828) 286-8935","True","ACTIVE","True","True","","","","","https://stores.foodlion.com/nc/rutherfordton/169-railroad-ave.-hwy-74b","official_store_directory","2026-07-31T20:34:30.3867181Z"
"Food Lion","","https://stores.foodlion.com/nc/saint-pauls/1062-w.-broad-street","Food Lion Grocery Store of Saint Pauls","1062 W. Broad Street","","Saint Pauls","NC","28384","34.81434063385232","-78.98850470781332","(910) 865-5410","True","ACTIVE","True","True","","","","","https://stores.foodlion.com/nc/saint-pauls/1062-w.-broad-street","official_store_directory","2026-07-31T20:34:31.8326618Z"
"Food Lion","","https://stores.foodlion.com/nc/salisbury/123-mahaley-ave","Food Lion Grocery Store of Salisbury","123 Mahaley Ave","","Salisbury","NC","28144","35.684195713973885","-80.48079460859299","(704) 639-9240","True","ACTIVE","True","True","","","","","https://stores.foodlion.com/nc/salisbury/123-mahaley-ave","official_store_directory","2026-07-31T20:34:33.2743872Z"
"Food Lion","","https://stores.foodlion.com/nc/salisbury/2104-statesville-blvd","Food Lion Grocery Store of Marketplace","2104 Statesville Blvd","","Salisbury","NC","28147","35.69590270184074","-80.51664769649506","(704) 637-8948","True","ACTIVE","True","True","","","","","https://stores.foodlion.com/nc/salisbury/2104-statesville-blvd","official_store_directory","2026-07-31T20:34:34.8022568Z"
"Food Lion","","https://stores.foodlion.com/nc/salisbury/251-faith-rd","Food Lion Grocery Store of Innes Street Market","251 Faith Rd","","Salisbury","NC","28146","35.652396933160375","-80.4615980386734","(704) 637-3409","True","ACTIVE","True","True","","","","","https://stores.foodlion.com/nc/salisbury/251-faith-rd","official_store_directory","2026-07-31T20:34:36.4682590Z"
"Food Lion","","https://stores.foodlion.com/nc/salisbury/525-jake-alexander-blvd-w-10","Food Lion Grocery Store of Westland Plaza","525 Jake Alexander Blvd W 10","","Salisbury","NC","28147","35.66168096726774","-80.50182312726974","(704) 636-7615","True","ACTIVE","True","True","","","","","https://stores.foodlion.com/nc/salisbury/525-jake-alexander-blvd-w-10","official_store_directory","2026-07-31T20:34:37.9469278Z"
"Food Lion","","https://stores.foodlion.com/nc/salisbury/525-jake-alexander-blvd-w-p-10","Food Lion Grocery Store of 525 Jake Alexander Blvd W","525 Jake Alexander Blvd W P 10","","Salisbury","NC","28147","35.661646492465216","-80.50185256516149","(704) 216-2070","True","ACTIVE","True","True","","","","","https://stores.foodlion.com/nc/salisbury/525-jake-alexander-blvd-w-p-10","official_store_directory","2026-07-31T20:34:39.2509286Z"
"Food Lion","","https://stores.foodlion.com/nc/sanford/1655-buffalo-lake-road","Food Lion Grocery Store of 1655 Buffalo Lake Road","1655 Buffalo Lake Road","","Sanford","NC","27332","35.31182756062148","-79.04104912682739","(919) 498-1962","True","ACTIVE","True","True","","","","","https://stores.foodlion.com/nc/sanford/1655-buffalo-lake-road","official_store_directory","2026-07-31T20:34:40.5590580Z"
"Food Lion","","https://stores.foodlion.com/nc/sanford/1931-s-horner-blvd","Food Lion Grocery Store of Sanford","1931 S Horner Blvd","","Sanford","NC","27330","35.46611840039003","-79.15338814258575","(919) 775-7931","True","ACTIVE","True","True","","","","","https://stores.foodlion.com/nc/sanford/1931-s-horner-blvd","official_store_directory","2026-07-31T20:34:42.0813147Z"
"Food Lion","","https://stores.foodlion.com/nc/sanford/2244-jefferson-davis-hwy","Food Lion Grocery Store of Tramway Crossing","2244 Jefferson Davis Hwy","","Sanford","NC","27330","35.438710754110886","-79.21960115432734","(919) 776-5765","True","ACTIVE","True","True","","","","","https://stores.foodlion.com/nc/sanford/2244-jefferson-davis-hwy","official_store_directory","2026-07-31T20:34:43.4747589Z"
"Food Lion","","https://stores.foodlion.com/nc/sanford/2581-hawkins-ave","Food Lion Grocery Store of Northview Crossing","2581 Hawkins Ave","","Sanford","NC","27330","35.51954343879798","-79.18384462594986","(919) 774-4175","True","ACTIVE","True","True","","","","","https://stores.foodlion.com/nc/sanford/2581-hawkins-ave","official_store_directory","2026-07-31T20:34:45.0328258Z"
"Food Lion","","https://stores.foodlion.com/nc/sanford/2904-s-horner-blvd","Food Lion Grocery Store of Southside Plaza","2904 S Horner Blvd","","Sanford","NC","27330","35.45197001908011","-79.13966327905655","(919) 774-3355","True","ACTIVE","True","True","","","","","https://stores.foodlion.com/nc/sanford/2904-s-horner-blvd","official_store_directory","2026-07-31T20:34:46.3787362Z"
"Food Lion","","https://stores.foodlion.com/nc/seven-lakes/1075-seven-lakes-drive","Food Lion Grocery Store of Seven Lakes","1075 Seven Lakes Drive","","Seven Lakes","NC","27376","35.26453423268532","-79.58139896392822","(910) 673-6780","True","ACTIVE","True","True","","","","","https://stores.foodlion.com/nc/seven-lakes/1075-seven-lakes-drive","official_store_directory","2026-07-31T20:34:49.9264237Z"
"Food Lion","","https://stores.foodlion.com/nc/shallotte/301-south-willis-drive","Food Lion Grocery Store of Shallotte","301 South Willis Drive","","Shallotte","NC","28470","33.96060076098008","-78.3998242020607","(910) 754-6444","True","ACTIVE","True","True","","","","","https://stores.foodlion.com/nc/shallotte/301-south-willis-drive","official_store_directory","2026-07-31T20:34:51.4047279Z"
"Food Lion","","https://stores.foodlion.com/nc/shelby/1523-s.-lafayette-street","Food Lion Grocery Store of Melrose Square","1523 S. Lafayette Street","","Shelby","NC","28152","35.26585917825534","-81.55409663915634","(704) 487-9061","True","ACTIVE","True","True","","","","","https://stores.foodlion.com/nc/shelby/1523-s.-lafayette-street","official_store_directory","2026-07-31T20:34:53.9243789Z"
"Food Lion","","https://stores.foodlion.com/nc/siler-city/109-food-lion-plaza","Food Lion Grocery Store of 109 Food Lion Plaza","109 Food Lion Plaza","","Siler City","NC","27344","35.7351429","-79.44111629999999","(919) 742-9969","True","ACTIVE","True","True","","","","","https://stores.foodlion.com/nc/siler-city/109-food-lion-plaza","official_store_directory","2026-07-31T20:34:55.4246990Z"
"Food Lion","","https://stores.foodlion.com/nc/siler-city/1605-east-11th-st","Food Lion Grocery Store of Siler City","1605 East 11Th St","","Siler City","NC","27344","35.735165414964456","-79.44108188152313","(919) 742-9966","True","ACTIVE","True","True","","","","","https://stores.foodlion.com/nc/siler-city/1605-east-11th-st","official_store_directory","2026-07-31T20:34:56.9764131Z"
"Food Lion","","https://stores.foodlion.com/nc/smithfield/901-s.-brightleaf-blvd","Food Lion Grocery Store of Brightleaf Commons","901 S. Brightleaf Blvd","","Smithfield","NC","27577","35.49827289467288","-78.35123598575592","(919) 209-0782","True","ACTIVE","True","True","","","","","https://stores.foodlion.com/nc/smithfield/901-s.-brightleaf-blvd","official_store_directory","2026-07-31T20:34:59.4726051Z"
"Food Lion","","https://stores.foodlion.com/nc/snow-hill/108-greenewood-square","Food Lion Grocery Store of Snow Hill","108 Greenewood Square","","Snow Hill","NC","28580","35.43954990219599","-77.66379117965698","(252) 747-2490","True","ACTIVE","True","True","","","","","https://stores.foodlion.com/nc/snow-hill/108-greenewood-square","official_store_directory","2026-07-31T20:35:01.8630129Z"
"Food Lion","","https://stores.foodlion.com/nc/southern-pines/10205-us-15-501-hwy","Food Lion Grocery Store of Southern Pines","10205 US 15 501 Hwy","","Southern Pines","NC","28387","35.17971867913474","-79.4289884519495","(910) 692-2000","True","ACTIVE","True","True","","","","","https://stores.foodlion.com/nc/southern-pines/10205-us-15-501-hwy","official_store_directory","2026-07-31T20:35:03.2895538Z"
"Food Lion","","https://stores.foodlion.com/nc/southern-shores/5543-n.-croatan-hwy","Food Lion Grocery Store of Southern Shores","5543 N. Croatan Hwy","","Southern Shores","NC","27949","36.10011393014208","-75.72275161743164","(252) 261-3205","True","ACTIVE","True","True","","","","","https://stores.foodlion.com/nc/southern-shores/5543-n.-croatan-hwy","official_store_directory","2026-07-31T20:35:04.6572688Z"
"Food Lion","","https://stores.foodlion.com/nc/southport/4891-long-beach-road","Food Lion Grocery Store of Southport","4891 Long Beach Road","","Southport","NC","28461","33.95127772063597","-78.05326292394257","(910) 457-4531","True","ACTIVE","True","True","","","","","https://stores.foodlion.com/nc/southport/4891-long-beach-road","official_store_directory","2026-07-31T20:35:06.1841602Z"
"Food Lion","","https://stores.foodlion.com/nc/spencer/313-salisbury-ave","Food Lion Grocery Store of Spencer","313 Salisbury Ave","","Spencer","NC","28159","35.691487186429306","-80.42531847953796","(704) 633-6724","True","ACTIVE","True","True","","","","","https://stores.foodlion.com/nc/spencer/313-salisbury-ave","official_store_directory","2026-07-31T20:35:08.8053679Z"
"Food Lion","","https://stores.foodlion.com/nc/spout-springs/1655-buffalo-lake-rd","Food Lion Grocery Store of Buffalo Lakes","1655 Buffalo Lake Rd","","Spout Springs","NC","27332","35.31186404763579","-79.04103577136988","(919) 498-1960","True","ACTIVE","True","True","","","","","https://stores.foodlion.com/nc/spout-springs/1655-buffalo-lake-rd","official_store_directory","2026-07-31T20:35:10.3374368Z"
"Food Lion","","https://stores.foodlion.com/nc/spring-hope/603-e-nash-street","Food Lion Grocery Store of Spring Hope","603 E Nash Street","","Spring Hope","NC","27882","35.95172937807678","-78.1062912940979","(252) 478-4888","True","ACTIVE","True","True","","","","","https://stores.foodlion.com/nc/spring-hope/603-e-nash-street","official_store_directory","2026-07-31T20:35:11.7766564Z"
"Food Lion","","https://stores.foodlion.com/nc/spring-lake/3260-ray-road","Food Lion Grocery Store of Anderson Creek","3260 Ray Road","","Spring Lake","NC","28390","35.25466544411204","-78.96603584289551","(910) 436-6031","True","ACTIVE","True","True","","","","","https://stores.foodlion.com/nc/spring-lake/3260-ray-road","official_store_directory","2026-07-31T20:35:13.2265336Z"
"Food Lion","","https://stores.foodlion.com/nc/stanley/515-south-hwy-27","Food Lion Grocery Store of Stanley","515 South Hwy 27","","Stanley","NC","28164","35.35332548171834","-81.08860731124884","(704) 263-0821","True","ACTIVE","True","True","","","","","https://stores.foodlion.com/nc/stanley/515-south-hwy-27","official_store_directory","2026-07-31T20:35:14.7794458Z"
"Food Lion","","https://stores.foodlion.com/nc/statesville/1737-wilkesboro-rd","Food Lion Grocery Store of Old Wilkes Centre","1737 Wilkesboro Rd","","Statesville","NC","28625","35.81022002845941","-80.91173976659775","(704) 881-0437","True","ACTIVE","True","True","","","","","https://stores.foodlion.com/nc/statesville/1737-wilkesboro-rd","official_store_directory","2026-07-31T20:35:16.2108313Z"
"Food Lion","","https://stores.foodlion.com/nc/statesville/1909-e.-broad-street","Food Lion Grocery Store of Broad Street","1909 E. Broad Street","","Statesville","NC","28625","35.79183176708692","-80.85100931946849","(704) 252-5783","True","ACTIVE","True","True","","","","","https://stores.foodlion.com/nc/statesville/1909-e.-broad-street","official_store_directory","2026-07-31T20:35:17.8174956Z"
"Food Lion","","https://stores.foodlion.com/nc/statesville/947-davie-avenue","Food Lion Grocery Store of Statesville","947 Davie Avenue","","Statesville","NC","28677","35.79486515781743","-80.87546020746231","(704) 873-1153","True","ACTIVE","True","True","","","","","https://stores.foodlion.com/nc/statesville/947-davie-avenue","official_store_directory","2026-07-31T20:35:22.3081794Z"
"Food Lion","","https://stores.foodlion.com/nc/stedman/5179-clinton-road-2563","Food Lion Grocery Store of Stedman","5179 Clinton Road 2563","","Stedman","NC","28391","35.03575714289733","-78.74991953372955","(910) 323-1956","True","ACTIVE","True","True","","","","","https://stores.foodlion.com/nc/stedman/5179-clinton-road-2563","official_store_directory","2026-07-31T20:35:23.9043872Z"
"Food Lion","","https://stores.foodlion.com/nc/stedman/5179-clinton-road-p-2563","Food Lion Grocery Store of 5179 Clinton Road","5179 Clinton Road P 2563","","Stedman","NC","28391","35.03567642948097","-78.75000824190775","(910) 483-9482","True","ACTIVE","True","True","","","","","https://stores.foodlion.com/nc/stedman/5179-clinton-road-p-2563","official_store_directory","2026-07-31T20:35:25.4218236Z"
"Food Lion","","https://stores.foodlion.com/nc/summerfield/4548-us-hwy-220","Food Lion Grocery Store of Summerfield","4548 US Hwy 220","","Summerfield","NC","27358","36.19267871801306","-79.8905611038208","(336) 643-0979","True","ACTIVE","True","True","","","","","https://stores.foodlion.com/nc/summerfield/4548-us-hwy-220","official_store_directory","2026-07-31T20:35:26.9586177Z"
"Food Lion","","https://stores.foodlion.com/nc/sunset-beach/1775-clippers-way-sw","Food Lion Grocery Store of Sunset Beach","1775 Clippers Way SW","","Sunset Beach","NC","28468","33.896939911748504","-78.48968088626862","(910) 579-8395","True","ACTIVE","True","True","","","","","https://stores.foodlion.com/nc/sunset-beach/1775-clippers-way-sw","official_store_directory","2026-07-31T20:35:28.4713937Z"
"Food Lion","","https://stores.foodlion.com/nc/surf-city/13601-nc-hwy-50","Food Lion Grocery Store of Surf City","13601 NC Hwy 50","","Surf City","NC","28445","34.446649113560305","-77.56211936473841","(910) 329-1163","True","ACTIVE","True","True","","","","","https://stores.foodlion.com/nc/surf-city/13601-nc-hwy-50","official_store_directory","2026-07-31T20:35:29.9367195Z"
"Food Lion","","https://stores.foodlion.com/nc/swansboro/1409-w-corbett-ave","Food Lion Grocery Store of Swansboro","1409 W Corbett Ave","","Swansboro","NC","28584","34.703416259313855","-77.15692341327667","(910) 326-3534","True","ACTIVE","True","True","","","","","https://stores.foodlion.com/nc/swansboro/1409-w-corbett-ave","official_store_directory","2026-07-31T20:35:31.4430960Z"
"Food Lion","","https://stores.foodlion.com/nc/sylva/73-asheville-road","Food Lion Grocery Store of Sylva","73 Asheville Road","","Sylva","NC","28779","35.382244856100314","-83.20464491844177","(828) 586-8221","True","ACTIVE","True","True","","","","","https://stores.foodlion.com/nc/sylva/73-asheville-road","official_store_directory","2026-07-31T20:35:32.9399468Z"
"Food Lion","","https://stores.foodlion.com/nc/tabor-city/108-tabor-crossing","Food Lion Grocery Store of Tabor City","108 Tabor Crossing","","Tabor City","NC","28463","34.13873317197395","-78.86776506900787","(910) 653-9434","True","ACTIVE","True","True","","","","","https://stores.foodlion.com/nc/tabor-city/108-tabor-crossing","official_store_directory","2026-07-31T20:35:34.3690519Z"
"Food Lion","","https://stores.foodlion.com/nc/tarboro/1110-westen-blvd","Food Lion Grocery Store of Western Blvd","1110 Westen Blvd","","Tarboro","NC","27886","35.898223960298445","-77.55983412265778","(252) 823-7270","True","ACTIVE","True","True","","","","","https://stores.foodlion.com/nc/tarboro/1110-westen-blvd","official_store_directory","2026-07-31T20:35:35.7093155Z"
"Food Lion","","https://stores.foodlion.com/nc/taylorsville/799-w.-main-avenue","Food Lion Grocery Store of Taylorsville","799 W. Main Avenue","","Taylorsville","NC","28681","35.92106495439119","-81.18958175182343","(828) 632-0858","True","ACTIVE","True","True","","","","","https://stores.foodlion.com/nc/taylorsville/799-w.-main-avenue","official_store_directory","2026-07-31T20:35:38.1687217Z"
"Food Lion","","https://stores.foodlion.com/nc/thomasville/13-cloniger-drive","Food Lion Grocery Store of Thomasville","13 Cloniger Drive","","Thomasville","NC","27360","35.8662885964146","-80.06990068720786","(336) 472-1515","True","ACTIVE","True","True","","","","","https://stores.foodlion.com/nc/thomasville/13-cloniger-drive","official_store_directory","2026-07-31T20:35:39.7051429Z"
"Food Lion","","https://stores.foodlion.com/nc/thomasville/8275-nc-hwy-109-s","Food Lion Grocery Store of Silver Valley","8275 NC Hwy 109 S","","Thomasville","NC","27360","35.769551479063566","-80.10041445493698","(336) 475-7130","True","ACTIVE","True","True","","","","","https://stores.foodlion.com/nc/thomasville/8275-nc-hwy-109-s","official_store_directory","2026-07-31T20:35:41.1867181Z"
"Food Lion","","https://stores.foodlion.com/nc/thomasville/902-w-cooksey-dr","Food Lion Grocery Store of Salem Street Station","902 W Cooksey Dr","","Thomasville","NC","27360","35.89759820589941","-80.09239196777344","(336) 472-2144","True","ACTIVE","True","True","","","","","https://stores.foodlion.com/nc/thomasville/902-w-cooksey-dr","official_store_directory","2026-07-31T20:35:42.7158385Z"
"Food Lion","","https://stores.foodlion.com/nc/troutman/155-crosstie-lane","Food Lion Grocery Store of 155 Crosstie Lane","155 Crosstie Lane","","Troutman","NC","28166","35.66564040000001","-80.8478112","(704) 980-3029","True","ACTIVE","True","True","","","","","https://stores.foodlion.com/nc/troutman/155-crosstie-lane","official_store_directory","2026-07-31T20:35:44.1331522Z"
"Food Lion","","https://stores.foodlion.com/nc/troutman/520-north-main-street","Food Lion Grocery Store of Troutman","520 North Main Street","","Troutman","NC","28166","35.71183965456511","-80.89409351348871","(704) 528-9068","True","ACTIVE","True","True","","","","","https://stores.foodlion.com/nc/troutman/520-north-main-street","official_store_directory","2026-07-31T20:35:45.5185787Z"
"Food Lion","","https://stores.foodlion.com/nc/troy/1020-albemarle-rd","Food Lion Grocery Store of Troy","1020 Albemarle Rd","","Troy","NC","27371","35.34773376180229","-79.91340816020966","(910) 572-1385","True","ACTIVE","True","True","","","","","https://stores.foodlion.com/nc/troy/1020-albemarle-rd","official_store_directory","2026-07-31T20:35:47.1496057Z"
"Food Lion","","https://stores.foodlion.com/nc/vanceboro/270-nc-hwy-43","Food Lion Grocery Store of Vanceboro","270 NC Hwy 43","","Vanceboro","NC","28586","35.31121618077928","-77.15859174728394","(252) 244-1896","True","ACTIVE","True","True","","","","","https://stores.foodlion.com/nc/vanceboro/270-nc-hwy-43","official_store_directory","2026-07-31T20:35:49.7521994Z"
"Food Lion","","https://stores.foodlion.com/nc/walkertown/3008-old-hollow-rd","Food Lion Grocery Store of Walkertown","3008 Old Hollow Rd","","Walkertown","NC","27051","36.1675757110765","-80.15202283859253","(336) 595-2024","True","ACTIVE","True","True","","","","","https://stores.foodlion.com/nc/walkertown/3008-old-hollow-rd","official_store_directory","2026-07-31T20:35:53.2009240Z"
"Food Lion","","https://stores.foodlion.com/nc/wallace/5680-south-hwy-41","Food Lion Grocery Store of Wallace","5680 South Hwy 41","","Wallace","NC","28466","34.74111878957237","-77.97438561916351","(910) 285-2445","True","ACTIVE","True","True","","","","","https://stores.foodlion.com/nc/wallace/5680-south-hwy-41","official_store_directory","2026-07-31T20:35:54.7680889Z"
"Food Lion","","https://stores.foodlion.com/nc/walnut-cove/1072-n-main-st","Food Lion Grocery Store of Walnut Cove","1072 N Main St","","Walnut Cove","NC","27052","36.31225495617475","-80.13765156269073","(336) 591-3375","True","ACTIVE","True","True","","","","","https://stores.foodlion.com/nc/walnut-cove/1072-n-main-st","official_store_directory","2026-07-31T20:35:56.5138547Z"
"Food Lion","","https://stores.foodlion.com/nc/washington/1318-john-small-ave","Food Lion Grocery Store of Washington","1318 John Small Ave","","Washington","NC","27889","35.54711994171831","-77.03061282634741","(252) 975-2408","True","ACTIVE","True","True","","","","","https://stores.foodlion.com/nc/washington/1318-john-small-ave","official_store_directory","2026-07-31T20:35:57.9590891Z"
"Food Lion","","https://stores.foodlion.com/nc/washington/851-washington-square-mall","Food Lion Grocery Store of Washington Square Mall","851 Washington Square Mall","","Washington","NC","27889","35.559314488428534","-77.05730514646154","(252) 948-0028","True","ACTIVE","True","True","","","","","https://stores.foodlion.com/nc/washington/851-washington-square-mall","official_store_directory","2026-07-31T20:35:59.4916217Z"
"Food Lion","","https://stores.foodlion.com/nc/welcome/6455-old-us-hwy-52","Food Lion Grocery Store of Welcome","6455 Old US Hwy 52","","Welcome","NC","27374","35.913640079642306","-80.25386063402038","(336) 731-2540","True","ACTIVE","True","True","","","","","https://stores.foodlion.com/nc/welcome/6455-old-us-hwy-52","official_store_directory","2026-07-31T20:36:01.7808841Z"
"Food Lion","","https://stores.foodlion.com/nc/wesley-chapel/5939-weddington-rd","Food Lion Grocery Store of Wesley Chapel","5939 Weddington Rd","","Wesley Chapel","NC","28104","35.0031786","-80.6998734","(704) 821-2034","True","ACTIVE","True","True","","","","","https://stores.foodlion.com/nc/wesley-chapel/5939-weddington-rd","official_store_directory","2026-07-31T20:36:04.2351243Z"
"Food Lion","","https://stores.foodlion.com/nc/whiteville/36-northfield-ctr","Food Lion Grocery Store of Whiteville-North","36 Northfield Ctr","","Whiteville","NC","28472","34.34489770612449","-78.70803952217102","(910) 641-3858","True","ACTIVE","True","True","","","","","https://stores.foodlion.com/nc/whiteville/36-northfield-ctr","official_store_directory","2026-07-31T20:36:05.7359262Z"
"Food Lion","","https://stores.foodlion.com/nc/whiteville/80-whiteville-center","Food Lion Grocery Store of Whiteville-South","80 Whiteville Center","","Whiteville","NC","28472","34.306394986970766","-78.71925920248032","(910) 642-5252","True","ACTIVE","True","True","","","","","https://stores.foodlion.com/nc/whiteville/80-whiteville-center","official_store_directory","2026-07-31T20:36:07.2442305Z"
"Food Lion","","https://stores.foodlion.com/nc/whitsett/6307-burlington-rd","Food Lion Grocery Store of Whitsett","6307 Burlington Rd","","Whitsett","NC","27377","36.06484793129812","-79.60794746875763","(336) 446-6946","True","ACTIVE","True","True","","","","","https://stores.foodlion.com/nc/whitsett/6307-burlington-rd","official_store_directory","2026-07-31T20:36:08.7867434Z"
"Food Lion","","https://stores.foodlion.com/nc/whittier/16-cherokee-crossing-rd","Food Lion Grocery Store of Cherokee","16 Cherokee Crossing Rd","","Whittier","NC","28789","35.46321700951409","-83.314670836194","(828) 497-4743","True","ACTIVE","True","True","","","","","https://stores.foodlion.com/nc/whittier/16-cherokee-crossing-rd","official_store_directory","2026-07-31T20:36:10.2759341Z"
"Food Lion","","https://stores.foodlion.com/nc/wilkesboro/1300-westwood-lane","Food Lion Grocery Store of Moravian Falls","1300 Westwood Lane","","Wilkesboro","NC","28697","36.13261945620746","-81.16657644510269","(336) 667-1487","True","ACTIVE","True","True","","","","","https://stores.foodlion.com/nc/wilkesboro/1300-westwood-lane","official_store_directory","2026-07-31T20:36:11.7753417Z"
"Food Lion","","https://stores.foodlion.com/nc/wilmington/1319-military-cutoff","Food Lion Grocery Store of Landfall","1319 Military Cutoff","","Wilmington","NC","28405","34.23107961099657","-77.82745957374573","(910) 256-3137","True","ACTIVE","True","True","","","","","https://stores.foodlion.com/nc/wilmington/1319-military-cutoff","official_store_directory","2026-07-31T20:36:14.2091068Z"
"Food Lion","","https://stores.foodlion.com/nc/wilmington/1929-oleander-drive","Food Lion Grocery Store of Dawson Street","1929 Oleander Drive","","Wilmington","NC","28403","34.225307039802885","-77.92192429304123","(910) 762-3269","True","ACTIVE","True","True","","","","","https://stores.foodlion.com/nc/wilmington/1929-oleander-drive","official_store_directory","2026-07-31T20:36:15.6762765Z"
"Food Lion","","https://stores.foodlion.com/nc/wilmington/2601-a-castle-hayne-road","Food Lion Grocery Store of Wrightsboro","2601 A Castle Hayne Road","","Wilmington","NC","28401","34.28867496805263","-77.92325735092163","(910) 251-7885","True","ACTIVE","True","True","","","","","https://stores.foodlion.com/nc/wilmington/2601-a-castle-hayne-road","official_store_directory","2026-07-31T20:36:18.1955666Z"
"Food Lion","","https://stores.foodlion.com/nc/wilmington/3211-enterprise-drive","Food Lion Grocery Store of Northchase","3211 Enterprise Drive","","Wilmington","NC","28405","34.31012597376492","-77.87710189819336","(910) 790-9938","True","ACTIVE","True","True","","","","","https://stores.foodlion.com/nc/wilmington/3211-enterprise-drive","official_store_directory","2026-07-31T20:36:19.6548125Z"
"Food Lion","","https://stores.foodlion.com/nc/wilmington/3905-independence-blvd","Food Lion Grocery Store of Independence","3905 Independence Blvd","","Wilmington","NC","28412","34.176056676658696","-77.92308032512665","(910) 791-0339","True","ACTIVE","True","True","","","","","https://stores.foodlion.com/nc/wilmington/3905-independence-blvd","official_store_directory","2026-07-31T20:36:22.1067379Z"
"Food Lion","","https://stores.foodlion.com/nc/wilmington/6932-market-st","Food Lion Grocery Store of Ogden","6932 Market St","","Wilmington","NC","28411","34.26198859118609","-77.82698484492376","(910) 793-1635","True","ACTIVE","True","True","","","","","https://stores.foodlion.com/nc/wilmington/6932-market-st","official_store_directory","2026-07-31T20:36:25.5516882Z"
"Food Lion","","https://stores.foodlion.com/nc/wilson/2021-lipscombe-road","Food Lion Grocery Store of Lipscomb Road","2021 Lipscombe Road","","Wilson","NC","27893","35.71152604293176","-77.8816831111908","(252) 291-7182","True","ACTIVE","True","True","","","","","https://stores.foodlion.com/nc/wilson/2021-lipscombe-road","official_store_directory","2026-07-31T20:36:28.0860716Z"
"Food Lion","","https://stores.foodlion.com/nc/wilson/2801-ward-blvd","Food Lion Grocery Store of Brentwood","2801 Ward Blvd","","Wilson","NC","27893","35.755435465711756","-77.9289042958579","(252) 291-9656","True","ACTIVE","True","True","","","","","https://stores.foodlion.com/nc/wilson/2801-ward-blvd","official_store_directory","2026-07-31T20:36:30.7122983Z"
"Food Lion","","https://stores.foodlion.com/nc/wilson/3711-peppermill-dr","Food Lion Grocery Store of Peppermill","3711 Peppermill Dr","","Wilson","NC","27893","35.770431421058866","-77.93815148196738","(252) 234-1630","True","ACTIVE","True","True","","","","","https://stores.foodlion.com/nc/wilson/3711-peppermill-dr","official_store_directory","2026-07-31T20:36:32.1962822Z"
"Food Lion","","https://stores.foodlion.com/nc/windsor/117-us-hwy-13-bypass","Food Lion Grocery Store of Windsor","117 US Hwy 13 Bypass","","Windsor","NC","27983","36.00770680751249","-76.95594361737734","(252) 794-3020","True","ACTIVE","True","True","","","","","https://stores.foodlion.com/nc/windsor/117-us-hwy-13-bypass","official_store_directory","2026-07-31T20:36:33.6841576Z"
"Food Lion","","https://stores.foodlion.com/nc/wingate/3814-hwy-74-e","Food Lion Grocery Store of Wingate","3814 Hwy 74 E","","Wingate","NC","28174","34.98077495480139","-80.45262336730957","(704) 233-5122","True","ACTIVE","True","True","","","","","https://stores.foodlion.com/nc/wingate/3814-hwy-74-e","official_store_directory","2026-07-31T20:36:35.1832453Z"
"Food Lion","","https://stores.foodlion.com/nc/winston-salem/1000-waughtown-st","Food Lion Grocery Store of 1000 Waughtown St","1000 Waughtown St","","Winston-Salem","NC","27102","36.068462077157406","-80.21938099527688","(336) 771-1061","True","ACTIVE","True","True","","","","","https://stores.foodlion.com/nc/winston-salem/1000-waughtown-st","official_store_directory","2026-07-31T20:36:36.7254326Z"
"Food Lion","","https://stores.foodlion.com/nc/winston-salem/10478-n-nc-hwy-109","Food Lion Grocery Store of Wallburg","10478 N NC Hwy 109","","Winston-Salem","NC","27107","36.02541067000556","-80.16359315335357","(336) 769-9521","True","ACTIVE","True","True","","","","","https://stores.foodlion.com/nc/winston-salem/10478-n-nc-hwy-109","official_store_directory","2026-07-31T20:36:38.1235713Z"
"Food Lion","","https://stores.foodlion.com/nc/winston-salem/12201-n-nc-hwy-150","Food Lion Grocery Store of Hickory Tree Crossing","12201 N NC Hwy 150","","Winston-Salem","NC","27127","35.99431688023163","-80.27024224494134","(336) 764-9946","True","ACTIVE","True","True","","","","","https://stores.foodlion.com/nc/winston-salem/12201-n-nc-hwy-150","official_store_directory","2026-07-31T20:36:39.4912303Z"
"Food Lion","","https://stores.foodlion.com/nc/winston-salem/1415-s-hawthorne-rd","Food Lion Grocery Store of Winston Salem","1415 S Hawthorne Rd","","Winston-Salem","NC","27103","36.07712963803842","-80.28557270765305","(336) 723-4317","True","ACTIVE","True","True","","","","","https://stores.foodlion.com/nc/winston-salem/1415-s-hawthorne-rd","official_store_directory","2026-07-31T20:36:41.0796890Z"
"Food Lion","","https://stores.foodlion.com/nc/winston-salem/1499-new-walkertown-rd","Food Lion Grocery Store of East Winston","1499 New Walkertown Rd","","Winston-Salem","NC","27101","36.10283371230013","-80.22541880607605","(336) 724-0395","True","ACTIVE","True","True","","","","","https://stores.foodlion.com/nc/winston-salem/1499-new-walkertown-rd","official_store_directory","2026-07-31T20:36:42.6254415Z"
"Food Lion","","https://stores.foodlion.com/nc/winston-salem/2530-somerset-center-dr","Food Lion Grocery Store of Shoppes at Somerset","2530 Somerset Center Dr","","Winston-Salem","NC","27103","36.048858244001984","-80.32923638820648","(336) 765-6324","True","ACTIVE","True","True","","","","","https://stores.foodlion.com/nc/winston-salem/2530-somerset-center-dr","official_store_directory","2026-07-31T20:36:44.1023967Z"
"Food Lion","","https://stores.foodlion.com/nc/winston-salem/3197-peters-creek-pkwy","Food Lion Grocery Store of South Park","3197 Peters Creek Pkwy","","Winston-Salem","NC","27127","36.042605900327956","-80.25822758674616","(336) 788-8098","True","ACTIVE","True","True","","","","","https://stores.foodlion.com/nc/winston-salem/3197-peters-creek-pkwy","official_store_directory","2026-07-31T20:36:45.5915953Z"
"Food Lion","","https://stores.foodlion.com/nc/winston-salem/3505-patterson-ave","Food Lion Grocery Store of Northside","3505 Patterson Ave","","Winston-Salem","NC","27105","36.13482688249781","-80.24036139249802","(336) 744-7507","True","ACTIVE","True","True","","","","","https://stores.foodlion.com/nc/winston-salem/3505-patterson-ave","official_store_directory","2026-07-31T20:36:47.0404053Z"
"Food Lion","","https://stores.foodlion.com/nc/winston-salem/3800-reynolda-rd","Food Lion Grocery Store of Old Town","3800 Reynolda Rd","","Winston-Salem","NC","27106","36.16128631037126","-80.32683185654582","(336) 922-6261","True","ACTIVE","True","True","","","","","https://stores.foodlion.com/nc/winston-salem/3800-reynolda-rd","official_store_directory","2026-07-31T20:36:48.4967787Z"
"Food Lion","","https://stores.foodlion.com/nc/winston-salem/4826-country-club-road","Food Lion Grocery Store of Vineyard Plaza","4826 Country Club Road","","Winston-Salem","NC","27102","36.0807078645947","-80.34168392417996","(336) 760-2471","True","ACTIVE","True","True","","","","","https://stores.foodlion.com/nc/winston-salem/4826-country-club-road","official_store_directory","2026-07-31T20:36:49.9290936Z"
"Food Lion","","https://stores.foodlion.com/nc/winston-salem/7760-n-point-blvd","Food Lion Grocery Store of North Point","7760 N Point Blvd","","Winston-Salem","NC","27106","36.152582598853535","-80.28220787644392","(336) 759-0400","True","ACTIVE","True","True","","","","","https://stores.foodlion.com/nc/winston-salem/7760-n-point-blvd","official_store_directory","2026-07-31T20:36:51.3643111Z"
"Food Lion","","https://stores.foodlion.com/nc/winterville/4822-old-tar-road","Food Lion Grocery Store of Winterville","4822 Old Tar Road","","Winterville","NC","28590","35.530925297215916","-77.38600552082062","(252) 321-2368","True","ACTIVE","True","True","","","","","https://stores.foodlion.com/nc/winterville/4822-old-tar-road","official_store_directory","2026-07-31T20:36:52.7925551Z"
"Food Lion","","https://stores.foodlion.com/nc/yadkinville/616-s-state-st","Food Lion Grocery Store of Yadkinville","616 S State St","","Yadkinville","NC","27055","36.12463840977873","-80.66124558448792","(336) 679-4008","True","ACTIVE","True","True","","","","","https://stores.foodlion.com/nc/yadkinville/616-s-state-st","official_store_directory","2026-07-31T20:36:54.2936886Z"
"Food Lion","","https://stores.foodlion.com/nc/yanceyville/1979-nc-hwy-86-n","Food Lion Grocery Store of Yanceyville","1979 NC Hwy 86 N","","Yanceyville","NC","27379","36.41612824737495","-79.34999406337744","(336) 694-5518","True","ACTIVE","True","True","","","","","https://stores.foodlion.com/nc/yanceyville/1979-nc-hwy-86-n","official_store_directory","2026-07-31T20:36:55.7405398Z"
"Food Lion","","https://stores.foodlion.com/nc/youngsville/1160-us-1-north","Food Lion Grocery Store of Youngsville","1160 US 1 North","","Youngsville","NC","27596","36.039131438557824","-78.49678337574","(919) 554-1639","True","ACTIVE","True","True","","","","","https://stores.foodlion.com/nc/youngsville/1160-us-1-north","official_store_directory","2026-07-31T20:36:57.1457216Z"
"Food Lion","","https://stores.foodlion.com/nc/zebulon/114-wakelon-street","Food Lion Grocery Store of Zebulon","114 Wakelon Street","","Zebulon","NC","27597","35.832131769494765","-78.31822872161865","(919) 269-6122","True","ACTIVE","True","True","","","","","https://stores.foodlion.com/nc/zebulon/114-wakelon-street","official_store_directory","2026-07-31T20:36:58.6673401Z"
"Food Lion","","https://stores.foodlion.com/pa/hanover/3744-centennial-road","Food Lion Grocery Store of Mc Sherrystown","3744 Centennial Road","","Hanover","PA","17331","39.80077186069727","-77.03166961669922","(717) 646-0109","True","ACTIVE","True","True","","","","","https://stores.foodlion.com/pa/hanover/3744-centennial-road","official_store_directory","2026-07-31T20:37:00.4968340Z"
"Food Lion","","https://stores.foodlion.com/pa/meyersdale/7280-mason-dixon-highway","Food Lion Grocery Store of Meyersdale","7280 Mason Dixon Highway","","Meyersdale","PA","15552","39.7963659988464","-79.03975903987879","(814) 634-0238","True","ACTIVE","True","True","","","","","https://stores.foodlion.com/pa/meyersdale/7280-mason-dixon-highway","official_store_directory","2026-07-31T20:37:03.1738839Z"
"Food Lion","","https://stores.foodlion.com/sc/aiken/1520-richland-ave-west","Food Lion Grocery Store of Aiken","1520 Richland Ave West","","Aiken","SC","29801","33.56644971852165","-81.74033313989639","(803) 649-3911","True","ACTIVE","True","True","","","","","https://stores.foodlion.com/sc/aiken/1520-richland-ave-west","official_store_directory","2026-07-31T20:37:05.2040001Z"
"Food Lion","","https://stores.foodlion.com/sc/aiken/786-silver-bluff-rd-sw","Food Lion Grocery Store of Centre South","786 Silver Bluff Rd SW","","Aiken","SC","29803","33.514675288814814","-81.73525571823126","(803) 648-9726","True","ACTIVE","True","True","","","","","https://stores.foodlion.com/sc/aiken/786-silver-bluff-rd-sw","official_store_directory","2026-07-31T20:37:06.9832868Z"
"Food Lion","","https://stores.foodlion.com/sc/anderson/3750-hwy-81-north","Food Lion Grocery Store of Northside Village","3750 Hwy 81 North","","Anderson","SC","29621","34.598105718297965","-82.61424243450165","(864) 224-4036","True","ACTIVE","True","True","","","","","https://stores.foodlion.com/sc/anderson/3750-hwy-81-north","official_store_directory","2026-07-31T20:37:09.9544486Z"
"Food Lion","","https://stores.foodlion.com/sc/anderson/4405-hwy-24","Food Lion Grocery Store of Anderson","4405 Hwy 24","","Anderson","SC","29626","34.51090456805071","-82.7624052130121","(864) 226-7776","True","ACTIVE","True","True","","","","","https://stores.foodlion.com/sc/anderson/4405-hwy-24","official_store_directory","2026-07-31T20:37:11.7216192Z"
"Food Lion","","https://stores.foodlion.com/sc/andrews/415-brooks-road","Food Lion Grocery Store of Andrews","415 Brooks Road","","Andrews","SC","29510","33.44818762201539","-79.55150842666626","(843) 264-5132","True","ACTIVE","True","True","","","","","https://stores.foodlion.com/sc/andrews/415-brooks-road","official_store_directory","2026-07-31T20:37:13.4562803Z"
"Food Lion","","https://stores.foodlion.com/sc/ballentine/1339-dutch-fork-road","Food Lion Grocery Store of Ballentine","1339 Dutch Fork Road","","Ballentine","SC","29002","34.12294718382203","-81.23551694679918","(803) 749-1600","True","ACTIVE","True","True","","","","","https://stores.foodlion.com/sc/ballentine/1339-dutch-fork-road","official_store_directory","2026-07-31T20:37:15.0869683Z"
"Food Lion","","https://stores.foodlion.com/sc/beaufort/10-sams-point-road","Food Lion Grocery Store of Lady’s Island","10 Sams Point Road","","Beaufort","SC","29907","32.41386640087262","-80.64617661838531","(843) 521-4525","True","ACTIVE","True","True","","","","","https://stores.foodlion.com/sc/beaufort/10-sams-point-road","official_store_directory","2026-07-31T20:37:16.5493219Z"
"Food Lion","","https://stores.foodlion.com/sc/beaufort/2127-boundary-street","Food Lion Grocery Store of Beaufort","2127 Boundary Street","","Beaufort","SC","29902","32.44348192250453","-80.69279592713278","(843) 524-2771","True","ACTIVE","True","True","","","","","https://stores.foodlion.com/sc/beaufort/2127-boundary-street","official_store_directory","2026-07-31T20:37:18.0513172Z"
"Food Lion","","https://stores.foodlion.com/sc/beaufort/313-laurel-bay-rd","Food Lion Grocery Store of Laurel Bay","313 Laurel Bay Rd","","Beaufort","SC","29906","32.45253407114826","-80.76972684374304","(843) 846-9994","True","ACTIVE","True","True","","","","","https://stores.foodlion.com/sc/beaufort/313-laurel-bay-rd","official_store_directory","2026-07-31T20:37:19.5054205Z"
"Food Lion","","https://stores.foodlion.com/sc/bennettsville/216-hwy15-401-bypass-east","Food Lion Grocery Store of Bennettsville","216 Hwy15 401 Bypass East","","Bennettsville","SC","29512","34.60802289680889","-79.6740934252739","(843) 479-4155","True","ACTIVE","True","True","","","","","https://stores.foodlion.com/sc/bennettsville/216-hwy15-401-bypass-east","official_store_directory","2026-07-31T20:37:22.1060560Z"
"Food Lion","","https://stores.foodlion.com/sc/bishopville/517-s.-main","Food Lion Grocery Store of Bishopville","517 S. Main","","Bishopville","SC","29010","34.211034694233895","-80.25626957416534","(803) 484-9477","True","ACTIVE","True","True","","","","","https://stores.foodlion.com/sc/bishopville/517-s.-main","official_store_directory","2026-07-31T20:37:23.6330010Z"
"Food Lion","","https://stores.foodlion.com/sc/blacksburg/1130-w-cherokee-street","Food Lion Grocery Store of Blacksburg","1130 W Cherokee Street","","Blacksburg","SC","29702","35.11380926588865","-81.53221249580383","(864) 839-3590","True","ACTIVE","True","True","","","","","https://stores.foodlion.com/sc/blacksburg/1130-w-cherokee-street","official_store_directory","2026-07-31T20:37:25.1973373Z"
"Food Lion","","https://stores.foodlion.com/sc/blythewood/740-university-village-dr","Food Lion Grocery Store of Blythewood","740 University Village Dr","","Blythewood","SC","29016","34.216011991857215","-80.98581433296204","(803) 691-4807","True","ACTIVE","True","True","","","","","https://stores.foodlion.com/sc/blythewood/740-university-village-dr","official_store_directory","2026-07-31T20:37:28.8065902Z"
"Food Lion","","https://stores.foodlion.com/sc/camden/2529-broad-street","Food Lion Grocery Store of Camden","2529 Broad Street","","Camden","SC","29020","34.27462392868549","-80.61048746109009","(803) 432-2478","True","ACTIVE","True","True","","","","","https://stores.foodlion.com/sc/camden/2529-broad-street","official_store_directory","2026-07-31T20:37:30.2481764Z"
"Food Lion","","https://stores.foodlion.com/sc/chapin/140-amicks-ferry-rd","Food Lion Grocery Store of Town of Chapin","140 Amicks Ferry Rd","","Chapin","SC","29036","34.16406861009605","-81.35618448257446","(803) 932-9935","True","ACTIVE","True","True","","","","","https://stores.foodlion.com/sc/chapin/140-amicks-ferry-rd","official_store_directory","2026-07-31T20:37:33.8053053Z"
"Food Lion","","https://stores.foodlion.com/sc/charleston/1015-king-street","Food Lion Grocery Store of Downtown Charleston","1015 King Street","","Charleston","SC","29401","32.80389822629869","-79.95249046945901","(843) 577-8990","True","ACTIVE","True","True","","","","","https://stores.foodlion.com/sc/charleston/1015-king-street","official_store_directory","2026-07-31T20:37:35.3582844Z"
"Food Lion","","https://stores.foodlion.com/sc/charleston/1291-folly-road","Food Lion Grocery Store of Folly Beach","1291 Folly Road","","Charleston","SC","29412","32.717304613214836","-79.9683827161789","(843) 762-6023","True","ACTIVE","True","True","","","","","https://stores.foodlion.com/sc/charleston/1291-folly-road","official_store_directory","2026-07-31T20:37:37.0801841Z"
"Food Lion","","https://stores.foodlion.com/sc/charleston/2144-savannah-hwy","Food Lion Grocery Store of Savannah Highway","2144 Savannah Hwy","","Charleston","SC","29414","32.792803364942074","-80.03678709268576","(843) 573-2230","True","ACTIVE","True","True","","","","","https://stores.foodlion.com/sc/charleston/2144-savannah-hwy","official_store_directory","2026-07-31T20:37:38.7241399Z"
"Food Lion","","https://stores.foodlion.com/sc/charleston/2245-f-ashley-crossing","Food Lion Grocery Store of West Ashley","2245 F Ashley Crossing","","Charleston","SC","29414","32.813862563254425","-80.04095256328583","(843) 556-8336","True","ACTIVE","True","True","","","","","https://stores.foodlion.com/sc/charleston/2245-f-ashley-crossing","official_store_directory","2026-07-31T20:37:40.2054413Z"
"Food Lion","","https://stores.foodlion.com/sc/chester/1436-j-a-cochran-bypass","Food Lion Grocery Store of Chester","1436 J A Cochran Bypass","","Chester","SC","29706","34.69247962119346","-81.19566001278122","(803) 581-6310","True","ACTIVE","True","True","","","","","https://stores.foodlion.com/sc/chester/1436-j-a-cochran-bypass","official_store_directory","2026-07-31T20:37:42.6456294Z"
"Food Lion","","https://stores.foodlion.com/sc/clinton/927-south-broad-street","Food Lion Grocery Store of Clinton","927 South Broad Street","","Clinton","SC","29325","34.45583169533658","-81.87850929036259","(864) 833-7339","True","ACTIVE","True","True","","","","","https://stores.foodlion.com/sc/clinton/927-south-broad-street","official_store_directory","2026-07-31T20:37:44.1777568Z"
"Food Lion","","https://stores.foodlion.com/sc/clover/5233-hwy-557","Food Lion Grocery Store of Lake Wylie","5233 Hwy 557","","Clover","SC","29710","35.11839914520119","-81.08591169118881","(803) 631-4226","True","ACTIVE","True","True","","","","","https://stores.foodlion.com/sc/clover/5233-hwy-557","official_store_directory","2026-07-31T20:37:45.6125775Z"
"Food Lion","","https://stores.foodlion.com/sc/clover/5235-hwy-557","Food Lion Grocery Store of 5235 HWY 557","5235 Hwy 557","","Clover","SC","29710","35.1186845","-81.0855017","","True","ACTIVE","True","True","","","","","https://stores.foodlion.com/sc/clover/5235-hwy-557","official_store_directory","2026-07-31T20:37:47.0724274Z"
"Food Lion","","https://stores.foodlion.com/sc/clover/845-bethel-street","Food Lion Grocery Store of Clover","845 Bethel Street","","Clover","SC","29710","35.10872323722352","-81.21200501918787","(803) 222-7300","True","ACTIVE","True","True","","","","","https://stores.foodlion.com/sc/clover/845-bethel-street","official_store_directory","2026-07-31T20:37:48.4613285Z"
"Food Lion","","https://stores.foodlion.com/sc/columbia/1001-harden-street","Food Lion Grocery Store of Five Points Community","1001 Harden Street","","Columbia","SC","29205","34.00323835210494","-81.01884573698044","(803) 748-8104","True","ACTIVE","True","True","","","","","https://stores.foodlion.com/sc/columbia/1001-harden-street","official_store_directory","2026-07-31T20:37:49.8723032Z"
"Food Lion","","https://stores.foodlion.com/sc/columbia/1013-broad-river-road","Food Lion Grocery Store of Earlwood","1013 Broad River Road","","Columbia","SC","29210","34.02458747274817","-81.0812258720398","(803) 798-2435","True","ACTIVE","True","True","","","","","https://stores.foodlion.com/sc/columbia/1013-broad-river-road","official_store_directory","2026-07-31T20:37:51.3543994Z"
"Food Lion","","https://stores.foodlion.com/sc/columbia/2900-leesburg-rd","Food Lion Grocery Store of Leesburg","2900 Leesburg Rd","","Columbia","SC","29209","33.98204177659009","-80.9019148349762","(803) 783-4673","True","ACTIVE","True","True","","","","","https://stores.foodlion.com/sc/columbia/2900-leesburg-rd","official_store_directory","2026-07-31T20:37:53.8927304Z"
"Food Lion","","https://stores.foodlion.com/sc/columbia/3912-two-notch-road","Food Lion Grocery Store of Forest Acres Community","3912 Two Notch Road","","Columbia","SC","29204","34.04150287891551","-80.99120825529099","(803) 714-1739","True","ACTIVE","True","True","","","","","https://stores.foodlion.com/sc/columbia/3912-two-notch-road","official_store_directory","2026-07-31T20:37:55.3175692Z"
"Food Lion","","https://stores.foodlion.com/sc/columbia/4464-devine-st","Food Lion Grocery Store of 4464 Devine ST","4464 Devine St","","Columbia","SC","29205","33.9904904","-80.9773508","","True","ACTIVE","True","True","","","","","https://stores.foodlion.com/sc/columbia/4464-devine-st","official_store_directory","2026-07-31T20:37:56.8259731Z"
"Food Lion","","https://stores.foodlion.com/sc/columbia/4760-hardscrabble-road","Food Lion Grocery Store of Summit Community","4760 Hardscrabble Road","","Columbia","SC","29229","34.160053714102105","-80.90853720903397","(803) 462-9403","True","ACTIVE","True","True","","","","","https://stores.foodlion.com/sc/columbia/4760-hardscrabble-road","official_store_directory","2026-07-31T20:37:58.1999554Z"
"Food Lion","","https://stores.foodlion.com/sc/columbia/5118-fairfield-road","Food Lion Grocery Store of Eau Claire Community","5118 Fairfield Road","","Columbia","SC","29203","34.052739423152154","-81.02691918611521","(803) 754-5141","True","ACTIVE","True","True","","","","","https://stores.foodlion.com/sc/columbia/5118-fairfield-road","official_store_directory","2026-07-31T20:37:59.6819608Z"
"Food Lion","","https://stores.foodlion.com/sc/columbia/7830-garners-ferry-road","Food Lion Grocery Store of Columbia","7830 Garners Ferry Road","","Columbia","SC","29209","33.95710413301517","-80.92559936193908","(803) 647-7114","True","ACTIVE","True","True","","","","","https://stores.foodlion.com/sc/columbia/7830-garners-ferry-road","official_store_directory","2026-07-31T20:38:02.1949100Z"
"Food Lion","","https://stores.foodlion.com/sc/columbia/9003-two-notch-road","Food Lion Grocery Store of Northeast Columbia","9003 Two Notch Road","","Columbia","SC","29223","34.091858309776214","-80.92819415350223","(803) 462-2001","True","ACTIVE","True","True","","","","","https://stores.foodlion.com/sc/columbia/9003-two-notch-road","official_store_directory","2026-07-31T20:38:03.7983389Z"
"Food Lion","","https://stores.foodlion.com/sc/conway/1903-hwy-544","Food Lion Grocery Store of Myrtle Ridge Shopping Center","1903 Hwy 544","","Conway","SC","29526","33.765702892284786","-79.01852667331696","(843) 347-8652","True","ACTIVE","True","True","","","","","https://stores.foodlion.com/sc/conway/1903-hwy-544","official_store_directory","2026-07-31T20:38:05.1675234Z"
"Food Lion","","https://stores.foodlion.com/sc/conway/2290-hwy-501-east","Food Lion Grocery Store of University Shoppes","2290 Hwy 501 East","","Conway","SC","29526","33.79052551944941","-78.9997243881225","(843) 347-9915","True","ACTIVE","True","True","","","","","https://stores.foodlion.com/sc/conway/2290-hwy-501-east","official_store_directory","2026-07-31T20:38:06.7056693Z"
"Food Lion","","https://stores.foodlion.com/sc/conway/3320-4th-ave","Food Lion Grocery Store of Kris Krossing","3320 4Th Ave","","Conway","SC","29527","33.816276906198695","-79.07925456762308","(843) 488-1807","True","ACTIVE","True","True","","","","","https://stores.foodlion.com/sc/conway/3320-4th-ave","official_store_directory","2026-07-31T20:38:09.2895388Z"
"Food Lion","","https://stores.foodlion.com/sc/darlington/110-express-lane","Food Lion Grocery Store of Darlington","110 Express Lane","","Darlington","SC","29532","34.284120826943976","-79.85957354307175","(843) 395-6376","True","ACTIVE","True","True","","","","","https://stores.foodlion.com/sc/darlington/110-express-lane","official_store_directory","2026-07-31T20:38:10.7932430Z"
"Food Lion","","https://stores.foodlion.com/sc/elgin/10508-two-notch-road","Food Lion Grocery Store of 10508 Two Notch Road","10508 Two Notch Road","","Elgin","SC","29045","34.1279703","-80.8609561","(803) 234-2589","True","ACTIVE","True","True","","","","","https://stores.foodlion.com/sc/elgin/10508-two-notch-road","official_store_directory","2026-07-31T20:38:14.3183456Z"
"Food Lion","","https://stores.foodlion.com/sc/elgin/2465-main-street","Food Lion Grocery Store of Elgin","2465 Main Street","","Elgin","SC","29045","34.16961457856347","-80.78970998525625","(803) 438-1613","True","ACTIVE","True","True","","","","","https://stores.foodlion.com/sc/elgin/2465-main-street","official_store_directory","2026-07-31T20:38:15.8033445Z"
"Food Lion","","https://stores.foodlion.com/sc/florence/1307-w.-2nd-loop-road","Food Lion Grocery Store of Florence","1307 W. 2Nd Loop Road","","Florence","SC","29501","34.168154223036034","-79.78902055883736","(843) 665-2406","True","ACTIVE","True","True","","","","","https://stores.foodlion.com/sc/florence/1307-w.-2nd-loop-road","official_store_directory","2026-07-31T20:38:17.2532303Z"
"Food Lion","","https://stores.foodlion.com/sc/florence/1945-w.-palmetto-st","Food Lion Grocery Store of 1945 W. Palmetto St","1945 W. Palmetto St","","Florence","SC","29501","34.18859536885995","-79.80787425889548","(843) 773-3474","True","ACTIVE","True","True","","","","","https://stores.foodlion.com/sc/florence/1945-w.-palmetto-st","official_store_directory","2026-07-31T20:38:18.8414257Z"
"Food Lion","","https://stores.foodlion.com/sc/florence/3208-east-palmetto-street","Food Lion Grocery Store of Eastgate Village Center","3208 East Palmetto Street","","Florence","SC","29501","34.195337760358235","-79.70332666302056","(843) 661-7031","True","ACTIVE","True","True","","","","","https://stores.foodlion.com/sc/florence/3208-east-palmetto-street","official_store_directory","2026-07-31T20:38:20.2199886Z"
"Food Lion","","https://stores.foodlion.com/sc/fort-mill/1046-regent-parkway","Food Lion Grocery Store of Regent Towne Center","1046 Regent Parkway","","Fort Mill","SC","29715","35.07589119031365","-80.9334146976471","(803) 802-9670","True","ACTIVE","True","True","","","","","https://stores.foodlion.com/sc/fort-mill/1046-regent-parkway","official_store_directory","2026-07-31T20:38:23.7172455Z"
"Food Lion","","https://stores.foodlion.com/sc/fort-mill/1360-east-hwy-160","Food Lion Grocery Store of Fort Mill","1360 East Hwy 160","","Fort Mill","SC","29715","35.01014351682463","-80.9141537547111","(803) 547-6499","True","ACTIVE","True","True","","","","","https://stores.foodlion.com/sc/fort-mill/1360-east-hwy-160","official_store_directory","2026-07-31T20:38:25.2790167Z"
"Food Lion","","https://stores.foodlion.com/sc/fort-mill/8175-charlotte-hwy","Food Lion Grocery Store of Indian Land","8175 Charlotte Hwy","","Fort Mill","SC","29707","34.94916660605596","-80.84847986698145","(803) 548-4140","True","ACTIVE","True","True","","","","","https://stores.foodlion.com/sc/fort-mill/8175-charlotte-hwy","official_store_directory","2026-07-31T20:38:26.7060520Z"
"Food Lion","","https://stores.foodlion.com/sc/gaffney/1405-e.-fredrick-st","Food Lion Grocery Store of Gaffney","1405 E. Fredrick St","","Gaffney","SC","29340","35.0602540141858","-81.64037525653833","(864) 487-5107","True","ACTIVE","True","True","","","","","https://stores.foodlion.com/sc/gaffney/1405-e.-fredrick-st","official_store_directory","2026-07-31T20:38:29.0973602Z"
"Food Lion","","https://stores.foodlion.com/sc/gaston/5204-hwy.-321","Food Lion Grocery Store of Gaston","5204 Hwy. 321","","Gaston","SC","29053","33.836767277830376","-81.09314024448395","(803) 739-8734","True","ACTIVE","True","True","","","","","https://stores.foodlion.com/sc/gaston/5204-hwy.-321","official_store_directory","2026-07-31T20:38:30.5666453Z"
"Food Lion","","https://stores.foodlion.com/sc/georgetown/1045-n.-fraser-street","Food Lion Grocery Store of Georgetown","1045 N. Fraser Street","","Georgetown","SC","29440","33.38607450200792","-79.28983479738235","(843) 546-2581","True","ACTIVE","True","True","","","","","https://stores.foodlion.com/sc/georgetown/1045-n.-fraser-street","official_store_directory","2026-07-31T20:38:31.9994440Z"
"Food Lion","","https://stores.foodlion.com/sc/goose-creek/1316-redbank-rd","Food Lion Grocery Store of Red Bank Rd","1316 Redbank Rd","","Goose Creek","SC","29445","32.968959467159586","-80.01106202602386","(843) 572-5191","True","ACTIVE","True","True","","","","","https://stores.foodlion.com/sc/goose-creek/1316-redbank-rd","official_store_directory","2026-07-31T20:38:34.5523289Z"
"Food Lion","","https://stores.foodlion.com/sc/goose-creek/142-st.-james-avenue","Food Lion Grocery Store of Goose Creek","142 St. James Avenue","","Goose Creek","SC","29445","33.003329220907524","-80.04079781349182","(843) 797-3800","True","ACTIVE","True","True","","","","","https://stores.foodlion.com/sc/goose-creek/142-st.-james-avenue","official_store_directory","2026-07-31T20:38:35.9517787Z"
"Food Lion","","https://stores.foodlion.com/sc/greenville/6-k-mart-plz","Food Lion Grocery Store of Greenville","6 K Mart Plz","","Greenville","SC","29605","34.81916839803754","-82.42002337899407","(864) 370-2710","True","ACTIVE","True","True","","","","","https://stores.foodlion.com/sc/greenville/6-k-mart-plz","official_store_directory","2026-07-31T20:38:39.3616175Z"
"Food Lion","","https://stores.foodlion.com/sc/greenwood/1605-72-by-pass-east","Food Lion Grocery Store of Coleman Center","1605 72 By Pass East","","Greenwood","SC","29646","34.215351038011725","-82.15868608159731","(864) 943-0183","True","ACTIVE","True","True","","","","","https://stores.foodlion.com/sc/greenwood/1605-72-by-pass-east","official_store_directory","2026-07-31T20:38:40.9342779Z"
"Food Lion","","https://stores.foodlion.com/sc/greenwood/1605-by-pass-72-ne","Food Lion Grocery Store of 1605 By Pass 72 NE","1605 By Pass 72 NE","","Greenwood","SC","29649","34.215396","-82.158648","(864) 943-0151","True","ACTIVE","True","True","","","","","https://stores.foodlion.com/sc/greenwood/1605-by-pass-72-ne","official_store_directory","2026-07-31T20:38:42.3504309Z"
"Food Lion","","https://stores.foodlion.com/sc/hampton/1373-elm-street-w","Food Lion Grocery Store of Hampton","1373 Elm Street W","","Hampton","SC","29924","32.88248556631608","-81.12903761040457","(803) 943-2538","True","ACTIVE","True","True","","","","","https://stores.foodlion.com/sc/hampton/1373-elm-street-w","official_store_directory","2026-07-31T20:38:47.7578326Z"
"Food Lion","","https://stores.foodlion.com/sc/hemingway/304-s.-main-street","Food Lion Grocery Store of Hemingway","304 S. Main Street","","Hemingway","SC","29554","33.7498812366967","-79.44662064313889","(843) 558-9457","True","ACTIVE","True","True","","","","","https://stores.foodlion.com/sc/hemingway/304-s.-main-street","official_store_directory","2026-07-31T20:38:50.2799761Z"
"Food Lion","","https://stores.foodlion.com/sc/irmo/7241-broad-river-rd","Food Lion Grocery Store of Dutch Fork Community","7241 Broad River Rd","","Irmo","SC","29063","34.09460977033215","-81.15922955799755","(803) 781-3959","True","ACTIVE","True","True","","","","","https://stores.foodlion.com/sc/irmo/7241-broad-river-rd","official_store_directory","2026-07-31T20:38:55.6236934Z"
"Food Lion","","https://stores.foodlion.com/sc/johns-island/2770-maybank-hwy","Food Lion Grocery Store of Johns Island","2770 Maybank Hwy","","Johns Island","SC","29455","32.74502575150998","-80.03824353218073","(843) 559-7393","True","ACTIVE","True","True","","","","","https://stores.foodlion.com/sc/johns-island/2770-maybank-hwy","official_store_directory","2026-07-31T20:38:56.9837816Z"
"Food Lion","","https://stores.foodlion.com/sc/kingstree/1319-n.-long-street","Food Lion Grocery Store of Kingstree","1319 N. Long Street","","Kingstree","SC","29556","33.68059676310276","-79.82908782233639","(843) 354-7533","True","ACTIVE","True","True","","","","","https://stores.foodlion.com/sc/kingstree/1319-n.-long-street","official_store_directory","2026-07-31T20:38:58.6033924Z"
"Food Lion","","https://stores.foodlion.com/sc/ladson/650-college-park-rd","Food Lion Grocery Store of College Park","650 College Park Rd","","Ladson","SC","29456","33.01436014986674","-80.08750051545393","(843) 824-2225","True","ACTIVE","True","True","","","","","https://stores.foodlion.com/sc/ladson/650-college-park-rd","official_store_directory","2026-07-31T20:39:01.0119038Z"
"Food Lion","","https://stores.foodlion.com/sc/lancaster/1730-airport-road","Food Lion Grocery Store of South Square","1730 Airport Road","","Lancaster","SC","29720","34.69025093753091","-80.78688293695456","(803) 285-6407","True","ACTIVE","True","True","","","","","https://stores.foodlion.com/sc/lancaster/1730-airport-road","official_store_directory","2026-07-31T20:39:02.4439443Z"
"Food Lion","","https://stores.foodlion.com/sc/lancaster/937-n-main-st","Food Lion Grocery Store of Lancaster","937 N Main St","","Lancaster","SC","29720","34.73151291257045","-80.77476739883423","(803) 286-4903","True","ACTIVE","True","True","","","","","https://stores.foodlion.com/sc/lancaster/937-n-main-st","official_store_directory","2026-07-31T20:39:03.8330557Z"
"Food Lion","","https://stores.foodlion.com/sc/lexington/1856-s-lake-drive","Food Lion Grocery Store of Red Bank Community","1856 S Lake Drive","","Lexington","SC","29073","33.90890345754998","-81.22541069984436","(803) 951-2707","True","ACTIVE","True","True","","","","","https://stores.foodlion.com/sc/lexington/1856-s-lake-drive","official_store_directory","2026-07-31T20:39:05.2277631Z"
"Food Lion","","https://stores.foodlion.com/sc/lexington/744b-w.-main-street","Food Lion Grocery Store of Town of Lexington","744B W. Main Street","","Lexington","SC","29072","33.98618966299692","-81.2511196732521","(803) 359-9225","True","ACTIVE","True","True","","","","","https://stores.foodlion.com/sc/lexington/744b-w.-main-street","official_store_directory","2026-07-31T20:39:06.7652614Z"
"Food Lion","","https://stores.foodlion.com/sc/lexington/918-north-lake-drive","Food Lion Grocery Store of Lake Murray Community","918 North Lake Drive","","Lexington","SC","29072","33.99422242013132","-81.22864007949829","(803) 996-3885","True","ACTIVE","True","True","","","","","https://stores.foodlion.com/sc/lexington/918-north-lake-drive","official_store_directory","2026-07-31T20:39:08.3102231Z"
"Food Lion","","https://stores.foodlion.com/sc/little-river/1699-hwy-17","Food Lion Grocery Store of Little River","1699 Hwy 17","","Little River","SC","29566","33.8787","-78.6112","(843) 249-7830","True","ACTIVE","True","True","","","","","https://stores.foodlion.com/sc/little-river/1699-hwy-17","official_store_directory","2026-07-31T20:39:09.7526552Z"
"Food Lion","","https://stores.foodlion.com/sc/little-river/77-south-hwy-57-2249","Food Lion Grocery Store of 77 South Hwy 57","77 South Hwy 57 2249","","Little River","SC","29566","33.88313468","-78.69091809","(843) 399-1435","True","ACTIVE","True","True","","","","","https://stores.foodlion.com/sc/little-river/77-south-hwy-57-2249","official_store_directory","2026-07-31T20:39:11.3230612Z"
"Food Lion","","https://stores.foodlion.com/sc/little-river/77-south-hwy-57-l-2249","Food Lion Grocery Store of Little River, SC","77 South Hwy 57 L 2249","","Little River","SC","29566","33.882804381050626","-78.69073759852053","(843) 399-1535","True","ACTIVE","True","True","","","","","https://stores.foodlion.com/sc/little-river/77-south-hwy-57-l-2249","official_store_directory","2026-07-31T20:39:12.7941098Z"
"Food Lion","","https://stores.foodlion.com/sc/longs/110-hwy-9-east","Food Lion Grocery Store of Longs","110 Hwy 9 East","","Longs","SC","29568","33.93539582066963","-78.73186558485031","(843) 399-1911","True","ACTIVE","True","True","","","","","https://stores.foodlion.com/sc/longs/110-hwy-9-east","official_store_directory","2026-07-31T20:39:14.3243546Z"
"Food Lion","","https://stores.foodlion.com/sc/lugoff/610-us-hwy","Food Lion Grocery Store of Lugoff","610 US Hwy","","Lugoff","SC","29078","34.24031710264809","-80.6609537885117","(803) 438-6040","True","ACTIVE","True","True","","","","","https://stores.foodlion.com/sc/lugoff/610-us-hwy","official_store_directory","2026-07-31T20:39:16.8636783Z"
"Food Lion","","https://stores.foodlion.com/sc/lyman/300-spartanburg-hwy","Food Lion Grocery Store of Lyman","300 Spartanburg Hwy","","Lyman","SC","29365","34.95468245964809","-82.11732029914856","(864) 949-7085","True","ACTIVE","True","True","","","","","https://stores.foodlion.com/sc/lyman/300-spartanburg-hwy","official_store_directory","2026-07-31T20:39:18.3625613Z"
"Food Lion","","https://stores.foodlion.com/sc/marion/1318-north-main-st","Food Lion Grocery Store of Marion","1318 North Main St","","Marion","SC","29571","34.194450453251456","-79.39537167549139","(843) 275-0121","True","ACTIVE","True","True","","","","","https://stores.foodlion.com/sc/marion/1318-north-main-st","official_store_directory","2026-07-31T20:39:19.9951007Z"
"Food Lion","","https://stores.foodlion.com/sc/mccormick/314-mine-street","Food Lion Grocery Store of McCormick","314 Mine Street","","McCormick","SC","29835","33.90955123096446","-82.29177385568619","(864) 465-2730","True","ACTIVE","True","True","","","","","https://stores.foodlion.com/sc/mccormick/314-mine-street","official_store_directory","2026-07-31T20:39:21.6059271Z"
"Food Lion","","https://stores.foodlion.com/sc/moncks-corner/608-north-hwy-52","Food Lion Grocery Store of Old Moncks Corner","608 North Hwy 52","","Moncks Corner","SC","29461","33.209141649361364","-79.97998058795929","(843) 761-3402","True","ACTIVE","True","True","","","","","https://stores.foodlion.com/sc/moncks-corner/608-north-hwy-52","official_store_directory","2026-07-31T20:39:23.1988741Z"
"Food Lion","","https://stores.foodlion.com/sc/murrells-inlet/760-mink-ave","Food Lion Grocery Store of Murrells Inlet","760 Mink Ave","","Murrells Inlet","SC","29576","33.56673579006509","-79.03693467378616","(843) 651-6236","True","ACTIVE","True","True","","","","","https://stores.foodlion.com/sc/murrells-inlet/760-mink-ave","official_store_directory","2026-07-31T20:39:24.6262174Z"
"Food Lion","","https://stores.foodlion.com/sc/murrells-inlet/901-garden-city-connector","Food Lion Grocery Store of Garden City","901 Garden City Connector","","Murrells Inlet","SC","29576","33.59694675899292","-79.02132421731949","(843) 651-3528","True","ACTIVE","True","True","","","","","https://stores.foodlion.com/sc/murrells-inlet/901-garden-city-connector","official_store_directory","2026-07-31T20:39:26.4735250Z"
"Food Lion","","https://stores.foodlion.com/sc/myrtle-beach/1241-38th-avenue-north","Food Lion Grocery Store of Plantation Pointe","1241 38Th Avenue North","","Myrtle Beach","SC","29577","33.724515923351895","-78.86958401719664","(843) 626-7400","True","ACTIVE","True","True","","","","","https://stores.foodlion.com/sc/myrtle-beach/1241-38th-avenue-north","official_store_directory","2026-07-31T20:39:27.9935901Z"
"Food Lion","","https://stores.foodlion.com/sc/myrtle-beach/1430-south-kings-hwy","Food Lion Grocery Store of Grand Strand Plaza","1430 South Kings Hwy","","Myrtle Beach","SC","29578","33.67788095829551","-78.90373349189758","(843) 445-9892","True","ACTIVE","True","True","","","","","https://stores.foodlion.com/sc/myrtle-beach/1430-south-kings-hwy","official_store_directory","2026-07-31T20:39:29.3936501Z"
"Food Lion","","https://stores.foodlion.com/sc/myrtle-beach/3890-south-kings-hwy","Food Lion Grocery Store of Center South","3890 South Kings Hwy","","Myrtle Beach","SC","29577","33.656856949471475","-78.93438041210175","(843) 238-1551","True","ACTIVE","True","True","","","","","https://stores.foodlion.com/sc/myrtle-beach/3890-south-kings-hwy","official_store_directory","2026-07-31T20:39:31.8951329Z"
"Food Lion","","https://stores.foodlion.com/sc/myrtle-beach/4030-river-oaks-drive","Food Lion Grocery Store of Carolina Forest","4030 River Oaks Drive","","Myrtle Beach","SC","29579","33.753940065279885","-78.86466175317764","(843) 236-2558","True","ACTIVE","True","True","","","","","https://stores.foodlion.com/sc/myrtle-beach/4030-river-oaks-drive","official_store_directory","2026-07-31T20:39:33.3580854Z"
"Food Lion","","https://stores.foodlion.com/sc/myrtle-beach/5413-dick-pond-rd","Food Lion Grocery Store of Socastee","5413 Dick Pond Rd","","Myrtle Beach","SC","29588","33.68111960069283","-79.00172531604761","(843) 650-1699","True","ACTIVE","True","True","","","","","https://stores.foodlion.com/sc/myrtle-beach/5413-dick-pond-rd","official_store_directory","2026-07-31T20:39:35.0096837Z"
"Food Lion","","https://stores.foodlion.com/sc/myrtle-beach/6103-n-kings-hwy","Food Lion Grocery Store of Northside","6103 N Kings Hwy","","Myrtle Beach","SC","29577","33.73631844962126","-78.83292317390442","(843) 449-9681","True","ACTIVE","True","True","","","","","https://stores.foodlion.com/sc/myrtle-beach/6103-n-kings-hwy","official_store_directory","2026-07-31T20:39:36.4322924Z"
"Food Lion","","https://stores.foodlion.com/sc/myrtle-beach/9616-hwy-707","Food Lion Grocery Store of Myrtle Beach","9616 Hwy 707","","Myrtle Beach","SC","29588","33.63185","-79.03467","(843) 650-1270","True","ACTIVE","True","True","","","","","https://stores.foodlion.com/sc/myrtle-beach/9616-hwy-707","official_store_directory","2026-07-31T20:39:38.8817968Z"
"Food Lion","","https://stores.foodlion.com/sc/newberry/1821-wilson-road","Food Lion Grocery Store of Town of Newberry","1821 Wilson Road","","Newberry","SC","29108","34.29107936635725","-81.60485208034521","(803) 276-0070","True","ACTIVE","True","True","","","","","https://stores.foodlion.com/sc/newberry/1821-wilson-road","official_store_directory","2026-07-31T20:39:40.5848556Z"
"Food Lion","","https://stores.foodlion.com/sc/north-augusta/135-market-plaza-drive-2666","Food Lion Grocery Store of North Augusta","135 Market Plaza Drive 2666","","North Augusta","SC","29860","33.57001437046598","-81.93983316421509","(803) 278-2417","True","ACTIVE","True","True","","","","","https://stores.foodlion.com/sc/north-augusta/135-market-plaza-drive-2666","official_store_directory","2026-07-31T20:39:42.1823920Z"
"Food Lion","","https://stores.foodlion.com/sc/north-augusta/135-market-plaza-drive-p-2666","Food Lion Grocery Store of 135 Market Plaza Drive","135 Market Plaza Drive P 2666","","North Augusta","SC","29860","33.570059683779206","-81.93980869432123","(803) 278-2476","True","ACTIVE","True","True","","","","","https://stores.foodlion.com/sc/north-augusta/135-market-plaza-drive-p-2666","official_store_directory","2026-07-31T20:39:43.9268141Z"
"Food Lion","","https://stores.foodlion.com/sc/north-charleston/1213-remount-road","Food Lion Grocery Store of Remount Road","1213 Remount Road","","North Charleston","SC","29406","32.901380213956806","-79.98655200004578","(843) 744-8890","True","ACTIVE","True","True","","","","","https://stores.foodlion.com/sc/north-charleston/1213-remount-road","official_store_directory","2026-07-31T20:39:45.6157635Z"
"Food Lion","","https://stores.foodlion.com/sc/north-charleston/3740-ashley-phosphate-rd","Food Lion Grocery Store of Ashley Phosphate","3740 Ashley Phosphate Rd","","North Charleston","SC","29418","32.925243702841065","-80.08780807256699","(843) 552-3552","True","ACTIVE","True","True","","","","","https://stores.foodlion.com/sc/north-charleston/3740-ashley-phosphate-rd","official_store_directory","2026-07-31T20:39:47.3114779Z"
"Food Lion","","https://stores.foodlion.com/sc/north-charleston/4400-dorchester-rd","Food Lion Grocery Store of Leeds Avenue","4400 Dorchester Rd","","North Charleston","SC","29405","32.855123912663444","-80.01204333035182","(843) 746-9122","True","ACTIVE","True","True","","","","","https://stores.foodlion.com/sc/north-charleston/4400-dorchester-rd","official_store_directory","2026-07-31T20:39:49.0150283Z"
"Food Lion","","https://stores.foodlion.com/sc/orangeburg/1370-chestnut-ne","Food Lion Grocery Store of Orangeburg","1370 Chestnut NE","","Orangeburg","SC","29115","33.51425615230357","-80.86157899809419","(803) 531-0670","True","ACTIVE","True","True","","","","","https://stores.foodlion.com/sc/orangeburg/1370-chestnut-ne","official_store_directory","2026-07-31T20:39:53.9450099Z"
"Food Lion","","https://stores.foodlion.com/sc/pageland/709-east-mcgregor-street","Food Lion Grocery Store of Pageland","709 East Mcgregor Street","","Pageland","SC","29728","34.7747746273525","-80.38192570209503","(843) 672-7677","True","ACTIVE","True","True","","","","","https://stores.foodlion.com/sc/pageland/709-east-mcgregor-street","official_store_directory","2026-07-31T20:39:55.7106567Z"
"Food Lion","","https://stores.foodlion.com/sc/pawleys-island/9380-ocean-hwy","Food Lion Grocery Store of 9380 Ocean Hwy","9380 Ocean Hwy","","Pawleys Island","SC","29585","33.430075885042136","-79.142997264862","(843) 237-4464","True","ACTIVE","True","True","","","","","https://stores.foodlion.com/sc/pawleys-island/9380-ocean-hwy","official_store_directory","2026-07-31T20:39:58.5115844Z"
"Food Lion","","https://stores.foodlion.com/sc/pendleton/7709-highway-76","Food Lion Grocery Store of Pendleton","7709 Highway 76","","Pendleton","SC","29670","34.634241","-82.786053","(864) 646-7754","True","ACTIVE","True","True","","","","","https://stores.foodlion.com/sc/pendleton/7709-highway-76","official_store_directory","2026-07-31T20:40:01.4310195Z"
"Food Lion","","https://stores.foodlion.com/sc/ravenel/6323-savannah-hwy","Food Lion Grocery Store of Ravenel","6323 Savannah Hwy","","Ravenel","SC","29470","32.77483112974044","-80.24881839752197","(843) 889-8317","True","ACTIVE","True","True","","","","","https://stores.foodlion.com/sc/ravenel/6323-savannah-hwy","official_store_directory","2026-07-31T20:40:05.1122013Z"
"Food Lion","","https://stores.foodlion.com/sc/rock-hill/1260-e.-main-street","Food Lion Grocery Store of Rock Hill","1260 E. Main Street","","Rock Hill","SC","29730","34.91461428170276","-81.00235015153885","(803) 324-7504","True","ACTIVE","True","True","","","","","https://stores.foodlion.com/sc/rock-hill/1260-e.-main-street","official_store_directory","2026-07-31T20:40:06.6795019Z"
"Food Lion","","https://stores.foodlion.com/sc/rock-hill/1718-ebenezer-rd","Food Lion Grocery Store of 1718 Ebenezer Rd","1718 Ebenezer Rd","","Rock Hill","SC","29732","34.95815672838043","-81.04573026240881","","True","ACTIVE","True","True","","","","","https://stores.foodlion.com/sc/rock-hill/1718-ebenezer-rd","official_store_directory","2026-07-31T20:40:09.7141959Z"
"Food Lion","","https://stores.foodlion.com/sc/rock-hill/1720-ebenezer-road","Food Lion Grocery Store of Village Square Shopping Center","1720 Ebenezer Road","","Rock Hill","SC","29732","34.95803048308881","-81.04565441608429","(803) 980-8022","True","ACTIVE","True","True","","","","","https://stores.foodlion.com/sc/rock-hill/1720-ebenezer-road","official_store_directory","2026-07-31T20:40:11.4070527Z"
"Food Lion","","https://stores.foodlion.com/sc/rock-hill/2260-cross-pointe-drive","Food Lion Grocery Store of Cross Pointe At The Galleria","2260 Cross Pointe Drive","","Rock Hill","SC","29730","34.938336074540345","-80.96570581197739","(803) 366-9050","True","ACTIVE","True","True","","","","","https://stores.foodlion.com/sc/rock-hill/2260-cross-pointe-drive","official_store_directory","2026-07-31T20:40:14.1456511Z"
"Food Lion","","https://stores.foodlion.com/sc/rock-hill/851-heckle-road","Food Lion Grocery Store of Rock Hill","851 Heckle Road","","Rock Hill","SC","29730","34.93075868915153","-81.05955898761744","(803) 329-2014","True","ACTIVE","True","True","","","","","https://stores.foodlion.com/sc/rock-hill/851-heckle-road","official_store_directory","2026-07-31T20:40:15.7006179Z"
"Food Lion","","https://stores.foodlion.com/sc/roebuck/4825-hwy-221","Food Lion Grocery Store of Roebuck","4825 Hwy 221","","Roebuck","SC","29376","34.86931558509655","-81.9593515992164","(864) 574-6268","True","ACTIVE","True","True","","","","","https://stores.foodlion.com/sc/roebuck/4825-hwy-221","official_store_directory","2026-07-31T20:40:17.3401819Z"
"Food Lion","","https://stores.foodlion.com/sc/seneca/1085-d-old-clemson-hwy","Food Lion Grocery Store of Seneca","1085 D Old Clemson Hwy","","Seneca","SC","29672","34.6969705853987","-82.87718206644058","(864) 654-1741","True","ACTIVE","True","True","","","","","https://stores.foodlion.com/sc/seneca/1085-d-old-clemson-hwy","official_store_directory","2026-07-31T20:40:22.1955990Z"
"Food Lion","","https://stores.foodlion.com/sc/simpsonville/120-sc-hwy-14","Food Lion Grocery Store of Simpsonville","120 SC Hwy 14","","Simpsonville","SC","29681","34.7554786306795","-82.2654595680399","(864) 967-4986","True","ACTIVE","True","True","","","","","https://stores.foodlion.com/sc/simpsonville/120-sc-hwy-14","official_store_directory","2026-07-31T20:40:26.1046478Z"
"Food Lion","","https://stores.foodlion.com/sc/simpsonville/2321-west-georgia-road","Food Lion Grocery Store of 2321 West Georgia Road","2321 West Georgia Road","","Simpsonville","SC","29680","34.7051954","-82.3161196","","True","ACTIVE","True","True","","","","","https://stores.foodlion.com/sc/simpsonville/2321-west-georgia-road","official_store_directory","2026-07-31T20:40:28.1069113Z"
"Food Lion","","https://stores.foodlion.com/sc/summerville/1115-central-ave","Food Lion Grocery Store of Central Avenue","1115 Central Ave","","Summerville","SC","29483","33.01742171254182","-80.20858258008957","(843) 821-3479","True","ACTIVE","True","True","","","","","https://stores.foodlion.com/sc/summerville/1115-central-ave","official_store_directory","2026-07-31T20:40:35.5256808Z"
"Food Lion","","https://stores.foodlion.com/sc/summerville/2915-w.-5th-north-street","Food Lion Grocery Store of Jedburg","2915 W. 5Th North Street","","Summerville","SC","29483","33.05634861183189","-80.24034480779596","(843) 851-7353","True","ACTIVE","True","True","","","","","https://stores.foodlion.com/sc/summerville/2915-w.-5th-north-street","official_store_directory","2026-07-31T20:40:38.3748176Z"
"Food Lion","","https://stores.foodlion.com/sc/sumter/1785-hwy-15-south","Food Lion Grocery Store of Pocalla Crossing","1785 Hwy 15 South","","Sumter","SC","29150","33.86785441814917","-80.35554885864258","(803) 506-4273","True","ACTIVE","True","True","","","","","https://stores.foodlion.com/sc/sumter/1785-hwy-15-south","official_store_directory","2026-07-31T20:40:41.1792000Z"
"Food Lion","","https://stores.foodlion.com/sc/sumter/493-n-guignard-dr","Food Lion Grocery Store of Palmetto Plaza","493 N Guignard Dr","","Sumter","SC","29150","33.93308960565496","-80.36736133435859","(803) 778-5451","True","ACTIVE","True","True","","","","","https://stores.foodlion.com/sc/sumter/493-n-guignard-dr","official_store_directory","2026-07-31T20:40:44.4048597Z"
"Food Lion","","https://stores.foodlion.com/sc/surfside-beach/1610-highway-17s","Food Lion Grocery Store of Surfside Beach Commons","1610 Highway 17S","","Surfside Beach","SC","29575","33.60187454413426","-78.99381387261991","(843) 650-4523","True","ACTIVE","True","True","","","","","https://stores.foodlion.com/sc/surfside-beach/1610-highway-17s","official_store_directory","2026-07-31T20:40:47.3593347Z"
"Food Lion","","https://stores.foodlion.com/sc/surfside-beach/2292-glenns-bay-rd","Food Lion Grocery Store of Glenn's Bay Center","2292 Glenns Bay Rd","","Surfside Beach","SC","29575","33.62189858080455","-79.00189965963364","(843) 650-3016","True","ACTIVE","True","True","","","","","https://stores.foodlion.com/sc/surfside-beach/2292-glenns-bay-rd","official_store_directory","2026-07-31T20:40:49.2720217Z"
"Food Lion","","https://stores.foodlion.com/sc/warrenville/warrenville-shopping-center","Food Lion Grocery Store of Langley","Warrenville Shopping Center","","Warrenville","SC","29851","33.526005085274136","-81.84650710704206","(803) 593-4914","True","ACTIVE","True","True","","","","","https://stores.foodlion.com/sc/warrenville/warrenville-shopping-center","official_store_directory","2026-07-31T20:40:53.0257169Z"
"Food Lion","","https://stores.foodlion.com/sc/west-columbia/2250-sunset-blvd","Food Lion Grocery Store of West Columbia","2250 Sunset Blvd","","West Columbia","SC","29169","34.00153651446275","-81.10116139054298","(803) 794-0413","True","ACTIVE","True","True","","","","","https://stores.foodlion.com/sc/west-columbia/2250-sunset-blvd","official_store_directory","2026-07-31T20:40:54.7598429Z"
"Food Lion","","https://stores.foodlion.com/sc/west-columbia/2916-emanuel-church-rd","Food Lion Grocery Store of Sandy Ridge Square","2916 Emanuel Church Rd","","West Columbia","SC","29170","33.94673939912324","-81.16972198920496","(803) 996-0135","True","ACTIVE","True","True","","","","","https://stores.foodlion.com/sc/west-columbia/2916-emanuel-church-rd","official_store_directory","2026-07-31T20:40:56.5768377Z"
"Food Lion","","https://stores.foodlion.com/sc/winnsboro/1126-us-highway-321-bus-s","Food Lion Grocery Store of Winnsboro","1126 US Highway 321 Bus S","","Winnsboro","SC","29180","34.34953188804097","-81.08757583015634","(803) 712-9776","True","ACTIVE","True","True","","","","","https://stores.foodlion.com/sc/winnsboro/1126-us-highway-321-bus-s","official_store_directory","2026-07-31T20:40:58.3322457Z"
"Food Lion","","https://stores.foodlion.com/tn/antioch/936-richards-road","Food Lion Grocery Store of Antioch","936 Richards Road","","Antioch","TN","37013","36.06800255091198","-86.6813001036644","(615) 333-5993","True","ACTIVE","True","True","","","","","https://stores.foodlion.com/tn/antioch/936-richards-road","official_store_directory","2026-07-31T20:41:03.0543719Z"
"Food Lion","","https://stores.foodlion.com/tn/ashland-city/314-frey-street","Food Lion Grocery Store of Ashland City","314 Frey Street","","Ashland City","TN","37015","36.295863880211776","-87.04799830913544","(615) 792-6493","True","ACTIVE","True","True","","","","","https://stores.foodlion.com/tn/ashland-city/314-frey-street","official_store_directory","2026-07-31T20:41:04.9209989Z"
"Food Lion","","https://stores.foodlion.com/tn/church-hill/701-hwy-11-west","Food Lion Grocery Store of Church Hill","701 Hwy 11 West","","Church Hill","TN","37642","36.51892728623188","-82.71196335554123","(423) 357-3323","True","ACTIVE","True","True","","","","","https://stores.foodlion.com/tn/church-hill/701-hwy-11-west","official_store_directory","2026-07-31T20:41:06.5291025Z"
"Food Lion","","https://stores.foodlion.com/tn/clarksville/1764-hwy-48","Food Lion Grocery Store of Dean Hills Center","1764 Hwy 48","","Clarksville","TN","37040","36.47828599939077","-87.3773118853569","(931) 920-5953","True","ACTIVE","True","True","","","","","https://stores.foodlion.com/tn/clarksville/1764-hwy-48","official_store_directory","2026-07-31T20:41:08.4039216Z"
"Food Lion","","https://stores.foodlion.com/tn/clarksville/2304-madison-street","Food Lion Grocery Store of Clarksville","2304 Madison Street","","Clarksville","TN","37041","36.50679244240043","-87.27082266474099","(931) 553-4177","True","ACTIVE","True","True","","","","","https://stores.foodlion.com/tn/clarksville/2304-madison-street","official_store_directory","2026-07-31T20:41:10.2322959Z"
"Food Lion","","https://stores.foodlion.com/tn/cleveland/125-stuart-road","Food Lion Grocery Store of Cleveland","125 Stuart Road","","Cleveland","TN","37312","35.20099465893751","-84.84353363513952","(423) 476-2941","True","ACTIVE","True","True","","","","","https://stores.foodlion.com/tn/cleveland/125-stuart-road","official_store_directory","2026-07-31T20:41:12.1730027Z"
"Food Lion","","https://stores.foodlion.com/tn/columbia/5021-trotwood-ave","Food Lion Grocery Store of Columbia","5021 Trotwood Ave","","Columbia","TN","38401","35.58808956722478","-87.09772109985352","(931) 380-9183","True","ACTIVE","True","True","","","","","https://stores.foodlion.com/tn/columbia/5021-trotwood-ave","official_store_directory","2026-07-31T20:41:13.8468845Z"
"Food Lion","","https://stores.foodlion.com/tn/east-ridge/4340-ringgold-road","Food Lion Grocery Store of East Ridge","4340 Ringgold Road","","East Ridge","TN","37412","34.994423440416035","-85.2376788854599","(423) 629-0556","True","ACTIVE","True","True","","","","","https://stores.foodlion.com/tn/east-ridge/4340-ringgold-road","official_store_directory","2026-07-31T20:41:17.3251701Z"
"Food Lion","","https://stores.foodlion.com/tn/erwin/915-n.-main-street","Food Lion Grocery Store of Erwin","915 N. Main Street","","Erwin","TN","37650","36.15485","-82.408389","(423) 743-7118","True","ACTIVE","True","True","","","","","https://stores.foodlion.com/tn/erwin/915-n.-main-street","official_store_directory","2026-07-31T20:41:19.1196004Z"
"Food Lion","","https://stores.foodlion.com/tn/johnson-city/3120-bristol-highway","Food Lion Grocery Store of Johnson City","3120 Bristol Highway","","Johnson City","TN","37601","36.362398927251725","-82.3814857006073","(423) 282-1110","True","ACTIVE","True","True","","","","","https://stores.foodlion.com/tn/johnson-city/3120-bristol-highway","official_store_directory","2026-07-31T20:41:21.8923274Z"
"Food Lion","","https://stores.foodlion.com/tn/la-follette/1707-east-central-ave","Food Lion Grocery Store of LaFollette","1707 East Central Ave","","La Follette","TN","37766","36.394024782190364","-84.09462332725525","(423) 562-3405","True","ACTIVE","True","True","","","","","https://stores.foodlion.com/tn/la-follette/1707-east-central-ave","official_store_directory","2026-07-31T20:41:23.7821130Z"
"Food Lion","","https://stores.foodlion.com/tn/livingston/400-market-sq-plaza","Food Lion Grocery Store of Livingston","400 Market Sq Plaza","","Livingston","TN","38570","36.39646663999174","-85.32153010368347","(931) 823-8990","True","ACTIVE","True","True","","","","","https://stores.foodlion.com/tn/livingston/400-market-sq-plaza","official_store_directory","2026-07-31T20:41:25.6720668Z"
"Food Lion","","https://stores.foodlion.com/tn/loudon/101-cheeyo-way","Food Lion Grocery Store of Tellico Village","101 Cheeyo Way","","Loudon","TN","37774","35.66252650172267","-84.28891181945795","(865) 408-1703","True","ACTIVE","True","True","","","","","https://stores.foodlion.com/tn/loudon/101-cheeyo-way","official_store_directory","2026-07-31T20:41:27.3233571Z"
"Food Lion","","https://stores.foodlion.com/tn/maryville/1707-e.-lamar-alexander-pkwy","Food Lion Grocery Store of Maryville","1707 E. Lamar Alexander Pkwy","","Maryville","TN","37804","35.756523223000706","-83.94797086715698","(865) 977-1733","True","ACTIVE","True","True","","","","","https://stores.foodlion.com/tn/maryville/1707-e.-lamar-alexander-pkwy","official_store_directory","2026-07-31T20:41:29.9982064Z"
"Food Lion","","https://stores.foodlion.com/tn/maryville/2917-old-knoxville-hwy","Food Lion Grocery Store of Clark's Grove Shopping Center","2917 Old Knoxville Hwy","","Maryville","TN","37804","35.80172121273239","-83.94475758075714","(865) 982-3773","True","ACTIVE","True","True","","","","","https://stores.foodlion.com/tn/maryville/2917-old-knoxville-hwy","official_store_directory","2026-07-31T20:41:31.5705002Z"
"Food Lion","","https://stores.foodlion.com/tn/nashville/3636-bell-rd","Food Lion Grocery Store of Stewarts Ferry","3636 Bell Rd","","Nashville","TN","37214","36.150495874347705","-86.62724286317825","(615) 871-0280","True","ACTIVE","True","True","","","","","https://stores.foodlion.com/tn/nashville/3636-bell-rd","official_store_directory","2026-07-31T20:41:34.1769036Z"
"Food Lion","","https://stores.foodlion.com/tn/smyrna/11459-old-nashville-hwy","Food Lion Grocery Store of Smyrna","11459 Old Nashville Hwy","","Smyrna","TN","37167","35.9567709296582","-86.51956021785736","(615) 220-0872","True","ACTIVE","True","True","","","","","https://stores.foodlion.com/tn/smyrna/11459-old-nashville-hwy","official_store_directory","2026-07-31T20:41:38.8645877Z"
"Food Lion","","https://stores.foodlion.com/tn/spring-hill/5341-main-street","Food Lion Grocery Store of Spring Hill","5341 Main Street","","Spring Hill","TN","37174","35.74499494166949","-86.94046586751938","(931) 486-0806","True","ACTIVE","True","True","","","","","https://stores.foodlion.com/tn/spring-hill/5341-main-street","official_store_directory","2026-07-31T20:41:40.5134884Z"
"Food Lion","","https://stores.foodlion.com/tn/tullahoma/411-w.-lincoln-street","Food Lion Grocery Store of Tullahoma","411 W. Lincoln Street","","Tullahoma","TN","37388","35.35733745535573","-86.21470838785172","(931) 455-9145","True","ACTIVE","True","True","","","","","https://stores.foodlion.com/tn/tullahoma/411-w.-lincoln-street","official_store_directory","2026-07-31T20:41:42.1681388Z"
"Food Lion","","https://stores.foodlion.com/va/abingdon/845-village-blvd","Food Lion Grocery Store of Abingdon","845 Village Blvd","","Abingdon","VA","24210","36.707551772361334","-81.99926018714905","(276) 739-2383","True","ACTIVE","True","True","","","","","https://stores.foodlion.com/va/abingdon/845-village-blvd","official_store_directory","2026-07-31T20:41:43.8289752Z"
"Food Lion","","https://stores.foodlion.com/va/altavista/1301-a-main-street","Food Lion Grocery Store of Altavista","1301 A Main Street","","Altavista","VA","24517","37.120003826433106","-79.27234143018728","(434) 309-1114","True","ACTIVE","True","True","","","","","https://stores.foodlion.com/va/altavista/1301-a-main-street","official_store_directory","2026-07-31T20:41:45.4103024Z"
"Food Lion","","https://stores.foodlion.com/va/amelia/15105-patrick-henry-hgh","Food Lion Grocery Store of Amelia","15105 Patrick Henry Hgh","","Amelia","VA","23002","37.36010585511261","-77.95288234949112","(804) 561-5222","True","ACTIVE","True","True","","","","","https://stores.foodlion.com/va/amelia/15105-patrick-henry-hgh","official_store_directory","2026-07-31T20:41:47.0934889Z"
"Food Lion","","https://stores.foodlion.com/va/amherst/1102-washington-street","Food Lion Grocery Store of Amherst","1102 Washington Street","","Amherst","VA","24521","37.58388054679972","-79.04832601547241","(434) 946-7464","True","ACTIVE","True","True","","","","","https://stores.foodlion.com/va/amherst/1102-washington-street","official_store_directory","2026-07-31T20:41:48.8548573Z"
"Food Lion","","https://stores.foodlion.com/va/ashland/253-n.-washington-hwy","Food Lion Grocery Store of Ashland Hanover Shopping Center","253 N. Washington Hwy","","Ashland","VA","23005","37.76122665275509","-77.47076433665933","(804) 798-1305","True","ACTIVE","True","True","","","","","https://stores.foodlion.com/va/ashland/253-n.-washington-hwy","official_store_directory","2026-07-31T20:41:50.4791980Z"
"Food Lion","","https://stores.foodlion.com/va/ashland/253-north-washington-highway","Food Lion Grocery Store of 253 North Washington Highway","253 North Washington Highway","","Ashland","VA","23005","37.761253127198174","-77.47062787838266","(804) 798-8543","True","ACTIVE","True","True","","","","","https://stores.foodlion.com/va/ashland/253-north-washington-highway","official_store_directory","2026-07-31T20:41:52.1137753Z"
"Food Lion","","https://stores.foodlion.com/va/aylett/4915-richmond-tappahannock-hwy","Food Lion Grocery Store of Aylett","4915 Richmond Tappahannock Hwy","","Aylett","VA","23009","37.744635911218154","-77.13578224182129","(804) 769-8824","True","ACTIVE","True","True","","","","","https://stores.foodlion.com/va/aylett/4915-richmond-tappahannock-hwy","official_store_directory","2026-07-31T20:41:54.9126794Z"
"Food Lion","","https://stores.foodlion.com/va/bassett/5835-virginia-ave","Food Lion Grocery Store of Bassett Forks","5835 Virginia Ave","","Bassett","VA","24055","36.748949298973486","-79.93910372257233","(276) 629-3819","True","ACTIVE","True","True","","","","","https://stores.foodlion.com/va/bassett/5835-virginia-ave","official_store_directory","2026-07-31T20:41:56.4064395Z"
"Food Lion","","https://stores.foodlion.com/va/bealeton/6358-village-center-drive","Food Lion Grocery Store of Bealeton","6358 Village Center Drive","","Bealeton","VA","22712","38.58219068473004","-77.76517331600189","(540) 439-1373","True","ACTIVE","True","True","","","","","https://stores.foodlion.com/va/bealeton/6358-village-center-drive","official_store_directory","2026-07-31T20:41:58.1569038Z"
"Food Lion","","https://stores.foodlion.com/va/blacksburg/1413-n.-main-street","Food Lion Grocery Store of Patrick Henry Centre","1413 N. Main Street","","Blacksburg","VA","24060","37.24805179259369","-80.41505634784698","(540) 552-1445","True","ACTIVE","True","True","","","","","https://stores.foodlion.com/va/blacksburg/1413-n.-main-street","official_store_directory","2026-07-31T20:42:00.8449686Z"
"Food Lion","","https://stores.foodlion.com/va/blacksburg/801-hethwood-blvd","Food Lion Grocery Store of Blacksburg","801 Hethwood Blvd","","Blacksburg","VA","24060","37.21678318948671","-80.45506417751307","(540) 951-1016","True","ACTIVE","True","True","","","","","https://stores.foodlion.com/va/blacksburg/801-hethwood-blvd","official_store_directory","2026-07-31T20:42:02.4769484Z"
"Food Lion","","https://stores.foodlion.com/va/blackstone/1521-south-main-street","Food Lion Grocery Store of Blackstone","1521 South Main Street","","Blackstone","VA","23824","37.05959828773552","-78.00660505715041","(434) 292-1620","True","ACTIVE","True","True","","","","","https://stores.foodlion.com/va/blackstone/1521-south-main-street","official_store_directory","2026-07-31T20:42:04.1364666Z"
"Food Lion","","https://stores.foodlion.com/va/bowling-green/15432-rogers-clark-blvd","Food Lion Grocery Store of Bowling Green","15432 Rogers Clark Blvd","","Bowling Green","VA","22427","38.047782682284634","-77.35892057418823","(804) 633-5543","True","ACTIVE","True","True","","","","","https://stores.foodlion.com/va/bowling-green/15432-rogers-clark-blvd","official_store_directory","2026-07-31T20:42:05.7314046Z"
"Food Lion","","https://stores.foodlion.com/va/brookneal/425-lusardi-street","Food Lion Grocery Store of Brookneal","425 Lusardi Street","","Brookneal","VA","24528","37.043651500268986","-78.9443045854569","(434) 376-3270","True","ACTIVE","True","True","","","","","https://stores.foodlion.com/va/brookneal/425-lusardi-street","official_store_directory","2026-07-31T20:42:07.4647142Z"
"Food Lion","","https://stores.foodlion.com/va/buena-vista/2150-east-midland-trail","Food Lion Grocery Store of Buena Vista","2150 East Midland Trail","","Buena Vista","VA","24416","37.74241100287686","-79.37892705202108","(540) 261-7672","True","ACTIVE","True","True","","","","","https://stores.foodlion.com/va/buena-vista/2150-east-midland-trail","official_store_directory","2026-07-31T20:42:09.1664497Z"
"Food Lion","","https://stores.foodlion.com/va/cape-charles/22485-lankford-hwy","Food Lion Grocery Store of Cape Charles","22485 Lankford Hwy","","Cape Charles","VA","23310","37.26977542701946","-75.97278714179993","(757) 331-2340","True","ACTIVE","True","True","","","","","https://stores.foodlion.com/va/cape-charles/22485-lankford-hwy","official_store_directory","2026-07-31T20:42:10.7947336Z"
"Food Lion","","https://stores.foodlion.com/va/carrollton/13478-carrollton-blvd","Food Lion Grocery Store of Carrollton","13478 Carrollton Blvd","","Carrollton","VA","23314","36.95394721536765","-76.53229594230652","(757) 238-3330","True","ACTIVE","True","True","","","","","https://stores.foodlion.com/va/carrollton/13478-carrollton-blvd","official_store_directory","2026-07-31T20:42:12.6262623Z"
"Food Lion","","https://stores.foodlion.com/va/charlottesville/1131-5th-street-sw","Food Lion Grocery Store of Willoughby Square","1131 5Th Street SW","","Charlottesville","VA","22902","38.013480457483986","-78.50278615951544","(434) 971-5877","True","ACTIVE","True","True","","","","","https://stores.foodlion.com/va/charlottesville/1131-5th-street-sw","official_store_directory","2026-07-31T20:42:14.5184254Z"
"Food Lion","","https://stores.foodlion.com/va/charlottesville/32-mill-creek-drive","Food Lion Grocery Store of South Side Shopping Center","32 Mill Creek Drive","","Charlottesville","VA","22902","38.001159343922446","-78.49595725536346","(434) 295-6679","True","ACTIVE","True","True","","","","","https://stores.foodlion.com/va/charlottesville/32-mill-creek-drive","official_store_directory","2026-07-31T20:42:17.3167543Z"
"Food Lion","","https://stores.foodlion.com/va/charlottesville/585-branchlands-blvd","Food Lion Grocery Store of Charlottesville","585 Branchlands Blvd","","Charlottesville","VA","22901","38.07217066969042","-78.48029315471655","(434) 973-9424","True","ACTIVE","True","True","","","","","https://stores.foodlion.com/va/charlottesville/585-branchlands-blvd","official_store_directory","2026-07-31T20:42:19.9667205Z"
"Food Lion","","https://stores.foodlion.com/va/chase-city/1113-n-main-street","Food Lion Grocery Store of Chase City","1113 N Main Street","","Chase City","VA","23924","36.81149226785964","-78.46353471279144","(434) 372-8585","True","ACTIVE","True","True","","","","","https://stores.foodlion.com/va/chase-city/1113-n-main-street","official_store_directory","2026-07-31T20:42:21.6525259Z"
"Food Lion","","https://stores.foodlion.com/va/chatham/13701-us-hwy","Food Lion Grocery Store of Chatham","13701 US Hwy","","Chatham","VA","24531","36.78962688137005","-79.39638975948418","(434) 432-0500","True","ACTIVE","True","True","","","","","https://stores.foodlion.com/va/chatham/13701-us-hwy","official_store_directory","2026-07-31T20:42:23.4725704Z"
"Food Lion","","https://stores.foodlion.com/va/chesapeake/109-gainsborough-square","Food Lion Grocery Store of Gainsborough Square","109 Gainsborough Square","","Chesapeake","VA","23320","36.73994594115622","-76.243856549263","(757) 382-7799","True","ACTIVE","True","True","","","","","https://stores.foodlion.com/va/chesapeake/109-gainsborough-square","official_store_directory","2026-07-31T20:42:25.3040797Z"
"Food Lion","","https://stores.foodlion.com/va/chesapeake/1245-cedar-road","Food Lion Grocery Store of Las Gaviotas","1245 Cedar Road","","Chesapeake","VA","23322","36.714533189894524","-76.28342403140695","(757) 547-7927","True","ACTIVE","True","True","","","","","https://stores.foodlion.com/va/chesapeake/1245-cedar-road","official_store_directory","2026-07-31T20:42:27.6846160Z"
"Food Lion","","https://stores.foodlion.com/va/chesapeake/2048-campostella-road","Food Lion Grocery Store of Chesapeake","2048 Campostella Road","","Chesapeake","VA","23324","36.791636920004606","-76.26221090555191","(757) 494-3527","True","ACTIVE","True","True","","","","","https://stores.foodlion.com/va/chesapeake/2048-campostella-road","official_store_directory","2026-07-31T20:42:29.9839392Z"
"Food Lion","","https://stores.foodlion.com/va/chesapeake/2409-taylor-rd","Food Lion Grocery Store of Food Lion Plaza","2409 Taylor Rd","","Chesapeake","VA","23321","36.825758307713976","-76.40785217285156","(757) 465-6178","True","ACTIVE","True","True","","","","","https://stores.foodlion.com/va/chesapeake/2409-taylor-rd","official_store_directory","2026-07-31T20:42:31.7228671Z"
"Food Lion","","https://stores.foodlion.com/va/chesapeake/2544-bainbridge-blvd","Food Lion Grocery Store of South Norfolk","2544 Bainbridge Blvd","","Chesapeake","VA","23324","36.79953672204199","-76.27787098288536","(757) 494-5981","True","ACTIVE","True","True","","","","","https://stores.foodlion.com/va/chesapeake/2544-bainbridge-blvd","official_store_directory","2026-07-31T20:42:33.5373211Z"
"Food Lion","","https://stores.foodlion.com/va/chesapeake/2617-moses-grandy-trail","Food Lion Grocery Store of Deep Creek","2617 Moses Grandy Trail","","Chesapeake","VA","23323","36.73865628325606","-76.34293466806412","(757) 487-1228","True","ACTIVE","True","True","","","","","https://stores.foodlion.com/va/chesapeake/2617-moses-grandy-trail","official_store_directory","2026-07-31T20:42:35.5135525Z"
"Food Lion","","https://stores.foodlion.com/va/chesapeake/2800-yadkin-rd","Food Lion Grocery Store of George Washington Commons","2800 Yadkin Rd","","Chesapeake","VA","23323","36.770242366268164","-76.34770631790167","(757) 558-0168","True","ACTIVE","True","True","","","","","https://stores.foodlion.com/va/chesapeake/2800-yadkin-rd","official_store_directory","2026-07-31T20:42:37.2882506Z"
"Food Lion","","https://stores.foodlion.com/va/chesapeake/3325-taylor-rd-taylor-plz","Food Lion Grocery Store of Taylor Road Plaza","3325 Taylor Rd Taylor Plz","","Chesapeake","VA","23321","36.84633674258923","-76.42550379037857","(757) 484-6383","True","ACTIVE","True","True","","","","","https://stores.foodlion.com/va/chesapeake/3325-taylor-rd-taylor-plz","official_store_directory","2026-07-31T20:42:39.0413239Z"
"Food Lion","","https://stores.foodlion.com/va/chesapeake/415-centerville-turnpike","Food Lion Grocery Store of Centerville Crossing","415 Centerville Turnpike","","Chesapeake","VA","23322","36.71346707105316","-76.18380457162857","(757) 482-4854","True","ACTIVE","True","True","","","","","https://stores.foodlion.com/va/chesapeake/415-centerville-turnpike","official_store_directory","2026-07-31T20:42:40.8044542Z"
"Food Lion","","https://stores.foodlion.com/va/chesapeake/717-battlefield-blvd-s","Food Lion Grocery Store of Glenwood Square","717 Battlefield Blvd S","","Chesapeake","VA","23322","36.70172848906478","-76.23355150222773","(757) 482-5259","True","ACTIVE","True","True","","","","","https://stores.foodlion.com/va/chesapeake/717-battlefield-blvd-s","official_store_directory","2026-07-31T20:42:42.5541052Z"
"Food Lion","","https://stores.foodlion.com/va/chesapeake/801-volvo-parkway","Food Lion Grocery Store of Greenbrier","801 Volvo Parkway","","Chesapeake","VA","23320","36.767006561985","-76.22807443141937","(757) 436-9304","True","ACTIVE","True","True","","","","","https://stores.foodlion.com/va/chesapeake/801-volvo-parkway","official_store_directory","2026-07-31T20:42:44.4449935Z"
"Food Lion","","https://stores.foodlion.com/va/chester/12120-bermuda-crossroad-lane","Food Lion Grocery Store of Bermuda Crossroads Shopping Center","12120 Bermuda Crossroad Lane","","Chester","VA","23831","37.360184736106085","-77.41784870624548","(804) 706-1488","True","ACTIVE","True","True","","","","","https://stores.foodlion.com/va/chester/12120-bermuda-crossroad-lane","official_store_directory","2026-07-31T20:42:47.4067979Z"
"Food Lion","","https://stores.foodlion.com/va/chester/13145-rivers-bend-blvd","Food Lion Grocery Store of Rivers Bend","13145 Rivers Bend Blvd","","Chester","VA","23836","37.35037300992177","-77.35430181026464","(804) 530-1051","True","ACTIVE","True","True","","","","","https://stores.foodlion.com/va/chester/13145-rivers-bend-blvd","official_store_directory","2026-07-31T20:42:49.3714923Z"
"Food Lion","","https://stores.foodlion.com/va/chester/9801-chester-road","Food Lion Grocery Store of Chester","9801 Chester Road","","Chester","VA","23831","37.38447613644257","-77.45024710893631","(804) 748-0560","True","ACTIVE","True","True","","","","","https://stores.foodlion.com/va/chester/9801-chester-road","official_store_directory","2026-07-31T20:42:51.4264368Z"
"Food Lion","","https://stores.foodlion.com/va/chesterfield/6201-belmont-road","Food Lion Grocery Store of Belmont Plaza","6201 Belmont Road","","Chesterfield","VA","23832","37.45321077914425","-77.51205861568451","(804) 745-1095","True","ACTIVE","True","True","","","","","https://stores.foodlion.com/va/chesterfield/6201-belmont-road","official_store_directory","2026-07-31T20:42:53.4173334Z"
"Food Lion","","https://stores.foodlion.com/va/christiansburg/1530-roanoke-st","Food Lion Grocery Store of Hills Plaza","1530 Roanoke St","","Christiansburg","VA","24073","37.13391493332421","-80.37932127714157","(540) 382-3900","True","ACTIVE","True","True","","","","","https://stores.foodlion.com/va/christiansburg/1530-roanoke-st","official_store_directory","2026-07-31T20:42:57.3803629Z"
"Food Lion","","https://stores.foodlion.com/va/clarksville/1013-virginia-avenue","Food Lion Grocery Store of 1013 Virginia Avenue","1013 Virginia Avenue","","Clarksville","VA","23927","36.618398577386","-78.56916881636262","(434) 374-5620","True","ACTIVE","True","True","","","","","https://stores.foodlion.com/va/clarksville/1013-virginia-avenue","official_store_directory","2026-07-31T20:43:00.2975467Z"
"Food Lion","","https://stores.foodlion.com/va/colonial-heights/11-dunlop-village","Food Lion Grocery Store of Colonial Heights","11 Dunlop Village","","Colonial Heights","VA","23834","37.266853262725874","-77.39740759134298","(804) 526-0143","True","ACTIVE","True","True","","","","","https://stores.foodlion.com/va/colonial-heights/11-dunlop-village","official_store_directory","2026-07-31T20:43:03.1273447Z"
"Food Lion","","https://stores.foodlion.com/va/colonial-heights/15702-jefferson-davis-hwy","Food Lion Grocery Store of Port Walthall","15702 Jefferson Davis Hwy","","Colonial Heights","VA","23834","37.3104860854424","-77.41003543138504","(804) 520-1481","True","ACTIVE","True","True","","","","","https://stores.foodlion.com/va/colonial-heights/15702-jefferson-davis-hwy","official_store_directory","2026-07-31T20:43:04.8597052Z"
"Food Lion","","https://stores.foodlion.com/va/courtland/28344-southampton-pkwy","Food Lion Grocery Store of Courtland","28344 Southampton Pkwy","","Courtland","VA","23837","36.68657900478161","-77.02503383159637","(757) 653-9790","True","ACTIVE","True","True","","","","","https://stores.foodlion.com/va/courtland/28344-southampton-pkwy","official_store_directory","2026-07-31T20:43:06.5420198Z"
"Food Lion","","https://stores.foodlion.com/va/covington/1005-south-craig-avenue","Food Lion Grocery Store of Covington","1005 South Craig Avenue","","Covington","VA","24426","37.782065422652046","-79.98986721038824","(540) 965-9553","True","ACTIVE","True","True","","","","","https://stores.foodlion.com/va/covington/1005-south-craig-avenue","official_store_directory","2026-07-31T20:43:08.4670596Z"
"Food Lion","","https://stores.foodlion.com/va/daleville/110-market-center-way","Food Lion Grocery Store of Daleville","110 Market Center Way","","Daleville","VA","24083","37.417720172323016","-79.90969061851507","(540) 992-6335","True","ACTIVE","True","True","","","","","https://stores.foodlion.com/va/daleville/110-market-center-way","official_store_directory","2026-07-31T20:43:10.3438706Z"
"Food Lion","","https://stores.foodlion.com/va/danville/1403-s.-main-street","Food Lion Grocery Store of Southwyck Plaza","1403 S. Main Street","","Danville","VA","24541","36.55414583603925","-79.39960420131683","(434) 793-4905","True","ACTIVE","True","True","","","","","https://stores.foodlion.com/va/danville/1403-s.-main-street","official_store_directory","2026-07-31T20:43:12.3285833Z"
"Food Lion","","https://stores.foodlion.com/va/danville/1461-s.-boston-road","Food Lion Grocery Store of Cain Creek","1461 S. Boston Road","","Danville","VA","24540","36.582637366267775","-79.33758080005646","(434) 793-8580","True","ACTIVE","True","True","","","","","https://stores.foodlion.com/va/danville/1461-s.-boston-road","official_store_directory","2026-07-31T20:43:14.2445420Z"
"Food Lion","","https://stores.foodlion.com/va/danville/3305-us-hwy-29","Food Lion Grocery Store of Danville","3305 US Hwy 29","","Danville","VA","24540","36.638991","-79.386138","(434) 836-5335","True","ACTIVE","True","True","","","","","https://stores.foodlion.com/va/danville/3305-us-hwy-29","official_store_directory","2026-07-31T20:43:16.1115103Z"
"Food Lion","","https://stores.foodlion.com/va/danville/4048-franklin-turnpike","Food Lion Grocery Store of Tuscarora","4048 Franklin Turnpike","","Danville","VA","24540","36.67488149243846","-79.41666573286057","(434) 836-1290","True","ACTIVE","True","True","","","","","https://stores.foodlion.com/va/danville/4048-franklin-turnpike","official_store_directory","2026-07-31T20:43:18.0320649Z"
"Food Lion","","https://stores.foodlion.com/va/danville/540-westover-drive","Food Lion Grocery Store of Westover Plaza","540 Westover Drive","","Danville","VA","24541","36.58756727714759","-79.43401157855988","(434) 793-1513","True","ACTIVE","True","True","","","","","https://stores.foodlion.com/va/danville/540-westover-drive","official_store_directory","2026-07-31T20:43:19.6765295Z"
"Food Lion","","https://stores.foodlion.com/va/dillwyn/38-s-constitution-route","Food Lion Grocery Store of Dillwyn","38 S Constitution Route","","Dillwyn","VA","23936","37.54471342751333","-78.47533643245697","(434) 983-1969","True","ACTIVE","True","True","","","","","https://stores.foodlion.com/va/dillwyn/38-s-constitution-route","official_store_directory","2026-07-31T20:43:22.5328948Z"
"Food Lion","","https://stores.foodlion.com/va/dinwiddie/4320-westgate-drive","Food Lion Grocery Store of Westgate Square","4320 Westgate Drive","","Dinwiddie","VA","23803","37.21273325395301","-77.45852977037435","(804) 863-2064","True","ACTIVE","True","True","","","","","https://stores.foodlion.com/va/dinwiddie/4320-westgate-drive","official_store_directory","2026-07-31T20:43:25.1781596Z"
"Food Lion","","https://stores.foodlion.com/va/dumfries/17120-jefferson-davis-hwy","Food Lion Grocery Store of Dumfries","17120 Jefferson Davis Hwy","","Dumfries","VA","22026","38.5798926414288","-77.31322646141052","(703) 441-0677","True","ACTIVE","True","True","","","","","https://stores.foodlion.com/va/dumfries/17120-jefferson-davis-hwy","official_store_directory","2026-07-31T20:43:27.0547776Z"
"Food Lion","","https://stores.foodlion.com/va/dumfries/5227-waterway-drive","Food Lion Grocery Store of Montclair","5227 Waterway Drive","","Dumfries","VA","22026","38.60850799797897","-77.358636101726","(703) 897-9220","True","ACTIVE","True","True","","","","","https://stores.foodlion.com/va/dumfries/5227-waterway-drive","official_store_directory","2026-07-31T20:43:28.8810730Z"
"Food Lion","","https://stores.foodlion.com/va/elkton/14811-spotswood-trail","Food Lion Grocery Store of Elkton","14811 Spotswood Trail","","Elkton","VA","22827","38.40710293637371","-78.65254998207092","(540) 298-9455","True","ACTIVE","True","True","","","","","https://stores.foodlion.com/va/elkton/14811-spotswood-trail","official_store_directory","2026-07-31T20:43:30.7314480Z"
"Food Lion","","https://stores.foodlion.com/va/emporia/216-market-drive","Food Lion Grocery Store of Emporia","216 Market Drive","","Emporia","VA","23847","36.70465093786593","-77.54405736923218","(434) 348-0925","True","ACTIVE","True","True","","","","","https://stores.foodlion.com/va/emporia/216-market-drive","official_store_directory","2026-07-31T20:43:32.6211194Z"
"Food Lion","","https://stores.foodlion.com/va/exmore/4092-lankford-highway","Food Lion Grocery Store of Exmore","4092 Lankford Highway","","Exmore","VA","23350","37.52450312204257","-75.83423227071762","(757) 442-6803","True","ACTIVE","True","True","","","","","https://stores.foodlion.com/va/exmore/4092-lankford-highway","official_store_directory","2026-07-31T20:43:35.5309149Z"
"Food Lion","","https://stores.foodlion.com/va/floyd/350-west-main-street","Food Lion Grocery Store of Floyd","350 West Main Street","","Floyd","VA","24091","36.91155175080708","-80.3235957026481","(540) 745-3600","True","ACTIVE","True","True","","","","","https://stores.foodlion.com/va/floyd/350-west-main-street","official_store_directory","2026-07-31T20:43:39.1303602Z"
"Food Lion","","https://stores.foodlion.com/va/forest/12130-e-lynchburg-salem-tpk","Food Lion Grocery Store of New London","12130 E Lynchburg Salem Tpk","","Forest","VA","24551","37.30709401639984","-79.3104100227356","(434) 534-9396","True","ACTIVE","True","True","","","","","https://stores.foodlion.com/va/forest/12130-e-lynchburg-salem-tpk","official_store_directory","2026-07-31T20:43:40.9986063Z"
"Food Lion","","https://stores.foodlion.com/va/forest/18013-forest-rd","Food Lion Grocery Store of Forest","18013 Forest Rd","","Forest","VA","24551","37.37696512800949","-79.24663210622757","(434) 385-8454","True","ACTIVE","True","True","","","","","https://stores.foodlion.com/va/forest/18013-forest-rd","official_store_directory","2026-07-31T20:43:42.8760119Z"
"Food Lion","","https://stores.foodlion.com/va/franklin/1328-armory-drive","Food Lion Grocery Store of Franklin","1328 Armory Drive","","Franklin","VA","23851","36.67171911583609","-76.94771647453308","(757) 562-6693","True","ACTIVE","True","True","","","","","https://stores.foodlion.com/va/franklin/1328-armory-drive","official_store_directory","2026-07-31T20:43:44.6540828Z"
"Food Lion","","https://stores.foodlion.com/va/gate-city/241-gateway-plaza","Food Lion Grocery Store of Gate City","241 Gateway Plaza","","Gate City","VA","24251","36.63636831121153","-82.56785277032266","(276) 386-6650","True","ACTIVE","True","True","","","","","https://stores.foodlion.com/va/gate-city/241-gateway-plaza","official_store_directory","2026-07-31T20:43:46.5335265Z"
"Food Lion","","https://stores.foodlion.com/va/glen-allen/11371-nuckols-rd","Food Lion Grocery Store of Glen Allen","11371 Nuckols Rd","","Glen Allen","VA","23059","37.681831339503056","-77.59114891290665","(804) 967-9321","True","ACTIVE","True","True","","","","","https://stores.foodlion.com/va/glen-allen/11371-nuckols-rd","official_store_directory","2026-07-31T20:43:48.2708124Z"
"Food Lion","","https://stores.foodlion.com/va/goochland/2724-fairground-road","Food Lion Grocery Store of Goochland","2724 Fairground Road","","Goochland","VA","23063","37.70037121624832","-77.88712799549103","(804) 556-9001","True","ACTIVE","True","True","","","","","https://stores.foodlion.com/va/goochland/2724-fairground-road","official_store_directory","2026-07-31T20:43:51.1057021Z"
"Food Lion","","https://stores.foodlion.com/va/grafton/5210-george-washington-memorial-hwy","Food Lion Grocery Store of Grafton","5210 George Washington Memorial Hwy","","Grafton","VA","23692","37.15733242282514","-76.46028399467468","(757) 898-5023","True","ACTIVE","True","True","","","","","https://stores.foodlion.com/va/grafton/5210-george-washington-memorial-hwy","official_store_directory","2026-07-31T20:43:53.8754128Z"
"Food Lion","","https://stores.foodlion.com/va/gretna/100-vaden-dr","Food Lion Grocery Store of Gretna","100 Vaden Dr","","Gretna","VA","24557","36.94935590536739","-79.363614320755","(434) 656-9267","True","ACTIVE","True","True","","","","","https://stores.foodlion.com/va/gretna/100-vaden-dr","official_store_directory","2026-07-31T20:43:55.4613345Z"
"Food Lion","","https://stores.foodlion.com/va/grottoes/83-augusta-avenue","Food Lion Grocery Store of Grottoes","83 Augusta Avenue","","Grottoes","VA","24441","38.255792327800656","-78.82358908653254","(540) 249-0665","True","ACTIVE","True","True","","","","","https://stores.foodlion.com/va/grottoes/83-augusta-avenue","official_store_directory","2026-07-31T20:43:57.2669626Z"
"Food Lion","","https://stores.foodlion.com/va/hampton/1164-big-bethel-road","Food Lion Grocery Store of Hampton","1164 Big Bethel Road","","Hampton","VA","23666","37.0585291368441","-76.42499685287476","(757) 262-0956","True","ACTIVE","True","True","","","","","https://stores.foodlion.com/va/hampton/1164-big-bethel-road","official_store_directory","2026-07-31T20:43:58.9430578Z"
"Food Lion","","https://stores.foodlion.com/va/hampton/123-e.-newmarket-square","Food Lion Grocery Store of Newmarket South","123 E. Newmarket Square","","Hampton","VA","23605","37.02052008377508","-76.43935203552246","(757) 244-7887","True","ACTIVE","True","True","","","","","https://stores.foodlion.com/va/hampton/123-e.-newmarket-square","official_store_directory","2026-07-31T20:44:00.5464170Z"
"Food Lion","","https://stores.foodlion.com/va/hampton/21-west-mercury-blvd","Food Lion Grocery Store of Langley Square","21 West Mercury Blvd","","Hampton","VA","23669","37.04219140814829","-76.35150969028467","(757) 727-9001","True","ACTIVE","True","True","","","","","https://stores.foodlion.com/va/hampton/21-west-mercury-blvd","official_store_directory","2026-07-31T20:44:03.3610360Z"
"Food Lion","","https://stores.foodlion.com/va/hampton/3855-kecoughtan-road","Food Lion Grocery Store of Kecoughtan","3855 Kecoughtan Road","","Hampton","VA","23669","37.01228759990462","-76.3540430366993","(757) 723-8802","True","ACTIVE","True","True","","","","","https://stores.foodlion.com/va/hampton/3855-kecoughtan-road","official_store_directory","2026-07-31T20:44:05.2463018Z"
"Food Lion","","https://stores.foodlion.com/va/hampton/4047-west-mercury-blvd","Food Lion Grocery Store of Hampton Plaza","4047 West Mercury Blvd","","Hampton","VA","23666","37.027308427777406","-76.42519533634186","(757) 825-8020","True","ACTIVE","True","True","","","","","https://stores.foodlion.com/va/hampton/4047-west-mercury-blvd","official_store_directory","2026-07-31T20:44:07.0623380Z"
"Food Lion","","https://stores.foodlion.com/va/hampton/608-e-mercury-blvd","Food Lion Grocery Store of 608 E Mercury Blvd","608 E Mercury Blvd","","Hampton","VA","23663","37.0217223600104","-76.31950666611422","(757) 723-0714","True","ACTIVE","True","True","","","","","https://stores.foodlion.com/va/hampton/608-e-mercury-blvd","official_store_directory","2026-07-31T20:44:08.6712029Z"
"Food Lion","","https://stores.foodlion.com/va/hampton/85-coliseum-crossing","Food Lion Grocery Store of Hampton","85 Coliseum Crossing","","Hampton","VA","23666","37.049975387349235","-76.3926413655281","(757) 827-1304","True","ACTIVE","True","True","","","","","https://stores.foodlion.com/va/hampton/85-coliseum-crossing","official_store_directory","2026-07-31T20:44:11.3567675Z"
"Food Lion","","https://stores.foodlion.com/va/harrisonburg/1021-port-republic-rd","Food Lion Grocery Store of Port Crossing","1021 Port Republic Rd","","Harrisonburg","VA","22801","38.42044407776278","-78.87216657400126","(540) 433-4056","True","ACTIVE","True","True","","","","","https://stores.foodlion.com/va/harrisonburg/1021-port-republic-rd","official_store_directory","2026-07-31T20:44:13.4254397Z"
"Food Lion","","https://stores.foodlion.com/va/harrisonburg/1751-south-high-street","Food Lion Grocery Store of Harrisonburg","1751 South High Street","","Harrisonburg","VA","22801","38.4339277277598","-78.9017915725708","(540) 433-8099","True","ACTIVE","True","True","","","","","https://stores.foodlion.com/va/harrisonburg/1751-south-high-street","official_store_directory","2026-07-31T20:44:15.0419959Z"
"Food Lion","","https://stores.foodlion.com/va/harrisonburg/1751-virginia-avenue","Food Lion Grocery Store of Harmony Square","1751 Virginia Avenue","","Harrisonburg","VA","22802","38.48100304008544","-78.87175351381302","(540) 434-7573","True","ACTIVE","True","True","","","","","https://stores.foodlion.com/va/harrisonburg/1751-virginia-avenue","official_store_directory","2026-07-31T20:44:16.5036267Z"
"Food Lion","","https://stores.foodlion.com/va/heathsville/7424-northumberland-hwy","Food Lion Grocery Store of Heathsville","7424 Northumberland Hwy","","Heathsville","VA","22473","37.914594928551345","-76.464730271164","(804) 580-7326","True","ACTIVE","True","True","","","","","https://stores.foodlion.com/va/heathsville/7424-northumberland-hwy","official_store_directory","2026-07-31T20:44:19.9269404Z"
"Food Lion","","https://stores.foodlion.com/va/henrico/7804-w.-broad-street","Food Lion Grocery Store of Henrico","7804 W. Broad Street","","Henrico","VA","23294","37.618696133225306","-77.5220788110009","(804) 672-6371","True","ACTIVE","True","True","","","","","https://stores.foodlion.com/va/henrico/7804-w.-broad-street","official_store_directory","2026-07-31T20:44:21.7805871Z"
"Food Lion","","https://stores.foodlion.com/va/henrico/9157-staples-mill-road","Food Lion Grocery Store of Staples Mill Plaza","9157 Staples Mill Road","","Henrico","VA","23228","37.641628274284294","-77.51419853372954","(804) 672-6404","True","ACTIVE","True","True","","","","","https://stores.foodlion.com/va/henrico/9157-staples-mill-road","official_store_directory","2026-07-31T20:44:23.2757290Z"
"Food Lion","","https://stores.foodlion.com/va/herndon/3059-centerville-rd","Food Lion Grocery Store of Herndon","3059 Centerville Rd","","Herndon","VA","20171","38.921207922167135","-77.41519868373871","(703) 904-0420","True","ACTIVE","True","True","","","","","https://stores.foodlion.com/va/herndon/3059-centerville-rd","official_store_directory","2026-07-31T20:44:24.6715906Z"
"Food Lion","","https://stores.foodlion.com/va/hillsville/125-s-main-st","Food Lion Grocery Store of Hillsville","125 S Main St","","Hillsville","VA","24343","36.762597397718864","-80.73272109031677","(276) 728-9111","True","ACTIVE","True","True","","","","","https://stores.foodlion.com/va/hillsville/125-s-main-st","official_store_directory","2026-07-31T20:44:26.0914476Z"
"Food Lion","","https://stores.foodlion.com/va/hopewell/5209-plaza-drive","Food Lion Grocery Store of Hopewell","5209 Plaza Drive","","Hopewell","VA","23860","37.26145902099244","-77.32931435108185","(804) 458-7207","True","ACTIVE","True","True","","","","","https://stores.foodlion.com/va/hopewell/5209-plaza-drive","official_store_directory","2026-07-31T20:44:27.6895431Z"
"Food Lion","","https://stores.foodlion.com/va/keysville/690-king-street","Food Lion Grocery Store of Keysville","690 King Street","","Keysville","VA","23947","37.03569130247759","-78.47673654556274","(434) 736-0308","True","ACTIVE","True","True","","","","","https://stores.foodlion.com/va/keysville/690-king-street","official_store_directory","2026-07-31T20:44:29.1565539Z"
"Food Lion","","https://stores.foodlion.com/va/kilmarnock/424-north-main-street","Food Lion Grocery Store of Kilmarnock","424 North Main Street","","Kilmarnock","VA","22482","37.72112570722894","-76.38339310884476","(804) 435-1163","True","ACTIVE","True","True","","","","","https://stores.foodlion.com/va/kilmarnock/424-north-main-street","official_store_directory","2026-07-31T20:44:31.1980475Z"
"Food Lion","","https://stores.foodlion.com/va/king-george/15429-dahlgren-rd","Food Lion Grocery Store of Dahlgren","15429 Dahlgren Rd","","King George","VA","22485","38.33963238099135","-77.0715057849884","(540) 663-2959","True","ACTIVE","True","True","","","","","https://stores.foodlion.com/va/king-george/15429-dahlgren-rd","official_store_directory","2026-07-31T20:44:33.1444976Z"
"Food Lion","","https://stores.foodlion.com/va/king-george/8149-kings-hwy","Food Lion Grocery Store of King George","8149 Kings Hwy","","King George","VA","22485","38.277929499929904","-77.20606684684753","(540) 775-4894","True","ACTIVE","True","True","","","","","https://stores.foodlion.com/va/king-george/8149-kings-hwy","official_store_directory","2026-07-31T20:44:34.8846064Z"
"Food Lion","","https://stores.foodlion.com/va/lake-ridge/12420-dillingham-square","Food Lion Grocery Store of Lake Ridge","12420 Dillingham Square","","Lake Ridge","VA","22192","38.68469111802989","-77.31861501932144","(703) 580-8180","True","ACTIVE","True","True","","","","","https://stores.foodlion.com/va/lake-ridge/12420-dillingham-square","official_store_directory","2026-07-31T20:44:36.6217139Z"
"Food Lion","","https://stores.foodlion.com/va/lawrenceville/131-brunswick-sq-ct","Food Lion Grocery Store of Lawrenceville","131 Brunswick Sq Ct","","Lawrenceville","VA","23868","36.7492738213912","-77.86387324333191","(434) 848-4783","True","ACTIVE","True","True","","","","","https://stores.foodlion.com/va/lawrenceville/131-brunswick-sq-ct","official_store_directory","2026-07-31T20:44:38.4372953Z"
"Food Lion","","https://stores.foodlion.com/va/leesburg/720-s.-king-street","Food Lion Grocery Store of Leesburg","720 S. King Street","","Leesburg","VA","20175","39.10480934217646","-77.56830453872686","(703) 779-0240","True","ACTIVE","True","True","","","","","https://stores.foodlion.com/va/leesburg/720-s.-king-street","official_store_directory","2026-07-31T20:44:40.1444150Z"
"Food Lion","","https://stores.foodlion.com/va/lexington/84-e.-midland-trail","Food Lion Grocery Store of Lexington","84 E. Midland Trail","","Lexington","VA","24450","37.77389497142381","-79.43475723266602","(540) 464-5026","True","ACTIVE","True","True","","","","","https://stores.foodlion.com/va/lexington/84-e.-midland-trail","official_store_directory","2026-07-31T20:44:41.8569852Z"
"Food Lion","","https://stores.foodlion.com/va/lorton/7760-gunston-plaza-drive","Food Lion Grocery Store of Lorton","7760 Gunston Plaza Drive","","Lorton","VA","22079","38.70416639509346","-77.20905214548111","(703) 550-9166","True","ACTIVE","True","True","","","","","https://stores.foodlion.com/va/lorton/7760-gunston-plaza-drive","official_store_directory","2026-07-31T20:44:44.2806503Z"
"Food Lion","","https://stores.foodlion.com/va/lovingston/85-calohill-drive","Food Lion Grocery Store of Lovingston","85 Calohill Drive","","Lovingston","VA","22949","37.75358153099768","-78.87808352708817","(434) 263-8748","True","ACTIVE","True","True","","","","","https://stores.foodlion.com/va/lovingston/85-calohill-drive","official_store_directory","2026-07-31T20:44:46.5892381Z"
"Food Lion","","https://stores.foodlion.com/va/luray/1400-us-highway-211-w","Food Lion Grocery Store of Luray","1400 US Highway 211 W","","Luray","VA","22835","38.66175905702854","-78.49669754505157","(540) 743-4502","True","ACTIVE","True","True","","","","","https://stores.foodlion.com/va/luray/1400-us-highway-211-w","official_store_directory","2026-07-31T20:44:48.0899118Z"
"Food Lion","","https://stores.foodlion.com/va/lynchburg/2909-memorial-ave","Food Lion Grocery Store of Lynchburg","2909 Memorial Ave","","Lynchburg","VA","24501","37.399016090730555","-79.17049527168274","(434) 846-0022","True","ACTIVE","True","True","","","","","https://stores.foodlion.com/va/lynchburg/2909-memorial-ave","official_store_directory","2026-07-31T20:44:52.4743504Z"
"Food Lion","","https://stores.foodlion.com/va/lynchburg/4925-boonsboro-road","Food Lion Grocery Store of Boonsboro","4925 Boonsboro Road","","Lynchburg","VA","24503","37.44603478770427","-79.21863555908203","(434) 384-0179","True","ACTIVE","True","True","","","","","https://stores.foodlion.com/va/lynchburg/4925-boonsboro-road","official_store_directory","2026-07-31T20:44:53.9997479Z"
"Food Lion","","https://stores.foodlion.com/va/madison/46-madison-plaza-drive","Food Lion Grocery Store of Madison","46 Madison Plaza Drive","","Madison","VA","22727","38.36710469071804","-78.26977998018265","(540) 948-5182","True","ACTIVE","True","True","","","","","https://stores.foodlion.com/va/madison/46-madison-plaza-drive","official_store_directory","2026-07-31T20:44:55.5027546Z"
"Food Lion","","https://stores.foodlion.com/va/madison-heights/111-seminole-dr","Food Lion Grocery Store of Madison Heights","111 Seminole Dr","","Madison Heights","VA","24572","37.43966870418852","-79.11871145643138","(434) 528-2632","True","ACTIVE","True","True","","","","","https://stores.foodlion.com/va/madison-heights/111-seminole-dr","official_store_directory","2026-07-31T20:44:56.9158951Z"
"Food Lion","","https://stores.foodlion.com/va/madison-heights/192-amelon-square","Food Lion Grocery Store of Amelon Square","192 Amelon Square","","Madison Heights","VA","24572","37.46745212463308","-79.11616444587708","(434) 929-6863","True","ACTIVE","True","True","","","","","https://stores.foodlion.com/va/madison-heights/192-amelon-square","official_store_directory","2026-07-31T20:44:58.4201216Z"
"Food Lion","","https://stores.foodlion.com/va/manakin-sabot/30-broad-street-road","Food Lion Grocery Store of Belair Village","30 Broad Street Road","","Manakin Sabot","VA","23103","37.67134210554341","-77.68098950386047","(804) 784-3102","True","ACTIVE","True","True","","","","","https://stores.foodlion.com/va/manakin-sabot/30-broad-street-road","official_store_directory","2026-07-31T20:44:59.8940806Z"
"Food Lion","","https://stores.foodlion.com/va/manassas/13490-dumfries-road","Food Lion Grocery Store of Woodbine","13490 Dumfries Road","","Manassas","VA","20112","38.65984056431255","-77.44164526462555","(703) 791-5360","True","ACTIVE","True","True","","","","","https://stores.foodlion.com/va/manassas/13490-dumfries-road","official_store_directory","2026-07-31T20:45:01.3792363Z"
"Food Lion","","https://stores.foodlion.com/va/marion/945-n-main-street","Food Lion Grocery Store of Marion","945 N Main Street","","Marion","VA","24354","36.84361051375408","-81.50559310706045","(276) 783-6151","True","ACTIVE","True","True","","","","","https://stores.foodlion.com/va/marion/945-n-main-street","official_store_directory","2026-07-31T20:45:04.8079739Z"
"Food Lion","","https://stores.foodlion.com/va/marshall/4195-winchester-rd","Food Lion Grocery Store of Marshall","4195 Winchester Rd","","Marshall","VA","20115","38.86392546760792","-77.84744203090668","(540) 364-3439","True","ACTIVE","True","True","","","","","https://stores.foodlion.com/va/marshall/4195-winchester-rd","official_store_directory","2026-07-31T20:45:06.3744616Z"
"Food Lion","","https://stores.foodlion.com/va/martinsville/1101-brookdale-street","Food Lion Grocery Store of Spruce Street Station","1101 Brookdale Street","","Martinsville","VA","24112","36.679517258571394","-79.8489385843277","(276) 632-2220","True","ACTIVE","True","True","","","","","https://stores.foodlion.com/va/martinsville/1101-brookdale-street","official_store_directory","2026-07-31T20:45:08.1466983Z"
"Food Lion","","https://stores.foodlion.com/va/martinsville/8500-al-phillpott-hwy","Food Lion Grocery Store of Martinsville","8500 Al Phillpott Hwy","","Martinsville","VA","24112","36.693271456579375","-79.8304663622298","(276) 638-8898","True","ACTIVE","True","True","","","","","https://stores.foodlion.com/va/martinsville/8500-al-phillpott-hwy","official_store_directory","2026-07-31T20:45:10.9346134Z"
"Food Lion","","https://stores.foodlion.com/va/mathews/183-main-st","Food Lion Grocery Store of Mathews","183 Main St","","Mathews","VA","23109","37.434387774599394","-76.31970942020416","(804) 725-1240","True","ACTIVE","True","True","","","","","https://stores.foodlion.com/va/mathews/183-main-st","official_store_directory","2026-07-31T20:45:12.7580595Z"
"Food Lion","","https://stores.foodlion.com/va/mechanicsville/7095-mechanicsville-trpk","Food Lion Grocery Store of Brandy Hill Plaza","7095 Mechanicsville Trpk","","Mechanicsville","VA","23111","37.61005417748677","-77.34147012233734","(804) 746-7829","True","ACTIVE","True","True","","","","","https://stores.foodlion.com/va/mechanicsville/7095-mechanicsville-trpk","official_store_directory","2026-07-31T20:45:14.5798039Z"
"Food Lion","","https://stores.foodlion.com/va/mechanicsville/8319-bell-creek-rd","Food Lion Grocery Store of Mechanicsville","8319 Bell Creek Rd","","Mechanicsville","VA","23116","37.63618673952159","-77.3578530550003","(804) 559-5826","True","ACTIVE","True","True","","","","","https://stores.foodlion.com/va/mechanicsville/8319-bell-creek-rd","official_store_directory","2026-07-31T20:45:16.1858865Z"
"Food Lion","","https://stores.foodlion.com/va/mechanicsville/9502-chamberlayne-road","Food Lion Grocery Store of Hanover Commons","9502 Chamberlayne Road","","Mechanicsville","VA","23116","37.65850717650325","-77.38438814878464","(804) 730-3686","True","ACTIVE","True","True","","","","","https://stores.foodlion.com/va/mechanicsville/9502-chamberlayne-road","official_store_directory","2026-07-31T20:45:18.0533772Z"
"Food Lion","","https://stores.foodlion.com/va/midlothian/11130-hull-street","Food Lion Grocery Store of Midlothian","11130 Hull Street","","Midlothian","VA","23112","37.439109409804345","-77.60082095861435","(804) 744-7028","True","ACTIVE","True","True","","","","","https://stores.foodlion.com/va/midlothian/11130-hull-street","official_store_directory","2026-07-31T20:45:19.9900676Z"
"Food Lion","","https://stores.foodlion.com/va/midlothian/13100-midlothian-tpk","Food Lion Grocery Store of Village Marketplace","13100 Midlothian Tpk","","Midlothian","VA","23113","37.50450437708642","-77.64101654291153","(804) 379-8988","True","ACTIVE","True","True","","","","","https://stores.foodlion.com/va/midlothian/13100-midlothian-tpk","official_store_directory","2026-07-31T20:45:21.8647124Z"
"Food Lion","","https://stores.foodlion.com/va/midlothian/13530-genito-road","Food Lion Grocery Store of 13530 Genito Road","13530 Genito Road","","Midlothian","VA","23112","37.45113733742136","-77.64745437753317","(804) 744-7926","True","ACTIVE","True","True","","","","","https://stores.foodlion.com/va/midlothian/13530-genito-road","official_store_directory","2026-07-31T20:45:23.6246341Z"
"Food Lion","","https://stores.foodlion.com/va/midlothian/13530-waterford-place","Food Lion Grocery Store of Village at Waterford","13530 Waterford Place","","Midlothian","VA","23112","37.45115968198816","-77.64751955398464","(804) 744-7146","True","ACTIVE","True","True","","","","","https://stores.foodlion.com/va/midlothian/13530-waterford-place","official_store_directory","2026-07-31T20:45:25.5041761Z"
"Food Lion","","https://stores.foodlion.com/va/midlothian/13961-hull-street","Food Lion Grocery Store of Deer Run Village","13961 Hull Street","","Midlothian","VA","23112","37.40242957706692","-77.66286313533783","(804) 739-0960","True","ACTIVE","True","True","","","","","https://stores.foodlion.com/va/midlothian/13961-hull-street","official_store_directory","2026-07-31T20:45:27.5526361Z"
"Food Lion","","https://stores.foodlion.com/va/mineral/11010-kentucky-springs-rd","Food Lion Grocery Store of Mineral","11010 Kentucky Springs Rd","","Mineral","VA","23117","38.037624","-77.786447","(540) 894-0560","True","ACTIVE","True","True","","","","","https://stores.foodlion.com/va/mineral/11010-kentucky-springs-rd","official_store_directory","2026-07-31T20:45:29.4766730Z"
"Food Lion","","https://stores.foodlion.com/va/mineral/11010-kentucky-springs-road","Food Lion Grocery Store of 11010 Kentucky Springs Road","11010 Kentucky Springs Road","","Mineral","VA","23117","38.08140840456075","-77.84990458956675","(540) 894-0650","True","ACTIVE","True","True","","","","","https://stores.foodlion.com/va/mineral/11010-kentucky-springs-road","official_store_directory","2026-07-31T20:45:30.9780281Z"
"Food Lion","","https://stores.foodlion.com/va/moneta/14807-moneta-road-2174","Food Lion Grocery Store of Smith Mountain Lake","14807 Moneta Road 2174","","Moneta","VA","24121","37.16645970887882","-79.63911205530167","(540) 297-0323","True","ACTIVE","True","True","","","","","https://stores.foodlion.com/va/moneta/14807-moneta-road-2174","official_store_directory","2026-07-31T20:45:32.5980216Z"
"Food Lion","","https://stores.foodlion.com/va/moneta/14807-moneta-road-p-2174","Food Lion Grocery Store of 14807 Moneta Road","14807 Moneta Road P 2174","","Moneta","VA","24121","37.16646","-79.639096","(540) 297-0927","True","ACTIVE","True","True","","","","","https://stores.foodlion.com/va/moneta/14807-moneta-road-p-2174","official_store_directory","2026-07-31T20:45:34.2357772Z"
"Food Lion","","https://stores.foodlion.com/va/montross/18044-kings-hwy","Food Lion Grocery Store of Montross","18044 Kings Hwy","","Montross","VA","22520","38.085062522258056","-76.7926150560379","(804) 493-7367","True","ACTIVE","True","True","","","","","https://stores.foodlion.com/va/montross/18044-kings-hwy","official_store_directory","2026-07-31T20:45:36.9137707Z"
"Food Lion","","https://stores.foodlion.com/va/mount-jackson/5300-main-street","Food Lion Grocery Store of Mount Jackson","5300 Main Street","","Mount Jackson","VA","22842","38.758195426830355","-78.6275839805603","(540) 477-4040","True","ACTIVE","True","True","","","","","https://stores.foodlion.com/va/mount-jackson/5300-main-street","official_store_directory","2026-07-31T20:45:38.7067133Z"
"Food Lion","","https://stores.foodlion.com/va/newport-news/10880-warwick-blvd","Food Lion Grocery Store of Hilton","10880 Warwick Blvd","","Newport News","VA","23601","37.04236482231841","-76.46964758634567","(757) 595-0115","True","ACTIVE","True","True","","","","","https://stores.foodlion.com/va/newport-news/10880-warwick-blvd","official_store_directory","2026-07-31T20:45:40.3634726Z"
"Food Lion","","https://stores.foodlion.com/va/newport-news/11712-0-jefferson-ave","Food Lion Grocery Store of Oyster Point Square","11712 0 Jefferson Ave","","Newport News","VA","23607","37.08059832177153","-76.47679567337036","(757) 873-8418","True","ACTIVE","True","True","","","","","https://stores.foodlion.com/va/newport-news/11712-0-jefferson-ave","official_store_directory","2026-07-31T20:45:42.1741494Z"
"Food Lion","","https://stores.foodlion.com/va/newport-news/316-oyster-point-rd","Food Lion Grocery Store of Oyster Point Plaza","316 Oyster Point Rd","","Newport News","VA","23602","37.103730682410955","-76.50985926389694","(757) 249-1663","True","ACTIVE","True","True","","","","","https://stores.foodlion.com/va/newport-news/316-oyster-point-rd","official_store_directory","2026-07-31T20:45:46.2690378Z"
"Food Lion","","https://stores.foodlion.com/va/newport-news/41-hiden-blvd","Food Lion Grocery Store of Newport News","41 Hiden Blvd","","Newport News","VA","23606","37.0706859602249","-76.49506822228432","(757) 595-6821","True","ACTIVE","True","True","","","","","https://stores.foodlion.com/va/newport-news/41-hiden-blvd","official_store_directory","2026-07-31T20:45:48.2988014Z"
"Food Lion","","https://stores.foodlion.com/va/newport-news/467-oriana-road","Food Lion Grocery Store of Denbigh","467 Oriana Road","","Newport News","VA","23608","37.133455191250036","-76.53273046016693","(757) 877-1403","True","ACTIVE","True","True","","","","","https://stores.foodlion.com/va/newport-news/467-oriana-road","official_store_directory","2026-07-31T20:45:50.2776426Z"
"Food Lion","","https://stores.foodlion.com/va/newport-news/980-j-clyde-morris-blvd","Food Lion Grocery Store of Bayberry Village Shopping Center","980 J Clyde Morris Blvd","","Newport News","VA","23601","37.09696200991611","-76.45803093910217","(757) 595-9419","True","ACTIVE","True","True","","","","","https://stores.foodlion.com/va/newport-news/980-j-clyde-morris-blvd","official_store_directory","2026-07-31T20:45:51.9463391Z"
"Food Lion","","https://stores.foodlion.com/va/norfolk/1235-n-military-hwy","Food Lion Grocery Store of Broad Creek Crossing","1235 N Military Hwy","","Norfolk","VA","23502","36.864623","-76.212594","(757) 461-2533","True","ACTIVE","True","True","","","","","https://stores.foodlion.com/va/norfolk/1235-n-military-hwy","official_store_directory","2026-07-31T20:45:54.1064833Z"
"Food Lion","","https://stores.foodlion.com/va/norfolk/1859-e.-little-creek-rd","Food Lion Grocery Store of Wedgewood Plaza","1859 E. Little Creek Rd","","Norfolk","VA","23518","36.91435683166321","-76.22431665658951","(757) 588-0423","True","ACTIVE","True","True","","","","","https://stores.foodlion.com/va/norfolk/1859-e.-little-creek-rd","official_store_directory","2026-07-31T20:45:55.9258881Z"
"Food Lion","","https://stores.foodlion.com/va/norfolk/2401-colley-ave","Food Lion Grocery Store of Colley Village","2401 Colley Ave","","Norfolk","VA","23517","36.873733142343156","-76.29699110984808","(757) 626-3936","True","ACTIVE","True","True","","","","","https://stores.foodlion.com/va/norfolk/2401-colley-ave","official_store_directory","2026-07-31T20:45:57.8392557Z"
"Food Lion","","https://stores.foodlion.com/va/norfolk/3530-tidewater-dr","Food Lion Grocery Store of Norfolk","3530 Tidewater Dr","","Norfolk","VA","23509","36.88520297657744","-76.25964671373367","(757) 623-1469","True","ACTIVE","True","True","","","","","https://stores.foodlion.com/va/norfolk/3530-tidewater-dr","official_store_directory","2026-07-31T20:45:59.6880714Z"
"Food Lion","","https://stores.foodlion.com/va/norfolk/4253-east-little-creek-rd","Food Lion Grocery Store of East Beach Marketplace","4253 East Little Creek Rd","","Norfolk","VA","23518","36.916083148951074","-76.19310647249222","(757) 583-7817","True","ACTIVE","True","True","","","","","https://stores.foodlion.com/va/norfolk/4253-east-little-creek-rd","official_store_directory","2026-07-31T20:46:01.6922058Z"
"Food Lion","","https://stores.foodlion.com/va/norfolk/6206-military-highway","Food Lion Grocery Store of Bromley","6206 Military Highway","","Norfolk","VA","23518","36.896250663942595","-76.22374534606928","(757) 853-2850","True","ACTIVE","True","True","","","","","https://stores.foodlion.com/va/norfolk/6206-military-highway","official_store_directory","2026-07-31T20:46:03.6860782Z"
"Food Lion","","https://stores.foodlion.com/va/norfolk/7525-tidewater-drive","Food Lion Grocery Store of Southern Shopping Center","7525 Tidewater Drive","","Norfolk","VA","23505","36.915993081189185","-76.25607401132584","(757) 588-7791","True","ACTIVE","True","True","","","","","https://stores.foodlion.com/va/norfolk/7525-tidewater-drive","official_store_directory","2026-07-31T20:46:05.6999646Z"
"Food Lion","","https://stores.foodlion.com/va/north-tazewell/248-market-st","Food Lion Grocery Store of Tazewell","248 Market St","","North Tazewell","VA","24651","37.13422341474676","-81.49092216439291","(276) 988-2900","True","ACTIVE","True","True","","","","","https://stores.foodlion.com/va/north-tazewell/248-market-st","official_store_directory","2026-07-31T20:46:08.6336202Z"
"Food Lion","","https://stores.foodlion.com/va/oak-hall/7013-lankford-hwy","Food Lion Grocery Store of Oak Hall","7013 Lankford Hwy","","Oak Hall","VA","23416","37.94362215952149","-75.5391275882721","(757) 854-4493","True","ACTIVE","True","True","","","","","https://stores.foodlion.com/va/oak-hall/7013-lankford-hwy","official_store_directory","2026-07-31T20:46:10.7213602Z"
"Food Lion","","https://stores.foodlion.com/va/onley/25102-lankford-hwy","Food Lion Grocery Store of Onley","25102 Lankford Hwy","","Onley","VA","23418","37.70140897273844","-75.71498394012451","(757) 787-7546","True","ACTIVE","True","True","","","","","https://stores.foodlion.com/va/onley/25102-lankford-hwy","official_store_directory","2026-07-31T20:46:12.7667908Z"
"Food Lion","","https://stores.foodlion.com/va/palmyra/264-turkeysag-trail","Food Lion Grocery Store of Palmyra","264 Turkeysag Trail","","Palmyra","VA","22963","37.905241809081836","-78.342776298523","(434) 589-5538","True","ACTIVE","True","True","","","","","https://stores.foodlion.com/va/palmyra/264-turkeysag-trail","official_store_directory","2026-07-31T20:46:15.5392809Z"
"Food Lion","","https://stores.foodlion.com/va/poquoson/425-a-wythe-creek-rd","Food Lion Grocery Store of Poquoson","425 A Wythe Creek Rd","","Poquoson","VA","23662","37.123367961074706","-76.39421582221985","(757) 868-8029","True","ACTIVE","True","True","","","","","https://stores.foodlion.com/va/poquoson/425-a-wythe-creek-rd","official_store_directory","2026-07-31T20:46:19.3752134Z"
"Food Lion","","https://stores.foodlion.com/va/portsmouth/1503-london-blvd","Food Lion Grocery Store of Olde Towne Market Place","1503 London Blvd","","Portsmouth","VA","23704","36.83623712811916","-76.31713181734085","(757) 397-8812","True","ACTIVE","True","True","","","","","https://stores.foodlion.com/va/portsmouth/1503-london-blvd","official_store_directory","2026-07-31T20:46:21.0473165Z"
"Food Lion","","https://stores.foodlion.com/va/portsmouth/5610-portsmouth-blvd","Food Lion Grocery Store of Portsmouth","5610 Portsmouth Blvd","","Portsmouth","VA","23701","36.82051943286196","-76.37881994247431","(757) 488-8014","True","ACTIVE","True","True","","","","","https://stores.foodlion.com/va/portsmouth/5610-portsmouth-blvd","official_store_directory","2026-07-31T20:46:24.9530079Z"
"Food Lion","","https://stores.foodlion.com/va/powhatan/1800-south-creek-one","Food Lion Grocery Store of Powhatan","1800 South Creek One","","Powhatan","VA","23139","37.51630853974534","-77.79040217399597","(804) 378-9105","True","ACTIVE","True","True","","","","","https://stores.foodlion.com/va/powhatan/1800-south-creek-one","official_store_directory","2026-07-31T20:46:28.1271031Z"
"Food Lion","","https://stores.foodlion.com/va/prince-george/4000-prince-george-drive","Food Lion Grocery Store of Prince George","4000 Prince George Drive","","Prince George","VA","23875","37.25761215911383","-77.28351831436157","(804) 458-5567","True","ACTIVE","True","True","","","","","https://stores.foodlion.com/va/prince-george/4000-prince-george-drive","official_store_directory","2026-07-31T20:46:31.2884449Z"
"Food Lion","","https://stores.foodlion.com/va/providence-forge/9030-pocahantos-trail","Food Lion Grocery Store of Providence Forge","9030 Pocahantos Trail","","Providence Forge","VA","23140","37.44301725872793","-77.0423287153244","(804) 966-9419","True","ACTIVE","True","True","","","","","https://stores.foodlion.com/va/providence-forge/9030-pocahantos-trail","official_store_directory","2026-07-31T20:46:33.2201803Z"
"Food Lion","","https://stores.foodlion.com/va/pulaski/1200-east-main-street","Food Lion Grocery Store of Pulaski","1200 East Main Street","","Pulaski","VA","24301","37.04654162913295","-80.75501829385757","(540) 980-3156","True","ACTIVE","True","True","","","","","https://stores.foodlion.com/va/pulaski/1200-east-main-street","official_store_directory","2026-07-31T20:46:34.6946354Z"
"Food Lion","","https://stores.foodlion.com/va/quinton/2589-new-kent-hwy","Food Lion Grocery Store of New Kent Plaza","2589 New Kent Hwy","","Quinton","VA","23141","37.51948053700341","-77.18438118696218","(804) 932-3188","True","ACTIVE","True","True","","","","","https://stores.foodlion.com/va/quinton/2589-new-kent-hwy","official_store_directory","2026-07-31T20:46:36.5464265Z"
"Food Lion","","https://stores.foodlion.com/va/quinton/5561-new-kent-highway","Food Lion Grocery Store of Quinton","5561 New Kent Highway","","Quinton","VA","23141","37.5331204","-77.11656219999999","(804) 932-3815","True","ACTIVE","True","True","","","","","https://stores.foodlion.com/va/quinton/5561-new-kent-highway","official_store_directory","2026-07-31T20:46:38.3140444Z"
"Food Lion","","https://stores.foodlion.com/va/quinton/7300-market-place-dr","Food Lion Grocery Store of Marketplace at Bottoms Bridge","7300 Market Place Dr","","Quinton","VA","23141","37.508747569928616","-77.18582916820921","(804) 932-8807","True","ACTIVE","True","True","","","","","https://stores.foodlion.com/va/quinton/7300-market-place-dr","official_store_directory","2026-07-31T20:46:40.1223500Z"
"Food Lion","","https://stores.foodlion.com/va/quinton/7300-market-place-drive","Food Lion Grocery Store of 7300 Market Place Drive","7300 Market Place Drive","","Quinton","VA","23141","37.50874668375283","-77.1858124182638","(804) 932-8835","True","ACTIVE","True","True","","","","","https://stores.foodlion.com/va/quinton/7300-market-place-drive","official_store_directory","2026-07-31T20:46:41.9135221Z"
"Food Lion","","https://stores.foodlion.com/va/richlands/124-kent-ridge-rd","Food Lion Grocery Store of Richlands","124 Kent Ridge Rd","","Richlands","VA","24641","37.09280723444109","-81.80659174919128","(276) 964-7451","True","ACTIVE","True","True","","","","","https://stores.foodlion.com/va/richlands/124-kent-ridge-rd","official_store_directory","2026-07-31T20:46:44.7948533Z"
"Food Lion","","https://stores.foodlion.com/va/richmond/2599-new-market-road","Food Lion Grocery Store of New Market Square","2599 New Market Road","","Richmond","VA","23231","37.44276384038114","-77.35324501991278","(804) 795-6009","True","ACTIVE","True","True","","","","","https://stores.foodlion.com/va/richmond/2599-new-market-road","official_store_directory","2026-07-31T20:46:49.5466458Z"
"Food Lion","","https://stores.foodlion.com/va/richmond/2949-williamsburg-road","Food Lion Grocery Store of East Towne Plaza","2949 Williamsburg Road","","Richmond","VA","23231","37.516593620801444","-77.37578630447382","(804) 236-0188","True","ACTIVE","True","True","","","","","https://stores.foodlion.com/va/richmond/2949-williamsburg-road","official_store_directory","2026-07-31T20:46:51.0255341Z"
"Food Lion","","https://stores.foodlion.com/va/richmond/3089-mechanicsville-turnpike","Food Lion Grocery Store of Oak Hill Plaza","3089 Mechanicsville Turnpike","","Richmond","VA","23223","37.56794999530351","-77.3999771475792","(804) 644-3807","True","ACTIVE","True","True","","","","","https://stores.foodlion.com/va/richmond/3089-mechanicsville-turnpike","official_store_directory","2026-07-31T20:46:53.4107861Z"
"Food Lion","","https://stores.foodlion.com/va/richmond/4116-meadowdale-blvd","Food Lion Grocery Store of Meadowdale","4116 Meadowdale Blvd","","Richmond","VA","23234","37.43913922522812","-77.47125685214996","(804) 271-6199","True","ACTIVE","True","True","","","","","https://stores.foodlion.com/va/richmond/4116-meadowdale-blvd","official_store_directory","2026-07-31T20:46:54.7792861Z"
"Food Lion","","https://stores.foodlion.com/va/richmond/5300-chamberlayne-road","Food Lion Grocery Store of Brookhill-Azalea Shopping Center","5300 Chamberlayne Road","","Richmond","VA","23227","37.604565618613826","-77.4525135755539","(804) 266-2644","True","ACTIVE","True","True","","","","","https://stores.foodlion.com/va/richmond/5300-chamberlayne-road","official_store_directory","2026-07-31T20:46:56.7417298Z"
"Food Lion","","https://stores.foodlion.com/va/richmond/5620-hull-street","Food Lion Grocery Store of Hull Street Market Place","5620 Hull Street","","Richmond","VA","23225","37.488590910055784","-77.4971267580986","(804) 230-3596","True","ACTIVE","True","True","","","","","https://stores.foodlion.com/va/richmond/5620-hull-street","official_store_directory","2026-07-31T20:46:58.5916772Z"
"Food Lion","","https://stores.foodlion.com/va/richmond/5702-jefferson-davis-hwy","Food Lion Grocery Store of North Chesterfield","5702 Jefferson Davis Hwy","","Richmond","VA","23234","37.44498281894348","-77.44295418262476","(804) 271-4499","True","ACTIVE","True","True","","","","","https://stores.foodlion.com/va/richmond/5702-jefferson-davis-hwy","official_store_directory","2026-07-31T20:47:00.1882478Z"
"Food Lion","","https://stores.foodlion.com/va/richmond/6425-iron-bridge-place","Food Lion Grocery Store of Iron Gate Village","6425 Iron Bridge Place","","Richmond","VA","23234","37.42700762636491","-77.49149143695831","(804) 271-9885","True","ACTIVE","True","True","","","","","https://stores.foodlion.com/va/richmond/6425-iron-bridge-place","official_store_directory","2026-07-31T20:47:03.9212216Z"
"Food Lion","","https://stores.foodlion.com/va/richmond/8006-buford-court","Food Lion Grocery Store of Buford Court Commons","8006 Buford Court","","Richmond","VA","23235","37.501323231708824","-77.54446506500244","(804) 330-7866","True","ACTIVE","True","True","","","","","https://stores.foodlion.com/va/richmond/8006-buford-court","official_store_directory","2026-07-31T20:47:06.6393625Z"
"Food Lion","","https://stores.foodlion.com/va/richmond/8201-hull-street","Food Lion Grocery Store of Cross Pointe","8201 Hull Street","","Richmond","VA","23235","37.45974310090751","-77.54270553588867","(804) 276-3570","True","ACTIVE","True","True","","","","","https://stores.foodlion.com/va/richmond/8201-hull-street","official_store_directory","2026-07-31T20:47:08.1504764Z"
"Food Lion","","https://stores.foodlion.com/va/roanoke/2631-peters-creek-road","Food Lion Grocery Store of City Line","2631 Peters Creek Road","","Roanoke","VA","24017","37.313954797776525","-80.00303953886032","(540) 562-2210","True","ACTIVE","True","True","","","","","https://stores.foodlion.com/va/roanoke/2631-peters-creek-road","official_store_directory","2026-07-31T20:47:10.8727452Z"
"Food Lion","","https://stores.foodlion.com/va/roanoke/4812-hollins-road","Food Lion Grocery Store of Hollins Plantation","4812 Hollins Road","","Roanoke","VA","24019","37.322495766243776","-79.93448227643967","(540) 563-9704","True","ACTIVE","True","True","","","","","https://stores.foodlion.com/va/roanoke/4812-hollins-road","official_store_directory","2026-07-31T20:47:13.4476340Z"
"Food Lion","","https://stores.foodlion.com/va/roanoke/4933-grandin-rd","Food Lion Grocery Store of Roanoke","4933 Grandin Rd","","Roanoke","VA","24018","37.246655424942695","-80.0306528806687","(540) 989-0895","True","ACTIVE","True","True","","","","","https://stores.foodlion.com/va/roanoke/4933-grandin-rd","official_store_directory","2026-07-31T20:47:14.9195436Z"
"Food Lion","","https://stores.foodlion.com/va/roanoke/629-peters-creek-rd-nw","Food Lion Grocery Store of Roanoke City","629 Peters Creek Rd NW","","Roanoke","VA","24017","37.280082141166744","-80.0065371394158","(540) 982-2018","True","ACTIVE","True","True","","","","","https://stores.foodlion.com/va/roanoke/629-peters-creek-rd-nw","official_store_directory","2026-07-31T20:47:16.4212897Z"
"Food Lion","","https://stores.foodlion.com/va/rocky-mount/850-tanyard-road","Food Lion Grocery Store of Rocky Mount","850 Tanyard Road","","Rocky Mount","VA","24151","37.00633112878815","-79.87639367580414","(540) 483-8651","True","ACTIVE","True","True","","","","","https://stores.foodlion.com/va/rocky-mount/850-tanyard-road","official_store_directory","2026-07-31T20:47:17.8942222Z"
"Food Lion","","https://stores.foodlion.com/va/ruckersville/136-cedar-grove-rd","Food Lion Grocery Store of Ruckersville","136 Cedar Grove Rd","","Ruckersville","VA","22968","38.20937757092882","-78.38777035474772","(434) 985-1101","True","ACTIVE","True","True","","","","","https://stores.foodlion.com/va/ruckersville/136-cedar-grove-rd","official_store_directory","2026-07-31T20:47:19.3800048Z"
"Food Lion","","https://stores.foodlion.com/va/rustburg/1051b-village-hwy","Food Lion Grocery Store of Rustburg","1051B Village Hwy","","Rustburg","VA","24588","37.27596944265798","-79.09715831279755","(434) 332-1029","True","ACTIVE","True","True","","","","","https://stores.foodlion.com/va/rustburg/1051b-village-hwy","official_store_directory","2026-07-31T20:47:20.8319969Z"
"Food Lion","","https://stores.foodlion.com/va/ruther-glen/17501-jefferson-davis-hwy","Food Lion Grocery Store of Ruther Glen","17501 Jefferson Davis Hwy","","Ruther Glen","VA","22546","38.01899998281533","-77.51386642456055","(804) 448-1448","True","ACTIVE","True","True","","","","","https://stores.foodlion.com/va/ruther-glen/17501-jefferson-davis-hwy","official_store_directory","2026-07-31T20:47:22.3712414Z"
"Food Lion","","https://stores.foodlion.com/va/salem/28-wildwood-road","Food Lion Grocery Store of Salem","28 Wildwood Road","","Salem","VA","24153","37.28943892013245","-80.09409382939339","(540) 389-6058","True","ACTIVE","True","True","","","","","https://stores.foodlion.com/va/salem/28-wildwood-road","official_store_directory","2026-07-31T20:47:23.8343814Z"
"Food Lion","","https://stores.foodlion.com/va/saluda/12532-tidewater-trail","Food Lion Grocery Store of Saluda","12532 Tidewater Trail","","Saluda","VA","23149","37.60983107323466","-76.61150425672531","(804) 758-2257","True","ACTIVE","True","True","","","","","https://stores.foodlion.com/va/saluda/12532-tidewater-trail","official_store_directory","2026-07-31T20:47:25.3491287Z"
"Food Lion","","https://stores.foodlion.com/va/scottsville/198-scottsville-center","Food Lion Grocery Store of Scottsville","198 Scottsville Center","","Scottsville","VA","24590","37.808548518952634","-78.5038349032402","(434) 286-2967","True","ACTIVE","True","True","","","","","https://stores.foodlion.com/va/scottsville/198-scottsville-center","official_store_directory","2026-07-31T20:47:26.9138034Z"
"Food Lion","","https://stores.foodlion.com/va/smithfield/1941-s.-church-street","Food Lion Grocery Store of Smithfield","1941 S. Church Street","","Smithfield","VA","23430","36.962076713253694","-76.60380363464355","(757) 357-0200","True","ACTIVE","True","True","","","","","https://stores.foodlion.com/va/smithfield/1941-s.-church-street","official_store_directory","2026-07-31T20:47:28.5184130Z"
"Food Lion","","https://stores.foodlion.com/va/south-boston/1020-bill-tuck-hwy","Food Lion Grocery Store of South Boston","1020 Bill Tuck Hwy","","South Boston","VA","24592","36.68623600257463","-78.89719254638442","(434) 572-1960","True","ACTIVE","True","True","","","","","https://stores.foodlion.com/va/south-boston/1020-bill-tuck-hwy","official_store_directory","2026-07-31T20:47:29.9762793Z"
"Food Lion","","https://stores.foodlion.com/va/south-boston/1020-bill-tuck-hwy-1000","Food Lion Grocery Store of 1020 Bill Tuck Hwy #1000","1020 Bill Tuck Hwy 1000","","South Boston","VA","24592","36.68617979263844","-78.89713683234993","(434) 575-0078","True","ACTIVE","True","True","","","","","https://stores.foodlion.com/va/south-boston/1020-bill-tuck-hwy-1000","official_store_directory","2026-07-31T20:47:31.4822568Z"
"Food Lion","","https://stores.foodlion.com/va/south-boston/3346-halifax-rd","Food Lion Grocery Store of 3346 Halifax Rd","3346 Halifax Rd","","South Boston","VA","24592","36.73584","-78.918669","(434) 272-4760","True","ACTIVE","True","True","","","","","https://stores.foodlion.com/va/south-boston/3346-halifax-rd","official_store_directory","2026-07-31T20:47:33.0245664Z"
"Food Lion","","https://stores.foodlion.com/va/south-hill/1022-west-atlantic-street","Food Lion Grocery Store of South Hill","1022 West Atlantic Street","","South Hill","VA","23970","36.73345444311841","-78.14463078975677","(434) 447-3122","True","ACTIVE","True","True","","","","","https://stores.foodlion.com/va/south-hill/1022-west-atlantic-street","official_store_directory","2026-07-31T20:47:34.5327914Z"
"Food Lion","","https://stores.foodlion.com/va/south-hill/715-e.-atlantic-street","Food Lion Grocery Store of Town Square Shopping Center","715 E. Atlantic Street","","South Hill","VA","23970","36.72033435290646","-78.11631202697754","(434) 774-2931","True","ACTIVE","True","True","","","","","https://stores.foodlion.com/va/south-hill/715-e.-atlantic-street","official_store_directory","2026-07-31T20:47:36.0507148Z"
"Food Lion","","https://stores.foodlion.com/va/spotsylvania/6320-jefferson-davis-hwy","Food Lion Grocery Store of Thornburg","6320 Jefferson Davis Hwy","","Spotsylvania","VA","22553","38.13209870529578","-77.52373158931738","(540) 582-7445","True","ACTIVE","True","True","","","","","https://stores.foodlion.com/va/spotsylvania/6320-jefferson-davis-hwy","official_store_directory","2026-07-31T20:47:37.5221874Z"
"Food Lion","","https://stores.foodlion.com/va/stanley/558-west-main-st","Food Lion Grocery Store of Stanley","558 West Main St","","Stanley","VA","22851","38.57804744395244","-78.51392269134521","(540) 778-2081","True","ACTIVE","True","True","","","","","https://stores.foodlion.com/va/stanley/558-west-main-st","official_store_directory","2026-07-31T20:47:38.9649763Z"
"Food Lion","","https://stores.foodlion.com/va/stanleytown/951-fairystone-pk-hwy","Food Lion Grocery Store of Stanleytown","951 Fairystone Pk Hwy","","Stanleytown","VA","24168","36.73842414253288","-79.95384514331818","(276) 629-7232","True","ACTIVE","True","True","","","","","https://stores.foodlion.com/va/stanleytown/951-fairystone-pk-hwy","official_store_directory","2026-07-31T20:47:40.3780212Z"
"Food Lion","","https://stores.foodlion.com/va/staunton/600-n.-coalter-street","Food Lion Grocery Store of North Coalter","600 N. Coalter Street","","Staunton","VA","24401","38.159729699618744","-79.06333297491074","(540) 887-2625","True","ACTIVE","True","True","","","","","https://stores.foodlion.com/va/staunton/600-n.-coalter-street","official_store_directory","2026-07-31T20:47:44.1055397Z"
"Food Lion","","https://stores.foodlion.com/va/sterling/20789-great-falls-plaza","Food Lion Grocery Store of Great Falls Plaza","20789 Great Falls Plaza","","Sterling","VA","20165","39.040146725925766","-77.35838145017624","(703) 421-8198","True","ACTIVE","True","True","","","","","https://stores.foodlion.com/va/sterling/20789-great-falls-plaza","official_store_directory","2026-07-31T20:47:45.5267540Z"
"Food Lion","","https://stores.foodlion.com/va/sterling/46081-briarcroft-plaza","Food Lion Grocery Store of Sterling","46081 Briarcroft Plaza","","Sterling","VA","20164","38.99634876720697","-77.405886054039","(703) 430-5408","True","ACTIVE","True","True","","","","","https://stores.foodlion.com/va/sterling/46081-briarcroft-plaza","official_store_directory","2026-07-31T20:47:47.0503225Z"
"Food Lion","","https://stores.foodlion.com/va/strasburg/794-shopping-center-rd","Food Lion Grocery Store of Strasburg","794 Shopping Center Rd","","Strasburg","VA","22657","38.99771623550027","-78.34929943084717","(540) 465-5335","True","ACTIVE","True","True","","","","","https://stores.foodlion.com/va/strasburg/794-shopping-center-rd","official_store_directory","2026-07-31T20:47:48.5128604Z"
"Food Lion","","https://stores.foodlion.com/va/stuarts-draft/20-windmill-square","Food Lion Grocery Store of Stuarts Draft","20 Windmill Square","","Stuarts Draft","VA","24477","38.034789192533","-79.0389946103096","(540) 337-0085","True","ACTIVE","True","True","","","","","https://stores.foodlion.com/va/stuarts-draft/20-windmill-square","official_store_directory","2026-07-31T20:47:50.1548202Z"
"Food Lion","","https://stores.foodlion.com/va/suffolk/1010-portsmouth-blvd","Food Lion Grocery Store of Suburban Plaza","1010 Portsmouth Blvd","","Suffolk","VA","23434","36.7440619543418","-76.55197262763977","(757) 934-6484","True","ACTIVE","True","True","","","","","https://stores.foodlion.com/va/suffolk/1010-portsmouth-blvd","official_store_directory","2026-07-31T20:47:51.7411649Z"
"Food Lion","","https://stores.foodlion.com/va/suffolk/1524-holland-rd","Food Lion Grocery Store of Holland Road","1524 Holland Rd","","Suffolk","VA","23434","36.7262078213231","-76.63686186075205","(757) 538-2678","True","ACTIVE","True","True","","","","","https://stores.foodlion.com/va/suffolk/1524-holland-rd","official_store_directory","2026-07-31T20:47:53.1894501Z"
"Food Lion","","https://stores.foodlion.com/va/suffolk/3215-bridge-rd","Food Lion Grocery Store of Bennett's Creek","3215 Bridge Rd","","Suffolk","VA","23435","36.862660737080624","-76.48484766483307","(757) 484-4467","True","ACTIVE","True","True","","","","","https://stores.foodlion.com/va/suffolk/3215-bridge-rd","official_store_directory","2026-07-31T20:47:55.6457485Z"
"Food Lion","","https://stores.foodlion.com/va/suffolk/6550-hampton-roads-pkwy","Food Lion Grocery Store of Suffolk","6550 Hampton Roads Pkwy","","Suffolk","VA","23435","36.87810479841447","-76.4187017083168","(757) 483-3206","True","ACTIVE","True","True","","","","","https://stores.foodlion.com/va/suffolk/6550-hampton-roads-pkwy","official_store_directory","2026-07-31T20:47:57.1925811Z"
"Food Lion","","https://stores.foodlion.com/va/tappahannock/1856-tappahannock-blvd","Food Lion Grocery Store of Tappahannock","1856 Tappahannock Blvd","","Tappahannock","VA","22560","37.90168415941324","-76.86636239290237","(804) 443-5518","True","ACTIVE","True","True","","","","","https://stores.foodlion.com/va/tappahannock/1856-tappahannock-blvd","official_store_directory","2026-07-31T20:47:58.7323891Z"
"Food Lion","","https://stores.foodlion.com/va/timberville/14054-timber-way","Food Lion Grocery Store of Timberville","14054 Timber Way","","Timberville","VA","22853","38.62736919479933","-78.77742022275925","(540) 896-9601","True","ACTIVE","True","True","","","","","https://stores.foodlion.com/va/timberville/14054-timber-way","official_store_directory","2026-07-31T20:48:00.1797078Z"
"Food Lion","","https://stores.foodlion.com/va/verona/208-laurel-hill-road","Food Lion Grocery Store of Verona","208 Laurel Hill Road","","Verona","VA","24482","38.19648869486232","-79.0023422241211","(540) 248-4122","True","ACTIVE","True","True","","","","","https://stores.foodlion.com/va/verona/208-laurel-hill-road","official_store_directory","2026-07-31T20:48:02.6510645Z"
"Food Lion","","https://stores.foodlion.com/va/victoria/950-main-street","Food Lion Grocery Store of Victoria","950 Main Street","","Victoria","VA","23974","36.98714559248454","-78.21909427642822","(434) 696-2810","True","ACTIVE","True","True","","","","","https://stores.foodlion.com/va/victoria/950-main-street","official_store_directory","2026-07-31T20:48:04.0861095Z"
"Food Lion","","https://stores.foodlion.com/va/virginia-beach/1340-n.-great-neck-road","Food Lion Grocery Store of Great Neck Village","1340 N. Great Neck Road","","Virginia Beach","VA","23454","36.87748366302348","-76.03888213634491","(757) 481-1584","True","ACTIVE","True","True","","","","","https://stores.foodlion.com/va/virginia-beach/1340-n.-great-neck-road","official_store_directory","2026-07-31T20:48:07.4500881Z"
"Food Lion","","https://stores.foodlion.com/va/virginia-beach/1615-general-booth-blvd","Food Lion Grocery Store of 1615 General Booth Blvd","1615 General Booth Blvd","","Virginia Beach","VA","23454","36.78484230343129","-76.00213852468602","(757) 426-6973","True","ACTIVE","True","True","","","","","https://stores.foodlion.com/va/virginia-beach/1615-general-booth-blvd","official_store_directory","2026-07-31T20:48:08.8487185Z"
"Food Lion","","https://stores.foodlion.com/va/virginia-beach/1920-centerville-turnpike","Food Lion Grocery Store of Wood's Corner Shopping Center","1920 Centerville Turnpike","","Virginia Beach","VA","23464","36.777977","-76.1899602","(757) 479-3690","True","ACTIVE","True","True","","","","","https://stores.foodlion.com/va/virginia-beach/1920-centerville-turnpike","official_store_directory","2026-07-31T20:48:10.3251368Z"
"Food Lion","","https://stores.foodlion.com/va/virginia-beach/2817-shore-drive","Food Lion Grocery Store of Cape Henry Plaza","2817 Shore Drive","","Virginia Beach","VA","23451","36.91180481279358","-76.06687903404242","(757) 481-7480","True","ACTIVE","True","True","","","","","https://stores.foodlion.com/va/virginia-beach/2817-shore-drive","official_store_directory","2026-07-31T20:48:13.7031572Z"
"Food Lion","","https://stores.foodlion.com/va/virginia-beach/3208-holland-road","Food Lion Grocery Store of Shipps Corner","3208 Holland Road","","Virginia Beach","VA","23453","36.79349048560509","-76.07987686062188","(757) 468-3816","True","ACTIVE","True","True","","","","","https://stores.foodlion.com/va/virginia-beach/3208-holland-road","official_store_directory","2026-07-31T20:48:15.2556468Z"
"Food Lion","","https://stores.foodlion.com/va/virginia-beach/3770-birchwood-mall","Food Lion Grocery Store of Birchwood","3770 Birchwood Mall","","Virginia Beach","VA","23452","36.84083524764399","-76.10462576150894","(757) 340-7920","True","ACTIVE","True","True","","","","","https://stores.foodlion.com/va/virginia-beach/3770-birchwood-mall","official_store_directory","2026-07-31T20:48:17.0597619Z"
"Food Lion","","https://stores.foodlion.com/va/virginia-beach/4221-pleasant-valley-road","Food Lion Grocery Store of Pleasant Valley Marketplace","4221 Pleasant Valley Road","","Virginia Beach","VA","23464","36.787562125080406","-76.1515349149704","(757) 495-9624","True","ACTIVE","True","True","","","","","https://stores.foodlion.com/va/virginia-beach/4221-pleasant-valley-road","official_store_directory","2026-07-31T20:48:19.7291330Z"
"Food Lion","","https://stores.foodlion.com/va/virginia-beach/4392-holland-rd","Food Lion Grocery Store of Virginia Beach","4392 Holland Rd","","Virginia Beach","VA","23452","36.82202480319363","-76.12215210456785","(757) 631-6400","True","ACTIVE","True","True","","","","","https://stores.foodlion.com/va/virginia-beach/4392-holland-rd","official_store_directory","2026-07-31T20:48:21.1604196Z"
"Food Lion","","https://stores.foodlion.com/va/virginia-beach/5020-ferrell-pkwy","Food Lion Grocery Store of Indian Lakes","5020 Ferrell Pkwy","","Virginia Beach","VA","23464","36.79456670423762","-76.16499462698363","(757) 467-7516","True","ACTIVE","True","True","","","","","https://stores.foodlion.com/va/virginia-beach/5020-ferrell-pkwy","official_store_directory","2026-07-31T20:48:23.4916229Z"
"Food Lion","","https://stores.foodlion.com/va/virginia-beach/5193-shore-drive","Food Lion Grocery Store of Lakes Shores","5193 Shore Drive","","Virginia Beach","VA","23455","36.90489892186833","-76.15149199962616","(757) 460-1786","True","ACTIVE","True","True","","","","","https://stores.foodlion.com/va/virginia-beach/5193-shore-drive","official_store_directory","2026-07-31T20:48:24.9540662Z"
"Food Lion","","https://stores.foodlion.com/va/virginia-beach/5242-fairfield-shopping-centre","Food Lion Grocery Store of Fairfield Shopping Center","5242 Fairfield Shopping Centre","","Virginia Beach","VA","23464","36.81529737776594","-76.16753965616226","(757) 467-1454","True","ACTIVE","True","True","","","","","https://stores.foodlion.com/va/virginia-beach/5242-fairfield-shopping-centre","official_store_directory","2026-07-31T20:48:26.5379755Z"
"Food Lion","","https://stores.foodlion.com/va/virginia-beach/5277-princess-anne-road","Food Lion Grocery Store of Kempsville Plaza","5277 Princess Anne Road","","Virginia Beach","VA","23462","36.82728052008296","-76.1679258942604","(757) 490-1808","True","ACTIVE","True","True","","","","","https://stores.foodlion.com/va/virginia-beach/5277-princess-anne-road","official_store_directory","2026-07-31T20:48:28.0306721Z"
"Food Lion","","https://stores.foodlion.com/va/virginia-beach/5461-wesleyan-dr","Food Lion Grocery Store of Wesleyan Commons","5461 Wesleyan Dr","","Virginia Beach","VA","23462","36.86964126012935","-76.17011994123459","(757) 499-8133","True","ACTIVE","True","True","","","","","https://stores.foodlion.com/va/virginia-beach/5461-wesleyan-dr","official_store_directory","2026-07-31T20:48:29.7816600Z"
"Food Lion","","https://stores.foodlion.com/va/virginia-beach/6527-college-park-square","Food Lion Grocery Store of College Park Shopping Center","6527 College Park Square","","Virginia Beach","VA","23464","36.81034554415326","-76.21619760990143","(757) 361-5270","True","ACTIVE","True","True","","","","","https://stores.foodlion.com/va/virginia-beach/6527-college-park-square","official_store_directory","2026-07-31T20:48:31.5711569Z"
"Food Lion","","https://stores.foodlion.com/va/virginia-beach/748-independence-blvd","Food Lion Grocery Store of Pembroke Meadows","748 Independence Blvd","","Virginia Beach","VA","23455","36.86354487179741","-76.13084435462952","(757) 499-0794","True","ACTIVE","True","True","","","","","https://stores.foodlion.com/va/virginia-beach/748-independence-blvd","official_store_directory","2026-07-31T20:48:33.4745702Z"
"Food Lion","","https://stores.foodlion.com/va/virginia-beach/880-s.-military-indian-riv","Food Lion Grocery Store of Indian River","880 S. Military Indian Riv","","Virginia Beach","VA","23464","36.815513181096755","-76.21368169784546","(757) 523-0217","True","ACTIVE","True","True","","","","","https://stores.foodlion.com/va/virginia-beach/880-s.-military-indian-riv","official_store_directory","2026-07-31T20:48:35.0249736Z"
"Food Lion","","https://stores.foodlion.com/va/warsaw/4665-richmond-road","Food Lion Grocery Store of Warsaw","4665 Richmond Road","","Warsaw","VA","22572","37.96352803927986","-76.77702605724335","(804) 333-6368","True","ACTIVE","True","True","","","","","https://stores.foodlion.com/va/warsaw/4665-richmond-road","official_store_directory","2026-07-31T20:48:37.7471676Z"
"Food Lion","","https://stores.foodlion.com/va/waynesboro/990-hopeman-pkwy","Food Lion Grocery Store of Waynesboro","990 Hopeman Pkwy","","Waynesboro","VA","22980","38.08551430816384","-78.88276934623718","(540) 942-2992","True","ACTIVE","True","True","","","","","https://stores.foodlion.com/va/waynesboro/990-hopeman-pkwy","official_store_directory","2026-07-31T20:48:39.4213198Z"
"Food Lion","","https://stores.foodlion.com/va/west-point/100-winter-street","Food Lion Grocery Store of West Point","100 Winter Street","","West Point","VA","23181","37.55212661161561","-76.80708825588226","(804) 843-4704","True","ACTIVE","True","True","","","","","https://stores.foodlion.com/va/west-point/100-winter-street","official_store_directory","2026-07-31T20:48:41.0760248Z"
"Food Lion","","https://stores.foodlion.com/va/williamsburg/1234-richmond-road","Food Lion Grocery Store of Williamsburg","1234 Richmond Road","","Williamsburg","VA","23185","37.280452121478135","-76.71973272023774","(757) 229-2010","True","ACTIVE","True","True","","","","","https://stores.foodlion.com/va/williamsburg/1234-richmond-road","official_store_directory","2026-07-31T20:48:42.8947376Z"
"Food Lion","","https://stores.foodlion.com/va/williamsburg/5251-john-tyler-hwy","Food Lion Grocery Store of University Square","5251 John Tyler Hwy","","Williamsburg","VA","23185","37.2570741805289","-76.73863828182226","(757) 220-1473","True","ACTIVE","True","True","","","","","https://stores.foodlion.com/va/williamsburg/5251-john-tyler-hwy","official_store_directory","2026-07-31T20:48:44.6955661Z"
"Food Lion","","https://stores.foodlion.com/va/williamsburg/5601-richmond-rd","Food Lion Grocery Store of Ewell Station","5601 Richmond Rd","","Williamsburg","VA","23188","37.316757810003025","-76.73780143260956","(757) 565-1321","True","ACTIVE","True","True","","","","","https://stores.foodlion.com/va/williamsburg/5601-richmond-rd","official_store_directory","2026-07-31T20:48:46.5638139Z"
"Food Lion","","https://stores.foodlion.com/va/williamsburg/701-a-merrimac-trail","Food Lion Grocery Store of James York Plaza","701 A Merrimac Trail","","Williamsburg","VA","23185","37.27021939822987","-76.67592823505402","(757) 258-4661","True","ACTIVE","True","True","","","","","https://stores.foodlion.com/va/williamsburg/701-a-merrimac-trail","official_store_directory","2026-07-31T20:48:48.5450002Z"
"Food Lion","","https://stores.foodlion.com/va/williamsburg/7537-richmond-rd","Food Lion Grocery Store of Norge","7537 Richmond Rd","","Williamsburg","VA","23188","37.37123578325842","-76.77814722061157","(757) 253-7950","True","ACTIVE","True","True","","","","","https://stores.foodlion.com/va/williamsburg/7537-richmond-rd","official_store_directory","2026-07-31T20:48:50.3700797Z"
"Food Lion","","https://stores.foodlion.com/va/windsor/11435-windsor-blvd","Food Lion Grocery Store of Windsor","11435 Windsor Blvd","","Windsor","VA","23487","36.80500253011003","-76.72564566135406","(757) 242-3993","True","ACTIVE","True","True","","","","","https://stores.foodlion.com/va/windsor/11435-windsor-blvd","official_store_directory","2026-07-31T20:48:52.1698033Z"
"Food Lion","","https://stores.foodlion.com/va/woodbridge/12420-dillingham-square","Food Lion Grocery Store of 12420 Dillingham Square","12420 Dillingham Square","","Woodbridge","VA","22192","38.68471123269049","-77.31866586746885","(703) 580-8211","True","ACTIVE","True","True","","","","","https://stores.foodlion.com/va/woodbridge/12420-dillingham-square","official_store_directory","2026-07-31T20:48:53.8769160Z"
"Food Lion","","https://stores.foodlion.com/va/woodbridge/13414-jefferson-davis-hwy","Food Lion Grocery Store of Woodbridge","13414 Jefferson Davis Hwy","","Woodbridge","VA","22192","38.66117681248764","-77.24981635808945","(703) 492-0244","True","ACTIVE","True","True","","","","","https://stores.foodlion.com/va/woodbridge/13414-jefferson-davis-hwy","official_store_directory","2026-07-31T20:48:55.4472084Z"
"Food Lion","","https://stores.foodlion.com/va/woodbridge/14641-jefferson-davis-hwy","Food Lion Grocery Store of Featherstone","14641 Jefferson Davis Hwy","","Woodbridge","VA","22191","38.63447854019524","-77.26951181888586","(703) 490-6486","True","ACTIVE","True","True","","","","","https://stores.foodlion.com/va/woodbridge/14641-jefferson-davis-hwy","official_store_directory","2026-07-31T20:48:57.5800363Z"
"Food Lion","","https://stores.foodlion.com/va/woodbridge/5592-staples-mill-plaza","Food Lion Grocery Store of Staples Mill","5592 Staples Mill Plaza","","Woodbridge","VA","22193","38.63323817467575","-77.3735922574997","(703) 878-4564","True","ACTIVE","True","True","","","","","https://stores.foodlion.com/va/woodbridge/5592-staples-mill-plaza","official_store_directory","2026-07-31T20:48:59.3057924Z"
"Food Lion","","https://stores.foodlion.com/va/wytheville/1155-n-4th-st-ste.-200","Food Lion Grocery Store of Wytheville","1155 N 4Th St Ste. 200","","Wytheville","VA","24382","36.95562268610392","-81.0955561350297","(276) 228-7118","True","ACTIVE","True","True","","","","","https://stores.foodlion.com/va/wytheville/1155-n-4th-st-ste.-200","official_store_directory","2026-07-31T20:49:02.0178172Z"
"Food Lion","","https://stores.foodlion.com/va/yorktown/8100-george-wash.-hwy","Food Lion Grocery Store of Patriots Square","8100 George Wash. Hwy","","Yorktown","VA","23692","37.191505986467355","-76.48584008216858","(757) 890-2655","True","ACTIVE","True","True","","","","","https://stores.foodlion.com/va/yorktown/8100-george-wash.-hwy","official_store_directory","2026-07-31T20:49:05.9307727Z"
"Food Lion","","https://stores.foodlion.com/wv/beckley/1018-n-eisenhower-drive","Food Lion Grocery Store of Beckley","1018 N Eisenhower Drive","","Beckley","WV","25801","37.799484505331066","-81.17529630661005","(304) 252-3112","True","ACTIVE","True","True","","","","","https://stores.foodlion.com/wv/beckley/1018-n-eisenhower-drive","official_store_directory","2026-07-31T20:49:07.6418983Z"
"Food Lion","","https://stores.foodlion.com/wv/berkeley-springs/70-morgan-square","Food Lion Grocery Store of Berkeley Springs","70 Morgan Square","","Berkeley Springs","WV","25411","39.60696667538391","-78.23997308344157","(304) 258-5288","True","ACTIVE","True","True","","","","","https://stores.foodlion.com/wv/berkeley-springs/70-morgan-square","official_store_directory","2026-07-31T20:49:09.4018204Z"
"Food Lion","","https://stores.foodlion.com/wv/charles-town/96-somerset-boulevard","Food Lion Grocery Store of Charles Town","96 Somerset Boulevard","","Charles Town","WV","25414","39.29623090700095","-77.82893478870398","(304) 725-6411","True","ACTIVE","True","True","","","","","https://stores.foodlion.com/wv/charles-town/96-somerset-boulevard","official_store_directory","2026-07-31T20:49:11.2505633Z"
"Food Lion","","https://stores.foodlion.com/wv/clarksburg/1713-milford-st","Food Lion Grocery Store of Clarksburg","1713 Milford St","","Clarksburg","WV","26301","39.26904209336249","-80.37128806114197","(304) 623-3419","True","ACTIVE","True","True","","","","","https://stores.foodlion.com/wv/clarksburg/1713-milford-st","official_store_directory","2026-07-31T20:49:12.8019997Z"
"Food Lion","","https://stores.foodlion.com/wv/fairmont/308-marion-square","Food Lion Grocery Store of Fairmont","308 Marion Square","","Fairmont","WV","26554","39.474887219129045","-80.17691910266876","(304) 363-5027","True","ACTIVE","True","True","","","","","https://stores.foodlion.com/wv/fairmont/308-marion-square","official_store_directory","2026-07-31T20:49:14.4049024Z"
"Food Lion","","https://stores.foodlion.com/wv/falling-waters/78-worchester-dr","Food Lion Grocery Store of Falling Waters","78 Worchester Dr","","Falling Waters","WV","25419","39.577008750338045","-77.87561628159624","(304) 271-8800","True","ACTIVE","True","True","","","","","https://stores.foodlion.com/wv/falling-waters/78-worchester-dr","official_store_directory","2026-07-31T20:49:16.0297460Z"
"Food Lion","","https://stores.foodlion.com/wv/falling-waters/78-worchester-drive","Food Lion Grocery Store of 78 Worchester Drive","78 Worchester Drive","","Falling Waters","WV","25419","39.57697092578335","-77.87566930626599","(304) 271-8836","True","ACTIVE","True","True","","","","","https://stores.foodlion.com/wv/falling-waters/78-worchester-drive","official_store_directory","2026-07-31T20:49:17.6433360Z"
"Food Lion","","https://stores.foodlion.com/wv/inwood/130-duella-dr","Food Lion Grocery Store of 130 Duella Dr","130 Duella Dr","","Inwood","WV","25428","39.361546601543324","-78.03398028721801","(304) 821-3159","True","ACTIVE","True","True","","","","","https://stores.foodlion.com/wv/inwood/130-duella-dr","official_store_directory","2026-07-31T20:49:19.2652554Z"
"Food Lion","","https://stores.foodlion.com/wv/moorefield/542-south-main-street","Food Lion Grocery Store of Moorefield","542 South Main Street","","Moorefield","WV","26836","39.05180382495664","-78.97693097591406","(304) 538-7473","True","ACTIVE","True","True","","","","","https://stores.foodlion.com/wv/moorefield/542-south-main-street","official_store_directory","2026-07-31T20:49:20.8493351Z"
"Food Lion","","https://stores.foodlion.com/wv/nutter-fort/600-buckhannon-pike","Food Lion Grocery Store of Nutterfort","600 Buckhannon Pike","","Nutter Fort","WV","26301","39.261848663064974","-80.32697260379797","(304) 624-5647","True","ACTIVE","True","True","","","","","https://stores.foodlion.com/wv/nutter-fort/600-buckhannon-pike","official_store_directory","2026-07-31T20:49:22.4564307Z"
"Food Lion","","https://stores.foodlion.com/wv/romney/22240-northwestern-pk","Food Lion Grocery Store of Romney","22240 Northwestern Pk","","Romney","WV","26757","39.33048631536959","-78.70304793119425","(304) 822-3641","True","ACTIVE","True","True","","","","","https://stores.foodlion.com/wv/romney/22240-northwestern-pk","official_store_directory","2026-07-31T20:49:24.2650461Z"
"Food Lion","","https://stores.foodlion.com/wv/shepherdstown/85-maddex-square-drive","Food Lion Grocery Store of Shepherdstown","85 Maddex Square Drive","","Shepherdstown","WV","25443","39.43596927078704","-77.82089352607727","(304) 876-0601","True","ACTIVE","True","True","","","","","https://stores.foodlion.com/wv/shepherdstown/85-maddex-square-drive","official_store_directory","2026-07-31T20:49:26.0297686Z"
"Food Lion","","https://stores.foodlion.com/wv/sophia/834-robert-c-byrd-dr","Food Lion Grocery Store of Sophia","834 Robert C Byrd Dr","","Sophia","WV","25921","37.72616563269896","-81.2425366044045","(304) 683-3077","True","ACTIVE","True","True","","","","","https://stores.foodlion.com/wv/sophia/834-robert-c-byrd-dr","official_store_directory","2026-07-31T20:49:27.7618259Z"
"Food Lion","","https://stores.foodlion.com/wv/summersville/1005-industrial-drive","Food Lion Grocery Store of Summersville","1005 Industrial Drive","","Summersville","WV","26651","38.30694904166435","-80.83027303218842","(304) 872-6040","True","ACTIVE","True","True","","","","","https://stores.foodlion.com/wv/summersville/1005-industrial-drive","official_store_directory","2026-07-31T20:49:29.5300890Z"
"Food Lion","","https://stores.foodlion.com/wv/white-sulphur-spring/1-alvon-rd","Food Lion Grocery Store of White Sulphur Springs","1 Alvon Rd","","White Sulphur Spring","WV","24986","37.80339285392849","-80.28407247516019","(304) 536-9103","True","ACTIVE","True","True","","","","","https://stores.foodlion.com/wv/white-sulphur-spring/1-alvon-rd","official_store_directory","2026-07-31T20:49:31.2962227Z"
"Food Lion","","https://stores.foodlion.com/de/middletown/501-w.-main-st.","Food Lion Grocery Store of Middletown","501 W. Main St","","Middletown","DE","19709","39.45163474569258","-75.72335511445999","(302) 376-0690","True","ACTIVE","True","True","","","","","https://stores.foodlion.com/de/middletown/501-w.-main-st.","official_store_directory_curl_exact_path","2026-07-31T21:37:58.1361318Z"
"Food Lion","","https://stores.foodlion.com/de/millsboro/28544-dupont-blvd.","Food Lion Grocery Store of Millsboro","28544 Dupont Blvd","","Millsboro","DE","19966","38.581377152260956","-75.29359281063074","(302) 934-8880","True","ACTIVE","True","True","","","","","https://stores.foodlion.com/de/millsboro/28544-dupont-blvd.","official_store_directory_curl_exact_path","2026-07-31T21:37:59.0973835Z"
"Food Lion","","https://stores.foodlion.com/de/selbyville/37468-lion-dr.","Food Lion Grocery Store of Fenwick Island","37468 Lion Dr","","Selbyville","DE","19975","38.474136785162635","-75.106141269207","(302) 436-5938","True","ACTIVE","True","True","","","","","https://stores.foodlion.com/de/selbyville/37468-lion-dr.","official_store_directory_curl_exact_path","2026-07-31T21:38:00.1761217Z"
"Food Lion","","https://stores.foodlion.com/ga/albany/1511-s.-radium-springs-rd.","Food Lion Grocery Store of Albany","1511 S. Radium Springs Rd","","Albany","GA","31705","31.55063392246997","-84.1382935826984","(229) 436-7557","True","ACTIVE","True","True","","","","","https://stores.foodlion.com/ga/albany/1511-s.-radium-springs-rd.","official_store_directory_curl_exact_path","2026-07-31T21:38:00.9783096Z"
"Food Lion","","https://stores.foodlion.com/ga/albany/2310-n.-slappey-st.","Food Lion Grocery Store of Albany","2310 N. Slappey St","","Albany","GA","31701","31.60807225695549","-84.17434898333319","(229) 436-7792","True","ACTIVE","True","True","","","","","https://stores.foodlion.com/ga/albany/2310-n.-slappey-st.","official_store_directory_curl_exact_path","2026-07-31T21:38:01.7536358Z"
"Food Lion","","https://stores.foodlion.com/ga/albany/2800-old-dawson-rd.","Food Lion Grocery Store of Albany","2800 Old Dawson Rd","","Albany","GA","31707","31.612353174319267","-84.21745029309785","(229) 888-9530","True","ACTIVE","True","True","","","","","https://stores.foodlion.com/ga/albany/2800-old-dawson-rd.","official_store_directory_curl_exact_path","2026-07-31T21:38:02.5279926Z"
"Food Lion","","https://stores.foodlion.com/ga/alma/1108-s.-pierce-st.","Food Lion Grocery Store of Alma","1108 S. Pierce St","","Alma","GA","31510","31.52715515494967","-82.46105667501301","(912) 632-1854","True","ACTIVE","True","True","","","","","https://stores.foodlion.com/ga/alma/1108-s.-pierce-st.","official_store_directory_curl_exact_path","2026-07-31T21:38:03.6847635Z"
"Food Lion","","https://stores.foodlion.com/ga/augusta/2803-wrightsboro-rd.","Food Lion Grocery Store of Augusta","2803 Wrightsboro Rd","","Augusta","GA","30909","33.47070359067527","-82.03690290291458","(706) 733-3355","True","ACTIVE","True","True","","","","","https://stores.foodlion.com/ga/augusta/2803-wrightsboro-rd.","official_store_directory_curl_exact_path","2026-07-31T21:38:05.2366699Z"
"Food Lion","","https://stores.foodlion.com/ga/augusta/365-s.-belair-rd.","Food Lion Grocery Store of Belair Village","365 S. Belair Rd","","Augusta","GA","30907","33.48686271818516","-82.13650345802307","(706) 868-6806","True","ACTIVE","True","True","","","","","https://stores.foodlion.com/ga/augusta/365-s.-belair-rd.","official_store_directory_curl_exact_path","2026-07-31T21:38:06.0358095Z"
"Food Lion","","https://stores.foodlion.com/ga/calhoun/1512-red-bud-rd.","Food Lion Grocery Store of Calhoun","1512 Red Bud Rd","","Calhoun","GA","30701","34.512787238038484","-84.91547048091888","(706) 625-3906","True","ACTIVE","True","True","","","","","https://stores.foodlion.com/ga/calhoun/1512-red-bud-rd.","official_store_directory_curl_exact_path","2026-07-31T21:38:07.0790683Z"
"Food Lion","","https://stores.foodlion.com/ga/dawsonville/59-main-st.","Food Lion Grocery Store of Dawsonville","59 Main St","","Dawsonville","GA","30534","34.41753105694733","-84.11162565033608","(706) 344-3979","True","ACTIVE","True","True","","","","","https://stores.foodlion.com/ga/dawsonville/59-main-st.","official_store_directory_curl_exact_path","2026-07-31T21:38:07.8304476Z"
"Food Lion","","https://stores.foodlion.com/ga/ellijay/130-fowler-st.","Food Lion Grocery Store of Ellijay","130 Fowler St","","Ellijay","GA","30540","34.68455634222415","-84.47652161121368","(706) 276-6300","True","ACTIVE","True","True","","","","","https://stores.foodlion.com/ga/ellijay/130-fowler-st.","official_store_directory_curl_exact_path","2026-07-31T21:38:08.7299886Z"
"Food Lion","","https://stores.foodlion.com/ga/garden-city/109-minus-ave.","Food Lion Grocery Store of Garden City","109 Minus Ave","","Garden City","GA","31408","32.10387534867095","-81.14667177200323","(912) 966-0523","True","ACTIVE","True","True","","","","","https://stores.foodlion.com/ga/garden-city/109-minus-ave.","official_store_directory_curl_exact_path","2026-07-31T21:38:09.7116251Z"
"Food Lion","","https://stores.foodlion.com/ga/hahira/775-ga-highway-122-w.","Food Lion Grocery Store of Hahira","775 Ga Highway 122 W","","Hahira","GA","31632","30.989546557185744","-83.38193634107586","(229) 794-1009","True","ACTIVE","True","True","","","","","https://stores.foodlion.com/ga/hahira/775-ga-highway-122-w.","official_store_directory_curl_exact_path","2026-07-31T21:38:10.6569446Z"
"Food Lion","","https://stores.foodlion.com/ga/jesup/955-s.-1st-st.","Food Lion Grocery Store of Jesup","955 S. 1St St","","Jesup","GA","31545","31.60299234063862","-81.90588870177102","(912) 427-7748","True","ACTIVE","True","True","","","","","https://stores.foodlion.com/ga/jesup/955-s.-1st-st.","official_store_directory_curl_exact_path","2026-07-31T21:38:11.4748024Z"
"Food Lion","","https://stores.foodlion.com/ga/metter/155-s.-leroy-st.","Food Lion Grocery Store of Metter","155 S. Leroy St","","Metter","GA","30439","32.39613203441596","-82.0579624031389","(912) 685-3005","True","ACTIVE","True","True","","","","","https://stores.foodlion.com/ga/metter/155-s.-leroy-st.","official_store_directory_curl_exact_path","2026-07-31T21:38:12.5495224Z"
"Food Lion","","https://stores.foodlion.com/ga/nashville/207-mcpherson-st.","Food Lion Grocery Store of Nashville","207 Mcpherson St","","Nashville","GA","31639","31.204633","-83.24856","(229) 686-2696","True","ACTIVE","True","True","","","","","https://stores.foodlion.com/ga/nashville/207-mcpherson-st.","official_store_directory_curl_exact_path","2026-07-31T21:38:13.7038696Z"
"Food Lion","","https://stores.foodlion.com/ga/pembroke/540-w.-bacon-st.","Food Lion Grocery Store of Pembroke","540 W. Bacon St","","Pembroke","GA","31321","32.13725314176062","-81.63196293614195","(912) 653-5983","True","ACTIVE","True","True","","","","","https://stores.foodlion.com/ga/pembroke/540-w.-bacon-st.","official_store_directory_curl_exact_path","2026-07-31T21:38:14.6002041Z"
"Food Lion","","https://stores.foodlion.com/ga/quitman/1207-w.-screven-st.","Food Lion Grocery Store of Quitman","1207 W. Screven St","","Quitman","GA","31643","30.78639112987469","-83.5716875941718","(229) 605-0125","True","ACTIVE","True","True","","","","","https://stores.foodlion.com/ga/quitman/1207-w.-screven-st.","official_store_directory_curl_exact_path","2026-07-31T21:38:15.7917420Z"
"Food Lion","","https://stores.foodlion.com/ga/reidsville/246-s.-main-st.","Food Lion Grocery Store of Reidsville","246 S. Main St","","Reidsville","GA","30453","32.07820877536827","-82.1103922551974","(912) 557-6170","True","ACTIVE","True","True","","","","","https://stores.foodlion.com/ga/reidsville/246-s.-main-st.","official_store_directory_curl_exact_path","2026-07-31T21:38:16.6137240Z"
"Food Lion","","https://stores.foodlion.com/ga/royston/1041-franklin-springs-st.","Food Lion Grocery Store of Royston","1041 Franklin Springs St","","Royston","GA","30662","34.28371464348098","-83.12854274551799","(706) 245-6345","True","ACTIVE","True","True","","","","","https://stores.foodlion.com/ga/royston/1041-franklin-springs-st.","official_store_directory_curl_exact_path","2026-07-31T21:38:17.5974586Z"
"Food Lion","","https://stores.foodlion.com/ga/springfield/1451-ga-highway-21-s.","Food Lion Grocery Store of Springfield","1451 Ga Highway 21 S","","Springfield","GA","31329","32.352164682461776","-81.29053369297294","(912) 754-7000","True","ACTIVE","True","True","","","","","https://stores.foodlion.com/ga/springfield/1451-ga-highway-21-s.","official_store_directory_curl_exact_path","2026-07-31T21:38:18.5041604Z"
"Food Lion","","https://stores.foodlion.com/ga/statesboro/325-northside-dr.-e.","Food Lion Grocery Store of Statesboro","325 Northside Dr. E","","Statesboro","GA","30458","32.443678864280855","-81.76916794172811","(912) 489-1465","True","ACTIVE","True","True","","","","","https://stores.foodlion.com/ga/statesboro/325-northside-dr.-e.","official_store_directory_curl_exact_path","2026-07-31T21:38:19.4225085Z"
"Food Lion","","https://stores.foodlion.com/ga/sylvania/1109-w.-ogeechee-st.","Food Lion Grocery Store of Sylvania","1109 W. Ogeechee St","","Sylvania","GA","30467","32.73228462555949","-81.65080887775395","(912) 564-7070","True","ACTIVE","True","True","","","","","https://stores.foodlion.com/ga/sylvania/1109-w.-ogeechee-st.","official_store_directory_curl_exact_path","2026-07-31T21:38:20.2454716Z"
"Food Lion","","https://stores.foodlion.com/ga/thomasville/1404-e.-jackson-st.","Food Lion Grocery Store of Thomasville","1404 E. Jackson St","","Thomasville","GA","31792","30.852111253561215","-83.95633916124304","(229) 225-1874","True","ACTIVE","True","True","","","","","https://stores.foodlion.com/ga/thomasville/1404-e.-jackson-st.","official_store_directory_curl_exact_path","2026-07-31T21:38:21.4043278Z"
"Food Lion","","https://stores.foodlion.com/ga/tifton/2201-us-highway-41-n.","Food Lion Grocery Store of Tifton","2201 US Highway 41 N","","Tifton","GA","31794","31.475104845892616","-83.51813079210169","(229) 386-0573","True","ACTIVE","True","True","","","","","https://stores.foodlion.com/ga/tifton/2201-us-highway-41-n.","official_store_directory_curl_exact_path","2026-07-31T21:38:22.2736259Z"
"Food Lion","","https://stores.foodlion.com/ga/vidalia/1101-e.-1st-st.","Food Lion Grocery Store of Vidalia","1101 E. 1St St","","Vidalia","GA","30474","32.211243487184376","-82.40095473548276","(912) 537-1131","True","ACTIVE","True","True","","","","","https://stores.foodlion.com/ga/vidalia/1101-e.-1st-st.","official_store_directory_curl_exact_path","2026-07-31T21:38:23.1154752Z"
"Food Lion","","https://stores.foodlion.com/ga/waycross/1312-plant-ave.","Food Lion Grocery Store of Waycross","1312 Plant Ave","","Waycross","GA","31501","31.21773905426956","-82.34982605151919","(912) 285-7530","True","ACTIVE","True","True","","","","","https://stores.foodlion.com/ga/waycross/1312-plant-ave.","official_store_directory_curl_exact_path","2026-07-31T21:38:24.0169402Z"
"Food Lion","","https://stores.foodlion.com/md/berlin/11007-manklin-creek-rd.","Food Lion Grocery Store of Ocean Pines","11007 Manklin Creek Rd","","Berlin","MD","21811","38.37545096020412","-75.16617178916931","(410) 208-1256","True","ACTIVE","True","True","","","","","https://stores.foodlion.com/md/berlin/11007-manklin-creek-rd.","official_store_directory_curl_exact_path","2026-07-31T21:38:24.9653444Z"
"Food Lion","","https://stores.foodlion.com/md/charlotte-hall/30290-mt.-wolf-rd.","Food Lion Grocery Store of Charlotte Hall","30290 Mt. Wolf Rd","","Charlotte Hall","MD","20622","38.50001904955904","-76.771550364995","(301) 884-6100","True","ACTIVE","True","True","","","","","https://stores.foodlion.com/md/charlotte-hall/30290-mt.-wolf-rd.","official_store_directory_curl_exact_path","2026-07-31T21:38:25.8788071Z"
"Food Lion","","https://stores.foodlion.com/md/federalsburg/3344-hayman-dr.","Food Lion Grocery Store of Federalsburg","3344 Hayman Dr","","Federalsburg","MD","21632","38.69851674518042","-75.78757524490356","(410) 754-5898","True","ACTIVE","True","True","","","","","https://stores.foodlion.com/md/federalsburg/3344-hayman-dr.","official_store_directory_curl_exact_path","2026-07-31T21:38:26.7421860Z"
"Food Lion","","https://stores.foodlion.com/md/frederick/2060-yellow-springs-rd.","Food Lion Grocery Store of Frederick","2060 Yellow Springs Rd","","Frederick","MD","21702","39.441624410300456","-77.43802160024649","(301) 846-4623","True","ACTIVE","True","True","","","","","https://stores.foodlion.com/md/frederick/2060-yellow-springs-rd.","official_store_directory_curl_exact_path","2026-07-31T21:38:27.7841160Z"
"Food Lion","","https://stores.foodlion.com/md/hancock/345-n.-pennsylvania-ave.","Food Lion Grocery Store of Hancock","345 N. Pennsylvania Ave","","Hancock","MD","21750","39.71261029743829","-78.17761441591519","(301) 678-6200","True","ACTIVE","True","True","","","","","https://stores.foodlion.com/md/hancock/345-n.-pennsylvania-ave.","official_store_directory_curl_exact_path","2026-07-31T21:38:28.7863464Z"
"Food Lion","","https://stores.foodlion.com/md/millington/31810-river-rd.","Food Lion Grocery Store of Millington","31810 River Rd","","Millington","MD","21651","39.26494084871763","-75.86111068725586","(410) 928-5402","True","ACTIVE","True","True","","","","","https://stores.foodlion.com/md/millington/31810-river-rd.","official_store_directory_curl_exact_path","2026-07-31T21:38:29.6551325Z"
"Food Lion","","https://stores.foodlion.com/md/perryville/5301-pulaski-hwy.","Food Lion Grocery Store of Perryville","5301 Pulaski Hwy","","Perryville","MD","21903","39.57267404958418","-76.06527507305145","(410) 642-3453","True","ACTIVE","True","True","","","","","https://stores.foodlion.com/md/perryville/5301-pulaski-hwy.","official_store_directory_curl_exact_path","2026-07-31T21:38:30.4920953Z"
"Food Lion","","https://stores.foodlion.com/md/salisbury/1216-nanticoke-rd.","Food Lion Grocery Store of Pecan Square","1216 Nanticoke Rd","","Salisbury","MD","21801","38.36731288601678","-75.62190055847168","(410) 742-9225","True","ACTIVE","True","True","","","","","https://stores.foodlion.com/md/salisbury/1216-nanticoke-rd.","official_store_directory_curl_exact_path","2026-07-31T21:38:31.5251280Z"
"Food Lion","","https://stores.foodlion.com/md/westminster/140-englar-rd.","Food Lion Grocery Store of Westminster","140 Englar Rd","","Westminster","MD","21157","39.58182416849558","-76.99034750461573","(410) 386-0322","True","ACTIVE","True","True","","","","","https://stores.foodlion.com/md/westminster/140-englar-rd.","official_store_directory_curl_exact_path","2026-07-31T21:38:32.7018668Z"
"Food Lion","","https://stores.foodlion.com/nc/cary/980-kildare-farm-rd.","Food Lion Grocery Store of Cary","980 Kildare Farm Rd","","Cary","NC","27511","35.7722696015588","-78.78349006175995","(919) 467-4168","True","ACTIVE","True","True","","","","","https://stores.foodlion.com/nc/cary/980-kildare-farm-rd.","official_store_directory_curl_exact_path","2026-07-31T21:38:33.7067287Z"
"Food Lion","","https://stores.foodlion.com/nc/charlotte/2201-west-w.t.harris-blvd.","Food Lion Grocery Store of Charlotte - W.T. Harris Blvd","2201 West W.T.Harris Blvd","","Charlotte","NC","28269","35.319404","-80.781174","(704) 509-3048","True","ACTIVE","True","True","","","","","https://stores.foodlion.com/nc/charlotte/2201-west-w.t.harris-blvd.","official_store_directory_curl_exact_path","2026-07-31T21:38:34.6059877Z"
"Food Lion","","https://stores.foodlion.com/nc/elizabeth-city/683-south-hughes-blvd.","Food Lion Grocery Store of Elizabeth City","683 South Hughes Blvd","","Elizabeth City","NC","27909","36.290968997175355","-76.25309117925102","(252) 331-1301","True","ACTIVE","True","True","","","","","https://stores.foodlion.com/nc/elizabeth-city/683-south-hughes-blvd.","official_store_directory_curl_exact_path","2026-07-31T21:38:35.4726357Z"
"Food Lion","","https://stores.foodlion.com/nc/franklin/245-macon-plaza-dr.","Food Lion Grocery Store of Franklin","245 Macon Plaza Dr","","Franklin","NC","28734","35.17337785721296","-83.36180594435672","(828) 369-2970","True","ACTIVE","True","True","","","","","https://stores.foodlion.com/nc/franklin/245-macon-plaza-dr.","official_store_directory_curl_exact_path","2026-07-31T21:38:36.3082013Z"
"Food Lion","","https://stores.foodlion.com/nc/gastonia/2601-s.-new-hope-rd.","Food Lion Grocery Store of Gastonia","2601 S. New Hope Rd","","Gastonia","NC","28056","35.23964876948692","-81.12348944118929","(704) 854-4702","True","ACTIVE","True","True","","","","","https://stores.foodlion.com/nc/gastonia/2601-s.-new-hope-rd.","official_store_directory_curl_exact_path","2026-07-31T21:38:37.2850841Z"
"Food Lion","","https://stores.foodlion.com/nc/gastonia/3870-w-franklin-blvd.","Food Lion Grocery Store of West Franklin Boulevard","3870 W Franklin Blvd","","Gastonia","NC","28052","35.259299938342274","-81.25517517328262","(704) 867-9093","True","ACTIVE","True","True","","","","","https://stores.foodlion.com/nc/gastonia/3870-w-franklin-blvd.","official_store_directory_curl_exact_path","2026-07-31T21:38:38.2012186Z"
"Food Lion","","https://stores.foodlion.com/nc/morganton/110-fiddlers-run-blvd.","Food Lion Grocery Store of Fiddlers Run","110 Fiddlers Run Blvd","","Morganton","NC","28655","35.715032324989856","-81.67021214962011","(828) 438-8538","True","ACTIVE","True","True","","","","","https://stores.foodlion.com/nc/morganton/110-fiddlers-run-blvd.","official_store_directory_curl_exact_path","2026-07-31T21:38:39.2026773Z"
"Food Lion","","https://stores.foodlion.com/nc/mount-olive/1017-n.-breazeale-ave.","Food Lion Grocery Store of Mount Olive","1017 N. Breazeale Ave","","Mount Olive","NC","28365","35.21062453451167","-78.06518375873566","(919) 658-5772","True","ACTIVE","True","True","","","","","https://stores.foodlion.com/nc/mount-olive/1017-n.-breazeale-ave.","official_store_directory_curl_exact_path","2026-07-31T21:38:40.1174348Z"
"Food Lion","","https://stores.foodlion.com/nc/nags-head/2515-s.-croatan-hwy.","Food Lion Grocery Store of Chesire Commons","2515 S. Croatan Hwy","","Nags Head","NC","27959","35.98534666560762","-75.64349234104156","(252) 449-8852","True","ACTIVE","True","True","","","","","https://stores.foodlion.com/nc/nags-head/2515-s.-croatan-hwy.","official_store_directory_curl_exact_path","2026-07-31T21:38:41.0250265Z"
"Food Lion","","https://stores.foodlion.com/nc/new-bern/1214-s.-glenburnie-rd.","Food Lion Grocery Store of New Bern","1214 S. Glenburnie Rd","","New Bern","NC","28562","35.123747827427316","-77.08887577056885","(252) 633-9370","True","ACTIVE","True","True","","","","","https://stores.foodlion.com/nc/new-bern/1214-s.-glenburnie-rd.","official_store_directory_curl_exact_path","2026-07-31T21:38:42.1184984Z"
"Food Lion","","https://stores.foodlion.com/nc/new-bern/3301-m.l.-king-jr.-blvd.","Food Lion Grocery Store of New Bern","3301 M.L. King Jr. Blvd","","New Bern","NC","28561","35.09853706071088","-77.0934784412384","(252) 635-3388","True","ACTIVE","True","True","","","","","https://stores.foodlion.com/nc/new-bern/3301-m.l.-king-jr.-blvd.","official_store_directory_curl_exact_path","2026-07-31T21:38:42.9103621Z"
"Food Lion","","https://stores.foodlion.com/nc/oak-island/5901-e.-oak-island-dr.","Food Lion Grocery Store of Oak Island","5901 E. Oak Island Dr","","Oak Island","NC","28465","33.911311992240464","-78.10410261154175","(910) 278-7291","True","ACTIVE","True","True","","","","","https://stores.foodlion.com/nc/oak-island/5901-e.-oak-island-dr.","official_store_directory_curl_exact_path","2026-07-31T21:38:44.0261892Z"
"Food Lion","","https://stores.foodlion.com/nc/pineville/317-s.-polk-st.","Food Lion Grocery Store of Pineville","317 S. Polk St","","Pineville","NC","28134","35.08266497942454","-80.88453948497778","(704) 889-2411","True","ACTIVE","True","True","","","","","https://stores.foodlion.com/nc/pineville/317-s.-polk-st.","official_store_directory_curl_exact_path","2026-07-31T21:38:44.7741491Z"
"Food Lion","","https://stores.foodlion.com/nc/raleigh/1100-122-raleigh-blvd.","Food Lion Grocery Store of Raleigh Boulevard","1100 122 Raleigh Blvd","","Raleigh","NC","27610","35.794317996736105","-78.61119836568832","(919) 829-7077","True","ACTIVE","True","True","","","","","https://stores.foodlion.com/nc/raleigh/1100-122-raleigh-blvd.","official_store_directory_curl_exact_path","2026-07-31T21:38:45.6734726Z"
"Food Lion","","https://stores.foodlion.com/nc/raleigh/3416-120-poole-rd.","Food Lion Grocery Store of Walnut Creek Shopping Center","3416 120 Poole Rd","","Raleigh","NC","27610","35.76729900132415","-78.57976019382477","(919) 231-6202","True","ACTIVE","True","True","","","","","https://stores.foodlion.com/nc/raleigh/3416-120-poole-rd.","official_store_directory_curl_exact_path","2026-07-31T21:38:46.3322086Z"
"Food Lion","","https://stores.foodlion.com/nc/raleigh/4510-capital-blvd.","Food Lion Grocery Store of Mini City","4510 Capital Blvd","","Raleigh","NC","27604","35.84541940783913","-78.57857465744019","(919) 876-8126","True","ACTIVE","True","True","","","","","https://stores.foodlion.com/nc/raleigh/4510-capital-blvd.","official_store_directory_curl_exact_path","2026-07-31T21:38:47.0912378Z"
"Food Lion","","https://stores.foodlion.com/nc/raleigh/5621-113-louisburg-rd.","Food Lion Grocery Store of Springhill","5621 113 Louisburg Rd","","Raleigh","NC","27616","35.85465703812595","-78.55850100517279","(919) 981-0402","True","ACTIVE","True","True","","","","","https://stores.foodlion.com/nc/raleigh/5621-113-louisburg-rd.","official_store_directory_curl_exact_path","2026-07-31T21:38:48.0313827Z"
"Food Lion","","https://stores.foodlion.com/nc/raleigh/6209-rock-quarry-rd.","Food Lion Grocery Store of Battle Bridge","6209 Rock Quarry Rd","","Raleigh","NC","27610","35.72351427614249","-78.54815304279327","(919) 772-5894","True","ACTIVE","True","True","","","","","https://stores.foodlion.com/nc/raleigh/6209-rock-quarry-rd.","official_store_directory_curl_exact_path","2026-07-31T21:38:48.9162271Z"
"Food Lion","","https://stores.foodlion.com/nc/raleigh/7971-fayetteville-rd.","Food Lion Grocery Store of McCullers Crossing","7971 Fayetteville Rd","","Raleigh","NC","27603","35.6648067697273","-78.69728922843927","(919) 772-0317","True","ACTIVE","True","True","","","","","https://stores.foodlion.com/nc/raleigh/7971-fayetteville-rd.","official_store_directory_curl_exact_path","2026-07-31T21:38:49.8083036Z"
"Food Lion","","https://stores.foodlion.com/nc/raleigh/8320-100-litchford-rd.","Food Lion Grocery Store of Litchford Village","8320 100 Litchford Rd","","Raleigh","NC","27602","35.891683881309305","-78.59973431412467","(919) 790-8146","True","ACTIVE","True","True","","","","","https://stores.foodlion.com/nc/raleigh/8320-100-litchford-rd.","official_store_directory_curl_exact_path","2026-07-31T21:38:50.5452826Z"
"Food Lion","","https://stores.foodlion.com/nc/roanoke-rapids/2500-west-10th-st.","Food Lion Grocery Store of Zoo Road","2500 West 10Th St","","Roanoke Rapids","NC","27870","36.465178524289975","-77.69193291664129","(252) 537-8096","True","ACTIVE","True","True","","","","","https://stores.foodlion.com/nc/roanoke-rapids/2500-west-10th-st.","official_store_directory_curl_exact_path","2026-07-31T21:38:51.4712594Z"
"Food Lion","","https://stores.foodlion.com/nc/rockingham/481-east-broad-ave.","Food Lion Grocery Store of Rockingham","481 East Broad Ave","","Rockingham","NC","28379","34.934233027037195","-79.76851522922516","(910) 997-7468","True","ACTIVE","True","True","","","","","https://stores.foodlion.com/nc/rockingham/481-east-broad-ave.","official_store_directory_curl_exact_path","2026-07-31T21:38:52.4625147Z"
"Food Lion","","https://stores.foodlion.com/nc/rocky-mount/430-goldrock-rd.","Food Lion Grocery Store of Benvenue Road","430 Goldrock Rd","","Rocky Mount","NC","27804","35.983054736587576","-77.80936002731323","(252) 977-7123","True","ACTIVE","True","True","","","","","https://stores.foodlion.com/nc/rocky-mount/430-goldrock-rd.","official_store_directory_curl_exact_path","2026-07-31T21:38:53.5858076Z"
"Food Lion","","https://stores.foodlion.com/nc/scotland-neck/93-food-lion-rd.","Food Lion Grocery Store of Scotland Neck","93 Food Lion Rd","","Scotland Neck","NC","27874","36.12063024922128","-77.42252916097641","(252) 826-3156","True","ACTIVE","True","True","","","","","https://stores.foodlion.com/nc/scotland-neck/93-food-lion-rd.","official_store_directory_curl_exact_path","2026-07-31T21:38:55.5614357Z"
"Food Lion","","https://stores.foodlion.com/nc/selma/1433-s-pollock-st.","Food Lion Grocery Store of Selma","1433 S Pollock St","","Selma","NC","27576","35.52271759845224","-78.30060124397284","(919) 965-7171","True","ACTIVE","True","True","","","","","https://stores.foodlion.com/nc/selma/1433-s-pollock-st.","official_store_directory_curl_exact_path","2026-07-31T21:38:56.6669961Z"
"Food Lion","","https://stores.foodlion.com/nc/shelby/122-south-post-rd.","Food Lion Grocery Store of Cleco","122 South Post Rd","","Shelby","NC","28150","35.28300924511261","-81.49338215589523","(704) 482-5301","True","ACTIVE","True","True","","","","","https://stores.foodlion.com/nc/shelby/122-south-post-rd.","official_store_directory_curl_exact_path","2026-07-31T21:38:57.6393899Z"
"Food Lion","","https://stores.foodlion.com/nc/smithfield/851-w.-market-st.","Food Lion Grocery Store of Smithfield","851 W. Market St","","Smithfield","NC","27577","35.520386109652044","-78.3609026670456","(919) 934-9161","True","ACTIVE","True","True","","","","","https://stores.foodlion.com/nc/smithfield/851-w.-market-st.","official_store_directory_curl_exact_path","2026-07-31T21:38:58.6681875Z"
"Food Lion","","https://stores.foodlion.com/nc/sneads-ferry/965-old-folkstone-rd.","Food Lion Grocery Store of Sneads Ferry","965 Old Folkstone Rd","","Sneads Ferry","NC","28460","34.527174004419734","-77.43743687868118","(910) 327-2067","True","ACTIVE","True","True","","","","","https://stores.foodlion.com/nc/sneads-ferry/965-old-folkstone-rd.","official_store_directory_curl_exact_path","2026-07-31T21:38:59.6991071Z"
"Food Lion","","https://stores.foodlion.com/nc/sparta/381-s.-main-st.","Food Lion Grocery Store of Sparta","381 S. Main St","","Sparta","NC","28675","36.5020644637474","-81.11444771289825","(336) 372-5585","True","ACTIVE","True","True","","","","","https://stores.foodlion.com/nc/sparta/381-s.-main-st.","official_store_directory_curl_exact_path","2026-07-31T21:39:00.5525550Z"
"Food Lion","","https://stores.foodlion.com/nc/statesville/2187-old-mountain-rd.","Food Lion Grocery Store of Bradford Crossing","2187 Old Mountain Rd","","Statesville","NC","28625","35.78423781066507","-81.0065907239914","(704) 872-4627","True","ACTIVE","True","True","","","","","https://stores.foodlion.com/nc/statesville/2187-old-mountain-rd.","official_store_directory_curl_exact_path","2026-07-31T21:39:01.4298900Z"
"Food Lion","","https://stores.foodlion.com/nc/statesville/3474-e.-broad-st.","Food Lion Grocery Store of Eastgate Commons","3474 E. Broad St","","Statesville","NC","28625","35.80666355766693","-80.81018328666687","(704) 878-9012","True","ACTIVE","True","True","","","","","https://stores.foodlion.com/nc/statesville/3474-e.-broad-st.","official_store_directory_curl_exact_path","2026-07-31T21:39:02.2367173Z"
"Food Lion","","https://stores.foodlion.com/nc/statesville/608-turnersburg-hwy.","Food Lion Grocery Store of North 21 Plaza","608 Turnersburg Hwy","","Statesville","NC","28625","35.83573711213043","-80.87027549743652","(704) 876-0574","True","ACTIVE","True","True","","","","","https://stores.foodlion.com/nc/statesville/608-turnersburg-hwy.","official_store_directory_curl_exact_path","2026-07-31T21:39:03.0170579Z"
"Food Lion","","https://stores.foodlion.com/nc/tarboro/2213-st.-andrews-st.","Food Lion Grocery Store of St. Andrew","2213 St. Andrews St","","Tarboro","NC","27886","35.914344","-77.5421668","(252) 823-0939","True","ACTIVE","True","True","","","","","https://stores.foodlion.com/nc/tarboro/2213-st.-andrews-st.","official_store_directory_curl_exact_path","2026-07-31T21:39:04.0960246Z"
"Food Lion","","https://stores.foodlion.com/nc/valdese/827-main-street-s.w.","Food Lion Grocery Store of Valdese","827 Main Street S.W","","Valdese","NC","28690","35.74373012487159","-81.57552480697638","(828) 874-4214","True","ACTIVE","True","True","","","","","https://stores.foodlion.com/nc/valdese/827-main-street-s.w.","official_store_directory_curl_exact_path","2026-07-31T21:39:05.3894369Z"
"Food Lion","","https://stores.foodlion.com/nc/wadesboro/1043-e.-caswell-st.","Food Lion Grocery Store of Wadesboro","1043 E. Caswell St","","Wadesboro","NC","28170","34.96716595626216","-80.0594973564148","(704) 694-5160","True","ACTIVE","True","True","","","","","https://stores.foodlion.com/nc/wadesboro/1043-e.-caswell-st.","official_store_directory_curl_exact_path","2026-07-31T21:39:06.3403276Z"
"Food Lion","","https://stores.foodlion.com/nc/wake-forest/161-crenshaw-corners-dr.","Food Lion Grocery Store of Wake Forest","161 Crenshaw Corners Dr","","Wake Forest","NC","27587","35.970294","-78.552944","(919) 569-0089","True","ACTIVE","True","True","","","","","https://stores.foodlion.com/nc/wake-forest/161-crenshaw-corners-dr.","official_store_directory_curl_exact_path","2026-07-31T21:39:07.4037468Z"
"Food Lion","","https://stores.foodlion.com/nc/waxhaw/1301-north-broome-st.","Food Lion Grocery Store of Waxhaw","1301 North Broome St","","Waxhaw","NC","28173","34.93419784460627","-80.75112909078598","(704) 843-5120","True","ACTIVE","True","True","","","","","https://stores.foodlion.com/nc/waxhaw/1301-north-broome-st.","official_store_directory_curl_exact_path","2026-07-31T21:39:08.6154906Z"
"Food Lion","","https://stores.foodlion.com/nc/wendell/2837-wendell-blvd.","Food Lion Grocery Store of Wendell","2837 Wendell Blvd","","Wendell","NC","27591","35.79587788538492","-78.38009119033813","(919) 365-3002","True","ACTIVE","True","True","","","","","https://stores.foodlion.com/nc/wendell/2837-wendell-blvd.","official_store_directory_curl_exact_path","2026-07-31T21:39:09.5601691Z"
"Food Lion","","https://stores.foodlion.com/nc/williamston/607-e.-blvd.","Food Lion Grocery Store of Williamston","607 E. Blvd","","Williamston","NC","27892","35.84536940126373","-77.0495331287384","(252) 792-1019","True","ACTIVE","True","True","","","","","https://stores.foodlion.com/nc/williamston/607-e.-blvd.","official_store_directory_curl_exact_path","2026-07-31T21:39:10.4404863Z"
"Food Lion","","https://stores.foodlion.com/nc/wilmington/2432-south-17th-st.","Food Lion Grocery Store of 17th Street","2432 South 17Th St","","Wilmington","NC","28401","34.19719697216821","-77.92315810918814","(910) 794-8138","True","ACTIVE","True","True","","","","","https://stores.foodlion.com/nc/wilmington/2432-south-17th-st.","official_store_directory_curl_exact_path","2026-07-31T21:39:11.4909281Z"
"Food Lion","","https://stores.foodlion.com/nc/wilmington/3600-south-college-rd.","Food Lion Grocery Store of Pine Valley","3600 South College Rd","","Wilmington","NC","28412","34.17726825986928","-77.89339363574976","(910) 395-2676","True","ACTIVE","True","True","","","","","https://stores.foodlion.com/nc/wilmington/3600-south-college-rd.","official_store_directory_curl_exact_path","2026-07-31T21:39:12.2429086Z"
"Food Lion","","https://stores.foodlion.com/nc/wilmington/45-south-kerr-ave.","Food Lion Grocery Store of Market/Kerr","45 South Kerr Ave","","Wilmington","NC","28403","34.2402776505284","-77.88856029510498","(910) 343-1997","True","ACTIVE","True","True","","","","","https://stores.foodlion.com/nc/wilmington/45-south-kerr-ave.","official_store_directory_curl_exact_path","2026-07-31T21:39:13.1334954Z"
"Food Lion","","https://stores.foodlion.com/nc/wilmington/6400-1-carolina-beach-rd.","Food Lion Grocery Store of Masonboro Commons","6400 1 Carolina Beach Rd","","Wilmington","NC","28412","34.10720309644408","-77.90151803739695","(910) 452-4192","True","ACTIVE","True","True","","","","","https://stores.foodlion.com/nc/wilmington/6400-1-carolina-beach-rd.","official_store_directory_curl_exact_path","2026-07-31T21:39:13.9272059Z"
"Food Lion","","https://stores.foodlion.com/nc/wilmington/8207-market-st.","Food Lion Grocery Store of Porters Neck","8207 Market St","","Wilmington","NC","28411","34.2996044","-77.7918418","(910) 686-2492","True","ACTIVE","True","True","","","","","https://stores.foodlion.com/nc/wilmington/8207-market-st.","official_store_directory_curl_exact_path","2026-07-31T21:39:14.6647730Z"
"Food Lion","","https://stores.foodlion.com/nc/wilson/2101-south-tarrboro-st.","Food Lion Grocery Store of Tarboro St","2101 South Tarrboro St","","Wilson","NC","27893","35.718209623751996","-77.95000702142715","(252) 243-3748","True","ACTIVE","True","True","","","","","https://stores.foodlion.com/nc/wilson/2101-south-tarrboro-st.","official_store_directory_curl_exact_path","2026-07-31T21:39:15.6928353Z"
"Food Lion","","https://stores.foodlion.com/pa/mercersburg/431-loudon-rd.","Food Lion Grocery Store of Mercersburg","431 Loudon Rd","","Mercersburg","PA","17236","39.8414375306288","-77.90042370557785","(717) 328-2312","True","ACTIVE","True","True","","","","","https://stores.foodlion.com/pa/mercersburg/431-loudon-rd.","official_store_directory_curl_exact_path","2026-07-31T21:39:16.4682245Z"
"Food Lion","","https://stores.foodlion.com/sc/anderson/2901-s.-main-st.","Food Lion Grocery Store of Anderson","2901 S. Main St","","Anderson","SC","29624","34.47315663146952","-82.65021952490862","(864) 296-6536","True","ACTIVE","True","True","","","","","https://stores.foodlion.com/sc/anderson/2901-s.-main-st.","official_store_directory_curl_exact_path","2026-07-31T21:39:17.4136823Z"
"Food Lion","","https://stores.foodlion.com/sc/beaufort/860-parris-island-gtwy.","Food Lion Grocery Store of Parris Island","860 Parris Island Gtwy","","Beaufort","SC","29906","32.37734435068689","-80.72513351977116","(843) 524-2300","True","ACTIVE","True","True","","","","","https://stores.foodlion.com/sc/beaufort/860-parris-island-gtwy.","official_store_directory_curl_exact_path","2026-07-31T21:39:18.5176839Z"
"Food Lion","","https://stores.foodlion.com/sc/bluffton/1008-fording-island-rd.","Food Lion Grocery Store of Bluffton","1008 Fording Island Rd","","Bluffton","SC","29910","32.256416538502236","-80.85224568843842","(843) 815-6100","True","ACTIVE","True","True","","","","","https://stores.foodlion.com/sc/bluffton/1008-fording-island-rd.","official_store_directory_curl_exact_path","2026-07-31T21:39:19.2910407Z"
"Food Lion","","https://stores.foodlion.com/sc/bluffton/210-okatie-village-dr.","Food Lion Grocery Store of Okatie","210 Okatie Village Dr","","Bluffton","SC","29909","32.29536778493777","-80.94489455223083","(843) 705-9302","True","ACTIVE","True","True","","","","","https://stores.foodlion.com/sc/bluffton/210-okatie-village-dr.","official_store_directory_curl_exact_path","2026-07-31T21:39:19.9644182Z"
"Food Lion","","https://stores.foodlion.com/sc/cayce/2453-charleston-hwy.","Food Lion Grocery Store of Cayce","2453 Charleston Hwy","","Cayce","SC","29033","33.94564577802246","-81.07740151044798","(803) 796-6759","True","ACTIVE","True","True","","","","","https://stores.foodlion.com/sc/cayce/2453-charleston-hwy.","official_store_directory_curl_exact_path","2026-07-31T21:39:20.9493262Z"
"Food Lion","","https://stores.foodlion.com/sc/cayce/300-knox-abbott-dr.","Food Lion Grocery Store of Cayce","300 Knox Abbott Dr","","Cayce","SC","29033","33.9880437080534","-81.0558536967016","(803) 926-0312","True","ACTIVE","True","True","","","","","https://stores.foodlion.com/sc/cayce/300-knox-abbott-dr.","official_store_directory_curl_exact_path","2026-07-31T21:39:21.7809086Z"
"Food Lion","","https://stores.foodlion.com/sc/chesnee/712-s.-alabama-ave.","Food Lion Grocery Store of Chesnee","712 S. Alabama Ave","","Chesnee","SC","29323","35.1364691450689","-81.86304686363276","(864) 461-3141","True","ACTIVE","True","True","","","","","https://stores.foodlion.com/sc/chesnee/712-s.-alabama-ave.","official_store_directory_curl_exact_path","2026-07-31T21:39:22.7261614Z"
"Food Lion","","https://stores.foodlion.com/sc/columbia/2312-decker-blvd.","Food Lion Grocery Store of Dentsville","2312 Decker Blvd","","Columbia","SC","29206","34.05532832876635","-80.94649583101273","(803) 788-8211","True","ACTIVE","True","True","","","","","https://stores.foodlion.com/sc/columbia/2312-decker-blvd.","official_store_directory_curl_exact_path","2026-07-31T21:39:23.7219342Z"
"Food Lion","","https://stores.foodlion.com/sc/columbia/6021-saint-andrews-rd.","Food Lion Grocery Store of Columbia","6021 Saint Andrews Rd","","Columbia","SC","29212","34.05157506951719","-81.15968273022897","(803) 798-2258","True","ACTIVE","True","True","","","","","https://stores.foodlion.com/sc/columbia/6021-saint-andrews-rd.","official_store_directory_curl_exact_path","2026-07-31T21:39:24.5468709Z"
"Food Lion","","https://stores.foodlion.com/sc/conway/2608-main-st.","Food Lion Grocery Store of Conway","2608 Main St","","Conway","SC","29526","33.868230798132416","-79.05135422945023","(843) 488-0376","True","ACTIVE","True","True","","","","","https://stores.foodlion.com/sc/conway/2608-main-st.","official_store_directory_curl_exact_path","2026-07-31T21:39:25.6254092Z"
"Food Lion","","https://stores.foodlion.com/sc/dillon/205-radford-blvd.","Food Lion Grocery Store of Dillon","205 Radford Blvd","","Dillon","SC","29536","34.429704299956505","-79.3661704659462","(843) 774-9013","True","ACTIVE","True","True","","","","","https://stores.foodlion.com/sc/dillon/205-radford-blvd.","official_store_directory_curl_exact_path","2026-07-31T21:39:26.6378120Z"
"Food Lion","","https://stores.foodlion.com/sc/edisto-island/104-jungle-rd.","Food Lion Grocery Store of Edisto Island","104 Jungle Rd","","Edisto Island","SC","29438","32.50394797429621","-80.2975735364657","(843) 869-0055","True","ACTIVE","True","True","","","","","https://stores.foodlion.com/sc/edisto-island/104-jungle-rd.","official_store_directory_curl_exact_path","2026-07-31T21:39:27.6718591Z"
"Food Lion","","https://stores.foodlion.com/sc/florence/3219-west-palmetto-st.","Food Lion Grocery Store of Florence","3219 West Palmetto St","","Florence","SC","29501","34.17060877529038","-79.84531491994858","(843) 667-9071","True","ACTIVE","True","True","","","","","https://stores.foodlion.com/sc/florence/3219-west-palmetto-st.","official_store_directory_curl_exact_path","2026-07-31T21:39:28.6102402Z"
"Food Lion","","https://stores.foodlion.com/sc/florence/500-pamplico-hwy.","Food Lion Grocery Store of Florence","500 Pamplico Hwy","","Florence","SC","29505","34.16111515567387","-79.75912012822438","(843) 292-1505","True","ACTIVE","True","True","","","","","https://stores.foodlion.com/sc/florence/500-pamplico-hwy.","official_store_directory_curl_exact_path","2026-07-31T21:39:29.4235240Z"
"Food Lion","","https://stores.foodlion.com/sc/fountain-inn/1103-n.-main-st.","Food Lion Grocery Store of Fountain Inn","1103 N. Main St","","Fountain Inn","SC","29644","34.70017264777703","-82.21711583374692","(864) 862-5585","True","ACTIVE","True","True","","","","","https://stores.foodlion.com/sc/fountain-inn/1103-n.-main-st.","official_store_directory_curl_exact_path","2026-07-31T21:39:30.3157125Z"
"Food Lion","","https://stores.foodlion.com/sc/georgetown/2234-s.-fraser-st.","Food Lion Grocery Store of Maryville Plaza","2234 S. Fraser St","","Georgetown","SC","29440","33.343935270375056","-79.30055290460587","(843) 546-0972","True","ACTIVE","True","True","","","","","https://stores.foodlion.com/sc/georgetown/2234-s.-fraser-st.","official_store_directory_curl_exact_path","2026-07-31T21:39:31.1254790Z"
"Food Lion","","https://stores.foodlion.com/sc/greenville/101-verdae-blvd.","Food Lion Grocery Store of Greenville","101 Verdae Blvd","","Greenville","SC","29607","34.82080339671192","-82.3376137866226","(864) 627-4490","True","ACTIVE","True","True","","","","","https://stores.foodlion.com/sc/greenville/101-verdae-blvd.","official_store_directory_curl_exact_path","2026-07-31T21:39:32.0996567Z"
"Food Lion","","https://stores.foodlion.com/sc/greenville/15-farrs-bridge-rd.","Food Lion Grocery Store of Berea","15 Farrs Bridge Rd","","Greenville","SC","29617","34.88224497219449","-82.45664291493304","(864) 246-1528","True","ACTIVE","True","True","","","","","https://stores.foodlion.com/sc/greenville/15-farrs-bridge-rd.","official_store_directory_curl_exact_path","2026-07-31T21:39:32.7951395Z"
"Food Lion","","https://stores.foodlion.com/sc/greenwood/2010-montague-avenue-ext.","Food Lion Grocery Store of Greenwood","2010 Montague Avenue Ext","","Greenwood","SC","29649","34.22857175053847","-82.19647769795172","(864) 229-1822","True","ACTIVE","True","True","","","","","https://stores.foodlion.com/sc/greenwood/2010-montague-avenue-ext.","official_store_directory_curl_exact_path","2026-07-31T21:39:33.9700417Z"
"Food Lion","","https://stores.foodlion.com/sc/greenwood/2551-hwy-25-s.","Food Lion Grocery Store of Food Lion Plaza","2551 Hwy 25 S","","Greenwood","SC","29646","34.15538607430016","-82.13786602020264","(864) 223-1698","True","ACTIVE","True","True","","","","","https://stores.foodlion.com/sc/greenwood/2551-hwy-25-s.","official_store_directory_curl_exact_path","2026-07-31T21:39:34.7249975Z"
"Food Lion","","https://stores.foodlion.com/sc/greer/1365-w.-wade-hampton-blvd.","Food Lion Grocery Store of Greer","1365 W. Wade Hampton Blvd","","Greer","SC","29650","34.93864800104614","-82.26444087250063","(864) 968-8830","True","ACTIVE","True","True","","","","","https://stores.foodlion.com/sc/greer/1365-w.-wade-hampton-blvd.","official_store_directory_curl_exact_path","2026-07-31T21:39:35.6903828Z"
"Food Lion","","https://stores.foodlion.com/sc/greer/2460-hudson-rd.","Food Lion Grocery Store of Greer","2460 Hudson Rd","","Greer","SC","29650","34.89525915106912","-82.28955787124448","(864) 268-9811","True","ACTIVE","True","True","","","","","https://stores.foodlion.com/sc/greer/2460-hudson-rd.","official_store_directory_curl_exact_path","2026-07-31T21:39:36.4094125Z"
"Food Lion","","https://stores.foodlion.com/sc/hartsville/819-w.-carolina-ave.","Food Lion Grocery Store of Hartsville","819 W. Carolina Ave","","Hartsville","SC","29550","34.365713251759956","-80.09102379272328","(843) 332-1922","True","ACTIVE","True","True","","","","","https://stores.foodlion.com/sc/hartsville/819-w.-carolina-ave.","official_store_directory_curl_exact_path","2026-07-31T21:39:37.3075889Z"
"Food Lion","","https://stores.foodlion.com/sc/honea-path/500-e.-greer-st.","Food Lion Grocery Store of Honea Path","500 E. Greer St","","Honea Path","SC","29654","34.44471230445277","-82.38637623007679","(864) 369-6806","True","ACTIVE","True","True","","","","","https://stores.foodlion.com/sc/honea-path/500-e.-greer-st.","official_store_directory_curl_exact_path","2026-07-31T21:39:38.0965713Z"
"Food Lion","","https://stores.foodlion.com/sc/hopkins/9013-garners-ferry-rd.","Food Lion Grocery Store of Horrel Hill Community","9013 Garners Ferry Rd","","Hopkins","SC","29061","33.94436125084164","-80.8707743883133","(803) 695-9757","True","ACTIVE","True","True","","","","","https://stores.foodlion.com/sc/hopkins/9013-garners-ferry-rd.","official_store_directory_curl_exact_path","2026-07-31T21:39:39.0791120Z"
"Food Lion","","https://stores.foodlion.com/sc/inman/11153-asheville-hwy.","Food Lion Grocery Store of Inman","11153 Asheville Hwy","","Inman","SC","29349","35.036747","-82.077913","(864) 472-3311","True","ACTIVE","True","True","","","","","https://stores.foodlion.com/sc/inman/11153-asheville-hwy.","official_store_directory_curl_exact_path","2026-07-31T21:39:39.9484578Z"
"Food Lion","","https://stores.foodlion.com/sc/irmo/11107-broad-river-rd.","Food Lion Grocery Store of Peak","11107 Broad River Rd","","Irmo","SC","29063","34.14837636168942","-81.24120354652405","(803) 732-4453","True","ACTIVE","True","True","","","","","https://stores.foodlion.com/sc/irmo/11107-broad-river-rd.","official_store_directory_curl_exact_path","2026-07-31T21:39:40.8700960Z"
"Food Lion","","https://stores.foodlion.com/sc/ladson/3786-ladson-rd.","Food Lion Grocery Store of Ladson","3786 Ladson Rd","","Ladson","SC","29456","32.978502392679516","-80.13385623693466","(843) 821-5908","True","ACTIVE","True","True","","","","","https://stores.foodlion.com/sc/ladson/3786-ladson-rd.","official_store_directory_curl_exact_path","2026-07-31T21:39:41.8536780Z"
"Food Lion","","https://stores.foodlion.com/sc/loris/305-hwy-701-n.","Food Lion Grocery Store of Loris","305 Hwy 701 N","","Loris","SC","29569","34.066474164336476","-78.88191908597946","(843) 756-7313","True","ACTIVE","True","True","","","","","https://stores.foodlion.com/sc/loris/305-hwy-701-n.","official_store_directory_curl_exact_path","2026-07-31T21:39:42.7603458Z"
"Food Lion","","https://stores.foodlion.com/sc/myrtle-beach/3501-belle-terre-blvd.","Food Lion Grocery Store of Forestbrook","3501 Belle Terre Blvd","","Myrtle Beach","SC","29579","33.73337632871166","-78.9496448636055","(843) 236-5891","True","ACTIVE","True","True","","","","","https://stores.foodlion.com/sc/myrtle-beach/3501-belle-terre-blvd.","official_store_directory_curl_exact_path","2026-07-31T21:39:43.6536075Z"
"Food Lion","","https://stores.foodlion.com/sc/myrtle-beach/7631-n.-kings-hwy.","Food Lion Grocery Store of Northwood Plaza","7631 N. Kings Hwy","","Myrtle Beach","SC","29572","33.748893261983575","-78.8197535276413","(843) 692-2428","True","ACTIVE","True","True","","","","","https://stores.foodlion.com/sc/myrtle-beach/7631-n.-kings-hwy.","official_store_directory_curl_exact_path","2026-07-31T21:39:44.5065512Z"
"Food Lion","","https://stores.foodlion.com/sc/north-charleston/7550-dorchester-rd.","Food Lion Grocery Store of Forrest Hills","7550 Dorchester Rd","","North Charleston","SC","29418","32.90360065898076","-80.07883071899408","(843) 767-2952","True","ACTIVE","True","True","","","","","https://stores.foodlion.com/sc/north-charleston/7550-dorchester-rd.","official_store_directory_curl_exact_path","2026-07-31T21:39:45.6460295Z"
"Food Lion","","https://stores.foodlion.com/sc/north-myrtle-beach/1000-hwy-17-n.","Food Lion Grocery Store of North Myrtle Beach","1000 Hwy 17 N","","North Myrtle Beach","SC","29582","33.83619247354901","-78.668954372406","(843) 280-5012","True","ACTIVE","True","True","","","","","https://stores.foodlion.com/sc/north-myrtle-beach/1000-hwy-17-n.","official_store_directory_curl_exact_path","2026-07-31T21:39:46.5311255Z"
"Food Lion","","https://stores.foodlion.com/sc/north-myrtle-beach/3924-highway-17-s.","Food Lion Grocery Store of Windy Hill","3924 Highway 17 S","","North Myrtle Beach","SC","29582","33.80347572610004","-78.72973830116838","(843) 663-1516","True","ACTIVE","True","True","","","","","https://stores.foodlion.com/sc/north-myrtle-beach/3924-highway-17-s.","official_store_directory_curl_exact_path","2026-07-31T21:39:47.2766833Z"
"Food Lion","","https://stores.foodlion.com/sc/pawleys-island/115-willbrook-blvd.","Food Lion Grocery Store of Pawleys Island","115 Willbrook Blvd","","Pawleys Island","SC","29585","33.483306939499336","-79.09899001890673","(843) 235-9754","True","ACTIVE","True","True","","","","","https://stores.foodlion.com/sc/pawleys-island/115-willbrook-blvd.","official_store_directory_curl_exact_path","2026-07-31T21:39:48.3364227Z"
"Food Lion","","https://stores.foodlion.com/sc/pelzer/330-lebby-st.","Food Lion Grocery Store of Pelzer","330 Lebby St","","Pelzer","SC","29669","34.6443782546354","-82.46414422315729","(864) 947-9214","True","ACTIVE","True","True","","","","","https://stores.foodlion.com/sc/pelzer/330-lebby-st.","official_store_directory_curl_exact_path","2026-07-31T21:39:49.3256067Z"
"Food Lion","","https://stores.foodlion.com/sc/piedmont/8024-augusta-rd.","Food Lion Grocery Store of Piedmont","8024 Augusta Rd","","Piedmont","SC","29673","34.69584590388299","-82.39910244941711","(864) 277-0538","True","ACTIVE","True","True","","","","","https://stores.foodlion.com/sc/piedmont/8024-augusta-rd.","official_store_directory_curl_exact_path","2026-07-31T21:39:50.1278650Z"
"Food Lion","","https://stores.foodlion.com/sc/prosperity/518-n.-wheeler-ave.","Food Lion Grocery Store of Prosperity","518 N. Wheeler Ave","","Prosperity","SC","29127","34.218093077339184","-81.53814427997277","(803) 364-2307","True","ACTIVE","True","True","","","","","https://stores.foodlion.com/sc/prosperity/518-n.-wheeler-ave.","official_store_directory_curl_exact_path","2026-07-31T21:39:50.9978749Z"
"Food Lion","","https://stores.foodlion.com/sc/rock-hill/1918-mt.-gallant-rd.","Food Lion Grocery Store of Riverview Commons","1918 Mt. Gallant Rd","","Rock Hill","SC","29732","34.978673971498296","-81.00274443626404","(803) 324-5444","True","ACTIVE","True","True","","","","","https://stores.foodlion.com/sc/rock-hill/1918-mt.-gallant-rd.","official_store_directory_curl_exact_path","2026-07-31T21:39:51.8672601Z"
"Food Lion","","https://stores.foodlion.com/sc/saint-george/5982-w.-jim-bilton-blvd.","Food Lion Grocery Store of St. George","5982 W. Jim Bilton Blvd","","Saint George","SC","29477","33.196274288944586","-80.5995156644177","(843) 563-2311","True","ACTIVE","True","True","","","","","https://stores.foodlion.com/sc/saint-george/5982-w.-jim-bilton-blvd.","official_store_directory_curl_exact_path","2026-07-31T21:39:52.9293885Z"
"Food Lion","","https://stores.foodlion.com/sc/saluda/605-travis-ave.","Food Lion Grocery Store of Saluda","605 Travis Ave","","Saluda","SC","29138","34.01274200456028","-81.75631326978434","(864) 445-4949","True","ACTIVE","True","True","","","","","https://stores.foodlion.com/sc/saluda/605-travis-ave.","official_store_directory_curl_exact_path","2026-07-31T21:39:53.8270243Z"
"Food Lion","","https://stores.foodlion.com/sc/santee/697-bass-dr.","Food Lion Grocery Store of Santee","697 Bass Dr","","Santee","SC","29142","33.48327226606509","-80.47824919223791","(803) 854-2274","True","ACTIVE","True","True","","","","","https://stores.foodlion.com/sc/santee/697-bass-dr.","official_store_directory_curl_exact_path","2026-07-31T21:39:54.6822719Z"
"Food Lion","","https://stores.foodlion.com/sc/seneca/191-bilo-plz.","Food Lion Grocery Store of Seneca","191 Bilo Plz","","Seneca","SC","29678","34.6906468542969","-82.9835662418277","(864) 888-1635","True","ACTIVE","True","True","","","","","https://stores.foodlion.com/sc/seneca/191-bilo-plz.","official_store_directory_curl_exact_path","2026-07-31T21:39:55.6986494Z"
"Food Lion","","https://stores.foodlion.com/sc/simpsonville/1004-w.-georgia-rd.","Food Lion Grocery Store of Simpsonville","1004 W. Georgia Rd","","Simpsonville","SC","29680","34.734050048258794","-82.28385329246521","(864) 962-2470","True","ACTIVE","True","True","","","","","https://stores.foodlion.com/sc/simpsonville/1004-w.-georgia-rd.","official_store_directory_curl_exact_path","2026-07-31T21:39:56.6537442Z"
"Food Lion","","https://stores.foodlion.com/sc/simpsonville/2607-woodruff-rd.","Food Lion Grocery Store of Simpsonville","2607 Woodruff Rd","","Simpsonville","SC","29681","34.807122029221475","-82.22919524507671","(864) 288-0136","True","ACTIVE","True","True","","","","","https://stores.foodlion.com/sc/simpsonville/2607-woodruff-rd.","official_store_directory_curl_exact_path","2026-07-31T21:39:57.4574738Z"
"Food Lion","","https://stores.foodlion.com/sc/simpsonville/699-fairview-rd.","Food Lion Grocery Store of Simpsonville","699 Fairview Rd","","Simpsonville","SC","29680","34.70630634519632","-82.25531550795944","(864) 967-2660","True","ACTIVE","True","True","","","","","https://stores.foodlion.com/sc/simpsonville/699-fairview-rd.","official_store_directory_curl_exact_path","2026-07-31T21:39:58.2881177Z"
"Food Lion","","https://stores.foodlion.com/sc/south-congaree/675-main-st.","Food Lion Grocery Store of South Congaree","675 Main St","","South Congaree","SC","29170","33.91469094928695","-81.13147974014282","(803) 755-7211","True","ACTIVE","True","True","","","","","https://stores.foodlion.com/sc/south-congaree/675-main-st.","official_store_directory_curl_exact_path","2026-07-31T21:39:59.0629209Z"
"Food Lion","","https://stores.foodlion.com/sc/spartanburg/2401-reidville-rd.","Food Lion Grocery Store of Spartanburg","2401 Reidville Rd","","Spartanburg","SC","29301","34.91874116490199","-81.99377670021988","(864) 576-0401","True","ACTIVE","True","True","","","","","https://stores.foodlion.com/sc/spartanburg/2401-reidville-rd.","official_store_directory_curl_exact_path","2026-07-31T21:39:59.9491618Z"
"Food Lion","","https://stores.foodlion.com/sc/spartanburg/95-garner-rd.","Food Lion Grocery Store of Pine Street Crossing","95 Garner Rd","","Spartanburg","SC","29303","34.967530826481756","-81.93131983280188","(864) 582-4019","True","ACTIVE","True","True","","","","","https://stores.foodlion.com/sc/spartanburg/95-garner-rd.","official_store_directory_curl_exact_path","2026-07-31T21:40:00.7929393Z"
"Food Lion","","https://stores.foodlion.com/sc/summerville/1625-n.-main-st.","Food Lion Grocery Store of Sangaree","1625 N. Main St","","Summerville","SC","29483","33.03893570850267","-80.13729887309584","(843) 875-2880","True","ACTIVE","True","True","","","","","https://stores.foodlion.com/sc/summerville/1625-n.-main-st.","official_store_directory_curl_exact_path","2026-07-31T21:40:01.8429533Z"
"Food Lion","","https://stores.foodlion.com/sc/summerville/975-bacons-bridge-rd.","Food Lion Grocery Store of Summerville","975 Bacons Bridge Rd","","Summerville","SC","29485","32.99759830719069","-80.18384547183034","(843) 871-0043","True","ACTIVE","True","True","","","","","https://stores.foodlion.com/sc/summerville/975-bacons-bridge-rd.","official_store_directory_curl_exact_path","2026-07-31T21:40:02.6444648Z"
"Food Lion","","https://stores.foodlion.com/sc/sumter/2055-wedgefield-rd.","Food Lion Grocery Store of Sumter","2055 Wedgefield Rd","","Sumter","SC","29154","33.915376283154444","-80.38628378067992","(803) 938-9926","True","ACTIVE","True","True","","","","","https://stores.foodlion.com/sc/sumter/2055-wedgefield-rd.","official_store_directory_curl_exact_path","2026-07-31T21:40:03.5328888Z"
"Food Lion","","https://stores.foodlion.com/sc/sumter/5700-broad-street-ext.","Food Lion Grocery Store of Peach Orchard Plaza","5700 Broad Street Ext","","Sumter","SC","29154","33.949516668781335","-80.49821823835373","(803) 494-4400","True","ACTIVE","True","True","","","","","https://stores.foodlion.com/sc/sumter/5700-broad-street-ext.","official_store_directory_curl_exact_path","2026-07-31T21:40:04.2782408Z"
"Food Lion","","https://stores.foodlion.com/sc/travelers-rest/148-walnut-ln.","Food Lion Grocery Store of Travelers Rest","148 Walnut Ln","","Travelers Rest","SC","29690","34.97331657396144","-82.4269522194388","(864) 834-0575","True","ACTIVE","True","True","","","","","https://stores.foodlion.com/sc/travelers-rest/148-walnut-ln.","official_store_directory_curl_exact_path","2026-07-31T21:40:05.2219752Z"
"Food Lion","","https://stores.foodlion.com/sc/walterboro/550-robertson-blvd.","Food Lion Grocery Store of Walterboro","550 Robertson Blvd","","Walterboro","SC","29488","32.920366380403","-80.66819902698114","(843) 549-1793","True","ACTIVE","True","True","","","","","https://stores.foodlion.com/sc/walterboro/550-robertson-blvd.","official_store_directory_curl_exact_path","2026-07-31T21:40:05.9763133Z"
"Food Lion","","https://stores.foodlion.com/sc/woodruff/926-n.-main-st.","Food Lion Grocery Store of Woodruff","926 N. Main St","","Woodruff","SC","29388","34.75293614497013","-82.04504013061523","(864) 476-7041","True","ACTIVE","True","True","","","","","https://stores.foodlion.com/sc/woodruff/926-n.-main-st.","official_store_directory_curl_exact_path","2026-07-31T21:40:06.8642761Z"
"Food Lion","","https://stores.foodlion.com/sc/york/1095-filbert-hwy.","Food Lion Grocery Store of York","1095 Filbert Hwy","","York","SC","29745","35.01573688227477","-81.25074095940104","(803) 628-7806","True","ACTIVE","True","True","","","","","https://stores.foodlion.com/sc/york/1095-filbert-hwy.","official_store_directory_curl_exact_path","2026-07-31T21:40:07.7067843Z"
"Food Lion","","https://stores.foodlion.com/sc/york/717-e.-liberty-st.","Food Lion Grocery Store of York","717 E. Liberty St","","York","SC","29745","34.98747334029484","-81.2222811748656","(803) 628-1525","True","ACTIVE","True","True","","","","","https://stores.foodlion.com/sc/york/717-e.-liberty-st.","official_store_directory_curl_exact_path","2026-07-31T21:40:08.5343486Z"
"Food Lion","","url-fallback:1245espringstcookevilletn","Food Lion Grocery Store of Cookeville","1245 E. Spring St..","","Cookeville","TN","38501","36.154040255833","-85.478642023384","(931) 528-3277","True","ACTIVE","True","True","","","","","https://stores.foodlion.com/tn/cookeville/1245-e.-spring-st","official_city_page_plus_census_geocoder","2026-07-31T21:40:10.0116281Z"
"Food Lion","","https://stores.foodlion.com/tn/cookeville/377-w.-jackson-st.","Food Lion Grocery Store of Jackson Plaza","377 W. Jackson St","","Cookeville","TN","38501","36.15689989563406","-85.51544576883316","(931) 528-8934","True","ACTIVE","True","True","","","","","https://stores.foodlion.com/tn/cookeville/377-w.-jackson-st.","official_store_directory_curl_exact_path","2026-07-31T21:40:10.6705689Z"
"Food Lion","","https://stores.foodlion.com/tn/gallatin/471-east-main-st.","Food Lion Grocery Store of Gallatin","471 East Main St","","Gallatin","TN","37066","36.39007144394261","-86.43608450889587","(615) 452-8593","True","ACTIVE","True","True","","","","","https://stores.foodlion.com/tn/gallatin/471-east-main-st.","official_store_directory_curl_exact_path","2026-07-31T21:40:11.5748412Z"
"Food Lion","","https://stores.foodlion.com/tn/manchester/944-hillsboro-blvd.","Food Lion Grocery Store of Manchester","944 Hillsboro Blvd","","Manchester","TN","37355","35.47312394280021","-86.07973158359528","(931) 728-0995","True","ACTIVE","True","True","","","","","https://stores.foodlion.com/tn/manchester/944-hillsboro-blvd.","official_store_directory_curl_exact_path","2026-07-31T21:40:12.6024935Z"
"Food Lion","","https://stores.foodlion.com/tn/mountain-city/2291-south-shady-st.","Food Lion Grocery Store of Mountain City","2291 South Shady St","","Mountain City","TN","37683","36.44567174153282","-81.79573953151703","(423) 727-8381","True","ACTIVE","True","True","","","","","https://stores.foodlion.com/tn/mountain-city/2291-south-shady-st.","official_store_directory_curl_exact_path","2026-07-31T21:40:13.4763258Z"
"Food Lion","","https://stores.foodlion.com/tn/portland/304-s.-broadway-st.","Food Lion Grocery Store of Portland","304 S. Broadway St","","Portland","TN","37148","36.578721642595475","-86.51424944400787","(615) 325-0665","True","ACTIVE","True","True","","","","","https://stores.foodlion.com/tn/portland/304-s.-broadway-st.","official_store_directory_curl_exact_path","2026-07-31T21:40:14.5801578Z"
"Food Lion","","https://stores.foodlion.com/tn/shelbyville/219-colloredo-blvd.","Food Lion Grocery Store of Shelbyville","219 Colloredo Blvd","","Shelbyville","TN","37160","35.493101786008395","-86.46834075450903","(931) 685-4052","True","ACTIVE","True","True","","","","","https://stores.foodlion.com/tn/shelbyville/219-colloredo-blvd.","official_store_directory_curl_exact_path","2026-07-31T21:40:15.5666800Z"
"Food Lion","","https://stores.foodlion.com/tn/smithville/719-south-congress-blvd.","Food Lion Grocery Store of Smithville","719 South Congress Blvd","","Smithville","TN","37166","35.95307556028758","-85.8140212297439","(615) 597-1311","True","ACTIVE","True","True","","","","","https://stores.foodlion.com/tn/smithville/719-south-congress-blvd.","official_store_directory_curl_exact_path","2026-07-31T21:40:16.4835304Z"
"Food Lion","","https://stores.foodlion.com/va/ashland/9541-kings-charter-dr.","Food Lion Grocery Store of Ashland","9541 Kings Charter Dr","","Ashland","VA","23005","37.69205590661727","-77.43726789951319","(804) 550-2502","True","ACTIVE","True","True","","","","","https://stores.foodlion.com/va/ashland/9541-kings-charter-dr.","official_store_directory_curl_exact_path","2026-07-31T21:40:17.6380185Z"
"Food Lion","","https://stores.foodlion.com/va/bedford/1515-longwood-ave.","Food Lion Grocery Store of Bedford","1515 Longwood Ave","","Bedford","VA","24523","37.34855635668052","-79.50655460357672","(540) 586-3867","True","ACTIVE","True","True","","","","","https://stores.foodlion.com/va/bedford/1515-longwood-ave.","official_store_directory_curl_exact_path","2026-07-31T21:40:18.3929025Z"
"Food Lion","","https://stores.foodlion.com/va/charlottesville/1740-timberwood-blvd.","Food Lion Grocery Store of Forest Lake","1740 Timberwood Blvd","","Charlottesville","VA","22911","38.129079523789535","-78.43577921390528","(434) 978-1848","True","ACTIVE","True","True","","","","","https://stores.foodlion.com/va/charlottesville/1740-timberwood-blvd.","official_store_directory_curl_exact_path","2026-07-31T21:40:19.3523837Z"
"Food Lion","","https://stores.foodlion.com/va/charlottesville/570-riverbend-dr.","Food Lion Grocery Store of Pantops","570 Riverbend Dr","","Charlottesville","VA","22911","38.03134767570906","-78.45661461353302","(434) 971-8451","True","ACTIVE","True","True","","","","","https://stores.foodlion.com/va/charlottesville/570-riverbend-dr.","official_store_directory_curl_exact_path","2026-07-31T21:40:20.1961414Z"
"Food Lion","","https://stores.foodlion.com/va/chesapeake/910-great-bridge-blvd.","Food Lion Grocery Store of Dominion Marketplace","910 Great Bridge Blvd","","Chesapeake","VA","23320","36.752452349200865","-76.27290487289429","(757) 436-4555","True","ACTIVE","True","True","","","","","https://stores.foodlion.com/va/chesapeake/910-great-bridge-blvd.","official_store_directory_curl_exact_path","2026-07-31T21:40:21.1340960Z"
"Food Lion","","https://stores.foodlion.com/va/chesterfield/7032-commons-plaza-dr.","Food Lion Grocery Store of Chesterfield","7032 Commons Plaza Dr","","Chesterfield","VA","23832","37.37414323429287","-77.51054584980011","(804) 796-2112","True","ACTIVE","True","True","","","","","https://stores.foodlion.com/va/chesterfield/7032-commons-plaza-dr.","official_store_directory_curl_exact_path","2026-07-31T21:40:22.0950598Z"
"Food Lion","","https://stores.foodlion.com/va/christiansburg/1530-north-franklin-st.","Food Lion Grocery Store of Christiansburg","1530 North Franklin St","","Christiansburg","VA","24073","37.150025524744784","-80.41694462299353","(540) 382-5235","True","ACTIVE","True","True","","","","","https://stores.foodlion.com/va/christiansburg/1530-north-franklin-st.","official_store_directory_curl_exact_path","2026-07-31T21:40:23.0840121Z"
"Food Lion","","https://stores.foodlion.com/va/colonial-beach/600-mckinney-blvd.","Food Lion Grocery Store of Colonial Beach","600 Mckinney Blvd","","Colonial Beach","VA","22443","38.254001","-76.97767","(804) 224-2064","True","ACTIVE","True","True","","","","","https://stores.foodlion.com/va/colonial-beach/600-mckinney-blvd.","official_store_directory_curl_exact_path","2026-07-31T21:40:25.1044986Z"
"Food Lion","","https://stores.foodlion.com/va/danville/607-west-main-st.","Food Lion Grocery Store of Ballou Park","607 West Main St","","Danville","VA","24541","36.57147767648399","-79.41772252321249","(434) 793-4346","True","ACTIVE","True","True","","","","","https://stores.foodlion.com/va/danville/607-west-main-st.","official_store_directory_curl_exact_path","2026-07-31T21:40:26.1483758Z"
"Food Lion","","https://stores.foodlion.com/va/dinwiddie/13103-boydton-plank-rd.","Food Lion Grocery Store of Dinwiddie","13103 Boydton Plank Rd","","Dinwiddie","VA","23841","37.09163692443004","-77.57178604602814","(804) 469-3790","True","ACTIVE","True","True","","","","","https://stores.foodlion.com/va/dinwiddie/13103-boydton-plank-rd.","official_store_directory_curl_exact_path","2026-07-31T21:40:27.1298758Z"
"Food Lion","","https://stores.foodlion.com/va/ettrick/20821-woodpecker-rd.","Food Lion Grocery Store of Ettrick","20821 Woodpecker Rd","","Ettrick","VA","23803","37.240226248646685","-77.43134558200836","(804) 520-4510","True","ACTIVE","True","True","","","","","https://stores.foodlion.com/va/ettrick/20821-woodpecker-rd.","official_store_directory_curl_exact_path","2026-07-31T21:40:28.0570968Z"
"Food Lion","","https://stores.foodlion.com/va/farmville/1592-south-main-st.","Food Lion Grocery Store of Farmville","1592 South Main St","","Farmville","VA","23901","37.282623919786175","-78.39255809783936","(434) 392-9486","True","ACTIVE","True","True","","","","","https://stores.foodlion.com/va/farmville/1592-south-main-st.","official_store_directory_curl_exact_path","2026-07-31T21:40:29.1232975Z"
"Food Lion","","https://stores.foodlion.com/va/fishersville/30-windward-dr.","Food Lion Grocery Store of Fishersville","30 Windward Dr","","Fishersville","VA","22939","38.10610080780852","-78.98057117144171","(540) 946-3702","True","ACTIVE","True","True","","","","","https://stores.foodlion.com/va/fishersville/30-windward-dr.","official_store_directory_curl_exact_path","2026-07-31T21:40:30.0620486Z"
"Food Lion","","https://stores.foodlion.com/va/gloucester/7465-hargett-blvd.","Food Lion Grocery Store of Gloucester","7465 Hargett Blvd","","Gloucester","VA","23061","37.41819522372724","-76.54588401317596","(804) 695-1211","True","ACTIVE","True","True","","","","","https://stores.foodlion.com/va/gloucester/7465-hargett-blvd.","official_store_directory_curl_exact_path","2026-07-31T21:40:31.2096135Z"
"Food Lion","","https://stores.foodlion.com/va/gordonsville/408-w.-gordon-ave.","Food Lion Grocery Store of Gordonsville","408 W. Gordon Ave","","Gordonsville","VA","22942","38.13981382398085","-78.19529503583908","(540) 832-7315","True","ACTIVE","True","True","","","","","https://stores.foodlion.com/va/gordonsville/408-w.-gordon-ave.","official_store_directory_curl_exact_path","2026-07-31T21:40:32.2647446Z"
"Food Lion","","https://stores.foodlion.com/va/hampton/2070-nickerson-blvd.","Food Lion Grocery Store of Nickerson Plaza","2070 Nickerson Blvd","","Hampton","VA","23663","37.050082422203424","-76.30976378917694","(757) 850-0302","True","ACTIVE","True","True","","","","","https://stores.foodlion.com/va/hampton/2070-nickerson-blvd.","official_store_directory_curl_exact_path","2026-07-31T21:40:33.2602370Z"
"Food Lion","","https://stores.foodlion.com/va/hampton/608-mercury-blvd.","Food Lion Grocery Store of Phoebus","608 Mercury Blvd","","Hampton","VA","23663","37.021680585039","-76.3195032245369","(757) 723-0771","True","ACTIVE","True","True","","","","","https://stores.foodlion.com/va/hampton/608-mercury-blvd.","official_store_directory_curl_exact_path","2026-07-31T21:40:34.1271522Z"
"Food Lion","","https://stores.foodlion.com/va/harrisonburg/85-s.-carlton-st.","Food Lion Grocery Store of Cloverleaf Shopping Center","85 S. Carlton St","","Harrisonburg","VA","22801","38.44216964793522","-78.8549923896789","(540) 432-6314","True","ACTIVE","True","True","","","","","https://stores.foodlion.com/va/harrisonburg/85-s.-carlton-st.","official_store_directory_curl_exact_path","2026-07-31T21:40:35.1379590Z"
"Food Lion","","https://stores.foodlion.com/va/hayes/2292-york-crossing-dr.","Food Lion Grocery Store of Hayes","2292 York Crossing Dr","","Hayes","VA","23072","37.27541665494403","-76.49598956108093","(804) 642-9736","True","ACTIVE","True","True","","","","","https://stores.foodlion.com/va/hayes/2292-york-crossing-dr.","official_store_directory_curl_exact_path","2026-07-31T21:40:35.9930066Z"
"Food Lion","","https://stores.foodlion.com/va/locust-grove/36127-goodwin-dr.","Food Lion Grocery Store of Locust Grove","36127 Goodwin Dr","","Locust Grove","VA","22508","38.349031477467555","-77.74620473384857","(540) 972-7100","True","ACTIVE","True","True","","","","","https://stores.foodlion.com/va/locust-grove/36127-goodwin-dr.","official_store_directory_curl_exact_path","2026-07-31T21:40:37.1425073Z"
"Food Lion","","https://stores.foodlion.com/va/louisa/501-east-main-st.","Food Lion Grocery Store of Louisa","501 East Main St","","Louisa","VA","23093","38.02153138716467","-77.99172878265381","(540) 967-2402","True","ACTIVE","True","True","","","","","https://stores.foodlion.com/va/louisa/501-east-main-st.","official_store_directory_curl_exact_path","2026-07-31T21:40:38.0371797Z"
"Food Lion","","https://stores.foodlion.com/va/lynchburg/13955-wards-rd.","Food Lion Grocery Store of Lynchburg","13955 Wards Rd","","Lynchburg","VA","24501","37.31814221203119","-79.18696135282522","(434) 237-9063","True","ACTIVE","True","True","","","","","https://stores.foodlion.com/va/lynchburg/13955-wards-rd.","official_store_directory_curl_exact_path","2026-07-31T21:40:39.0448824Z"
"Food Lion","","https://stores.foodlion.com/va/lynchburg/21039-b-timberlake-rd.","Food Lion Grocery Store of Timberlake","21039 B Timberlake Rd","","Lynchburg","VA","24502","37.33540349971716","-79.24427479505539","(434) 237-6655","True","ACTIVE","True","True","","","","","https://stores.foodlion.com/va/lynchburg/21039-b-timberlake-rd.","official_store_directory_curl_exact_path","2026-07-31T21:40:39.8496405Z"
"Food Lion","","https://stores.foodlion.com/va/lynchburg/2225-florida-ave.","Food Lion Grocery Store of Lynchburg","2225 Florida Ave","","Lynchburg","VA","24501","37.38224257688977","-79.13433104753494","(434) 845-0150","True","ACTIVE","True","True","","","","","https://stores.foodlion.com/va/lynchburg/2225-florida-ave.","official_store_directory_curl_exact_path","2026-07-31T21:40:40.6274625Z"
"Food Lion","","https://stores.foodlion.com/va/manassas/6306-hoadly-rd.","Food Lion Grocery Store of Hoadly Road","6306 Hoadly Rd","","Manassas","VA","20112","38.67385945642609","-77.39509284496307","(703) 580-5254","True","ACTIVE","True","True","","","","","https://stores.foodlion.com/va/manassas/6306-hoadly-rd.","official_store_directory_curl_exact_path","2026-07-31T21:40:41.6708520Z"
"Food Lion","","https://stores.foodlion.com/va/manassas/9121-centerville-rd.","Food Lion Grocery Store of Manassas","9121 Centerville Rd","","Manassas","VA","20110","38.7554554135644","-77.4640041589737","(703) 361-6271","True","ACTIVE","True","True","","","","","https://stores.foodlion.com/va/manassas/9121-centerville-rd.","official_store_directory_curl_exact_path","2026-07-31T21:40:42.4999621Z"
"Food Lion","","https://stores.foodlion.com/va/martinsville/2828-greensboro-rd.","Food Lion Grocery Store of Southside Plaza","2828 Greensboro Rd","","Martinsville","VA","24112","36.65135201849402","-79.87473875284195","(276) 666-2053","True","ACTIVE","True","True","","","","","https://stores.foodlion.com/va/martinsville/2828-greensboro-rd.","official_store_directory_curl_exact_path","2026-07-31T21:40:43.4155471Z"
"Food Lion","","https://stores.foodlion.com/va/montpelier/16615-mountain-rd.","Food Lion Grocery Store of Montpelier","16615 Mountain Rd","","Montpelier","VA","23192","37.812619227805186","-77.66304284334183","(804) 883-5068","True","ACTIVE","True","True","","","","","https://stores.foodlion.com/va/montpelier/16615-mountain-rd.","official_store_directory_curl_exact_path","2026-07-31T21:40:44.3830535Z"
"Food Lion","","https://stores.foodlion.com/va/newport-news/12917-jefferson-ave.","Food Lion Grocery Store of Richneck Center","12917 Jefferson Ave","","Newport News","VA","23608","37.149794634069664","-76.5304559469223","(757) 874-8354","True","ACTIVE","True","True","","","","","https://stores.foodlion.com/va/newport-news/12917-jefferson-ave.","official_store_directory_curl_exact_path","2026-07-31T21:40:45.2740794Z"
"Food Lion","","https://stores.foodlion.com/va/newport-news/15435-warwick-blvd.","Food Lion Grocery Store of Stoneybrook Shopping Center","15435 Warwick Blvd","","Newport News","VA","23607","37.15125682587536","-76.55480756426186","(757) 875-9835","True","ACTIVE","True","True","","","","","https://stores.foodlion.com/va/newport-news/15435-warwick-blvd.","official_store_directory_curl_exact_path","2026-07-31T21:40:46.1941776Z"
"Food Lion","","https://stores.foodlion.com/va/norfolk/8401-hampton-bvld.","Food Lion Grocery Store of Glenwood Square","8401 Hampton Bvld","","Norfolk","VA","23505","36.92938413162789","-76.32002055644989","(757) 489-2717","True","ACTIVE","True","True","","","","","https://stores.foodlion.com/va/norfolk/8401-hampton-bvld.","official_store_directory_curl_exact_path","2026-07-31T21:40:47.2917480Z"
"Food Lion","","https://stores.foodlion.com/va/orange/577-madison-rd.","Food Lion Grocery Store of Orange","577 Madison Rd","","Orange","VA","22960","38.25741199005955","-78.11367273330688","(540) 672-7272","True","ACTIVE","True","True","","","","","https://stores.foodlion.com/va/orange/577-madison-rd.","official_store_directory_curl_exact_path","2026-07-31T21:40:48.1135795Z"
"Food Lion","","https://stores.foodlion.com/va/pearisburg/302-n.-main-st.","Food Lion Grocery Store of Pearisburg","302 N. Main St","","Pearisburg","VA","24134","37.33052541469871","-80.7357047756807","(540) 921-2571","True","ACTIVE","True","True","","","","","https://stores.foodlion.com/va/pearisburg/302-n.-main-st.","official_store_directory_curl_exact_path","2026-07-31T21:40:49.1074413Z"
"Food Lion","","https://stores.foodlion.com/va/petersburg/2120-s.-crater-rd.","Food Lion Grocery Store of Petersburg","2120 S. Crater Rd","","Petersburg","VA","23805","37.20101370327951","-77.38132238388062","(804) 863-2627","True","ACTIVE","True","True","","","","","https://stores.foodlion.com/va/petersburg/2120-s.-crater-rd.","official_store_directory_curl_exact_path","2026-07-31T21:40:50.1154095Z"
"Food Lion","","https://stores.foodlion.com/va/portsmouth/2012-victory-blvd.","Food Lion Grocery Store of Portsmouth","2012 Victory Blvd","","Portsmouth","VA","23702","36.797376063221904","-76.32903546094894","(757) 487-1304","True","ACTIVE","True","True","","","","","https://stores.foodlion.com/va/portsmouth/2012-victory-blvd.","official_store_directory_curl_exact_path","2026-07-31T21:40:51.1900576Z"
"Food Lion","","https://stores.foodlion.com/va/portsmouth/3539-airline-blvd.","Food Lion Grocery Store of Airline Marketplace","3539 Airline Blvd","","Portsmouth","VA","23701","36.80368819460072","-76.3806626200676","(757) 488-1099","True","ACTIVE","True","True","","","","","https://stores.foodlion.com/va/portsmouth/3539-airline-blvd.","official_store_directory_curl_exact_path","2026-07-31T21:40:52.0266622Z"
"Food Lion","","https://stores.foodlion.com/va/portsmouth/5734-churchland-blvd.","Food Lion Grocery Store of Churchland","5734 Churchland Blvd","","Portsmouth","VA","23703","36.86246330754279","-76.3904258608818","(757) 483-0480","True","ACTIVE","True","True","","","","","https://stores.foodlion.com/va/portsmouth/5734-churchland-blvd.","official_store_directory_curl_exact_path","2026-07-31T21:40:52.9220409Z"
"Food Lion","","https://stores.foodlion.com/va/powhatan/2105-academy-rd.","Food Lion Grocery Store of Powhatan Plaza","2105 Academy Rd","","Powhatan","VA","23139","37.539694330154575","-77.8848347067833","(804) 598-6880","True","ACTIVE","True","True","","","","","https://stores.foodlion.com/va/powhatan/2105-academy-rd.","official_store_directory_curl_exact_path","2026-07-31T21:40:53.9463469Z"
"Food Lion","","https://stores.foodlion.com/va/radford/1200-tyler-ave.","Food Lion Grocery Store of Radford","1200 Tyler Ave","","Radford","VA","24141","37.12819682625263","-80.54694592952728","(540) 639-9725","True","ACTIVE","True","True","","","","","https://stores.foodlion.com/va/radford/1200-tyler-ave.","official_store_directory_curl_exact_path","2026-07-31T21:40:54.9449334Z"
"Food Lion","","https://stores.foodlion.com/va/richmond/1100-courthouse-rd.","Food Lion Grocery Store of Lucks Lane Shopping Center","1100 Courthouse Rd","","Richmond","VA","23236","37.474504727277015","-77.59956568479538","(804) 379-6797","True","ACTIVE","True","True","","","","","https://stores.foodlion.com/va/richmond/1100-courthouse-rd.","official_store_directory_curl_exact_path","2026-07-31T21:40:56.0742825Z"
"Food Lion","","https://stores.foodlion.com/va/richmond/11272-patterson-ave.","Food Lion Grocery Store of Tuckahoe Village","11272 Patterson Ave","","Richmond","VA","23238","37.59893214693799","-77.62207746505743","(804) 740-4306","True","ACTIVE","True","True","","","","","https://stores.foodlion.com/va/richmond/11272-patterson-ave.","official_store_directory_curl_exact_path","2026-07-31T21:40:56.9958683Z"
"Food Lion","","https://stores.foodlion.com/va/richmond/1228-concord-ave.","Food Lion Grocery Store of Hungary Brook","1228 Concord Ave","","Richmond","VA","23227","37.63696931544708","-77.46237312712589","(804) 266-1484","True","ACTIVE","True","True","","","","","https://stores.foodlion.com/va/richmond/1228-concord-ave.","official_store_directory_curl_exact_path","2026-07-31T21:40:57.7515164Z"
"Food Lion","","https://stores.foodlion.com/va/richmond/3081-lauderdale-dr.","Food Lion Grocery Store of Richmond","3081 Lauderdale Dr","","Richmond","VA","23233","37.63773940560282","-77.63194799423218","(804) 360-3698","True","ACTIVE","True","True","","","","","https://stores.foodlion.com/va/richmond/3081-lauderdale-dr.","official_store_directory_curl_exact_path","2026-07-31T21:40:58.5940311Z"
"Food Lion","","https://stores.foodlion.com/va/richmond/6009-nine-mile-rd.","Food Lion Grocery Store of Richmond","6009 Nine Mile Rd","","Richmond","VA","23223","37.54984276600829","-77.34234452247625","(804) 737-7375","True","ACTIVE","True","True","","","","","https://stores.foodlion.com/va/richmond/6009-nine-mile-rd.","official_store_directory_curl_exact_path","2026-07-31T21:40:59.4148736Z"
"Food Lion","","https://stores.foodlion.com/va/richmond/6409-jahnke-rd.","Food Lion Grocery Store of 6409 Jahnke Rd.","6409 Jahnke Rd","","Richmond","VA","23225","37.518714964729774","-77.51460299989002","(804) 320-0996","True","ACTIVE","True","True","","","","","https://stores.foodlion.com/va/richmond/6409-jahnke-rd.","official_store_directory_curl_exact_path","2026-07-31T21:41:00.1457539Z"
"Food Lion","","https://stores.foodlion.com/va/richmond/6815-forest-hill-ave.","Food Lion Grocery Store of Granite Hills","6815 Forest Hill Ave","","Richmond","VA","23225","37.537161259093175","-77.52033054828644","(804) 330-9430","True","ACTIVE","True","True","","","","","https://stores.foodlion.com/va/richmond/6815-forest-hill-ave.","official_store_directory_curl_exact_path","2026-07-31T21:41:01.0334224Z"
"Food Lion","","https://stores.foodlion.com/va/roanoke/2110-bennington-st.-s.e.","Food Lion Grocery Store of Bennington Place","2110 Bennington St. S.E","","Roanoke","VA","24014","37.25152338351196","-79.9151623249054","(540) 427-3178","True","ACTIVE","True","True","","","","","https://stores.foodlion.com/va/roanoke/2110-bennington-st.-s.e.","official_store_directory_curl_exact_path","2026-07-31T21:41:02.2292410Z"
"Food Lion","","https://stores.foodlion.com/va/roanoke/4387-starkey-rd.","Food Lion Grocery Store of Old Country Plaza","4387 Starkey Rd","","Roanoke","VA","24014","37.22788938798998","-79.98399301433898","(540) 989-1952","True","ACTIVE","True","True","","","","","https://stores.foodlion.com/va/roanoke/4387-starkey-rd.","official_store_directory_curl_exact_path","2026-07-31T21:41:02.9616507Z"
"Food Lion","","https://stores.foodlion.com/va/staunton/11-orchid-hill-ctr.","Food Lion Grocery Store of Orchard Hill Square","11 Orchid Hill Ctr","","Staunton","VA","24401","38.12698648889442","-79.06713366508484","(540) 886-6308","True","ACTIVE","True","True","","","","","https://stores.foodlion.com/va/staunton/11-orchid-hill-ctr.","official_store_directory_curl_exact_path","2026-07-31T21:41:03.9080209Z"
"Food Lion","","https://stores.foodlion.com/va/staunton/2411-west-beverly-st.","Food Lion Grocery Store of Staunton","2411 West Beverly St","","Staunton","VA","24401","38.15500750078141","-79.10638511180878","(540) 885-8022","True","ACTIVE","True","True","","","","","https://stores.foodlion.com/va/staunton/2411-west-beverly-st.","official_store_directory_curl_exact_path","2026-07-31T21:41:04.9739956Z"
"Food Lion","","https://stores.foodlion.com/va/suffolk/2815-godwin-blvd.","Food Lion Grocery Store of King's Fork","2815 Godwin Blvd","","Suffolk","VA","23434","36.77621513898064","-76.5843254327774","(757) 934-2745","True","ACTIVE","True","True","","","","","https://stores.foodlion.com/va/suffolk/2815-godwin-blvd.","official_store_directory_curl_exact_path","2026-07-31T21:41:05.9373222Z"
"Food Lion","","https://stores.foodlion.com/va/troutville/1641-blue-ridge-blvd.","Food Lion Grocery Store of Blue Ridge","1641 Blue Ridge Blvd","","Troutville","VA","24175","37.34687186193453","-79.84636902809143","(540) 977-2758","True","ACTIVE","True","True","","","","","https://stores.foodlion.com/va/troutville/1641-blue-ridge-blvd.","official_store_directory_curl_exact_path","2026-07-31T21:41:07.2591400Z"
"Food Lion","","https://stores.foodlion.com/va/vinton/1952-washington-ave.","Food Lion Grocery Store of Vinton","1952 Washington Ave","","Vinton","VA","24179","37.2808291043275","-79.86543953418732","(540) 890-6026","True","ACTIVE","True","True","","","","","https://stores.foodlion.com/va/vinton/1952-washington-ave.","official_store_directory_curl_exact_path","2026-07-31T21:41:08.1519331Z"
"Food Lion","","https://stores.foodlion.com/va/virginia-beach/1077-va-beach-blvd.","Food Lion Grocery Store of Birdneck","1077 VA Beach Blvd","","Virginia Beach","VA","23454","36.840354307146974","-75.99481060171456","(757) 425-6376","True","ACTIVE","True","True","","","","","https://stores.foodlion.com/va/virginia-beach/1077-va-beach-blvd.","official_store_directory_curl_exact_path","2026-07-31T21:41:09.3444705Z"
"Food Lion","","https://stores.foodlion.com/va/virginia-beach/2005-sandbridge-rd.","Food Lion Grocery Store of Sandbridge","2005 Sandbridge Rd","","Virginia Beach","VA","23456","36.75044295037757","-76.00963532924652","(757) 426-2774","True","ACTIVE","True","True","","","","","https://stores.foodlion.com/va/virginia-beach/2005-sandbridge-rd.","official_store_directory_curl_exact_path","2026-07-31T21:41:10.2106509Z"
"Food Lion","","https://stores.foodlion.com/va/virginia-beach/2352-va-beach-blvd.","Food Lion Grocery Store of London Bridge","2352 VA Beach Blvd","","Virginia Beach","VA","23454","36.84324152959924","-76.0504692792893","(757) 463-5741","True","ACTIVE","True","True","","","","","https://stores.foodlion.com/va/virginia-beach/2352-va-beach-blvd.","official_store_directory_curl_exact_path","2026-07-31T21:41:10.8814476Z"
"Food Lion","","https://stores.foodlion.com/va/virginia-beach/3960-salem-blvd.","Food Lion Grocery Store of Salem Lakes Marketplace","3960 Salem Blvd","","Virginia Beach","VA","23456","36.77504640281077","-76.12099528312683","(757) 471-3353","True","ACTIVE","True","True","","","","","https://stores.foodlion.com/va/virginia-beach/3960-salem-blvd.","official_store_directory_curl_exact_path","2026-07-31T21:41:11.5895487Z"
"Food Lion","","https://stores.foodlion.com/va/virginia-beach/4848-va-beach-blvd.","Food Lion Grocery Store of Aragona Village","4848 VA Beach Blvd","","Virginia Beach","VA","23462","36.84489754852775","-76.14472344517708","(757) 497-1991","True","ACTIVE","True","True","","","","","https://stores.foodlion.com/va/virginia-beach/4848-va-beach-blvd.","official_store_directory_curl_exact_path","2026-07-31T21:41:12.4162333Z"
"Food Lion","","https://stores.foodlion.com/va/warrenton/613-frost-ave.","Food Lion Grocery Store of Warrenton","613 Frost Ave","","Warrenton","VA","20186","38.71772641174242","-77.81261253372952","(540) 349-8222","True","ACTIVE","True","True","","","","","https://stores.foodlion.com/va/warrenton/613-frost-ave.","official_store_directory_curl_exact_path","2026-07-31T21:41:13.7468017Z"
"Food Lion","","https://stores.foodlion.com/va/woodstock/1029-south-main-st.","Food Lion Grocery Store of Woodstock","1029 South Main St","","Woodstock","VA","22664","38.864460114138","-78.51683020591736","(540) 459-8381","True","ACTIVE","True","True","","","","","https://stores.foodlion.com/va/woodstock/1029-south-main-st.","official_store_directory_curl_exact_path","2026-07-31T21:41:14.7608196Z"
"Food Lion","","https://stores.foodlion.com/va/wytheville/1380-east-main-st.","Food Lion Grocery Store of Lee-Hy Plaza","1380 East Main St","","Wytheville","VA","24382","36.95159800822555","-81.06582999229431","(276) 228-7696","True","ACTIVE","True","True","","","","","https://stores.foodlion.com/va/wytheville/1380-east-main-st.","official_store_directory_curl_exact_path","2026-07-31T21:41:15.7677087Z"
"Food Lion","","https://stores.foodlion.com/va/yorktown/2900-k-hampton-hwy.","Food Lion Grocery Store of Yorktown","2900 K Hampton Hwy","","Yorktown","VA","23693","37.100660894827605","-76.41874998807913","(757) 865-0848","True","ACTIVE","True","True","","","","","https://stores.foodlion.com/va/yorktown/2900-k-hampton-hwy.","official_store_directory_curl_exact_path","2026-07-31T21:41:16.6580380Z"
