"retailer","store_id","store_name","address","city","state","zip_code","country","latitude","longitude","phone","website","opening_status","coming_soon","opening_date","wine","beer","liquor","source","source_query"
"Trader Joe's","737","Traderjoes","205 Summit Blvd, Suite 100","Birmingham","AL","35243","US","33.44651","-86.72929","205-969-7802","https://locations.traderjoes.com/al/birmingham/737/","open","false","","","","","Official Trader Joe's directory","https://locations.traderjoes.com/al/birmingham/737/"
"Trader Joe's","838","Traderjoes","1769 Montgomery Hwy","Hoover","AL","35244","US","33.3783","-86.80402","205-202-7715","https://locations.traderjoes.com/al/hoover/838/","open","false","","","","","Official Trader Joe's directory","https://locations.traderjoes.com/al/hoover/838/"
"Trader Joe's","785","Traderjoes","1100 Mid City Dr NW","Huntsville","AL","35806","US","34.74014","-86.66557","256-890-7156","https://locations.traderjoes.com/al/huntsville/785/","open","false","","","","","Official Trader Joe's directory","https://locations.traderjoes.com/al/huntsville/785/"
"Trader Joe's","756","Traderjoes","11500 Financial Centre Pky","Little Rock","AR","72211","US","34.74829","-92.40185","501-954-7659","https://locations.traderjoes.com/ar/little-rock/756/","open","false","","","","","Official Trader Joe's directory","https://locations.traderjoes.com/ar/little-rock/756/"
"Trader Joe's","287","Traderjoes","3961 S Arizona Ave","Chandler","AZ","85248","US","33.24914","-111.83819","520-453-3452","https://locations.traderjoes.com/az/chandler/287/","open","false","","","","","Official Trader Joe's directory","https://locations.traderjoes.com/az/chandler/287/"
"Trader Joe's","285","Traderjoes","1779 E. Williams Field Rd.","Gilbert","AZ","85295","US","33.30605","-111.75164","480-857-9878","https://locations.traderjoes.com/az/gilbert/285/","open","false","","","","","Official Trader Joe's directory","https://locations.traderjoes.com/az/gilbert/285/"
"Trader Joe's","85","Traderjoes","8078 W Bell Rd","Glendale","AZ","85308","US","33.64006","-112.23115","928-397-9921","https://locations.traderjoes.com/az/glendale/85/","open","false","","","","","Official Trader Joe's directory","https://locations.traderjoes.com/az/glendale/85/"
"Trader Joe's","289","Traderjoes","N Bullard Ave & McDowell Rd","Goodyear","AZ","85395","US","33.46454","-112.37541","480-712-6645","https://locations.traderjoes.com/az/goodyear/289/","open","false","","","","","Official Trader Joe's directory","https://locations.traderjoes.com/az/goodyear/289/"
"Trader Joe's","89","Traderjoes","2050 E Baseline Rd","Mesa","AZ","85204","US","33.38097","-111.78708","480-632-0951","https://locations.traderjoes.com/az/mesa/89/","open","false","","","","","Official Trader Joe's directory","https://locations.traderjoes.com/az/mesa/89/"
"Trader Joe's","96","Traderjoes","7912 N Oracle","Oro Valley","AZ","85704","US","32.35051","-110.97318","520-797-4207","https://locations.traderjoes.com/az/oro-valley/96/","open","false","","","","","Official Trader Joe's directory","https://locations.traderjoes.com/az/oro-valley/96/"
"Trader Joe's","177","Traderjoes","4025 E Chandler Blvd, Ste 38","Phoenix","AZ","85048","US","33.30313","-111.99487","480-759-2293","https://locations.traderjoes.com/az/phoenix/177/","open","false","","","","","Official Trader Joe's directory","https://locations.traderjoes.com/az/phoenix/177/"
"Trader Joe's","282","Traderjoes","4726 East Shea Blvd","Phoenix","AZ","85028","US","33.58331","-111.97903","602-485-7788","https://locations.traderjoes.com/az/phoenix/282/","open","false","","","","","Official Trader Joe's directory","https://locations.traderjoes.com/az/phoenix/282/"
"Trader Joe's","320","Traderjoes","21001 North Tatum Blvd, Suite #1030","Phoenix","AZ","85054","US","33.67664","-111.97461","","https://locations.traderjoes.com/az/phoenix/320/","coming_soon","true","","","","","Official Trader Joe's directory","https://locations.traderjoes.com/az/phoenix/320/"
"Trader Joe's","90","Traderjoes","4821 N 20th St","Phoenix","AZ","85016","US","33.50712","-112.03781","602-912-9022","https://locations.traderjoes.com/az/phoenix/90/","open","false","","","","","Official Trader Joe's directory","https://locations.traderjoes.com/az/phoenix/90/"
"Trader Joe's","283","Traderjoes","252 N Lee Blvd","Prescott","AZ","86303","US","34.54866","-112.40535","928-443-9075","https://locations.traderjoes.com/az/prescott/283/","open","false","","","","","Official Trader Joe's directory","https://locations.traderjoes.com/az/prescott/283/"
"Trader Joe's","286","Traderjoes","21186 S. Ellsworth Loop Rd","Queen Creek","AZ","85142","US","33.25605","-111.64026","480-877-7213","https://locations.traderjoes.com/az/queen-creek/286/","open","false","","","","","Official Trader Joe's directory","https://locations.traderjoes.com/az/queen-creek/286/"
"Trader Joe's","87","Traderjoes","7555 E Frank Lloyd Wright","Scottsdale","AZ","85260","US","33.63586","-111.91713","480-367-8920","https://locations.traderjoes.com/az/scottsdale/87/","open","false","","","","","Official Trader Joe's directory","https://locations.traderjoes.com/az/scottsdale/87/"
"Trader Joe's","94","Traderjoes","6202 N Scottsdale Rd","Scottsdale","AZ","85253","US","33.52944","-111.92758","480-948-9886","https://locations.traderjoes.com/az/scottsdale/94/","open","false","","","","","Official Trader Joe's directory","https://locations.traderjoes.com/az/scottsdale/94/"
"Trader Joe's","92","Traderjoes","14095 W Grand Ave","Surprise","AZ","85374","US","33.65138","-112.3674","623-546-1640","https://locations.traderjoes.com/az/surprise/92/","open","false","","","","","Official Trader Joe's directory","https://locations.traderjoes.com/az/surprise/92/"
"Trader Joe's","91","Traderjoes","940 E. University Drive","Tempe","AZ","85281","US","33.42239","-111.92502","480-303-9974","https://locations.traderjoes.com/az/tempe/91/","open","false","","","","","Official Trader Joe's directory","https://locations.traderjoes.com/az/tempe/91/"
"Trader Joe's","93","Traderjoes","6460 S McClintock Dr","Tempe","AZ","85283","US","33.36181","-111.91225","480-838-4142","https://locations.traderjoes.com/az/tempe/93/","open","false","","","","","Official Trader Joe's directory","https://locations.traderjoes.com/az/tempe/93/"
"Trader Joe's","191","Traderjoes","4209 N Campbell Ave","Tucson","AZ","85719","US","32.2835","-110.9448","520-325-0069","https://locations.traderjoes.com/az/tucson/191/","open","false","","","","","Official Trader Joe's directory","https://locations.traderjoes.com/az/tucson/191/"
"Trader Joe's","288","Traderjoes","2150 E Broadway Blvd","Tucson","AZ","85719","US","32.22113","-110.94","520-265-8872","https://locations.traderjoes.com/az/tucson/288/","open","false","","","","","Official Trader Joe's directory","https://locations.traderjoes.com/az/tucson/288/"
"Trader Joe's","88","Traderjoes","4766 E Grant Rd","Tucson","AZ","85712","US","32.24978","-110.89094","520-323-4500","https://locations.traderjoes.com/az/tucson/88/","open","false","","","","","Official Trader Joe's directory","https://locations.traderjoes.com/az/tucson/88/"
"Trader Joe's","95","Traderjoes","1101 N Wilmot Rd, Ste 147","Tucson","AZ","85712","US","32.23717","-110.85892","520-733-1313","https://locations.traderjoes.com/az/tucson/95/","open","false","","","","","Official Trader Joe's directory","https://locations.traderjoes.com/az/tucson/95/"
"Trader Joe's","247","Traderjoes","28941 Canwood St","Agoura Hills","CA","91301","US","34.14644","-118.75665","818-865-8217","https://locations.traderjoes.com/ca/agoura-hills/247/","open","false","","","","","Official Trader Joe's directory","https://locations.traderjoes.com/ca/agoura-hills/247/"
"Trader Joe's","109","Traderjoes","2217 South Shore Ctr","Alameda","CA","94501","US","37.75778","-122.25148","510-769-5450","https://locations.traderjoes.com/ca/alameda/109/","open","false","","","","","Official Trader Joe's directory","https://locations.traderjoes.com/ca/alameda/109/"
"Trader Joe's","195","Traderjoes","26541 Aliso Creek Rd","Aliso Viejo","CA","92656","US","33.57749","-117.72478","949-643-5531","https://locations.traderjoes.com/ca/aliso-viejo/195/","open","false","","","","","Official Trader Joe's directory","https://locations.traderjoes.com/ca/aliso-viejo/195/"
"Trader Joe's","295","Traderjoes","6336 E Santa Ana Canyon Rd","Anaheim Hills","CA","92807","US","33.85617","-117.77096","","https://locations.traderjoes.com/ca/anaheim-hills/295/","coming_soon","true","","","","","Official Trader Joe's directory","https://locations.traderjoes.com/ca/anaheim-hills/295/"
"Trader Joe's","117","Traderjoes","955 Rancho Pkwy","Arroyo Grande","CA","93420","US","35.1257","-120.59405","805-474-6114","https://locations.traderjoes.com/ca/arroyo-grande/117/","open","false","","","","","Official Trader Joe's directory","https://locations.traderjoes.com/ca/arroyo-grande/117/"
"Trader Joe's","14","Traderjoes","8200 Stockdale Hwy","Bakersfield","CA","93311","US","35.35702","-119.09353","661-837-8863","https://locations.traderjoes.com/ca/bakersfield/14/","open","false","","","","","Official Trader Joe's directory","https://locations.traderjoes.com/ca/bakersfield/14/"
"Trader Joe's","186","Traderjoes","1885 University Ave","Berkeley","CA","94703","US","37.87193","-122.27331","510-204-9074","https://locations.traderjoes.com/ca/berkeley/186/","open","false","","","","","Official Trader Joe's directory","https://locations.traderjoes.com/ca/berkeley/186/"
"Trader Joe's","11","Traderjoes","2500 E Imperial Hwy","Brea","CA","92821","US","33.91057","-117.87002","714-257-1180","https://locations.traderjoes.com/ca/brea/11/","open","false","","","","","Official Trader Joe's directory","https://locations.traderjoes.com/ca/brea/11/"
"Trader Joe's","201","Traderjoes","5451 Lone Tree Way","Brentwood","CA","94513","US","37.96115","-121.75011","925-516-3044","https://locations.traderjoes.com/ca/brentwood/201/","open","false","","","","","Official Trader Joe's directory","https://locations.traderjoes.com/ca/brentwood/201/"
"Trader Joe's","124","Traderjoes","214 E Alameda Ave","Burbank","CA","91502","US","34.17496","-118.29886","818-848-4299","https://locations.traderjoes.com/ca/burbank/124/","open","false","","","","","Official Trader Joe's directory","https://locations.traderjoes.com/ca/burbank/124/"
"Trader Joe's","254","Traderjoes","23741 Calabasas Rd.","Calabasas","CA","91302","US","34.15567","-118.64498","818-591-6758","https://locations.traderjoes.com/ca/calabasas/254/","open","false","","","","","Official Trader Joe's directory","https://locations.traderjoes.com/ca/calabasas/254/"
"Trader Joe's","114","Traderjoes","363 Carmen Dr","Camarillo","CA","93010","US","34.21985","-119.05322","805-388-1925","https://locations.traderjoes.com/ca/camarillo/114/","open","false","","","","","Official Trader Joe's directory","https://locations.traderjoes.com/ca/camarillo/114/"
"Trader Joe's","73","Traderjoes","1875 Bascom Ave","Campbell","CA","95008","US","37.28796","-121.93328","408-369-7823","https://locations.traderjoes.com/ca/campbell/73/","open","false","","","","","Official Trader Joe's directory","https://locations.traderjoes.com/ca/campbell/73/"
"Trader Joe's","64","Traderjoes","3555 Clares St, #D","Capitola","CA","95010","US","36.97854","-121.97015","831-464-0115","https://locations.traderjoes.com/ca/capitola/64/","open","false","","","","","Official Trader Joe's directory","https://locations.traderjoes.com/ca/capitola/64/"
"Trader Joe's","220","Traderjoes","2629 Gateway Rd","Carlsbad","CA","92009","US","33.12659","-117.25307","760-603-8473","https://locations.traderjoes.com/ca/carlsbad/220/","open","false","","","","","Official Trader Joe's directory","https://locations.traderjoes.com/ca/carlsbad/220/"
"Trader Joe's","84","Traderjoes","22224 Redwood Road","Castro Valley","CA","94546","US","37.68536","-122.073","510-538-2738","https://locations.traderjoes.com/ca/castro-valley/84/","open","false","","","","","Official Trader Joe's directory","https://locations.traderjoes.com/ca/castro-valley/84/"
"Trader Joe's","118","Traderjoes","67720 E Palm Canyon Dr","Cathedral City","CA","92234","US","33.7892","-116.48305","760-202-0090","https://locations.traderjoes.com/ca/cathedral-city/118/","open","false","","","","","Official Trader Joe's directory","https://locations.traderjoes.com/ca/cathedral-city/118/"
"Trader Joe's","104","Traderjoes","12861 Towne Center Dr","Cerritos","CA","90703","US","33.86924","-118.05813","562-402-5148","https://locations.traderjoes.com/ca/cerritos/104/","open","false","","","","","Official Trader Joe's directory","https://locations.traderjoes.com/ca/cerritos/104/"
"Trader Joe's","184","Traderjoes","10330 Mason Ave","Chatsworth","CA","91311","US","34.25826","-118.5788","818-341-3010","https://locations.traderjoes.com/ca/chatsworth/184/","open","false","","","","","Official Trader Joe's directory","https://locations.traderjoes.com/ca/chatsworth/184/"
"Trader Joe's","199","Traderjoes","801 East Ave, Ste 110","Chico","CA","95926","US","39.75933","-121.84651","530-343-9920","https://locations.traderjoes.com/ca/chico/199/","open","false","","","","","Official Trader Joe's directory","https://locations.traderjoes.com/ca/chico/199/"
"Trader Joe's","216","Traderjoes","13911 Peyton Drive","Chino Hills","CA","91709","US","34.00054","-117.73211","909-627-1404","https://locations.traderjoes.com/ca/chino-hills/216/","open","false","","","","","Official Trader Joe's directory","https://locations.traderjoes.com/ca/chino-hills/216/"
"Trader Joe's","120","Traderjoes","878 Eastlake Pkwy, Ste 810","Chula Vista","CA","91914","US","32.65132","-116.97039","619-656-5370","https://locations.traderjoes.com/ca/chula-vista/120/","open","false","","","","","Official Trader Joe's directory","https://locations.traderjoes.com/ca/chula-vista/120/"
"Trader Joe's","214","Traderjoes","475 W Foothill Blvd","Claremont","CA","91711","US","34.10739","-117.72203","909-625-8784","https://locations.traderjoes.com/ca/claremont/214/","open","false","","","","","Official Trader Joe's directory","https://locations.traderjoes.com/ca/claremont/214/"
"Trader Joe's","180","Traderjoes","1077 N Willow Ave","Clovis","CA","93611","US","36.84933","-119.72804","559-325-3120","https://locations.traderjoes.com/ca/clovis/180/","open","false","","","","","Official Trader Joe's directory","https://locations.traderjoes.com/ca/clovis/180/"
"Trader Joe's","60","Traderjoes","1150 Concord Ave","Concord","CA","94520","US","37.97922","-122.0564","925-689-2990","https://locations.traderjoes.com/ca/concord/60/","open","false","","","","","Official Trader Joe's directory","https://locations.traderjoes.com/ca/concord/60/"
"Trader Joe's","83","Traderjoes","785 Oak Grove Rd","Concord","CA","94518","US","37.93683","-122.02474","925-521-1134","https://locations.traderjoes.com/ca/concord/83/","open","false","","","","","Official Trader Joe's directory","https://locations.traderjoes.com/ca/concord/83/"
"Trader Joe's","213","Traderjoes","2790 Cabot Dr","Corona","CA","92883","US","33.81149","-117.50656","951-603-0299","https://locations.traderjoes.com/ca/corona/213/","open","false","","","","","Official Trader Joe's directory","https://locations.traderjoes.com/ca/corona/213/"
"Trader Joe's","290","Traderjoes","2170 Harbor Blvd, Ste 100","Costa Mesa","CA","92627","US","33.65326","-117.9191","949-208-7420","https://locations.traderjoes.com/ca/costa-mesa/290/","open","false","","","","","Official Trader Joe's directory","https://locations.traderjoes.com/ca/costa-mesa/290/"
"Trader Joe's","35","Traderjoes","640 W 17th St","Costa Mesa","CA","92627","US","33.63679","-117.92458","949-642-5134","https://locations.traderjoes.com/ca/costa-mesa/35/","open","false","","","","","Official Trader Joe's directory","https://locations.traderjoes.com/ca/costa-mesa/35/"
"Trader Joe's","251","Traderjoes","6150 Slauson Ave","Culver City","CA","90230","US","33.98801","-118.39285","310-313-0441","https://locations.traderjoes.com/ca/culver-city/251/","open","false","","","","","Official Trader Joe's directory","https://locations.traderjoes.com/ca/culver-city/251/"
"Trader Joe's","36","Traderjoes","9290 Culver Blvd","Culver City","CA","90232","US","34.02523","-118.39299","310-202-1108","https://locations.traderjoes.com/ca/culver-city/36/","open","false","","","","","Official Trader Joe's directory","https://locations.traderjoes.com/ca/culver-city/36/"
"Trader Joe's","242","Traderjoes","5245 Katella Ave.","Cypress","CA","90720","US","33.80321","-118.04149","714-220-4930","https://locations.traderjoes.com/ca/cypress/242/","open","false","","","","","Official Trader Joe's directory","https://locations.traderjoes.com/ca/cypress/242/"
"Trader Joe's","74","Traderjoes","417 Westlake Center","Daly City","CA","94015","US","37.7","-122.48224","650-755-3825","https://locations.traderjoes.com/ca/daly-city/74/","open","false","","","","","Official Trader Joe's directory","https://locations.traderjoes.com/ca/daly-city/74/"
"Trader Joe's","65","Traderjoes","85 Railroad Ave","Danville","CA","94526","US","37.8231","-122.00323","925-838-5757","https://locations.traderjoes.com/ca/danville/65/","open","false","","","","","Official Trader Joe's directory","https://locations.traderjoes.com/ca/danville/65/"
"Trader Joe's","182","Traderjoes","885 Russell Blvd","Davis","CA","95616","US","38.54673","-121.76149","530-757-2693","https://locations.traderjoes.com/ca/davis/182/","open","false","","","","","Official Trader Joe's directory","https://locations.traderjoes.com/ca/davis/182/"
"Trader Joe's","55","Traderjoes","1566 Colorado Blvd","Eagle Rock","CA","90041","US","34.13926","-118.20044","323-257-6422","https://locations.traderjoes.com/ca/eagle-rock/55/","open","false","","","","","Official Trader Joe's directory","https://locations.traderjoes.com/ca/eagle-rock/55/"
"Trader Joe's","108","Traderjoes","225 El Cerrito Plaza","El Cerrito","CA","94530","US","37.89891","-122.29982","510-524-7609","https://locations.traderjoes.com/ca/el-cerrito/108/","open","false","","","","","Official Trader Joe's directory","https://locations.traderjoes.com/ca/el-cerrito/108/"
"Trader Joe's","190","Traderjoes","9670 Bruceville Road","Elk Grove","CA","95757","US","38.4066","-121.42053","916-686-9980","https://locations.traderjoes.com/ca/elk-grove/190/","open","false","","","","","Official Trader Joe's directory","https://locations.traderjoes.com/ca/elk-grove/190/"
"Trader Joe's","72","Traderjoes","5700 Christie Ave","Emeryville","CA","94608","US","37.83698","-122.29423","510-658-8091","https://locations.traderjoes.com/ca/emeryville/72/","open","false","","","","","Official Trader Joe's directory","https://locations.traderjoes.com/ca/emeryville/72/"
"Trader Joe's","25","Traderjoes","115 N El Camino Real, Ste A","Encinitas","CA","92024","US","33.0471","-117.25581","760-634-2114","https://locations.traderjoes.com/ca/encinitas/25/","open","false","","","","","Official Trader Joe's directory","https://locations.traderjoes.com/ca/encinitas/25/"
"Trader Joe's","56","Traderjoes","17640 Burbank Blvd","Encino","CA","91316","US","34.17179","-118.51777","818-990-7751","https://locations.traderjoes.com/ca/encino/56/","open","false","","","","","Official Trader Joe's directory","https://locations.traderjoes.com/ca/encino/56/"
"Trader Joe's","105","Traderjoes","1885 S Centre City Pkwy","Escondido","CA","92025","US","33.10002","-117.07483","760-233-4020","https://locations.traderjoes.com/ca/escondido/105/","open","false","","","","","Official Trader Joe's directory","https://locations.traderjoes.com/ca/escondido/105/"
"Trader Joe's","71","Traderjoes","5309 Sunrise Blvd","Fair Oaks","CA","95628","US","38.66207","-121.27387","916-863-1744","https://locations.traderjoes.com/ca/fair-oaks/71/","open","false","","","","","Official Trader Joe's directory","https://locations.traderjoes.com/ca/fair-oaks/71/"
"Trader Joe's","101","Traderjoes","1350 Gateway Blvd, Ste A1-A7","Fairfield","CA","94533","US","38.26415","-122.05223","707-434-0144","https://locations.traderjoes.com/ca/fairfield/101/","open","false","","","","","Official Trader Joe's directory","https://locations.traderjoes.com/ca/fairfield/101/"
"Trader Joe's","172","Traderjoes","850 East Bidwell","Folsom","CA","95630","US","38.67244","-121.15591","916-817-8820","https://locations.traderjoes.com/ca/folsom/172/","open","false","","","","","Official Trader Joe's directory","https://locations.traderjoes.com/ca/folsom/172/"
"Trader Joe's","77","Traderjoes","39324 Argonaut Way","Fremont","CA","94538","US","37.54347","-121.98615","510-794-1386","https://locations.traderjoes.com/ca/fremont/77/","open","false","","","","","Official Trader Joe's directory","https://locations.traderjoes.com/ca/fremont/77/"
"Trader Joe's","8","Traderjoes","8478 N. Friant Road","Fresno","CA","93720","US","36.8588","-119.78265","559-433-6478","https://locations.traderjoes.com/ca/fresno/8/","open","false","","","","","Official Trader Joe's directory","https://locations.traderjoes.com/ca/fresno/8/"
"Trader Joe's","53","Traderjoes","103 E Glenoaks Blvd","Glendale","CA","91207","US","34.15984","-118.25454","818-507-8192","https://locations.traderjoes.com/ca/glendale/53/","open","false","","","","","Official Trader Joe's directory","https://locations.traderjoes.com/ca/glendale/53/"
"Trader Joe's","110","Traderjoes","5767 Calle Real","Goleta","CA","93117","US","34.44069","-119.82524","805-692-2234","https://locations.traderjoes.com/ca/goleta/110/","open","false","","","","","Official Trader Joe's directory","https://locations.traderjoes.com/ca/goleta/110/"
"Trader Joe's","44","Traderjoes","11114 Balboa Blvd","Granada Hills","CA","91344","US","34.27266","-118.50161","818-368-6461","https://locations.traderjoes.com/ca/granada-hills/44/","open","false","","","","","Official Trader Joe's directory","https://locations.traderjoes.com/ca/granada-hills/44/"
"Trader Joe's","235","Traderjoes","2052 Redwood Hwy","Greenbrae","CA","94904","US","37.93786","-122.51496","415-945-7955","https://locations.traderjoes.com/ca/greenbrae/235/","open","false","","","","","Official Trader Joe's directory","https://locations.traderjoes.com/ca/greenbrae/235/"
"Trader Joe's","248","Traderjoes","1100 Pacific Coast Hwy","Hermosa Beach","CA","90254","US","33.86388","-118.39157","310-318-1767","https://locations.traderjoes.com/ca/hermosa-beach/248/","open","false","","","","","Official Trader Joe's directory","https://locations.traderjoes.com/ca/hermosa-beach/248/"
"Trader Joe's","241","Traderjoes","21431 Brookhurst St","Huntington Beach","CA","92646","US","33.65184","-117.95413","714-968-4070","https://locations.traderjoes.com/ca/huntington-beach/241/","open","false","","","","","Official Trader Joe's directory","https://locations.traderjoes.com/ca/huntington-beach/241/"
"Trader Joe's","244","Traderjoes","16821 Algonquin St","Huntington Beach","CA","92649","US","33.71752","-118.05145","714-846-7307","https://locations.traderjoes.com/ca/huntington-beach/244/","open","false","","","","","Official Trader Joe's directory","https://locations.traderjoes.com/ca/huntington-beach/244/"
"Trader Joe's","47","Traderjoes","18681 Main St","Huntington Beach","CA","92648","US","33.69253","-117.99272","714-848-9640","https://locations.traderjoes.com/ca/huntington-beach/47/","open","false","","","","","Official Trader Joe's directory","https://locations.traderjoes.com/ca/huntington-beach/47/"
"Trader Joe's","111","Traderjoes","4225 Campus Dr","Irvine","CA","92612","US","33.65047","-117.83751","949-509-6138","https://locations.traderjoes.com/ca/irvine/111/","open","false","","","","","Official Trader Joe's directory","https://locations.traderjoes.com/ca/irvine/111/"
"Trader Joe's","210","Traderjoes","6222 Irvine Blvd","Irvine","CA","92620","US","33.69987","-117.74186","949-551-6402","https://locations.traderjoes.com/ca/irvine/210/","open","false","","","","","Official Trader Joe's directory","https://locations.traderjoes.com/ca/irvine/210/"
"Trader Joe's","37","Traderjoes","14443 Culver Dr","Irvine","CA","92604","US","33.70616","-117.78842","949-857-8108","https://locations.traderjoes.com/ca/irvine/37/","open","false","","","","","Official Trader Joe's directory","https://locations.traderjoes.com/ca/irvine/37/"
"Trader Joe's","42","Traderjoes","475 Foothill Blvd","La Canada","CA","91011","US","34.20004","-118.18842","818-790-6373","https://locations.traderjoes.com/ca/la-canada/42/","open","false","","","","","Official Trader Joe's directory","https://locations.traderjoes.com/ca/la-canada/42/"
"Trader Joe's","5","Traderjoes","2101 W. Imperial Hwy, Suite A","La Habra","CA","90631","US","33.91869","-117.96902","562-266-1428","https://locations.traderjoes.com/ca/la-habra/5/","open","false","","","","","Official Trader Joe's directory","https://locations.traderjoes.com/ca/la-habra/5/"
"Trader Joe's","20","Traderjoes","8657 Villa la Jolla Dr","La Jolla","CA","92037","US","32.86575","-117.23173","858-546-8629","https://locations.traderjoes.com/ca/la-jolla/20/","open","false","","","","","Official Trader Joe's directory","https://locations.traderjoes.com/ca/la-jolla/20/"
"Trader Joe's","24","Traderjoes","5495 Grossmont Center Dr","La Mesa","CA","91942","US","32.7793","-117.00561","619-466-0105","https://locations.traderjoes.com/ca/la-mesa/24/","open","false","","","","","Official Trader Joe's directory","https://locations.traderjoes.com/ca/la-mesa/24/"
"Trader Joe's","189","Traderjoes","46400 Washington St","La Quinta","CA","92253","US","33.71199","-116.29427","760-777-1553","https://locations.traderjoes.com/ca/la-quinta/189/","open","false","","","","","Official Trader Joe's directory","https://locations.traderjoes.com/ca/la-quinta/189/"
"Trader Joe's","277","Traderjoes","2330 Foothill Blvd","La Verne","CA","91750","US","34.11054","-117.76157","909-901-4568","https://locations.traderjoes.com/ca/la-verne/277/","open","false","","","","","Official Trader Joe's directory","https://locations.traderjoes.com/ca/la-verne/277/"
"Trader Joe's","257","Traderjoes","27542 Antonio Pkwy","Ladera Ranch","CA","92694","US","33.56288","-117.62755","949-239-6429","https://locations.traderjoes.com/ca/ladera-ranch/257/","open","false","","","","","Official Trader Joe's directory","https://locations.traderjoes.com/ca/ladera-ranch/257/"
"Trader Joe's","115","Traderjoes","3649 Mt Diablo Blvd","Lafayette","CA","94549","US","37.89024","-122.12697","925-299-9344","https://locations.traderjoes.com/ca/lafayette/115/","open","false","","","","","Official Trader Joe's directory","https://locations.traderjoes.com/ca/lafayette/115/"
"Trader Joe's","39","Traderjoes","24231 Avenida De La Carlota, Suite 100","Laguna Hills","CA","92653","US","33.60986","-117.703","949-461-0927","https://locations.traderjoes.com/ca/laguna-hills/39/","open","false","","","","","Official Trader Joe's directory","https://locations.traderjoes.com/ca/laguna-hills/39/"
"Trader Joe's","103","Traderjoes","32351 Street of the Golden Lantern","Laguna Niguel","CA","92677","US","33.49297","-117.69665","949-493-8599","https://locations.traderjoes.com/ca/laguna-niguel/103/","open","false","","","","","Official Trader Joe's directory","https://locations.traderjoes.com/ca/laguna-niguel/103/"
"Trader Joe's","313","Traderjoes","1590 Leucadia Blvd","Leucadia","CA","92024","US","33.06972","-117.26421","","https://locations.traderjoes.com/ca/leucadia/313/","coming_soon","true","","","","","Official Trader Joe's directory","https://locations.traderjoes.com/ca/leucadia/313/"
"Trader Joe's","208","Traderjoes","1122 A East Stanley Blvd","Livermore","CA","94550","US","37.68035","-121.78169","925-243-1947","https://locations.traderjoes.com/ca/livermore/208/","open","false","","","","","Official Trader Joe's directory","https://locations.traderjoes.com/ca/livermore/208/"
"Trader Joe's","116","Traderjoes","4210 Long Beach Blvd","Long Beach","CA","90807","US","33.83554","-118.18844","562-422-1020","https://locations.traderjoes.com/ca/long-beach/116/","open","false","","","","","Official Trader Joe's directory","https://locations.traderjoes.com/ca/long-beach/116/"
"Trader Joe's","194","Traderjoes","2222 North Bellflower Blvd","Long Beach","CA","90815","US","33.79678","-118.1229","562-596-2514","https://locations.traderjoes.com/ca/long-beach/194/","open","false","","","","","Official Trader Joe's directory","https://locations.traderjoes.com/ca/long-beach/194/"
"Trader Joe's","43","Traderjoes","6451 E Pacific Coast  Hwy","Long Beach","CA","90803","US","33.75766","-118.10893","562-596-4388","https://locations.traderjoes.com/ca/long-beach/43/","open","false","","","","","Official Trader Joe's directory","https://locations.traderjoes.com/ca/long-beach/43/"
"Trader Joe's","127","Traderjoes","2310 Homestead Rd","Los Altos","CA","94024","US","37.33671","-122.06705","408-245-1917","https://locations.traderjoes.com/ca/los-altos/127/","open","false","","","","","Official Trader Joe's directory","https://locations.traderjoes.com/ca/los-altos/127/"
"Trader Joe's","119","Traderjoes","3456 S Sepulveda Blvd","Los Angeles","CA","90034","US","34.02048","-118.42211","310-836-2458","https://locations.traderjoes.com/ca/los-angeles/119/","open","false","","","","","Official Trader Joe's directory","https://locations.traderjoes.com/ca/los-angeles/119/"
"Trader Joe's","17","Traderjoes","2738 Hyperion Ave","Los Angeles","CA","90027","US","34.10764","-118.27157","323-665-6774","https://locations.traderjoes.com/ca/los-angeles/17/","open","false","","","","","Official Trader Joe's directory","https://locations.traderjoes.com/ca/los-angeles/17/"
"Trader Joe's","192","Traderjoes","8000 W Sunset Blvd","Los Angeles","CA","90046","US","34.0976","-118.36523","323-822-7663","https://locations.traderjoes.com/ca/los-angeles/192/","open","false","","","","","Official Trader Joe's directory","https://locations.traderjoes.com/ca/los-angeles/192/"
"Trader Joe's","206","Traderjoes","1600 N Vine St","Los Angeles","CA","90028","US","34.10038","-118.32606","323-856-0689","https://locations.traderjoes.com/ca/los-angeles/206/","open","false","","","","","Official Trader Joe's directory","https://locations.traderjoes.com/ca/los-angeles/206/"
"Trader Joe's","215","Traderjoes","11755 Olympic Blvd","Los Angeles","CA","90064","US","34.03372","-118.44931","310-477-5949","https://locations.traderjoes.com/ca/los-angeles/215/","open","false","","","","","Official Trader Joe's directory","https://locations.traderjoes.com/ca/los-angeles/215/"
"Trader Joe's","234","Traderjoes","1000 Glendon Ave","Los Angeles","CA","90024","US","34.06227","-118.44377","310-824-1495","https://locations.traderjoes.com/ca/los-angeles/234/","open","false","","","","","Official Trader Joe's directory","https://locations.traderjoes.com/ca/los-angeles/234/"
"Trader Joe's","237","Traderjoes","8500 Burton Way","Los Angeles","CA","90048","US","34.07117","-118.37707","310-248-2984","https://locations.traderjoes.com/ca/los-angeles/237/","open","false","","","","","Official Trader Joe's directory","https://locations.traderjoes.com/ca/los-angeles/237/"
"Trader Joe's","240","Traderjoes","175 South Fairfax Ave","Los Angeles","CA","90036","US","34.07221","-118.36178","323-931-4012","https://locations.traderjoes.com/ca/los-angeles/240/","open","false","","","","","Official Trader Joe's directory","https://locations.traderjoes.com/ca/los-angeles/240/"
"Trader Joe's","250","Traderjoes","3131 S Hoover Street, Suite 1920","Los Angeles","CA","90089","US","34.02608","-118.28466","213-749-1497","https://locations.traderjoes.com/ca/los-angeles/250/","open","false","","","","","Official Trader Joe's directory","https://locations.traderjoes.com/ca/los-angeles/250/"
"Trader Joe's","31","Traderjoes","263 S La Brea Ave","Los Angeles","CA","90036","US","34.06915","-118.34442","323-965-1989","https://locations.traderjoes.com/ca/los-angeles/31/","open","false","","","","","Official Trader Joe's directory","https://locations.traderjoes.com/ca/los-angeles/31/"
"Trader Joe's","7","Traderjoes","10850 National Blvd","Los Angeles","CA","90064","US","34.03006","-118.42148","310-470-1917","https://locations.traderjoes.com/ca/los-angeles/7/","open","false","","","","","Official Trader Joe's directory","https://locations.traderjoes.com/ca/los-angeles/7/"
"Trader Joe's","181","Traderjoes","15466 Los Gatos Blvd","Los Gatos","CA","95032","US","37.24412","-121.95793","408-356-2324","https://locations.traderjoes.com/ca/los-gatos/181/","open","false","","","","","Official Trader Joe's directory","https://locations.traderjoes.com/ca/los-gatos/181/"
"Trader Joe's","106","Traderjoes","1800 Rosecrans Blvd","Manhattan Beach","CA","90266","US","33.90047","-118.38043","310-725-9800","https://locations.traderjoes.com/ca/manhattan-beach/106/","open","false","","","","","Official Trader Joe's directory","https://locations.traderjoes.com/ca/manhattan-beach/106/"
"Trader Joe's","34","Traderjoes","1821 Manhattan Beach Blvd","Manhattan Beach","CA","90266","US","33.88764","-118.37989","310-372-1274","https://locations.traderjoes.com/ca/manhattan-beach/34/","open","false","","","","","Official Trader Joe's directory","https://locations.traderjoes.com/ca/manhattan-beach/34/"
"Trader Joe's","261","Traderjoes","150 10th St","Marina","CA","93933","US","36.66459","-121.81169","831-281-7247","https://locations.traderjoes.com/ca/marina/261/","open","false","","","","","Official Trader Joe's directory","https://locations.traderjoes.com/ca/marina/261/"
"Trader Joe's","205","Traderjoes","4675 Admiralty Way","Marina Del Rey","CA","90292","US","33.97956","-118.44123","310-301-4461","https://locations.traderjoes.com/ca/marina-del-rey/205/","open","false","","","","","Official Trader Joe's directory","https://locations.traderjoes.com/ca/marina-del-rey/205/"
"Trader Joe's","69","Traderjoes","720 Menlo Ave","Menlo Park","CA","94025","US","37.45122","-122.18352","650-323-2134","https://locations.traderjoes.com/ca/menlo-park/69/","open","false","","","","","Official Trader Joe's directory","https://locations.traderjoes.com/ca/menlo-park/69/"
"Trader Joe's","170","Traderjoes","765 Broadway","Millbrae","CA","94030","US","37.60365","-122.39603","650-259-9142","https://locations.traderjoes.com/ca/millbrae/170/","open","false","","","","","Official Trader Joe's directory","https://locations.traderjoes.com/ca/millbrae/170/"
"Trader Joe's","229","Traderjoes","1306 Great Mall Pkwy","Milpitas","CA","95035","US","37.41241","-121.89969","408-942-6957","https://locations.traderjoes.com/ca/milpitas/229/","open","false","","","","","Official Trader Joe's directory","https://locations.traderjoes.com/ca/milpitas/229/"
"Trader Joe's","126","Traderjoes","25410 Marguerite Pkwy","Mission Viejo","CA","92692","US","33.59305","-117.65843","949-581-5638","https://locations.traderjoes.com/ca/mission-viejo/126/","open","false","","","","","Official Trader Joe's directory","https://locations.traderjoes.com/ca/mission-viejo/126/"
"Trader Joe's","9","Traderjoes","3250 Dale Road","Modesto","CA","95356","US","37.68717","-121.04941","209-491-0445","https://locations.traderjoes.com/ca/modesto/9/","open","false","","","","","Official Trader Joe's directory","https://locations.traderjoes.com/ca/modesto/9/"
"Trader Joe's","112","Traderjoes","604 W Huntington Dr","Monrovia","CA","91016","US","34.13985","-118.01223","626-358-8884","https://locations.traderjoes.com/ca/monrovia/112/","open","false","","","","","Official Trader Joe's directory","https://locations.traderjoes.com/ca/monrovia/112/"
"Trader Joe's","204","Traderjoes","570 Munras Ave, Ste 20","Monterey","CA","93940","US","36.59656","-121.89435","831-372-2010","https://locations.traderjoes.com/ca/monterey/204/","open","false","","","","","Official Trader Joe's directory","https://locations.traderjoes.com/ca/monterey/204/"
"Trader Joe's","52","Traderjoes","2462 Honolulu Ave","Montrose","CA","91020","US","34.20699","-118.23315","818-957-3613","https://locations.traderjoes.com/ca/montrose/52/","open","false","","","","","Official Trader Joe's directory","https://locations.traderjoes.com/ca/montrose/52/"
"Trader Joe's","202","Traderjoes","17035 Laurel Rd","Morgan Hill","CA","95037","US","37.13114","-121.6382","408-778-6409","https://locations.traderjoes.com/ca/morgan-hill/202/","open","false","","","","","Official Trader Joe's directory","https://locations.traderjoes.com/ca/morgan-hill/202/"
"Trader Joe's","81","Traderjoes","590 Showers Dr","Mountain View","CA","94040","US","37.40208","-122.11076","650-917-1013","https://locations.traderjoes.com/ca/mountain-view/81/","open","false","","","","","Official Trader Joe's directory","https://locations.traderjoes.com/ca/mountain-view/81/"
"Trader Joe's","258","Traderjoes","40388 Murrieta Hot Springs Rd","Murrieta","CA","92563","US","33.55393","-117.17601","951-528-5115","https://locations.traderjoes.com/ca/murrieta/258/","open","false","","","","","Official Trader Joe's directory","https://locations.traderjoes.com/ca/murrieta/258/"
"Trader Joe's","128","Traderjoes","3654 Bel Aire Plaza","Napa","CA","94558","US","38.3228","-122.30584","707-256-0806","https://locations.traderjoes.com/ca/napa/128/","open","false","","","","","Official Trader Joe's directory","https://locations.traderjoes.com/ca/napa/128/"
"Trader Joe's","125","Traderjoes","8086 E Pacific Coast Hwy","Newport Beach","CA","92657","US","33.56818","-117.83242","949-494-7404","https://locations.traderjoes.com/ca/newport-beach/125/","open","false","","","","","Official Trader Joe's directory","https://locations.traderjoes.com/ca/newport-beach/125/"
"Trader Joe's","252","Traderjoes","6130 Laurel Canyon Bl, Suite 100","North Hollywood","CA","91606","US","34.18217","-118.39578","818-762-2963","https://locations.traderjoes.com/ca/north-hollywood/252/","open","false","","","","","Official Trader Joe's directory","https://locations.traderjoes.com/ca/north-hollywood/252/"
"Trader Joe's","312","Traderjoes","9224 Reseda Blvd","Northridge","CA","91325","US","34.23803","-118.5357","747-245-4766","https://locations.traderjoes.com/ca/northridge/312/","open","false","","","","","Official Trader Joe's directory","https://locations.traderjoes.com/ca/northridge/312/"
"Trader Joe's","198","Traderjoes","7514 Redwood Blvd","Novato","CA","94945","US","38.11185","-122.56812","415-898-9359","https://locations.traderjoes.com/ca/novato/198/","open","false","","","","","Official Trader Joe's directory","https://locations.traderjoes.com/ca/novato/198/"
"Trader Joe's","203","Traderjoes","3250 Lakeshore Ave","Oakland","CA","94610","US","37.80974","-122.24425","510-238-9076","https://locations.traderjoes.com/ca/oakland/203/","open","false","","","","","Official Trader Joe's directory","https://locations.traderjoes.com/ca/oakland/203/"
"Trader Joe's","231","Traderjoes","5727 College Ave","Oakland","CA","94618","US","37.84556","-122.25281","510-923-9428","https://locations.traderjoes.com/ca/oakland/231/","open","false","","","","","Official Trader Joe's directory","https://locations.traderjoes.com/ca/oakland/231/"
"Trader Joe's","22","Traderjoes","2570 Vista Way","Oceanside","CA","92054","US","33.18411","-117.33194","760-433-9994","https://locations.traderjoes.com/ca/oceanside/22/","open","false","","","","","Official Trader Joe's directory","https://locations.traderjoes.com/ca/oceanside/22/"
"Trader Joe's","46","Traderjoes","2114 N Tustin St","Orange","CA","92865","US","33.82344","-117.83655","714-283-5697","https://locations.traderjoes.com/ca/orange/46/","open","false","","","","","Official Trader Joe's directory","https://locations.traderjoes.com/ca/orange/46/"
"Trader Joe's","79","Traderjoes","1170 Forest Ave","Pacific Grove","CA","93950","US","36.60558","-121.92193","831-656-0180","https://locations.traderjoes.com/ca/pacific-grove/79/","open","false","","","","","Official Trader Joe's directory","https://locations.traderjoes.com/ca/pacific-grove/79/"
"Trader Joe's","3","Traderjoes","44250 Town Center Way","Palm Desert","CA","92260","US","33.72746","-116.39661","760-340-2291","https://locations.traderjoes.com/ca/palm-desert/3/","open","false","","","","","Official Trader Joe's directory","https://locations.traderjoes.com/ca/palm-desert/3/"
"Trader Joe's","185","Traderjoes","39507 10th St W","Palmdale","CA","93551","US","34.60031","-118.1493","661-947-2890","https://locations.traderjoes.com/ca/palmdale/185/","open","false","","","","","Official Trader Joe's directory","https://locations.traderjoes.com/ca/palmdale/185/"
"Trader Joe's","207","Traderjoes","855 El Camino Real","Palo Alto","CA","94301","US","37.43843","-122.15775","650-327-7018","https://locations.traderjoes.com/ca/palo-alto/207/","open","false","","","","","Official Trader Joe's directory","https://locations.traderjoes.com/ca/palo-alto/207/"
"Trader Joe's","171","Traderjoes","467 N Rosemead Blvd","Pasadena","CA","91107","US","34.1537","-118.0782","626-351-3399","https://locations.traderjoes.com/ca/pasadena/171/","open","false","","","","","Official Trader Joe's directory","https://locations.traderjoes.com/ca/pasadena/171/"
"Trader Joe's","179","Traderjoes","345 S Lake Ave","Pasadena","CA","91101","US","34.14005","-118.13291","626-395-9553","https://locations.traderjoes.com/ca/pasadena/179/","open","false","","","","","Official Trader Joe's directory","https://locations.traderjoes.com/ca/pasadena/179/"
"Trader Joe's","32","Traderjoes","3035 E Huntington Dr","Pasadena","CA","91107","US","34.12789","-118.08948","626-356-2963","https://locations.traderjoes.com/ca/pasadena/32/","open","false","","","","","Official Trader Joe's directory","https://locations.traderjoes.com/ca/pasadena/32/"
"Trader Joe's","51","Traderjoes","610 S Arroyo Pkwy","Pasadena","CA","91105","US","34.13514","-118.14687","626-568-9254","https://locations.traderjoes.com/ca/pasadena/51/","open","false","","","","","Official Trader Joe's directory","https://locations.traderjoes.com/ca/pasadena/51/"
"Trader Joe's","291","Traderjoes","2457 Golden Hill Rd","Paso Robles","CA","93446","US","35.63546","-120.6581","805-464-6634","https://locations.traderjoes.com/ca/paso-robles/291/","open","false","","","","","Official Trader Joe's directory","https://locations.traderjoes.com/ca/paso-robles/291/"
"Trader Joe's","107","Traderjoes","169 N McDowell Blvd","Petaluma","CA","94954","US","38.24804","-122.62801","707-769-2782","https://locations.traderjoes.com/ca/petaluma/107/","open","false","","","","","Official Trader Joe's directory","https://locations.traderjoes.com/ca/petaluma/107/"
"Trader Joe's","230","Traderjoes","2742 Pinole Valley Rd","Pinole","CA","94564","US","37.99527","-122.28674","510-222-3501","https://locations.traderjoes.com/ca/pinole/230/","open","false","","","","","Official Trader Joe's directory","https://locations.traderjoes.com/ca/pinole/230/"
"Trader Joe's","66","Traderjoes","3903 Santa Rita Road","Pleasanton","CA","94588","US","37.69679","-121.87689","925-468-0763","https://locations.traderjoes.com/ca/pleasanton/66/","open","false","","","","","Official Trader Joe's directory","https://locations.traderjoes.com/ca/pleasanton/66/"
"Trader Joe's","265","Traderjoes","13644 Poway Rd","Poway","CA","92064","US","32.95795","-117.03546","858-294-6131","https://locations.traderjoes.com/ca/poway/265/","open","false","","","","","Official Trader Joe's directory","https://locations.traderjoes.com/ca/poway/265/"
"Trader Joe's","217","Traderjoes","6401 Haven Ave","Rancho Cucamonga","CA","91737","US","34.13774","-117.57414","909-476-1410","https://locations.traderjoes.com/ca/rancho-cucamonga/217/","open","false","","","","","Official Trader Joe's directory","https://locations.traderjoes.com/ca/rancho-cucamonga/217/"
"Trader Joe's","233","Traderjoes","31176 Hawthorne Blvd","Rancho Palos Verdes","CA","90275","US","33.74933","-118.40668","310-544-1727","https://locations.traderjoes.com/ca/rancho-palos-verdes/233/","open","false","","","","","Official Trader Joe's directory","https://locations.traderjoes.com/ca/rancho-palos-verdes/233/"
"Trader Joe's","57","Traderjoes","28901 S Western Ave","Rancho Palos Verdes","CA","90275","US","33.75595","-118.31076","310-832-1241","https://locations.traderjoes.com/ca/rancho-palos-verdes/57/","open","false","","","","","Official Trader Joe's directory","https://locations.traderjoes.com/ca/rancho-palos-verdes/57/"
"Trader Joe's","27","Traderjoes","30652 Santa Margarita Pkwy","Rancho Santa Margarita","CA","92688","US","33.6425","-117.59535","949-888-3640","https://locations.traderjoes.com/ca/rancho-santa-margarita/27/","open","false","","","","","Official Trader Joe's directory","https://locations.traderjoes.com/ca/rancho-santa-margarita/27/"
"Trader Joe's","219","Traderjoes","845 Browning St","Redding","CA","96003","US","40.5917","-122.35711","530-223-4875","https://locations.traderjoes.com/ca/redding/219/","open","false","","","","","Official Trader Joe's directory","https://locations.traderjoes.com/ca/redding/219/"
"Trader Joe's","99","Traderjoes","552 Orange St","Redlands","CA","92374","US","34.06063","-117.18117","909-798-3888","https://locations.traderjoes.com/ca/redlands/99/","open","false","","","","","Official Trader Joe's directory","https://locations.traderjoes.com/ca/redlands/99/"
"Trader Joe's","38","Traderjoes","1761 S Elena Ave","Redondo Bch.","CA","90277","US","33.81856","-118.38614","310-316-1745","https://locations.traderjoes.com/ca/redondo-bch-/38/","open","false","","","","","Official Trader Joe's directory","https://locations.traderjoes.com/ca/redondo-bch-/38/"
"Trader Joe's","314","Traderjoes","2135 Claribel Rd","Riverbank","CA","95367","US","37.712649999999996","-120.96034","","https://locations.traderjoes.com/ca/riverbank/314/","coming_soon","true","","","","","Official Trader Joe's directory","https://locations.traderjoes.com/ca/riverbank/314/"
"Trader Joe's","15","Traderjoes","6225 Riverside Plaza","Riverside","CA","92506","US","33.95593","-117.38848","951-781-2378","https://locations.traderjoes.com/ca/riverside/15/","open","false","","","","","Official Trader Joe's directory","https://locations.traderjoes.com/ca/riverside/15/"
"Trader Joe's","228","Traderjoes","5116 Commons Dr., #103","Rocklin","CA","95677","US","38.80287","-121.20924","916-660-9820","https://locations.traderjoes.com/ca/rocklin/228/","open","false","","","","","Official Trader Joe's directory","https://locations.traderjoes.com/ca/rocklin/228/"
"Trader Joe's","266","Traderjoes","10261 Fairway Dr","Roseville","CA","95678","US","38.78762","-121.28168","279-217-4579","https://locations.traderjoes.com/ca/roseville/266/","open","false","","","","","Official Trader Joe's directory","https://locations.traderjoes.com/ca/roseville/266/"
"Trader Joe's","80","Traderjoes","1117 Roseville Square","Roseville","CA","95678","US","38.74629","-121.27489","916-784-9084","https://locations.traderjoes.com/ca/roseville/80/","open","false","","","","","Official Trader Joe's directory","https://locations.traderjoes.com/ca/roseville/80/"
"Trader Joe's","18","Traderjoes","613 Mission St","S. Pasadena","CA","91030","US","34.1153","-118.16297","626-441-6263","https://locations.traderjoes.com/ca/s-pasadena/18/","open","false","","","","","Official Trader Joe's directory","https://locations.traderjoes.com/ca/s-pasadena/18/"
"Trader Joe's","175","Traderjoes","5000 Folsom Blvd","Sacramento","CA","95819","US","38.5604","-121.44481","916-456-1853","https://locations.traderjoes.com/ca/sacramento/175/","open","false","","","","","Official Trader Joe's directory","https://locations.traderjoes.com/ca/sacramento/175/"
"Trader Joe's","70","Traderjoes","2625 Marconi Ave","Sacramento","CA","95821","US","38.6186","-121.40017","916-481-8797","https://locations.traderjoes.com/ca/sacramento/70/","open","false","","","","","Official Trader Joe's directory","https://locations.traderjoes.com/ca/sacramento/70/"
"Trader Joe's","174","Traderjoes","1482 El Camino Real","San Carlos","CA","94070","US","37.49639","-122.24857","650-594-2138","https://locations.traderjoes.com/ca/san-carlos/174/","open","false","","","","","Official Trader Joe's directory","https://locations.traderjoes.com/ca/san-carlos/174/"
"Trader Joe's","16","Traderjoes","638 Camino de Los Mares","San Clemente","CA","92673","US","33.45743","-117.65174","949-240-9996","https://locations.traderjoes.com/ca/san-clemente/16/","open","false","","","","","Official Trader Joe's directory","https://locations.traderjoes.com/ca/san-clemente/16/"
"Trader Joe's","188","Traderjoes","2401 Truxtun Rd","San Diego","CA","92106","US","32.73596","-117.21729","619-758-9272","https://locations.traderjoes.com/ca/san-diego/188/","open","false","","","","","Official Trader Joe's directory","https://locations.traderjoes.com/ca/san-diego/188/"
"Trader Joe's","21","Traderjoes","1640 Garnet Ave","San Diego","CA","92109","US","32.80054","-117.24065","858-581-9101","https://locations.traderjoes.com/ca/san-diego/21/","open","false","","","","","Official Trader Joe's directory","https://locations.traderjoes.com/ca/san-diego/21/"
"Trader Joe's","221","Traderjoes","9850 Hibert St","San Diego","CA","92131","US","32.91449","-117.11517","858-549-9185","https://locations.traderjoes.com/ca/san-diego/221/","open","false","","","","","Official Trader Joe's directory","https://locations.traderjoes.com/ca/san-diego/221/"
"Trader Joe's","222","Traderjoes","1072 Camino Del Rio North","San Diego","CA","92108","US","32.76616","-117.15517","619-297-0749","https://locations.traderjoes.com/ca/san-diego/222/","open","false","","","","","Official Trader Joe's directory","https://locations.traderjoes.com/ca/san-diego/222/"
"Trader Joe's","223","Traderjoes","13480 Highlands Place","San Diego","CA","92130","US","32.96114","-117.1914","858-755-7130","https://locations.traderjoes.com/ca/san-diego/223/","open","false","","","","","Official Trader Joe's directory","https://locations.traderjoes.com/ca/san-diego/223/"
"Trader Joe's","224","Traderjoes","5140 College Ave, Ste 119","San Diego","CA","92115","US","32.77202","-117.07035","619-229-9092","https://locations.traderjoes.com/ca/san-diego/224/","open","false","","","","","Official Trader Joe's directory","https://locations.traderjoes.com/ca/san-diego/224/"
"Trader Joe's","23","Traderjoes","11955 Carmel Mountain Rd","San Diego","CA","92128","US","32.98211","-117.07505","858-673-0526","https://locations.traderjoes.com/ca/san-diego/23/","open","false","","","","","Official Trader Joe's directory","https://locations.traderjoes.com/ca/san-diego/23/"
"Trader Joe's","26","Traderjoes","1090 University Avenue, Ste G100-107","San Diego","CA","92103","US","32.74988","-117.15382","619-296-3122","https://locations.traderjoes.com/ca/san-diego/26/","open","false","","","","","Official Trader Joe's directory","https://locations.traderjoes.com/ca/san-diego/26/"
"Trader Joe's","299","Traderjoes","3962 Clairemont Mesa Blvd","San Diego","CA","92117","US","32.82888","-117.20402","","https://locations.traderjoes.com/ca/san-diego/299/","coming_soon","true","","","","","Official Trader Joe's directory","https://locations.traderjoes.com/ca/san-diego/299/"
"Trader Joe's","28","Traderjoes","856 W Arrow Hwy","San Dimas","CA","91773","US","34.10349","-117.82121","909-305-4757","https://locations.traderjoes.com/ca/san-dimas/28/","open","false","","","","","Official Trader Joe's directory","https://locations.traderjoes.com/ca/san-dimas/28/"
"Trader Joe's","100","Traderjoes","3 Masonic Ave","San Francisco","CA","94118","US","37.78337","-122.44787","415-346-9964","https://locations.traderjoes.com/ca/san-francisco/100/","open","false","","","","","Official Trader Joe's directory","https://locations.traderjoes.com/ca/san-francisco/100/"
"Trader Joe's","19","Traderjoes","401 Bay St","San Francisco","CA","94133","US","37.80552","-122.41374","415-351-1013","https://locations.traderjoes.com/ca/san-francisco/19/","open","false","","","","","Official Trader Joe's directory","https://locations.traderjoes.com/ca/san-francisco/19/"
"Trader Joe's","200","Traderjoes","1095 Hyde St","San Francisco","CA","94109","US","37.79065","-122.41799","415-292-7665","https://locations.traderjoes.com/ca/san-francisco/200/","open","false","","","","","Official Trader Joe's directory","https://locations.traderjoes.com/ca/san-francisco/200/"
"Trader Joe's","225","Traderjoes","10 4th Street","San Francisco","CA","94103","US","37.78533","-122.40567","415-536-7801","https://locations.traderjoes.com/ca/san-francisco/225/","open","false","","","","","Official Trader Joe's directory","https://locations.traderjoes.com/ca/san-francisco/225/"
"Trader Joe's","226","Traderjoes","788 Laguna St","San Francisco","CA","94102","US","37.77811","-122.42626","415-718-0175","https://locations.traderjoes.com/ca/san-francisco/226/","open","false","","","","","Official Trader Joe's directory","https://locations.traderjoes.com/ca/san-francisco/226/"
"Trader Joe's","236","Traderjoes","265 Winston Dr","San Francisco","CA","94132","US","37.72665","-122.47631","415-665-1835","https://locations.traderjoes.com/ca/san-francisco/236/","open","false","","","","","Official Trader Joe's directory","https://locations.traderjoes.com/ca/san-francisco/236/"
"Trader Joe's","78","Traderjoes","555 9th St","San Francisco","CA","94103","US","37.77111","-122.40738","415-863-1292","https://locations.traderjoes.com/ca/san-francisco/78/","open","false","","","","","Official Trader Joe's directory","https://locations.traderjoes.com/ca/san-francisco/78/"
"Trader Joe's","212","Traderjoes","635 Coleman Ave","San Jose","CA","95110","US","37.34087","-121.90918","408-298-9731","https://locations.traderjoes.com/ca/san-jose/212/","open","false","","","","","Official Trader Joe's directory","https://locations.traderjoes.com/ca/san-jose/212/"
"Trader Joe's","232","Traderjoes","7250 Bollinger Rd","San Jose","CA","95129","US","37.31179","-122.03091","408-873-7384","https://locations.traderjoes.com/ca/san-jose/232/","open","false","","","","","Official Trader Joe's directory","https://locations.traderjoes.com/ca/san-jose/232/"
"Trader Joe's","62","Traderjoes","5269 Prospect","San Jose","CA","95129","US","37.29297","-121.99415","408-446-5055","https://locations.traderjoes.com/ca/san-jose/62/","open","false","","","","","Official Trader Joe's directory","https://locations.traderjoes.com/ca/san-jose/62/"
"Trader Joe's","63","Traderjoes","5353 Almaden Expressway #J-38","San Jose","CA","95118","US","37.25156","-121.87923","408-264-8120","https://locations.traderjoes.com/ca/san-jose/63/","open","false","","","","","Official Trader Joe's directory","https://locations.traderjoes.com/ca/san-jose/63/"
"Trader Joe's","249","Traderjoes","32151 Camino Capistrano","San Juan Capistrano","CA","92675","US","33.49605","-117.66362","949-496-4150","https://locations.traderjoes.com/ca/san-juan-capistrano/249/","open","false","","","","","Official Trader Joe's directory","https://locations.traderjoes.com/ca/san-juan-capistrano/249/"
"Trader Joe's","41","Traderjoes","3977 Higuera Street","San Luis Obispo","CA","93401","US","35.27891","-120.6645","805-783-2780","https://locations.traderjoes.com/ca/san-luis-obispo/41/","open","false","","","","","Official Trader Joe's directory","https://locations.traderjoes.com/ca/san-luis-obispo/41/"
"Trader Joe's","245","Traderjoes","45 W Hillsdale Blvd","San Mateo","CA","94403","US","37.53543","-122.29828","650-286-1509","https://locations.traderjoes.com/ca/san-mateo/245/","open","false","","","","","Official Trader Joe's directory","https://locations.traderjoes.com/ca/san-mateo/245/"
"Trader Joe's","67","Traderjoes","1820-22 S Grant Street","San Mateo","CA","94402","US","37.55454","-122.30251","650-570-6140","https://locations.traderjoes.com/ca/san-mateo/67/","open","false","","","","","Official Trader Joe's directory","https://locations.traderjoes.com/ca/san-mateo/67/"
"Trader Joe's","61","Traderjoes","337 3rd St","San Rafael","CA","94901","US","37.96954","-122.51647","415-454-9530","https://locations.traderjoes.com/ca/san-rafael/61/","open","false","","","","","Official Trader Joe's directory","https://locations.traderjoes.com/ca/san-rafael/61/"
"Trader Joe's","246","Traderjoes","300 Market Place","San Ramon","CA","94583","US","37.76416","-121.95211","925-275-8140","https://locations.traderjoes.com/ca/san-ramon/246/","open","false","","","","","Official Trader Joe's directory","https://locations.traderjoes.com/ca/san-ramon/246/"
"Trader Joe's","113","Traderjoes","3329 S Bristol St","Santa Ana","CA","92704","US","33.70118","-117.88421","714-424-9304","https://locations.traderjoes.com/ca/santa-ana/113/","open","false","","","","","Official Trader Joe's directory","https://locations.traderjoes.com/ca/santa-ana/113/"
"Trader Joe's","183","Traderjoes","3025 De La Vina St","Santa Barbara","CA","93105","US","34.43896","-119.72895","805-563-7383","https://locations.traderjoes.com/ca/santa-barbara/183/","open","false","","","","","Official Trader Joe's directory","https://locations.traderjoes.com/ca/santa-barbara/183/"
"Trader Joe's","59","Traderjoes","222 North Milpas Street","Santa Barbara","CA","93103","US","34.42503","-119.68151","805-560-1182","https://locations.traderjoes.com/ca/santa-barbara/59/","open","false","","","","","Official Trader Joe's directory","https://locations.traderjoes.com/ca/santa-barbara/59/"
"Trader Joe's","13","Traderjoes","26517 Bouquet Canyon Rd","Santa Clarita","CA","91350","US","34.42857","-118.53828","661-263-3796","https://locations.traderjoes.com/ca/santa-clarita/13/","open","false","","","","","Official Trader Joe's directory","https://locations.traderjoes.com/ca/santa-clarita/13/"
"Trader Joe's","263","Traderjoes","19037 Golden Valley Rd","Santa Clarita","CA","91387","US","34.39565","-118.46222","661-276-1430","https://locations.traderjoes.com/ca/santa-clarita/263/","open","false","","","","","Official Trader Joe's directory","https://locations.traderjoes.com/ca/santa-clarita/263/"
"Trader Joe's","193","Traderjoes","700 Front St","Santa Cruz","CA","95060","US","36.97454","-122.0247","831-425-0140","https://locations.traderjoes.com/ca/santa-cruz/193/","open","false","","","","","Official Trader Joe's directory","https://locations.traderjoes.com/ca/santa-cruz/193/"
"Trader Joe's","239","Traderjoes","1303 S Bradley Rd","Santa Maria","CA","93454","US","34.93802","-120.42133","805-925-1657","https://locations.traderjoes.com/ca/santa-maria/239/","open","false","","","","","Official Trader Joe's directory","https://locations.traderjoes.com/ca/santa-maria/239/"
"Trader Joe's","253","Traderjoes","2300 Wilshire Blvd, Ste 101","Santa Monica","CA","90403","US","34.03337","-118.48047","310-264-2223","https://locations.traderjoes.com/ca/santa-monica/253/","open","false","","","","","Official Trader Joe's directory","https://locations.traderjoes.com/ca/santa-monica/253/"
"Trader Joe's","256","Traderjoes","500 Broadway","Santa Monica","CA","90401","US","34.01577","-118.49197","310-912-6877","https://locations.traderjoes.com/ca/santa-monica/256/","open","false","","","","","Official Trader Joe's directory","https://locations.traderjoes.com/ca/santa-monica/256/"
"Trader Joe's","6","Traderjoes","3212 Pico Blvd","Santa Monica","CA","90405","US","34.02636","-118.45577","310-581-0253","https://locations.traderjoes.com/ca/santa-monica/6/","open","false","","","","","Official Trader Joe's directory","https://locations.traderjoes.com/ca/santa-monica/6/"
"Trader Joe's","178","Traderjoes","2100 Santa Rosa Ave","Santa Rosa","CA","95407","US","38.41752","-122.71205","707-535-0788","https://locations.traderjoes.com/ca/santa-rosa/178/","open","false","","","","","Official Trader Joe's directory","https://locations.traderjoes.com/ca/santa-rosa/178/"
"Trader Joe's","75","Traderjoes","3225 Cleveland Ave","Santa Rosa","CA","95403","US","38.47355","-122.7323","707-525-1406","https://locations.traderjoes.com/ca/santa-rosa/75/","open","false","","","","","Official Trader Joe's directory","https://locations.traderjoes.com/ca/santa-rosa/75/"
"Trader Joe's","260","Traderjoes","9680 Mission Gorge Rd","Santee","CA","92071","US","32.83978","-116.98621","619-812-3705","https://locations.traderjoes.com/ca/santee/260/","open","false","","","","","Official Trader Joe's directory","https://locations.traderjoes.com/ca/santee/260/"
"Trader Joe's","267","Traderjoes","14140 Riverside Dr","Sherman Oaks","CA","91423","US","34.15733","-118.44132","747-245-6608","https://locations.traderjoes.com/ca/sherman-oaks/267/","open","false","","","","","Official Trader Joe's directory","https://locations.traderjoes.com/ca/sherman-oaks/267/"
"Trader Joe's","49","Traderjoes","14119 Riverside Dr","Sherman Oaks","CA","91423","US","34.15797","-118.44081","818-789-2771","https://locations.traderjoes.com/ca/sherman-oaks/49/","open","false","","","","","Official Trader Joe's directory","https://locations.traderjoes.com/ca/sherman-oaks/49/"
"Trader Joe's","30","Traderjoes","2975-A Cochran St","Simi Valley","CA","93065","US","34.2809","-118.73848","805-520-3135","https://locations.traderjoes.com/ca/simi-valley/30/","open","false","","","","","Official Trader Joe's directory","https://locations.traderjoes.com/ca/simi-valley/30/"
"Trader Joe's","4","Traderjoes","1129 Fair Oaks Ave","South Pasadena","CA","91030","US","34.1129","-118.15149","323-784-1840","https://locations.traderjoes.com/ca/south-pasadena/4/","open","false","","","","","Official Trader Joe's directory","https://locations.traderjoes.com/ca/south-pasadena/4/"
"Trader Joe's","187","Traderjoes","301 MC Lellan Dr","South San Francisco","CA","94080","US","37.66474","-122.4461","650-583-6401","https://locations.traderjoes.com/ca/south-san-francisco/187/","open","false","","","","","Official Trader Joe's directory","https://locations.traderjoes.com/ca/south-san-francisco/187/"
"Trader Joe's","76","Traderjoes","6535 Pacific Ave","Stockton","CA","95207","US","38.00913","-121.32282","209-951-7597","https://locations.traderjoes.com/ca/stockton/76/","open","false","","","","","Official Trader Joe's directory","https://locations.traderjoes.com/ca/stockton/76/"
"Trader Joe's","122","Traderjoes","11976 Ventura Blvd","Studio City","CA","91604","US","34.14294","-118.39303","818-509-0168","https://locations.traderjoes.com/ca/studio-city/122/","open","false","","","","","Official Trader Joe's directory","https://locations.traderjoes.com/ca/studio-city/122/"
"Trader Joe's","68","Traderjoes","316 West El Camino Real","Sunnyvale","CA","94087","US","37.36789","-122.03588","408-736-7573","https://locations.traderjoes.com/ca/sunnyvale/68/","open","false","","","","","Official Trader Joe's directory","https://locations.traderjoes.com/ca/sunnyvale/68/"
"Trader Joe's","264","Traderjoes","18700 Ventura Blvd","Tarzana","CA","91356","US","34.17034","-118.54105","747-212-1646","https://locations.traderjoes.com/ca/tarzana/264/","open","false","","","","","Official Trader Joe's directory","https://locations.traderjoes.com/ca/tarzana/264/"
"Trader Joe's","102","Traderjoes","40665 Winchester Rd","Temecula","CA","92591","US","33.52882","-117.15615","951-296-9964","https://locations.traderjoes.com/ca/temecula/102/","open","false","","","","","Official Trader Joe's directory","https://locations.traderjoes.com/ca/temecula/102/"
"Trader Joe's","211","Traderjoes","1111 Rossi Road","Templeton","CA","93465","US","35.54193","-120.71519","805-434-9562","https://locations.traderjoes.com/ca/templeton/211/","open","false","","","","","Official Trader Joe's directory","https://locations.traderjoes.com/ca/templeton/211/"
"Trader Joe's","196","Traderjoes","451 Avenida De Los Arboles","Thousand Oaks","CA","91360","US","34.21899","-118.86907","805-492-7107","https://locations.traderjoes.com/ca/thousand-oaks/196/","open","false","","","","","Official Trader Joe's directory","https://locations.traderjoes.com/ca/thousand-oaks/196/"
"Trader Joe's","243","Traderjoes","125 N Reino Road","Thousand Oaks","CA","91320","US","34.18009","-118.95383","805-375-1984","https://locations.traderjoes.com/ca/thousand-oaks/243/","open","false","","","","","Official Trader Joe's directory","https://locations.traderjoes.com/ca/thousand-oaks/243/"
"Trader Joe's","54","Traderjoes","10130 Riverside Dr","Toluca Lake","CA","91602","US","34.15191","-118.35193","818-762-2787","https://locations.traderjoes.com/ca/toluca-lake/54/","open","false","","","","","Official Trader Joe's directory","https://locations.traderjoes.com/ca/toluca-lake/54/"
"Trader Joe's","121","Traderjoes","19720 Hawthorne Blvd","Torrance","CA","90503","US","33.85225","-118.35329","310-793-8585","https://locations.traderjoes.com/ca/torrance/121/","open","false","","","","","Official Trader Joe's directory","https://locations.traderjoes.com/ca/torrance/121/"
"Trader Joe's","29","Traderjoes","2545 Pacific Coast Hwy","Torrance","CA","90505","US","33.79064","-118.33019","310-326-9520","https://locations.traderjoes.com/ca/torrance/29/","open","false","","","","","Official Trader Joe's directory","https://locations.traderjoes.com/ca/torrance/29/"
"Trader Joe's","269","Traderjoes","2530 Naglee Rd","Tracy","CA","95304","US","37.75636","-121.46023","209-913-5511","https://locations.traderjoes.com/ca/tracy/269/","open","false","","","","","Official Trader Joe's directory","https://locations.traderjoes.com/ca/tracy/269/"
"Trader Joe's","197","Traderjoes","1198 Irvine Blvd.","Tustin","CA","92780","US","33.74647","-117.80962","714-505-3289","https://locations.traderjoes.com/ca/tustin/197/","open","false","","","","","Official Trader Joe's directory","https://locations.traderjoes.com/ca/tustin/197/"
"Trader Joe's","218","Traderjoes","103 S Mills Rd, Ste 104","Ventura","CA","93003","US","34.27167","-119.24918","805-658-2664","https://locations.traderjoes.com/ca/ventura/218/","open","false","","","","","Official Trader Joe's directory","https://locations.traderjoes.com/ca/ventura/218/"
"Trader Joe's","45","Traderjoes","1795 S. Victoria Ave","Ventura","CA","93003","US","34.2572","-119.21183","805-650-9977","https://locations.traderjoes.com/ca/ventura/45/","open","false","","","","","Official Trader Joe's directory","https://locations.traderjoes.com/ca/ventura/45/"
"Trader Joe's","259","Traderjoes","1861 University Dr","Vista","CA","92083","US","33.17016","-117.21837","760-502-9816","https://locations.traderjoes.com/ca/vista/259/","open","false","","","","","Official Trader Joe's directory","https://locations.traderjoes.com/ca/vista/259/"
"Trader Joe's","123","Traderjoes","1372 S California Blvd","Walnut Creek","CA","94596","US","37.89314","-122.06057","925-945-1674","https://locations.traderjoes.com/ca/walnut-creek/123/","open","false","","","","","Official Trader Joe's directory","https://locations.traderjoes.com/ca/walnut-creek/123/"
"Trader Joe's","50","Traderjoes","6751 Fallbrook Ave","West Hills","CA","91307","US","34.19221","-118.62581","818-347-2591","https://locations.traderjoes.com/ca/west-hills/50/","open","false","","","","","Official Trader Joe's directory","https://locations.traderjoes.com/ca/west-hills/50/"
"Trader Joe's","173","Traderjoes","8611 Santa Monica Blvd","West Hollywood","CA","90069","US","34.08799","-118.37956","310-657-0152","https://locations.traderjoes.com/ca/west-hollywood/173/","open","false","","","","","Official Trader Joe's directory","https://locations.traderjoes.com/ca/west-hollywood/173/"
"Trader Joe's","40","Traderjoes","7310 Santa Monica Blvd","West Hollywood","CA","90046","US","34.09059","-118.34921","323-969-8048","https://locations.traderjoes.com/ca/west-hollywood/40/","open","false","","","","","Official Trader Joe's directory","https://locations.traderjoes.com/ca/west-hollywood/40/"
"Trader Joe's","33","Traderjoes","8645 S Sepulveda","Westchester","CA","90045","US","33.95874","-118.39666","310-338-9238","https://locations.traderjoes.com/ca/westchester/33/","open","false","","","","","Official Trader Joe's directory","https://locations.traderjoes.com/ca/westchester/33/"
"Trader Joe's","58","Traderjoes","3835 E Thousand Oaks Blvd","Westlake Village","CA","91362","US","34.16391","-118.82587","805-494-5040","https://locations.traderjoes.com/ca/westlake-village/58/","open","false","","","","","Official Trader Joe's directory","https://locations.traderjoes.com/ca/westlake-village/58/"
"Trader Joe's","48","Traderjoes","15025 E Whittier Blvd","Whittier","CA","90603","US","33.94936","-118.00539","562-698-1642","https://locations.traderjoes.com/ca/whittier/48/","open","false","","","","","Official Trader Joe's directory","https://locations.traderjoes.com/ca/whittier/48/"
"Trader Joe's","209","Traderjoes","21055 Ventura Blvd","Woodland Hills","CA","91364","US","34.16726","-118.59231","818-712-9475","https://locations.traderjoes.com/ca/woodland-hills/209/","open","false","","","","","Official Trader Joe's directory","https://locations.traderjoes.com/ca/woodland-hills/209/"
"Trader Joe's","176","Traderjoes","19655 Yorba Linda Blvd","Yorba Linda","CA","92886","US","33.88973","-117.79217","714-970-0116","https://locations.traderjoes.com/ca/yorba-linda/176/","open","false","","","","","Official Trader Joe's directory","https://locations.traderjoes.com/ca/yorba-linda/176/"
"Trader Joe's","268","Traderjoes","31545 Yucaipa Boulevard","Yucaipa","CA","92399","US","34.02802","-117.11844","909-951-6154","https://locations.traderjoes.com/ca/yucaipa/268/","open","false","","","","","Official Trader Joe's directory","https://locations.traderjoes.com/ca/yucaipa/268/"
"Trader Joe's","301","Traderjoes","1906 28th St","Boulder","CO","80301","US","40.02027","-105.25784","303-443-0160","https://locations.traderjoes.com/co/boulder/301/","open","false","","","","","Official Trader Joe's directory","https://locations.traderjoes.com/co/boulder/301/"
"Trader Joe's","305","Traderjoes","5342 N Nevada Ave","Colorado Springs","CO","80918","US","38.90728","-104.81728","719-264-0123","https://locations.traderjoes.com/co/colorado-springs/305/","open","false","","","","","Official Trader Joe's directory","https://locations.traderjoes.com/co/colorado-springs/305/"
"Trader Joe's","315","Traderjoes","5338 N Nevada Avenue","Colorado Springs","CO","80918","US","38.90716","-104.8169","719-266-6838","https://locations.traderjoes.com/co/colorado-springs/315/","open","false","","","","","Official Trader Joe's directory","https://locations.traderjoes.com/co/colorado-springs/315/"
"Trader Joe's","300","Traderjoes","750 N Colorado Blvd","Denver","CO","80206","US","39.72883","-104.94025","303-321-1003","https://locations.traderjoes.com/co/denver/300/","open","false","","","","","Official Trader Joe's directory","https://locations.traderjoes.com/co/denver/300/"
"Trader Joe's","302","Traderjoes","661 Logan Street","Denver","CO","80203","US","39.72686","-104.98279","303-318-7112","https://locations.traderjoes.com/co/denver/302/","open","false","","","","","Official Trader Joe's directory","https://locations.traderjoes.com/co/denver/302/"
"Trader Joe's","310","Traderjoes","790 N Colorado Blvd","Denver","CO","80206","US","39.72904","-104.94029","303-321-3245","https://locations.traderjoes.com/co/denver/310/","open","false","","","","","Official Trader Joe's directory","https://locations.traderjoes.com/co/denver/310/"
"Trader Joe's","304","Traderjoes","3500 S College Ave, Ste 110","Fort Collins","CO","80525","US","40.53934","-105.07529","970-223-3560","https://locations.traderjoes.com/co/fort-collins/304/","open","false","","","","","Official Trader Joe's directory","https://locations.traderjoes.com/co/fort-collins/304/"
"Trader Joe's","303","Traderjoes","5910 S University Blvd, Suite E1","Greenwood Village","CO","80121","US","39.6092","-104.95735","303-730-3848","https://locations.traderjoes.com/co/greenwood-village/303/","open","false","","","","","Official Trader Joe's directory","https://locations.traderjoes.com/co/greenwood-village/303/"
"Trader Joe's","306","Traderjoes","8055 West Bowles Ave, Unit 3A","Littleton","CO","80123","US","39.61172","-105.08881","720-981-4563","https://locations.traderjoes.com/co/littleton/306/","open","false","","","","","Official Trader Joe's directory","https://locations.traderjoes.com/co/littleton/306/"
"Trader Joe's","309","Traderjoes","18374 Cottonwood Drive, #150","Parker","CO","80138","US","39.55632","-104.77762","720-851-0549","https://locations.traderjoes.com/co/parker/309/","open","false","","","","","Official Trader Joe's directory","https://locations.traderjoes.com/co/parker/309/"
"Trader Joe's","308","Traderjoes","9350 Sheridan Blvd","Westminster","CO","80031","US","39.86678","-105.05118","720-710-5391","https://locations.traderjoes.com/co/westminster/308/","open","false","","","","","Official Trader Joe's directory","https://locations.traderjoes.com/co/westminster/308/"
"Trader Joe's","525","Traderjoes","113 Mill Plain Rd","Danbury","CT","06811","US","41.39321","-73.5215","203-739-0098","https://locations.traderjoes.com/ct/danbury/525/","open","false","","","","","Official Trader Joe's directory","https://locations.traderjoes.com/ct/danbury/525/"
"Trader Joe's","522","Traderjoes","436 Boston Post Rd","Darien","CT","06820","US","41.08446","-73.46171","203-656-1414","https://locations.traderjoes.com/ct/darien/522/","open","false","","","","","Official Trader Joe's directory","https://locations.traderjoes.com/ct/darien/522/"
"Trader Joe's","523","Traderjoes","2258 Black Rock Turnpike","Fairfield","CT","06825","US","41.18314","-73.25317","203-330-8301","https://locations.traderjoes.com/ct/fairfield/523/","open","false","","","","","Official Trader Joe's directory","https://locations.traderjoes.com/ct/fairfield/523/"
"Trader Joe's","586","Traderjoes","400 Hebron Ave","Glastonbury","CT","06033","US","41.71347","-72.59982","860-633-9270","https://locations.traderjoes.com/ct/glastonbury/586/","open","false","","","","","Official Trader Joe's directory","https://locations.traderjoes.com/ct/glastonbury/586/"
"Trader Joe's","597","Traderjoes","46 Skiff St","Hamden","CT","06517","US","41.3752","-72.91363","475-293-3774","https://locations.traderjoes.com/ct/hamden/597/","open","false","","","","","Official Trader Joe's directory","https://locations.traderjoes.com/ct/hamden/597/"
"Trader Joe's","563","Traderjoes","1510 Pleasant Valley Road","Manchester","CT","06042","US","41.80675","-72.55765","860-644-3182","https://locations.traderjoes.com/ct/manchester/563/","open","false","","","","","Official Trader Joe's directory","https://locations.traderjoes.com/ct/manchester/563/"
"Trader Joe's","524","Traderjoes","560 Boston Post Rd","Orange","CT","06477","US","41.25081","-73.01887","203-795-5505","https://locations.traderjoes.com/ct/orange/524/","open","false","","","","","Official Trader Joe's directory","https://locations.traderjoes.com/ct/orange/524/"
"Trader Joe's","587","Traderjoes","775 Bridgeport Ave","Shelton","CT","06484","US","41.27166","-73.12726","475-325-6306","https://locations.traderjoes.com/ct/shelton/587/","open","false","","","","","Official Trader Joe's directory","https://locations.traderjoes.com/ct/shelton/587/"
"Trader Joe's","529","Traderjoes","1041 High Ridge Rd","Stamford","CT","06905","US","41.1069","-73.54731","203-321-8440","https://locations.traderjoes.com/ct/stamford/529/","open","false","","","","","Official Trader Joe's directory","https://locations.traderjoes.com/ct/stamford/529/"
"Trader Joe's","526","Traderjoes","1489 New Britain Ave","West Hartford","CT","06110","US","41.72347","-72.75805","860-561-4771","https://locations.traderjoes.com/ct/west-hartford/526/","open","false","","","","","Official Trader Joe's directory","https://locations.traderjoes.com/ct/west-hartford/526/"
"Trader Joe's","521","Traderjoes","400 Post Road E","Westport","CT","06880","US","41.13984","-73.35194","203-226-8966","https://locations.traderjoes.com/ct/westport/521/","open","false","","","","","Official Trader Joe's directory","https://locations.traderjoes.com/ct/westport/521/"
"Trader Joe's","620","Traderjoes","2101 Wisconsin Ave NW, Suite A","Washington","DC","20007","US","38.91771","-77.06833","202-944-8403","https://locations.traderjoes.com/dc/washington/620/","open","false","","","","","Official Trader Joe's directory","https://locations.traderjoes.com/dc/washington/620/"
"Trader Joe's","621","Traderjoes","350 Florida Ave. NE","Washington","DC","20002","US","38.90757","-77.0008","202-608-1023","https://locations.traderjoes.com/dc/washington/621/","open","false","","","","","Official Trader Joe's directory","https://locations.traderjoes.com/dc/washington/621/"
"Trader Joe's","622","Traderjoes","750 Pennsylvania Ave SE","Washington","DC","20003","US","38.88529","-76.99523","202-698-0190","https://locations.traderjoes.com/dc/washington/622/","open","false","","","","","Official Trader Joe's directory","https://locations.traderjoes.com/dc/washington/622/"
"Trader Joe's","653","Traderjoes","1101 25th Street NW","Washington","DC","20037","US","38.90409","-77.05302","202-296-1921","https://locations.traderjoes.com/dc/washington/653/","open","false","","","","","Official Trader Joe's directory","https://locations.traderjoes.com/dc/washington/653/"
"Trader Joe's","662","Traderjoes","1914 14th St NW","Washington","DC","20009","US","38.91605","-77.03219","202-986-1591","https://locations.traderjoes.com/dc/washington/662/","open","false","","","","","Official Trader Joe's directory","https://locations.traderjoes.com/dc/washington/662/"
"Trader Joe's","819","Traderjoes","5335 Wisconsin Ave NW","Washington","DC","20015","US","38.96015","-77.08512","227-229-0636","https://locations.traderjoes.com/dc/washington/819/","open","false","","","","","Official Trader Joe's directory","https://locations.traderjoes.com/dc/washington/819/"
"Trader Joe's","820","Traderjoes","701 Monroe St NE","Washington","DC","20017","US","38.93217","-76.99591","202-677-7460","https://locations.traderjoes.com/dc/washington/820/","open","false","","","","","Official Trader Joe's directory","https://locations.traderjoes.com/dc/washington/820/"
"Trader Joe's","759","Traderjoes","2500 Fashion Center Blvd.","Newark","DE","19702","US","39.67101","-75.64727","302-292-6825","https://locations.traderjoes.com/de/newark/759/","open","false","","","","","Official Trader Joe's directory","https://locations.traderjoes.com/de/newark/759/"
"Trader Joe's","636","Traderjoes","5605 Concord Pike","Wilmington","DE","19803","US","39.83383","-75.54173","302-478-8494","https://locations.traderjoes.com/de/wilmington/636/","open","false","","","","","Official Trader Joe's directory","https://locations.traderjoes.com/de/wilmington/636/"
"Trader Joe's","773","Traderjoes","855 S Federal Hwy","Boca Raton","FL","33432","US","26.34225","-80.08658","561-338-5031","https://locations.traderjoes.com/fl/boca-raton/773/","open","false","","","","","Official Trader Joe's directory","https://locations.traderjoes.com/fl/boca-raton/773/"
"Trader Joe's","780","Traderjoes","8111 Cooper Creek Blvd","Bradenton","FL","34201","US","27.39126","-82.45387","941-355-2394","https://locations.traderjoes.com/fl/bradenton/780/","open","false","","","","","Official Trader Joe's directory","https://locations.traderjoes.com/fl/bradenton/780/"
"Trader Joe's","781","Traderjoes","211 S. Dixie Highway","Coral Gables","FL","33133","US","25.72926","-80.25809","305-442-5402","https://locations.traderjoes.com/fl/coral-gables/781/","open","false","","","","","Official Trader Joe's directory","https://locations.traderjoes.com/fl/coral-gables/781/"
"Trader Joe's","782","Traderjoes","2796 N. University Drive","Coral Springs","FL","33065","US","26.26505","-80.25016","954-227-3407","https://locations.traderjoes.com/fl/coral-springs/782/","open","false","","","","","Official Trader Joe's directory","https://locations.traderjoes.com/fl/coral-springs/782/"
"Trader Joe's","778","Traderjoes","2296 S University Dr","Davie","FL","33324","US","26.09284","-80.252","954-512-2968","https://locations.traderjoes.com/fl/davie/778/","open","false","","","","","Official Trader Joe's directory","https://locations.traderjoes.com/fl/davie/778/"
"Trader Joe's","797","Traderjoes","1511 Cornerstone Blvd","Daytona Beach","FL","32117","US","29.21986","-81.09539","386-308-1218","https://locations.traderjoes.com/fl/daytona-beach/797/","open","false","","","","","Official Trader Joe's directory","https://locations.traderjoes.com/fl/daytona-beach/797/"
"Trader Joe's","771","Traderjoes","1851 S Federal Hwy, Ste 500","Delray Beach","FL","33483","US","26.43892","-80.0701","561-278-1493","https://locations.traderjoes.com/fl/delray-beach/771/","open","false","","","","","Official Trader Joe's directory","https://locations.traderjoes.com/fl/delray-beach/771/"
"Trader Joe's","776","Traderjoes","1560 N Federal Hwy","Fort Lauderdale","FL","33304","US","26.14812","-80.119","954-537-3585","https://locations.traderjoes.com/fl/fort-lauderdale/776/","open","false","","","","","Official Trader Joe's directory","https://locations.traderjoes.com/fl/fort-lauderdale/776/"
"Trader Joe's","784","Traderjoes","4983 S. Cleveland Avenue","Fort Myers","FL","33907","US","26.58717","-81.86964","239-275-1712","https://locations.traderjoes.com/fl/fort-myers/784/","open","false","","","","","Official Trader Joe's directory","https://locations.traderjoes.com/fl/fort-myers/784/"
"Trader Joe's","764","Traderjoes","3724 SW Archer Rd","Gainesville","FL","32608","US","29.62328","-82.37998","352-378-9321","https://locations.traderjoes.com/fl/gainesville/764/","open","false","","","","","Official Trader Joe's directory","https://locations.traderjoes.com/fl/gainesville/764/"
"Trader Joe's","769","Traderjoes","11112 San Jose Blvd","Jacksonville","FL","32223","US","30.17393","-81.6302","904-880-0583","https://locations.traderjoes.com/fl/jacksonville/769/","open","false","","","","","Official Trader Joe's directory","https://locations.traderjoes.com/fl/jacksonville/769/"
"Trader Joe's","760","Traderjoes","4180 S 3rd St","Jacksonville Beach","FL","32250","US","30.25699","-81.38981","904-241-1770","https://locations.traderjoes.com/fl/jacksonville-beach/760/","open","false","","","","","Official Trader Joe's directory","https://locations.traderjoes.com/fl/jacksonville-beach/760/"
"Trader Joe's","848","Traderjoes","2221 Town Center Ave, Ste 101","Melbourne","FL","32940","US","28.2413","-80.72811","321-338-3418","https://locations.traderjoes.com/fl/melbourne/848/","open","false","","","","","Official Trader Joe's directory","https://locations.traderjoes.com/fl/melbourne/848/"
"Trader Joe's","770","Traderjoes","9205 S Dixie Hwy","Miami","FL","33156","US","25.68441","-80.31256","305-661-1432","https://locations.traderjoes.com/fl/miami/770/","open","false","","","","","Official Trader Joe's directory","https://locations.traderjoes.com/fl/miami/770/"
"Trader Joe's","794","Traderjoes","3191 NE 1st Ave","Miami","FL","33137","US","25.80688","-80.19266","786-422-0606","https://locations.traderjoes.com/fl/miami/794/","open","false","","","","","Official Trader Joe's directory","https://locations.traderjoes.com/fl/miami/794/"
"Trader Joe's","779","Traderjoes","1683 West Ave","Miami Beach","FL","33139","US","25.79179","-80.14216","305-534-4951","https://locations.traderjoes.com/fl/miami-beach/779/","open","false","","","","","Official Trader Joe's directory","https://locations.traderjoes.com/fl/miami-beach/779/"
"Trader Joe's","762","Traderjoes","10600 Tamiami Trail N","Naples","FL","34108","US","26.26813","-81.80053","239-596-5631","https://locations.traderjoes.com/fl/naples/762/","open","false","","","","","Official Trader Joe's directory","https://locations.traderjoes.com/fl/naples/762/"
"Trader Joe's","768","Traderjoes","8323 Sand Lake Rd","Orlando","FL","32819","US","28.4503","-81.49659","407-345-0611","https://locations.traderjoes.com/fl/orlando/768/","open","false","","","","","Official Trader Joe's directory","https://locations.traderjoes.com/fl/orlando/768/"
"Trader Joe's","876","Traderjoes","1444 North Alafaya Trail","Orlando","FL","32828","US","28.56443","-81.20987","","https://locations.traderjoes.com/fl/orlando/876/","coming_soon","true","","","","","Official Trader Joe's directory","https://locations.traderjoes.com/fl/orlando/876/"
"Trader Joe's","772","Traderjoes","2560 PGA Blvd","Palm Beach Gardens","FL","33410","US","26.84378","-80.07418","561-514-6770","https://locations.traderjoes.com/fl/palm-beach-gardens/772/","open","false","","","","","Official Trader Joe's directory","https://locations.traderjoes.com/fl/palm-beach-gardens/772/"
"Trader Joe's","795","Traderjoes","33597 US Hwy 19 N","Palm Harbor","FL","34684","US","28.07817","-82.73845","727-436-4019","https://locations.traderjoes.com/fl/palm-harbor/795/","open","false","","","","","Official Trader Joe's directory","https://locations.traderjoes.com/fl/palm-harbor/795/"
"Trader Joe's","775","Traderjoes","11960 Pines Blvd","Pembroke Pines","FL","33026","US","26.00585","-80.31078","954-432-0405","https://locations.traderjoes.com/fl/pembroke-pines/775/","open","false","","","","","Official Trader Joe's directory","https://locations.traderjoes.com/fl/pembroke-pines/775/"
"Trader Joe's","761","Traderjoes","4101 S Tamiami Trail","Sarasota","FL","34231","US","27.29476","-82.53002","941-922-5727","https://locations.traderjoes.com/fl/sarasota/761/","open","false","","","","","Official Trader Joe's directory","https://locations.traderjoes.com/fl/sarasota/761/"
"Trader Joe's","846","Traderjoes","8199 S Tamiami Trail, Unit #100","Sarasota","FL","34231","US","27.23609","-82.49803","","https://locations.traderjoes.com/fl/sarasota/846/","coming_soon","true","","","","","Official Trader Joe's directory","https://locations.traderjoes.com/fl/sarasota/846/"
"Trader Joe's","767","Traderjoes","2742 4th St N","St. Petersburg","FL","33704","US","27.7974","-82.63883","727-824-0907","https://locations.traderjoes.com/fl/st-petersburg/767/","open","false","","","","","Official Trader Joe's directory","https://locations.traderjoes.com/fl/st-petersburg/767/"
"Trader Joe's","763","Traderjoes","3425 Thomasville Rd, Unit 19","Tallahassee","FL","32309","US","30.50323","-84.24986","850-894-2538","https://locations.traderjoes.com/fl/tallahassee/763/","open","false","","","","","Official Trader Joe's directory","https://locations.traderjoes.com/fl/tallahassee/763/"
"Trader Joe's","766","Traderjoes","3808 W Swann Ave","Tampa","FL","33609","US","27.93727","-82.50633","813-872-6846","https://locations.traderjoes.com/fl/tampa/766/","open","false","","","","","Official Trader Joe's directory","https://locations.traderjoes.com/fl/tampa/766/"
"Trader Joe's","774","Traderjoes","2877 South State Rd 7","Wellington","FL","33414","US","26.63776","-80.20411","561-656-1067","https://locations.traderjoes.com/fl/wellington/774/","open","false","","","","","Official Trader Joe's directory","https://locations.traderjoes.com/fl/wellington/774/"
"Trader Joe's","796","Traderjoes","8111 S Dixie Highway","West Palm Beach","FL","33405","US","26.64507","-80.05661","561-566-5402","https://locations.traderjoes.com/fl/west-palm-beach/796/","open","false","","","","","Official Trader Joe's directory","https://locations.traderjoes.com/fl/west-palm-beach/796/"
"Trader Joe's","765","Traderjoes","131 Orlando Ave.","Winter Park","FL","32789","US","28.59831","-81.36556","407-622-0874","https://locations.traderjoes.com/fl/winter-park/765/","open","false","","","","","Official Trader Joe's directory","https://locations.traderjoes.com/fl/winter-park/765/"
"Trader Joe's","798","Traderjoes","1605 Halcyon Days Trail","Alpharetta","GA","30005","US","34.10897","-84.21863","470-762-3171","https://locations.traderjoes.com/ga/alpharetta/798/","open","false","","","","","Official Trader Joe's directory","https://locations.traderjoes.com/ga/alpharetta/798/"
"Trader Joe's","736","Traderjoes","1850 Epps Bridge Pkwy, Ste 331","Athens","GA","30606","US","33.9156","-83.44368","706-583-8934","https://locations.traderjoes.com/ga/athens/736/","open","false","","","","","Official Trader Joe's directory","https://locations.traderjoes.com/ga/athens/736/"
"Trader Joe's","730","Traderjoes","931 Monroe Dr","Atlanta","GA","30308","US","33.77875","-84.36702","404-815-9210","https://locations.traderjoes.com/ga/atlanta/730/","open","false","","","","","Official Trader Joe's directory","https://locations.traderjoes.com/ga/atlanta/730/"
"Trader Joe's","735","Traderjoes","3183 Peachtree Rd","Atlanta","GA","30305","US","33.84095","-84.37499","404-842-0907","https://locations.traderjoes.com/ga/atlanta/735/","open","false","","","","","Official Trader Joe's directory","https://locations.traderjoes.com/ga/atlanta/735/"
"Trader Joe's","806","Traderjoes","1000 Medley Blvd","Johns Creek","GA","30097","US","34.06499","-84.16222","770-676-2632","https://locations.traderjoes.com/ga/johns-creek/806/","open","false","","","","","Official Trader Joe's directory","https://locations.traderjoes.com/ga/johns-creek/806/"
"Trader Joe's","732","Traderjoes","4250 Roswell Road","Marietta","GA","30062","US","33.9833","-84.42633","678-560-3585","https://locations.traderjoes.com/ga/marietta/732/","open","false","","","","","Official Trader Joe's directory","https://locations.traderjoes.com/ga/marietta/732/"
"Trader Joe's","734","Traderjoes","5185 Peachtree Pkwy, Ste 101","Norcross","GA","30092","US","33.97918","-84.21956","678-966-9236","https://locations.traderjoes.com/ga/norcross/734/","open","false","","","","","Official Trader Joe's directory","https://locations.traderjoes.com/ga/norcross/734/"
"Trader Joe's","800","Traderjoes","258 City Circle","Peachtree City","GA","30269","US","33.3958","-84.59379","404-907-2283","https://locations.traderjoes.com/ga/peachtree-city/800/","open","false","","","","","Official Trader Joe's directory","https://locations.traderjoes.com/ga/peachtree-city/800/"
"Trader Joe's","733","Traderjoes","635 W Crossville Rd","Roswell","GA","30075","US","34.05934","-84.37963","770-645-8505","https://locations.traderjoes.com/ga/roswell/733/","open","false","","","","","Official Trader Joe's directory","https://locations.traderjoes.com/ga/roswell/733/"
"Trader Joe's","731","Traderjoes","6277 Roswell Road NE","Sandy Springs","GA","30328","US","33.92624","-84.3781","404-236-2414","https://locations.traderjoes.com/ga/sandy-springs/731/","open","false","","","","","Official Trader Joe's directory","https://locations.traderjoes.com/ga/sandy-springs/731/"
"Trader Joe's","799","Traderjoes","4600 Roswell Rd","Sandy Springs","GA","30342","US","33.87969","-84.38159","770-678-7294","https://locations.traderjoes.com/ga/sandy-springs/799/","open","false","","","","","Official Trader Joe's directory","https://locations.traderjoes.com/ga/sandy-springs/799/"
"Trader Joe's","728","Traderjoes","920 Ponseti Way","Coralville","IA","52241","US","41.68332","-91.56472","319-351-7223","https://locations.traderjoes.com/ia/coralville/728/","open","false","","","","","Official Trader Joe's directory","https://locations.traderjoes.com/ia/coralville/728/"
"Trader Joe's","721","Traderjoes","6305 Mills Civic Pkwy, Ste 2111","West Des Moines","IA","50266","US","41.56156","-93.79336","515-225-3820","https://locations.traderjoes.com/ia/west-des-moines/721/","open","false","","","","","Official Trader Joe's directory","https://locations.traderjoes.com/ia/west-des-moines/721/"
"Trader Joe's","360","Traderjoes","300 S Capitol Blvd","Boise","ID","83702","US","43.61303","-116.20371","208-336-7282","https://locations.traderjoes.com/id/boise/360/","open","false","","","","","Official Trader Joe's directory","https://locations.traderjoes.com/id/boise/360/"
"Trader Joe's","362","Traderjoes","303 E Spokane Ave","Coeur d'Alene","ID","83814","US","47.6879","-116.78145","208-214-8293","https://locations.traderjoes.com/id/coeur-d-alene/362/","open","false","","","","","Official Trader Joe's directory","https://locations.traderjoes.com/id/coeur-d-alene/362/"
"Trader Joe's","361","Traderjoes","2986 N. Eagle RD.","Meridian","ID","83646","US","43.6321","-116.35189","208-506-2978","https://locations.traderjoes.com/id/meridian/361/","open","false","","","","","Official Trader Joe's directory","https://locations.traderjoes.com/id/meridian/361/"
"Trader Joe's","699","Traderjoes","1800 S Randall Rd","Algonquin","IL","60102","US","42.15344","-88.33983","847-854-4886","https://locations.traderjoes.com/il/algonquin/699/","open","false","","","","","Official Trader Joe's directory","https://locations.traderjoes.com/il/algonquin/699/"
"Trader Joe's","687","Traderjoes","17 W Rand Rd","Arlington Heights","IL","60004","US","42.11293","-87.98267","847-506-0752","https://locations.traderjoes.com/il/arlington-heights/687/","open","false","","","","","Official Trader Joe's directory","https://locations.traderjoes.com/il/arlington-heights/687/"
"Trader Joe's","689","Traderjoes","1942 W Fabyan Pkwy","Batavia","IL","60510","US","41.86387","-88.33849","630-879-3234","https://locations.traderjoes.com/il/batavia/689/","open","false","","","","","Official Trader Joe's directory","https://locations.traderjoes.com/il/batavia/689/"
"Trader Joe's","688","Traderjoes","3745 N Lincoln Ave","Chicago","IL","60613","US","41.94989","-87.67514","773-248-4920","https://locations.traderjoes.com/il/chicago/688/","open","false","","","","","Official Trader Joe's directory","https://locations.traderjoes.com/il/chicago/688/"
"Trader Joe's","691","Traderjoes","1840 N Clybourn Ave","Chicago","IL","60614","US","41.91449","-87.65498","312-274-9733","https://locations.traderjoes.com/il/chicago/691/","open","false","","","","","Official Trader Joe's directory","https://locations.traderjoes.com/il/chicago/691/"
"Trader Joe's","696","Traderjoes","44 E Ontario St","Chicago","IL","60611","US","41.89343","-87.62631","312-951-6369","https://locations.traderjoes.com/il/chicago/696/","open","false","","","","","Official Trader Joe's directory","https://locations.traderjoes.com/il/chicago/696/"
"Trader Joe's","701","Traderjoes","1147 S Wabash Ave","Chicago","IL","60605","US","41.86775","-87.62539","312-588-0489","https://locations.traderjoes.com/il/chicago/701/","open","false","","","","","Official Trader Joe's directory","https://locations.traderjoes.com/il/chicago/701/"
"Trader Joe's","703","Traderjoes","667 W Diversey Pkwy","Chicago","IL","60614","US","41.93242","-87.64626","773-935-7255","https://locations.traderjoes.com/il/chicago/703/","open","false","","","","","Official Trader Joe's directory","https://locations.traderjoes.com/il/chicago/703/"
"Trader Joe's","706","Traderjoes","1528 E 55th Street","Chicago","IL","60615","US","41.7964","-87.58838","773-363-8831","https://locations.traderjoes.com/il/chicago/706/","open","false","","","","","Official Trader Joe's directory","https://locations.traderjoes.com/il/chicago/706/"
"Trader Joe's","884","Traderjoes","804 West Montrose Ave","Chicago","IL","60613","US","41.96201","-87.65025","","https://locations.traderjoes.com/il/chicago/884/","coming_soon","true","","","","","Official Trader Joe's directory","https://locations.traderjoes.com/il/chicago/884/"
"Trader Joe's","683","Traderjoes","122 Ogden Ave","Downers Grove","IL","60515","US","41.81106","-87.98909","630-241-1662","https://locations.traderjoes.com/il/downers-grove/683/","open","false","","","","","Official Trader Joe's directory","https://locations.traderjoes.com/il/downers-grove/683/"
"Trader Joe's","702","Traderjoes","1211 Chicago Avenue","Evanston","IL","60202","US","42.03978","-87.68003","847-733-0690","https://locations.traderjoes.com/il/evanston/702/","open","false","","","","","Official Trader Joe's directory","https://locations.traderjoes.com/il/evanston/702/"
"Trader Joe's","680","Traderjoes","680 Roosevelt Rd","Glen Ellyn","IL","60137","US","41.86053","-88.05866","630-858-5077","https://locations.traderjoes.com/il/glen-ellyn/680/","open","false","","","","","Official Trader Joe's directory","https://locations.traderjoes.com/il/glen-ellyn/680/"
"Trader Joe's","681","Traderjoes","1407 Waukegan Rd","Glenview","IL","60025","US","42.08097","-87.79719","847-657-7821","https://locations.traderjoes.com/il/glenview/681/","open","false","","","","","Official Trader Joe's directory","https://locations.traderjoes.com/il/glenview/681/"
"Trader Joe's","880","Traderjoes","2741 Plainfield Rd","Joliet","IL","60435","US","41.57789","-88.15502","","https://locations.traderjoes.com/il/joliet/880/","coming_soon","true","","","","","Official Trader Joe's directory","https://locations.traderjoes.com/il/joliet/880/"
"Trader Joe's","685","Traderjoes","25 N La Grange Rd","La Grange","IL","60525","US","41.81732","-87.86936","708-579-0838","https://locations.traderjoes.com/il/la-grange/685/","open","false","","","","","Official Trader Joe's directory","https://locations.traderjoes.com/il/la-grange/685/"
"Trader Joe's","684","Traderjoes","735 W Route 22","Lake Zurich","IL","60047","US","42.18877","-88.10901","847-550-7827","https://locations.traderjoes.com/il/lake-zurich/684/","open","false","","","","","Official Trader Joe's directory","https://locations.traderjoes.com/il/lake-zurich/684/"
"Trader Joe's","704","Traderjoes","1600 S Milwaukee Ave","Libertyville","IL","60048","US","42.25504","-87.94672","847-680-1739","https://locations.traderjoes.com/il/libertyville/704/","open","false","","","","","Official Trader Joe's directory","https://locations.traderjoes.com/il/libertyville/704/"
"Trader Joe's","690","Traderjoes","44 W Gartner Rd","Naperville","IL","60540","US","41.75454","-88.1405","630-355-4389","https://locations.traderjoes.com/il/naperville/690/","open","false","","","","","Official Trader Joe's directory","https://locations.traderjoes.com/il/naperville/690/"
"Trader Joe's","682","Traderjoes","127 Skokie Blvd","Northbrook","IL","60062","US","42.15026","-87.79831","847-480-9280","https://locations.traderjoes.com/il/northbrook/682/","open","false","","","","","Official Trader Joe's directory","https://locations.traderjoes.com/il/northbrook/682/"
"Trader Joe's","697","Traderjoes","483 N Harlem Ave","Oak Park","IL","60301","US","41.89028","-87.80479","708-386-1169","https://locations.traderjoes.com/il/oak-park/697/","open","false","","","","","Official Trader Joe's directory","https://locations.traderjoes.com/il/oak-park/697/"
"Trader Joe's","686","Traderjoes","14924 S La Grange Rd","Orland Park","IL","60462","US","41.61804","-87.85462","708-349-9021","https://locations.traderjoes.com/il/orland-park/686/","open","false","","","","","Official Trader Joe's directory","https://locations.traderjoes.com/il/orland-park/686/"
"Trader Joe's","861","Traderjoes","1930 US-34","Oswego","IL","60543","US","41.70879","-88.29804","","https://locations.traderjoes.com/il/oswego/861/","coming_soon","true","","","","","Official Trader Joe's directory","https://locations.traderjoes.com/il/oswego/861/"
"Trader Joe's","698","Traderjoes","190 N NW Highway","Park Ridge","IL","60068","US","42.01272","-87.83236","847-292-1108","https://locations.traderjoes.com/il/park-ridge/698/","open","false","","","","","Official Trader Joe's directory","https://locations.traderjoes.com/il/park-ridge/698/"
"Trader Joe's","705","Traderjoes","1426 E Golf Rd","Schaumburg","IL","60173","US","42.0511","-88.04189","847-619-0095","https://locations.traderjoes.com/il/schaumburg/705/","open","false","","","","","Official Trader Joe's directory","https://locations.traderjoes.com/il/schaumburg/705/"
"Trader Joe's","757","Traderjoes","4110 W. Jefferson Blvd., Suite D-2","Fort Wayne","IN","46804","US","41.07174","-85.19536","260-432-5828","https://locations.traderjoes.com/in/fort-wayne/757/","open","false","","","","","Official Trader Joe's directory","https://locations.traderjoes.com/in/fort-wayne/757/"
"Trader Joe's","670","Traderjoes","2902 W 86th St","Indianapolis","IN","46268","US","39.91257","-86.2118","317-337-1880","https://locations.traderjoes.com/in/indianapolis/670/","open","false","","","","","Official Trader Joe's directory","https://locations.traderjoes.com/in/indianapolis/670/"
"Trader Joe's","671","Traderjoes","5473 E 82nd St","Indianapolis","IN","46250","US","39.90371","-86.07518","317-595-8950","https://locations.traderjoes.com/in/indianapolis/671/","open","false","","","","","Official Trader Joe's directory","https://locations.traderjoes.com/in/indianapolis/671/"
"Trader Joe's","600","Traderjoes","1140 East Howard","South Bend","IN","46617","US","41.68811","-86.23352","574-472-8744","https://locations.traderjoes.com/in/south-bend/600/","open","false","","","","","Official Trader Joe's directory","https://locations.traderjoes.com/in/south-bend/600/"
"Trader Joe's","723","Traderjoes","4201 W 119th St","Leawood","KS","66209","US","38.91243","-94.63575","913-327-7209","https://locations.traderjoes.com/ks/leawood/723/","open","false","","","","","Official Trader Joe's directory","https://locations.traderjoes.com/ks/leawood/723/"
"Trader Joe's","821","Traderjoes","8700 Shawnee Mission Pkwy","Merriam","KS","66202","US","39.0155","-94.68678","","https://locations.traderjoes.com/ks/merriam/821/","coming_soon","true","","","","","Official Trader Joe's directory","https://locations.traderjoes.com/ks/merriam/821/"
"Trader Joe's","729","Traderjoes","1800 N. Rock Road, Suite 120","Wichita","KS","67206","US","37.71637","-97.24341","316-634-1846","https://locations.traderjoes.com/ks/wichita/729/","open","false","","","","","Official Trader Joe's directory","https://locations.traderjoes.com/ks/wichita/729/"
"Trader Joe's","788","Traderjoes","2780 Dixie Highway","Crestview Hills","KY","41017","US","39.0288","-84.57711","859-331-0034","https://locations.traderjoes.com/ky/crestview-hills/788/","open","false","","","","","Official Trader Joe's directory","https://locations.traderjoes.com/ky/crestview-hills/788/"
"Trader Joe's","789","Traderjoes","2785 Dixie Highway","Crestview Hills","KY","41017","US","39.02611","-84.57732","859-331-1472","https://locations.traderjoes.com/ky/crestview-hills/789/","open","false","","","","","Official Trader Joe's directory","https://locations.traderjoes.com/ky/crestview-hills/789/"
"Trader Joe's","626","Traderjoes","2320 Nicholasville Road","Lexington","KY","40503","US","38.00493","-84.51851","859-277-0144","https://locations.traderjoes.com/ky/lexington/626/","open","false","","","","","Official Trader Joe's directory","https://locations.traderjoes.com/ky/lexington/626/"
"Trader Joe's","627","Traderjoes","2326 Nicholasville Rd","Lexington","KY","40503","US","38.00493","-84.51836","859-313-5030","https://locations.traderjoes.com/ky/lexington/627/","open","false","","","","","Official Trader Joe's directory","https://locations.traderjoes.com/ky/lexington/627/"
"Trader Joe's","625","Traderjoes","4600 Shelbyville Rd Ste 112, Ste 112","Louisville","KY","40207","US","38.24927","-85.63","502-895-7872","https://locations.traderjoes.com/ky/louisville/625/","open","false","","","","","Official Trader Joe's directory","https://locations.traderjoes.com/ky/louisville/625/"
"Trader Joe's","628","Traderjoes","4600 Shelbyville Rd, Ste 111","Louisville","KY","40207","US","38.25009","-85.63137","502-895-1361","https://locations.traderjoes.com/ky/louisville/628/","open","false","","","","","Official Trader Joe's directory","https://locations.traderjoes.com/ky/louisville/628/"
"Trader Joe's","754","Traderjoes","3535 Perkins Rd","Baton Rouge","LA","70808","US","30.42241","-91.1536","225-382-0588","https://locations.traderjoes.com/la/baton-rouge/754/","open","false","","","","","Official Trader Joe's directory","https://locations.traderjoes.com/la/baton-rouge/754/"
"Trader Joe's","807","Traderjoes","1710 Camellia Blvd","Lafayette","LA","70508","US","30.16218","-92.02843","","https://locations.traderjoes.com/la/lafayette/807/","coming_soon","true","","","","","Official Trader Joe's directory","https://locations.traderjoes.com/la/lafayette/807/"
"Trader Joe's","863","Traderjoes","3377 U.S. Hwy 190","Mandeville","LA","70471","US","30.39333","-90.08395","","https://locations.traderjoes.com/la/mandeville/863/","open","false","","","","","Official Trader Joe's directory","https://locations.traderjoes.com/la/mandeville/863/"
"Trader Joe's","755","Traderjoes","2949 Veterans Blvd","Metairie","LA","70002","US","30.00441","-90.15206","504-831-0253","https://locations.traderjoes.com/la/metairie/755/","open","false","","","","","Official Trader Joe's directory","https://locations.traderjoes.com/la/metairie/755/"
"Trader Joe's","793","Traderjoes","2428 Napoleon Ave","New Orleans","LA","70115","US","29.9349","-90.10395","504-327-4795","https://locations.traderjoes.com/la/new-orleans/793/","open","false","","","","","Official Trader Joe's directory","https://locations.traderjoes.com/la/new-orleans/793/"
"Trader Joe's","811","Traderjoes","2501 Tulane Ave","New Orleans","LA","70119","US","29.96095","-90.08787","504-229-9973","https://locations.traderjoes.com/la/new-orleans/811/","open","false","","","","","Official Trader Joe's directory","https://locations.traderjoes.com/la/new-orleans/811/"
"Trader Joe's","511","Traderjoes","145 Great Rd","Acton","MA","01720","US","42.48321","-71.41528","978-266-8908","https://locations.traderjoes.com/ma/acton/511/","open","false","","","","","Official Trader Joe's directory","https://locations.traderjoes.com/ma/acton/511/"
"Trader Joe's","561","Traderjoes","199 N Harvard St","Allston","MA","02134","US","42.36352","-71.12984","617-787-1238","https://locations.traderjoes.com/ma/allston/561/","open","false","","","","","Official Trader Joe's directory","https://locations.traderjoes.com/ma/allston/561/"
"Trader Joe's","505","Traderjoes","1427 Massachusetts Ave","Arlington","MA","02476","US","42.42542","-71.18882","781-646-9138","https://locations.traderjoes.com/ma/arlington/505/","open","false","","","","","Official Trader Joe's directory","https://locations.traderjoes.com/ma/arlington/505/"
"Trader Joe's","500","Traderjoes","500 Boylston St","Boston","MA","02116","US","42.35037","-71.07447","617-693-6302","https://locations.traderjoes.com/ma/boston/500/","open","false","","","","","Official Trader Joe's directory","https://locations.traderjoes.com/ma/boston/500/"
"Trader Joe's","510","Traderjoes","899 Boylston St","Boston","MA","02115","US","42.34846","-71.08409","617-262-6505","https://locations.traderjoes.com/ma/boston/510/","open","false","","","","","Official Trader Joe's directory","https://locations.traderjoes.com/ma/boston/510/"
"Trader Joe's","566","Traderjoes","44 Thomson Place","Boston","MA","02210","US","42.35186","-71.04727","617-941-3714","https://locations.traderjoes.com/ma/boston/566/","open","false","","","","","Official Trader Joe's directory","https://locations.traderjoes.com/ma/boston/566/"
"Trader Joe's","588","Traderjoes","1999 Centre St","Boston","MA","02132","US","42.28203","-71.15783","617-682-7600","https://locations.traderjoes.com/ma/boston/588/","open","false","","","","","Official Trader Joe's directory","https://locations.traderjoes.com/ma/boston/588/"
"Trader Joe's","501","Traderjoes","1317 Beacon St","Brookline","MA","02446","US","42.342","-71.12054","617-278-9997","https://locations.traderjoes.com/ma/brookline/501/","open","false","","","","","Official Trader Joe's directory","https://locations.traderjoes.com/ma/brookline/501/"
"Trader Joe's","515","Traderjoes","51 Middlesex Turnpike","Burlington","MA","01803","US","42.47343","-71.21067","781-273-2310","https://locations.traderjoes.com/ma/burlington/515/","open","false","","","","","Official Trader Joe's directory","https://locations.traderjoes.com/ma/burlington/515/"
"Trader Joe's","502","Traderjoes","748 Memorial Dr","Cambridge","MA","02139","US","42.35826","-71.11417","617-491-8582","https://locations.traderjoes.com/ma/cambridge/502/","open","false","","","","","Official Trader Joe's directory","https://locations.traderjoes.com/ma/cambridge/502/"
"Trader Joe's","517","Traderjoes","211 Alewife Brook Pkwy","Cambridge","MA","02138","US","42.39002","-71.14359","617-498-3201","https://locations.traderjoes.com/ma/cambridge/517/","open","false","","","","","Official Trader Joe's directory","https://locations.traderjoes.com/ma/cambridge/517/"
"Trader Joe's","528","Traderjoes","350 Patriot Place","Foxborough","MA","02035","US","42.08662","-71.26927","508-543-1978","https://locations.traderjoes.com/ma/foxborough/528/","open","false","","","","","Official Trader Joe's directory","https://locations.traderjoes.com/ma/foxborough/528/"
"Trader Joe's","503","Traderjoes","659 Worcester Rd","Framingham","MA","01701","US","42.29912","-71.42523","508-935-2931","https://locations.traderjoes.com/ma/framingham/503/","open","false","","","","","Official Trader Joe's directory","https://locations.traderjoes.com/ma/framingham/503/"
"Trader Joe's","512","Traderjoes","375 Russell St","Hadley","MA","01035","US","42.35776","-72.54937","413-587-3260","https://locations.traderjoes.com/ma/hadley/512/","open","false","","","","","Official Trader Joe's directory","https://locations.traderjoes.com/ma/hadley/512/"
"Trader Joe's","513","Traderjoes","1775 Washington St","Hanover","MA","02339","US","42.1225","-70.83161","339-298-1530","https://locations.traderjoes.com/ma/hanover/513/","open","false","","","","","Official Trader Joe's directory","https://locations.traderjoes.com/ma/hanover/513/"
"Trader Joe's","530","Traderjoes","5 Essington Drive","Hingham","MA","02043","US","42.24907","-70.9238","781-740-2038","https://locations.traderjoes.com/ma/hingham/530/","open","false","","","","","Official Trader Joe's directory","https://locations.traderjoes.com/ma/hingham/530/"
"Trader Joe's","514","Traderjoes","655 Iyannough Road Rt 132, Unit 4-A","Hyannis","MA","02601","US","41.65955","-70.27501","508-790-3008","https://locations.traderjoes.com/ma/hyannis/514/","open","false","","","","","Official Trader Joe's directory","https://locations.traderjoes.com/ma/hyannis/514/"
"Trader Joe's","582","Traderjoes","230 Fortune Blvd","Milford","MA","01757","US","42.16055","-71.50191","508-318-9234","https://locations.traderjoes.com/ma/milford/582/","open","false","","","","","Official Trader Joe's directory","https://locations.traderjoes.com/ma/milford/582/"
"Trader Joe's","504","Traderjoes","958 Highland Ave","Needham","MA","02494","US","42.29274","-71.23489","781-449-6993","https://locations.traderjoes.com/ma/needham/504/","open","false","","","","","Official Trader Joe's directory","https://locations.traderjoes.com/ma/needham/504/"
"Trader Joe's","583","Traderjoes","165 Needham St","Newton","MA","02464","US","42.31215","-71.21382","617-340-5765","https://locations.traderjoes.com/ma/newton/583/","open","false","","","","","Official Trader Joe's directory","https://locations.traderjoes.com/ma/newton/583/"
"Trader Joe's","516","Traderjoes","300 Andover St","Peabody","MA","01960","US","42.54975","-70.95654","978-977-5316","https://locations.traderjoes.com/ma/peabody/516/","open","false","","","","","Official Trader Joe's directory","https://locations.traderjoes.com/ma/peabody/516/"
"Trader Joe's","581","Traderjoes","111 General McConville Way","Quincy","MA","02169","US","42.24738","-71.00237","","https://locations.traderjoes.com/ma/quincy/581/","coming_soon","true","","","","","Official Trader Joe's directory","https://locations.traderjoes.com/ma/quincy/581/"
"Trader Joe's","873","Traderjoes","34 Walkers Brook Drive","Reading","MA","01867","US","42.51998","-71.09309","","https://locations.traderjoes.com/ma/reading/873/","coming_soon","true","","","","","Official Trader Joe's directory","https://locations.traderjoes.com/ma/reading/873/"
"Trader Joe's","506","Traderjoes","358 Broadway","Saugus","MA","01906","US","42.48349","-71.01755","781-231-0848","https://locations.traderjoes.com/ma/saugus/506/","open","false","","","","","Official Trader Joe's directory","https://locations.traderjoes.com/ma/saugus/506/"
"Trader Joe's","508","Traderjoes","77 Boston Turnpike","Shrewsbury","MA","01545","US","42.27535","-71.75122","508-755-9560","https://locations.traderjoes.com/ma/shrewsbury/508/","open","false","","","","","Official Trader Joe's directory","https://locations.traderjoes.com/ma/shrewsbury/508/"
"Trader Joe's","560","Traderjoes","145 Middlesex Ave","Somerville","MA","02145","US","42.39562","-71.08282","617-591-0124","https://locations.traderjoes.com/ma/somerville/560/","open","false","","","","","Official Trader Joe's directory","https://locations.traderjoes.com/ma/somerville/560/"
"Trader Joe's","509","Traderjoes","1121 Washington St","West Newton","MA","02465","US","42.34985","-71.21944","617-244-1620","https://locations.traderjoes.com/ma/west-newton/509/","open","false","","","","","Official Trader Joe's directory","https://locations.traderjoes.com/ma/west-newton/509/"
"Trader Joe's","650","Traderjoes","160 F Jennifer Rd, Ste F","Annapolis","MD","21401","US","38.98892","-76.54024","410-573-0505","https://locations.traderjoes.com/md/annapolis/650/","open","false","","","","","Official Trader Joe's directory","https://locations.traderjoes.com/md/annapolis/650/"
"Trader Joe's","883","Traderjoes","6311 York Road","Baltimore","MD","21212","US","39.37206","-76.60869","","https://locations.traderjoes.com/md/baltimore/883/","coming_soon","true","","","","","Official Trader Joe's directory","https://locations.traderjoes.com/md/baltimore/883/"
"Trader Joe's","623","Traderjoes","7900 Wisconsin Ave","Bethesda","MD","20814","US","38.98962","-77.0957","301-215-7913","https://locations.traderjoes.com/md/bethesda/623/","open","false","","","","","Official Trader Joe's directory","https://locations.traderjoes.com/md/bethesda/623/"
"Trader Joe's","645","Traderjoes","6831 Wisconsin Ave","Bethesda","MD","20815","US","38.97826","-77.09053","301-907-0982","https://locations.traderjoes.com/md/bethesda/645/","open","false","","","","","Official Trader Joe's directory","https://locations.traderjoes.com/md/bethesda/645/"
"Trader Joe's","758","Traderjoes","4429 Calvert Road","College Park","MD","20740","US","38.97844","-76.93753","301-985-3704","https://locations.traderjoes.com/md/college-park/758/","open","false","","","","","Official Trader Joe's directory","https://locations.traderjoes.com/md/college-park/758/"
"Trader Joe's","658","Traderjoes","6610 Marie Curie Dr","Elkridge","MD","21075","US","39.18832","-76.79564","410-953-8139","https://locations.traderjoes.com/md/elkridge/658/","open","false","","","","","Official Trader Joe's directory","https://locations.traderjoes.com/md/elkridge/658/"
"Trader Joe's","655","Traderjoes","1809 Reisterstown Rd","Pikesville","MD","21208","US","39.38813","-76.73609","410-484-8373","https://locations.traderjoes.com/md/pikesville/655/","open","false","","","","","Official Trader Joe's directory","https://locations.traderjoes.com/md/pikesville/655/"
"Trader Joe's","589","Traderjoes","225 N Washington St","Rockville","MD","20850","US","39.08646","-77.15256","240-219-2398","https://locations.traderjoes.com/md/rockville/589/","open","false","","","","","Official Trader Joe's directory","https://locations.traderjoes.com/md/rockville/589/"
"Trader Joe's","642","Traderjoes","12268-H Rockville Pike","Rockville","MD","20852","US","39.05705","-77.12235","301-468-6656","https://locations.traderjoes.com/md/rockville/642/","open","false","","","","","Official Trader Joe's directory","https://locations.traderjoes.com/md/rockville/642/"
"Trader Joe's","648","Traderjoes","10076 Darnestown Rd","Rockville","MD","20850","US","39.09654","-77.20679","301-762-0782","https://locations.traderjoes.com/md/rockville/648/","open","false","","","","","Official Trader Joe's directory","https://locations.traderjoes.com/md/rockville/648/"
"Trader Joe's","652","Traderjoes","10741 Columbia Pike","Silver Spring","MD","20901","US","39.03133","-77.0035","301-681-1675","https://locations.traderjoes.com/md/silver-spring/652/","open","false","","","","","Official Trader Joe's directory","https://locations.traderjoes.com/md/silver-spring/652/"
"Trader Joe's","649","Traderjoes","800 Kenilworth Drive","Towson","MD","21204","US","39.41146","-76.61923","410-321-0276","https://locations.traderjoes.com/md/towson/649/","open","false","","","","","Official Trader Joe's directory","https://locations.traderjoes.com/md/towson/649/"
"Trader Joe's","519","Traderjoes","87 Marginal Way","Portland","ME","04101","US","43.66181","-70.26462","207-699-3799","https://locations.traderjoes.com/me/portland/519/","open","false","","","","","Official Trader Joe's directory","https://locations.traderjoes.com/me/portland/519/"
"Trader Joe's","678","Traderjoes","2398 East Stadium Blvd","Ann Arbor","MI","48104","US","42.25841","-83.71302","734-975-2455","https://locations.traderjoes.com/mi/ann-arbor/678/","open","false","","","","","Official Trader Joe's directory","https://locations.traderjoes.com/mi/ann-arbor/678/"
"Trader Joe's","675","Traderjoes","6536 Telegraph Rd","Bloomfield Hills","MI","48301","US","42.54413","-83.28676","248-855-2283","https://locations.traderjoes.com/mi/bloomfield-hills/675/","open","false","","","","","Official Trader Joe's directory","https://locations.traderjoes.com/mi/bloomfield-hills/675/"
"Trader Joe's","804","Traderjoes","2755 E Grand River Ave","East Lansing","MI","48823","US","42.72622","-84.45256","517-274-8581","https://locations.traderjoes.com/mi/east-lansing/804/","open","false","","","","","Official Trader Joe's directory","https://locations.traderjoes.com/mi/east-lansing/804/"
"Trader Joe's","881","Traderjoes","27658 Middlebelt Rd","Farmington Hills","MI","48334","US","42.49872","-83.3375","","https://locations.traderjoes.com/mi/farmington-hills/881/","coming_soon","true","","","","","Official Trader Joe's directory","https://locations.traderjoes.com/mi/farmington-hills/881/"
"Trader Joe's","665","Traderjoes","17028 Kercheval Ave","Grosse Pointe","MI","48230","US","42.38977","-82.91589","313-640-7794","https://locations.traderjoes.com/mi/grosse-pointe/665/","open","false","","","","","Official Trader Joe's directory","https://locations.traderjoes.com/mi/grosse-pointe/665/"
"Trader Joe's","708","Traderjoes","5099 Century Ave","Kalamazoo","MI","49006","US","42.27013","-85.64999","269-372-2049","https://locations.traderjoes.com/mi/kalamazoo/708/","open","false","","","","","Official Trader Joe's directory","https://locations.traderjoes.com/mi/kalamazoo/708/"
"Trader Joe's","707","Traderjoes","3684 28th St SE","Kentwood","MI","49512","US","42.91197","-85.57669","616-977-1819","https://locations.traderjoes.com/mi/kentwood/707/","open","false","","","","","Official Trader Joe's directory","https://locations.traderjoes.com/mi/kentwood/707/"
"Trader Joe's","667","Traderjoes","18771 Traditions Drive","Northville","MI","48167","US","42.42277","-83.43376","248-349-4909","https://locations.traderjoes.com/mi/northville/667/","open","false","","","","","Official Trader Joe's directory","https://locations.traderjoes.com/mi/northville/667/"
"Trader Joe's","668","Traderjoes","3044 Walton Blvd","Rochester Hills","MI","48309","US","42.6807","-83.19411","248-375-2190","https://locations.traderjoes.com/mi/rochester-hills/668/","open","false","","","","","Official Trader Joe's directory","https://locations.traderjoes.com/mi/rochester-hills/668/"
"Trader Joe's","674","Traderjoes","27880 Woodward Ave","Royal Oak","MI","48067","US","42.49541","-83.16369","248-582-9002","https://locations.traderjoes.com/mi/royal-oak/674/","open","false","","","","","Official Trader Joe's directory","https://locations.traderjoes.com/mi/royal-oak/674/"
"Trader Joe's","724","Traderjoes","4270 W 78th St","Bloomington","MN","55435","US","44.85924","-93.33277","952-835-8640","https://locations.traderjoes.com/mn/bloomington/724/","open","false","","","","","Official Trader Joe's directory","https://locations.traderjoes.com/mn/bloomington/724/"
"Trader Joe's","717","Traderjoes","2065 Cliff Road","Eagan","MN","55122","US","44.79023","-93.21282","651-362-4841","https://locations.traderjoes.com/mn/eagan/717/","open","false","","","","","Official Trader Joe's directory","https://locations.traderjoes.com/mn/eagan/717/"
"Trader Joe's","713","Traderjoes","12105 Elm Creek Blvd N","Maple Grove","MN","55369","US","45.09219","-93.43409","763-315-1739","https://locations.traderjoes.com/mn/maple-grove/713/","open","false","","","","","Official Trader Joe's directory","https://locations.traderjoes.com/mn/maple-grove/713/"
"Trader Joe's","725","Traderjoes","721 Washington Ave S, Suite 101","Minneapolis","MN","55415","US","44.97646","-93.2582","612-339-2110","https://locations.traderjoes.com/mn/minneapolis/725/","open","false","","","","","Official Trader Joe's directory","https://locations.traderjoes.com/mn/minneapolis/725/"
"Trader Joe's","714","Traderjoes","11220 Wayzata Blvd","Minnetonka","MN","55305","US","44.97349","-93.42276","952-417-9080","https://locations.traderjoes.com/mn/minnetonka/714/","open","false","","","","","Official Trader Joe's directory","https://locations.traderjoes.com/mn/minnetonka/714/"
"Trader Joe's","718","Traderjoes","1200 16th St SW","Rochester","MN","55902","US","44.00036","-92.48126","507-281-4411","https://locations.traderjoes.com/mn/rochester/718/","open","false","","","","","Official Trader Joe's directory","https://locations.traderjoes.com/mn/rochester/718/"
"Trader Joe's","727","Traderjoes","1041 Red Fox Rd","Shoreview","MN","55126","US","45.05799","-93.14473","651-765-1398","https://locations.traderjoes.com/mn/shoreview/727/","open","false","","","","","Official Trader Joe's directory","https://locations.traderjoes.com/mn/shoreview/727/"
"Trader Joe's","710","Traderjoes","4500 Excelsior Blvd","St. Louis Park","MN","55416","US","44.93459","-93.3374","952-285-1053","https://locations.traderjoes.com/mn/st-louis-park/710/","open","false","","","","","Official Trader Joe's directory","https://locations.traderjoes.com/mn/st-louis-park/710/"
"Trader Joe's","716","Traderjoes","484 Lexington Pkwy S","St. Paul","MN","55105","US","44.9267","-93.14589","651-698-3119","https://locations.traderjoes.com/mn/st-paul/716/","open","false","","","","","Official Trader Joe's directory","https://locations.traderjoes.com/mn/st-paul/716/"
"Trader Joe's","715","Traderjoes","8960 Hudson Rd., Ste. 801","Woodbury","MN","55125","US","44.94573","-92.92267","651-735-0269","https://locations.traderjoes.com/mn/woodbury/715/","open","false","","","","","Official Trader Joe's directory","https://locations.traderjoes.com/mn/woodbury/715/"
"Trader Joe's","692","Traderjoes","48 Brentwood Promenade Court","Brentwood","MO","63144","US","38.62733","-90.34123","314-963-0253","https://locations.traderjoes.com/mo/brentwood/692/","open","false","","","","","Official Trader Joe's directory","https://locations.traderjoes.com/mo/brentwood/692/"
"Trader Joe's","693","Traderjoes","1679 Clarkson Rd","Chesterfield","MO","63017","US","38.6449","-90.56656","636-536-7846","https://locations.traderjoes.com/mo/chesterfield/693/","open","false","","","","","Official Trader Joe's directory","https://locations.traderjoes.com/mo/chesterfield/693/"
"Trader Joe's","808","Traderjoes","201 N Stadium Blvd","Columbia","MO","65203","US","38.95826","-92.37319","573-370-7203","https://locations.traderjoes.com/mo/columbia/808/","open","false","","","","","Official Trader Joe's directory","https://locations.traderjoes.com/mo/columbia/808/"
"Trader Joe's","694","Traderjoes","11505 Olive Blvd","Creve Coeur","MO","63141","US","38.67195","-90.43642","314-569-0432","https://locations.traderjoes.com/mo/creve-coeur/694/","open","false","","","","","Official Trader Joe's directory","https://locations.traderjoes.com/mo/creve-coeur/694/"
"Trader Joe's","695","Traderjoes","13343 Manchester Rd","Des Peres","MO","63131","US","38.60104","-90.46716","314-984-5051","https://locations.traderjoes.com/mo/des-peres/695/","open","false","","","","","Official Trader Joe's directory","https://locations.traderjoes.com/mo/des-peres/695/"
"Trader Joe's","720","Traderjoes","8600 Ward Pkwy","Kansas City","MO","64114","US","38.97067","-94.60684","816-333-5322","https://locations.traderjoes.com/mo/kansas-city/720/","open","false","","","","","Official Trader Joe's directory","https://locations.traderjoes.com/mo/kansas-city/720/"
"Trader Joe's","740","Traderjoes","120 Merrimon Ave","Asheville","NC","28801","US","35.60305","-82.55357","828-232-5078","https://locations.traderjoes.com/nc/asheville/740/","open","false","","","","","Official Trader Joe's directory","https://locations.traderjoes.com/nc/asheville/740/"
"Trader Joe's","741","Traderjoes","1393 Kildaire Farm Rd","Cary","NC","27511","US","35.7589","-78.78154","919-465-5985","https://locations.traderjoes.com/nc/cary/741/","open","false","","","","","Official Trader Joe's directory","https://locations.traderjoes.com/nc/cary/741/"
"Trader Joe's","745","Traderjoes","1800 E Franklin St","Chapel Hill","NC","27514","US","35.93693","-79.02508","919-918-7871","https://locations.traderjoes.com/nc/chapel-hill/745/","open","false","","","","","Official Trader Joe's directory","https://locations.traderjoes.com/nc/chapel-hill/745/"
"Trader Joe's","742","Traderjoes","6418 Rea Rd","Charlotte","NC","28277","US","35.07886","-80.81793","704-543-5249","https://locations.traderjoes.com/nc/charlotte/742/","open","false","","","","","Official Trader Joe's directory","https://locations.traderjoes.com/nc/charlotte/742/"
"Trader Joe's","743","Traderjoes","1820 E Arbors Dr","Charlotte","NC","28262","US","35.33681","-80.75453","704-688-9578","https://locations.traderjoes.com/nc/charlotte/743/","open","false","","","","","Official Trader Joe's directory","https://locations.traderjoes.com/nc/charlotte/743/"
"Trader Joe's","744","Traderjoes","1133 Metropolitan Ave","Charlotte","NC","28204","US","35.21178","-80.83563","704-334-0737","https://locations.traderjoes.com/nc/charlotte/744/","open","false","","","","","Official Trader Joe's directory","https://locations.traderjoes.com/nc/charlotte/744/"
"Trader Joe's","750","Traderjoes","3721 Battleground Ave.","Greensboro","NC","27410","US","36.13129","-79.85777","336-286-7859","https://locations.traderjoes.com/nc/greensboro/750/","open","false","","","","","Official Trader Joe's directory","https://locations.traderjoes.com/nc/greensboro/750/"
"Trader Joe's","790","Traderjoes","3160 B Evans St","Greenville","NC","27834","US","35.57266","-77.38394","252-374-8457","https://locations.traderjoes.com/nc/greenville/790/","open","false","","","","","Official Trader Joe's directory","https://locations.traderjoes.com/nc/greenville/790/"
"Trader Joe's","791","Traderjoes","951 Morrisville Parkway","Morrisville","NC","27560","US","35.80947","-78.81765","919-460-4449","https://locations.traderjoes.com/nc/morrisville/791/","open","false","","","","","Official Trader Joe's directory","https://locations.traderjoes.com/nc/morrisville/791/"
"Trader Joe's","746","Traderjoes","3000 Wake Forest Rd","Raleigh","NC","27609","US","35.82324","-78.62171","919-981-7422","https://locations.traderjoes.com/nc/raleigh/746/","open","false","","","","","Official Trader Joe's directory","https://locations.traderjoes.com/nc/raleigh/746/"
"Trader Joe's","748","Traderjoes","8111 Creedmoor Rd","Raleigh","NC","27613","US","35.89795","-78.68279","984-252-3344","https://locations.traderjoes.com/nc/raleigh/748/","open","false","","","","","Official Trader Joe's directory","https://locations.traderjoes.com/nc/raleigh/748/"
"Trader Joe's","747","Traderjoes","1437 S College Rd","Wilmington","NC","28403","US","34.21077","-77.88576","910-507-8870","https://locations.traderjoes.com/nc/wilmington/747/","open","false","","","","","Official Trader Joe's directory","https://locations.traderjoes.com/nc/wilmington/747/"
"Trader Joe's","749","Traderjoes","252 South Stratford Road","Winston Salem","NC","27103","US","36.09276","-80.2816","336-721-1744","https://locations.traderjoes.com/nc/winston-salem/749/","open","false","","","","","Official Trader Joe's directory","https://locations.traderjoes.com/nc/winston-salem/749/"
"Trader Joe's","722","Traderjoes","3120 Pine Lake Rd, Ste R","Lincoln","NE","68516","US","40.7426","-96.67455","402-328-0120","https://locations.traderjoes.com/ne/lincoln/722/","open","false","","","","","Official Trader Joe's directory","https://locations.traderjoes.com/ne/lincoln/722/"
"Trader Joe's","719","Traderjoes","10305 Pacific St","Omaha","NE","68114","US","41.24829","-96.07397","402-391-3698","https://locations.traderjoes.com/ne/omaha/719/","open","false","","","","","Official Trader Joe's directory","https://locations.traderjoes.com/ne/omaha/719/"
"Trader Joe's","562","Traderjoes","2 Market Street","Bedford","NH","03110","US","42.95373","-71.47722","603-222-3074","https://locations.traderjoes.com/nh/bedford/562/","open","false","","","","","Official Trader Joe's directory","https://locations.traderjoes.com/nh/bedford/562/"
"Trader Joe's","507","Traderjoes","262 Daniel Webster HWY","Nashua","NH","03060","US","42.70801","-71.43842","603-888-5460","https://locations.traderjoes.com/nh/nashua/507/","open","false","","","","","Official Trader Joe's directory","https://locations.traderjoes.com/nh/nashua/507/"
"Trader Joe's","520","Traderjoes","45 Gosling Rd","Portsmouth","NH","03801","US","43.09451","-70.79955","603-431-2654","https://locations.traderjoes.com/nh/portsmouth/520/","open","false","","","","","Official Trader Joe's directory","https://locations.traderjoes.com/nh/portsmouth/520/"
"Trader Joe's","615","Traderjoes","110 Brick Plaza","Brick","NJ","08723","US","40.05724","-74.14088","732-477-4781","https://locations.traderjoes.com/nj/brick/615/","open","false","","","","","Official Trader Joe's directory","https://locations.traderjoes.com/nj/brick/615/"
"Trader Joe's","614","Traderjoes","315 Promenade Blvd","Bridgewater","NJ","08807","US","40.56437","-74.55543","732-805-0268","https://locations.traderjoes.com/nj/bridgewater/614/","open","false","","","","","Official Trader Joe's directory","https://locations.traderjoes.com/nj/bridgewater/614/"
"Trader Joe's","613","Traderjoes","775 Haddonfield Rd","Cherry Hill","NJ","08002","US","39.92896","-75.03218","856-488-0801","https://locations.traderjoes.com/nj/cherry-hill/613/","open","false","","","","","Official Trader Joe's directory","https://locations.traderjoes.com/nj/cherry-hill/613/"
"Trader Joe's","610","Traderjoes","259 Allwood Road","Clifton","NJ","07012","US","40.83653","-74.15131","973-777-5020","https://locations.traderjoes.com/nj/clifton/610/","open","false","","","","","Official Trader Joe's directory","https://locations.traderjoes.com/nj/clifton/610/"
"Trader Joe's","617","Traderjoes","3056 State Route 10 West","Denville","NJ","07834","US","40.86618","-74.50632","973-537-3672","https://locations.traderjoes.com/nj/denville/617/","open","false","","","","","Official Trader Joe's directory","https://locations.traderjoes.com/nj/denville/617/"
"Trader Joe's","606","Traderjoes","715 River Rd","Edgewater","NJ","07020","US","40.81967","-73.97759","201-945-5932","https://locations.traderjoes.com/nj/edgewater/606/","open","false","","","","","Official Trader Joe's directory","https://locations.traderjoes.com/nj/edgewater/606/"
"Trader Joe's","604","Traderjoes","176 Columbia Turnpike","Florham Park","NJ","07932","US","40.78913","-74.39137","973-377-0679","https://locations.traderjoes.com/nj/florham-park/604/","open","false","","","","","Official Trader Joe's directory","https://locations.traderjoes.com/nj/florham-park/604/"
"Trader Joe's","590","Traderjoes","4331 Route 9, Unit 3","Freehold","NJ","07728","US","40.28181","-74.29222","732-462-1539","https://locations.traderjoes.com/nj/freehold/590/","open","false","","","","","Official Trader Joe's directory","https://locations.traderjoes.com/nj/freehold/590/"
"Trader Joe's","611","Traderjoes","1350 Willow Ave.","Hoboken","NJ","07030","US","40.75367","-74.02995","201-714-4790","https://locations.traderjoes.com/nj/hoboken/611/","open","false","","","","","Official Trader Joe's directory","https://locations.traderjoes.com/nj/hoboken/611/"
"Trader Joe's","593","Traderjoes","675 US-1","Iselin","NJ","08830","US","40.55978","-74.3076","848-306-5497","https://locations.traderjoes.com/nj/iselin/593/","open","false","","","","","Official Trader Joe's directory","https://locations.traderjoes.com/nj/iselin/593/"
"Trader Joe's","631","Traderjoes","300 P Route 73 S","Marlton","NJ","08053","US","39.89038","-74.92417","856-988-3323","https://locations.traderjoes.com/nj/marlton/631/","open","false","","","","","Official Trader Joe's directory","https://locations.traderjoes.com/nj/marlton/631/"
"Trader Joe's","591","Traderjoes","1447 NJ-35","Middletown Township","NJ","07748","US","40.40305","-74.12248","732-808-3237","https://locations.traderjoes.com/nj/middletown-township/591/","open","false","","","","","Official Trader Joe's directory","https://locations.traderjoes.com/nj/middletown-township/591/"
"Trader Joe's","609","Traderjoes","187 Millburn Ave","Millburn","NJ","07041","US","40.723","-74.29615","973-218-0912","https://locations.traderjoes.com/nj/millburn/609/","open","false","","","","","Official Trader Joe's directory","https://locations.traderjoes.com/nj/millburn/609/"
"Trader Joe's","612","Traderjoes","869 US-1","North Brunswick","NJ","08902","US","40.46286","-74.45925","732-993-1403","https://locations.traderjoes.com/nj/north-brunswick/612/","open","false","","","","","Official Trader Joe's directory","https://locations.traderjoes.com/nj/north-brunswick/612/"
"Trader Joe's","605","Traderjoes","404 Rt 17 N","Paramus","NJ","07652","US","40.94832","-74.07059","201-265-9624","https://locations.traderjoes.com/nj/paramus/605/","open","false","","","","","Official Trader Joe's directory","https://locations.traderjoes.com/nj/paramus/605/"
"Trader Joe's","607","Traderjoes","3528 Brunswick Pike","Princeton","NJ","08540","US","40.3106","-74.66118","609-897-0581","https://locations.traderjoes.com/nj/princeton/607/","open","false","","","","","Official Trader Joe's directory","https://locations.traderjoes.com/nj/princeton/607/"
"Trader Joe's","608","Traderjoes","1031 Broad St","Shrewsbury","NJ","07702","US","40.31679","-74.06159","732-389-2535","https://locations.traderjoes.com/nj/shrewsbury/608/","open","false","","","","","Official Trader Joe's directory","https://locations.traderjoes.com/nj/shrewsbury/608/"
"Trader Joe's","603","Traderjoes","910 Hamburg Turnpike","Wayne","NJ","07470","US","40.95928","-74.23041","973-872-4604","https://locations.traderjoes.com/nj/wayne/603/","open","false","","","","","Official Trader Joe's directory","https://locations.traderjoes.com/nj/wayne/603/"
"Trader Joe's","592","Traderjoes","471 Mt Pleasant Ave","West Orange","NJ","07052","US","40.79302","-74.26813","","https://locations.traderjoes.com/nj/west-orange/592/","coming_soon","true","","","","","Official Trader Joe's directory","https://locations.traderjoes.com/nj/west-orange/592/"
"Trader Joe's","601","Traderjoes","155 Elm St","Westfield","NJ","07090","US","40.65222","-74.35","908-301-0910","https://locations.traderjoes.com/nj/westfield/601/","open","false","","","","","Official Trader Joe's directory","https://locations.traderjoes.com/nj/westfield/601/"
"Trader Joe's","602","Traderjoes","20 Irvington St","Westwood","NJ","07675","US","40.99317","-74.03598","201-263-0134","https://locations.traderjoes.com/nj/westwood/602/","open","false","","","","","Official Trader Joe's directory","https://locations.traderjoes.com/nj/westwood/602/"
"Trader Joe's","166","Traderjoes","8928 Holly Ave NE","Albuquerque","NM","87122","US","35.17513","-106.54266","505-796-0311","https://locations.traderjoes.com/nm/albuquerque/166/","open","false","","","","","Official Trader Joe's directory","https://locations.traderjoes.com/nm/albuquerque/166/"
"Trader Joe's","167","Traderjoes","2200 Uptown Lp NE","Albuquerque","NM","87110","US","35.10224","-106.56546","505-883-3662","https://locations.traderjoes.com/nm/albuquerque/167/","open","false","","","","","Official Trader Joe's directory","https://locations.traderjoes.com/nm/albuquerque/167/"
"Trader Joe's","165","Traderjoes","530 W Cordova Rd","Santa Fe","NM","87505","US","35.67297","-105.95337","505-995-8145","https://locations.traderjoes.com/nm/santa-fe/165/","open","false","","","","","Official Trader Joe's directory","https://locations.traderjoes.com/nm/santa-fe/165/"
"Trader Joe's","281","Traderjoes","3790 US Hwy 395 S","Carson City","NV","89705","US","39.11176","-119.77663","775-267-2486","https://locations.traderjoes.com/nv/carson-city/281/","open","false","","","","","Official Trader Joe's directory","https://locations.traderjoes.com/nv/carson-city/281/"
"Trader Joe's","280","Traderjoes","10345 S Eastern Ave","Henderson","NV","89052","US","36.00087","-115.10933","702-407-8673","https://locations.traderjoes.com/nv/henderson/280/","open","false","","","","","Official Trader Joe's directory","https://locations.traderjoes.com/nv/henderson/280/"
"Trader Joe's","97","Traderjoes","2716 N Green Valley Pkwy","Henderson","NV","89014","US","36.06958","-115.08112","702-433-6773","https://locations.traderjoes.com/nv/henderson/97/","open","false","","","","","Official Trader Joe's directory","https://locations.traderjoes.com/nv/henderson/97/"
"Trader Joe's","284","Traderjoes","2315 Summa Dr, Ste 100","Las Vegas","NV","89135","US","36.14553","-115.33549","702-242-0597","https://locations.traderjoes.com/nv/las-vegas/284/","open","false","","","","","Official Trader Joe's directory","https://locations.traderjoes.com/nv/las-vegas/284/"
"Trader Joe's","86","Traderjoes","7575 W Washington","Las Vegas","NV","89128","US","36.1806","-115.2579","702-242-8240","https://locations.traderjoes.com/nv/las-vegas/86/","open","false","","","","","Official Trader Joe's directory","https://locations.traderjoes.com/nv/las-vegas/86/"
"Trader Joe's","98","Traderjoes","5639 Centennial Ctr Blvd","Las Vegas","NV","89149","US","36.26311","-115.25674","702-396-3372","https://locations.traderjoes.com/nv/las-vegas/98/","open","false","","","","","Official Trader Joe's directory","https://locations.traderjoes.com/nv/las-vegas/98/"
"Trader Joe's","278","Traderjoes","13945 S Virginia St, Suite 640","Reno","NV","89511","US","39.40245","-119.75224","775-249-6301","https://locations.traderjoes.com/nv/reno/278/","open","false","","","","","Official Trader Joe's directory","https://locations.traderjoes.com/nv/reno/278/"
"Trader Joe's","82","Traderjoes","5035 S McCarran Blvd","Reno","NV","89502","US","39.47879","-119.78399","775-826-1621","https://locations.traderjoes.com/nv/reno/82/","open","false","","","","","Official Trader Joe's directory","https://locations.traderjoes.com/nv/reno/82/"
"Trader Joe's","279","Traderjoes","185 Los Altos Pkwy","Sparks","NV","89436","US","39.58091","-119.74125","775-259-1634","https://locations.traderjoes.com/nv/sparks/279/","open","false","","","","","Official Trader Joe's directory","https://locations.traderjoes.com/nv/sparks/279/"
"Trader Joe's","547","Traderjoes","445 Gold St","Brooklyn","NY","11201","US","40.69099","-73.98292","718-243-0107","https://locations.traderjoes.com/ny/brooklyn/547/","open","false","","","","","Official Trader Joe's directory","https://locations.traderjoes.com/ny/brooklyn/547/"
"Trader Joe's","548","Traderjoes","200 Kent Ave","Brooklyn","NY","11249","US","40.71772","-73.96468","718-218-7315","https://locations.traderjoes.com/ny/brooklyn/548/","open","false","","","","","Official Trader Joe's directory","https://locations.traderjoes.com/ny/brooklyn/548/"
"Trader Joe's","558","Traderjoes","130 Court St","Brooklyn","NY","11201","US","40.68958","-73.99287","718-246-8460","https://locations.traderjoes.com/ny/brooklyn/558/","open","false","","","","","Official Trader Joe's directory","https://locations.traderjoes.com/ny/brooklyn/558/"
"Trader Joe's","536","Traderjoes","1565 Niagara Falls Blvd","Buffalo","NY","14228","US","42.99805","-78.82126","716-833-4687","https://locations.traderjoes.com/ny/buffalo/536/","open","false","","","","","Official Trader Joe's directory","https://locations.traderjoes.com/ny/buffalo/536/"
"Trader Joe's","535","Traderjoes","79 Wolf Rd","Colonie","NY","12205","US","42.71416","-73.81204","518-482-4538","https://locations.traderjoes.com/ny/colonie/535/","open","false","","","","","Official Trader Joe's directory","https://locations.traderjoes.com/ny/colonie/535/"
"Trader Joe's","551","Traderjoes","5900 Jericho Turnpike","Commack","NY","11725","US","40.84033","-73.30749","631-499-0898","https://locations.traderjoes.com/ny/commack/551/","open","false","","","","","Official Trader Joe's directory","https://locations.traderjoes.com/ny/commack/551/"
"Trader Joe's","550","Traderjoes","910 Old Country Rd","Garden City","NY","11530","US","40.74439","-73.6039","516-794-0174","https://locations.traderjoes.com/ny/garden-city/550/","open","false","","","","","Official Trader Joe's directory","https://locations.traderjoes.com/ny/garden-city/550/"
"Trader Joe's","579","Traderjoes","388 Feura Bush Rd","Glenmont","NY","12077","US","42.59989","-73.7943","518-363-4927","https://locations.traderjoes.com/ny/glenmont/579/","open","false","","","","","Official Trader Joe's directory","https://locations.traderjoes.com/ny/glenmont/579/"
"Trader Joe's","574","Traderjoes","3 Halfmoon Crossing Blvd","Halfmoon","NY","12065","US","42.85915","-73.76531","518-383-5015","https://locations.traderjoes.com/ny/halfmoon/574/","open","false","","","","","Official Trader Joe's directory","https://locations.traderjoes.com/ny/halfmoon/574/"
"Trader Joe's","533","Traderjoes","215 N Central Ave","Hartsdale","NY","10530","US","41.02554","-73.79347","914-997-1960","https://locations.traderjoes.com/ny/hartsdale/533/","open","false","","","","","Official Trader Joe's directory","https://locations.traderjoes.com/ny/hartsdale/533/"
"Trader Joe's","554","Traderjoes","1280 West Broadway","Hewlett","NY","11557","US","40.6392","-73.70172","516-569-7191","https://locations.traderjoes.com/ny/hewlett/554/","open","false","","","","","Official Trader Joe's directory","https://locations.traderjoes.com/ny/hewlett/554/"
"Trader Joe's","568","Traderjoes","744 S Meadow Street","Ithaca","NY","14850","US","42.42878","-76.51047","607-272-1420","https://locations.traderjoes.com/ny/ithaca/568/","open","false","","","","","Official Trader Joe's directory","https://locations.traderjoes.com/ny/ithaca/568/"
"Trader Joe's","556","Traderjoes","2085 Smith Haven Plaza","Lake Grove","NY","11755","US","40.86864","-73.1281","631-366-2094","https://locations.traderjoes.com/ny/lake-grove/556/","open","false","","","","","Official Trader Joe's directory","https://locations.traderjoes.com/ny/lake-grove/556/"
"Trader Joe's","532","Traderjoes","1260 Boston Post Rd","Larchmont","NY","10538","US","40.93836","-73.74645","914-833-9112","https://locations.traderjoes.com/ny/larchmont/532/","open","false","","","","","Official Trader Joe's directory","https://locations.traderjoes.com/ny/larchmont/532/"
"Trader Joe's","553","Traderjoes","1714 Merrick Rd","Merrick","NY","11566","US","40.65336","-73.55877","516-771-1012","https://locations.traderjoes.com/ny/merrick/553/","open","false","","","","","Official Trader Joe's directory","https://locations.traderjoes.com/ny/merrick/553/"
"Trader Joe's","577","Traderjoes","300 Rte 25A","Miller Place","NY","11764","US","40.94095","-72.99024","934-225-8061","https://locations.traderjoes.com/ny/miller-place/577/","open","false","","","","","Official Trader Joe's directory","https://locations.traderjoes.com/ny/miller-place/577/"
"Trader Joe's","538","Traderjoes","400 Grand St. (Cellar)","New York","NY","10002","US","40.71614","-73.98677","212-477-8340","https://locations.traderjoes.com/ny/new-york/538/","open","false","","","","","Official Trader Joe's directory","https://locations.traderjoes.com/ny/new-york/538/"
"Trader Joe's","539","Traderjoes","233 Spring Street","New York","NY","10013","US","40.72567","-74.00473","212-691-2721","https://locations.traderjoes.com/ny/new-york/539/","open","false","","","","","Official Trader Joe's directory","https://locations.traderjoes.com/ny/new-york/539/"
"Trader Joe's","540","Traderjoes","142 E 14th St","New York","NY","10003","US","40.73337","-73.9879","212-529-4612","https://locations.traderjoes.com/ny/new-york/540/","open","false","","","","","Official Trader Joe's directory","https://locations.traderjoes.com/ny/new-york/540/"
"Trader Joe's","542","Traderjoes","2073 Broadway","New York","NY","10023","US","40.77855","-73.98226","212-799-0028","https://locations.traderjoes.com/ny/new-york/542/","open","false","","","","","Official Trader Joe's directory","https://locations.traderjoes.com/ny/new-york/542/"
"Trader Joe's","543","Traderjoes","675 6th Ave","New York","NY","10010","US","40.74209","-73.99412","212-255-2106","https://locations.traderjoes.com/ny/new-york/543/","open","false","","","","","Official Trader Joe's directory","https://locations.traderjoes.com/ny/new-york/543/"
"Trader Joe's","544","Traderjoes","200 E 32nd St","New York","NY","10016","US","40.74399","-73.97908","212-889-3279","https://locations.traderjoes.com/ny/new-york/544/","open","false","","","","","Official Trader Joe's directory","https://locations.traderjoes.com/ny/new-york/544/"
"Trader Joe's","545","Traderjoes","670 Columbus Ave","New York","NY","10025","US","40.79071","-73.96951","212-678-1680","https://locations.traderjoes.com/ny/new-york/545/","open","false","","","","","Official Trader Joe's directory","https://locations.traderjoes.com/ny/new-york/545/"
"Trader Joe's","546","Traderjoes","436 East 14th St","New York","NY","10009","US","40.73045","-73.981","212-777-9412","https://locations.traderjoes.com/ny/new-york/546/","open","false","","","","","Official Trader Joe's directory","https://locations.traderjoes.com/ny/new-york/546/"
"Trader Joe's","571","Traderjoes","405 E. 59th Street","New York","NY","10022","US","40.75966","-73.96154","212-935-3870","https://locations.traderjoes.com/ny/new-york/571/","open","false","","","","","Official Trader Joe's directory","https://locations.traderjoes.com/ny/new-york/571/"
"Trader Joe's","576","Traderjoes","123 W 125th St","New York","NY","10027","US","40.81389","-73.96243","646-337-1986","https://locations.traderjoes.com/ny/new-york/576/","open","false","","","","","Official Trader Joe's directory","https://locations.traderjoes.com/ny/new-york/576/"
"Trader Joe's","552","Traderjoes","3418 Long Beach Rd","Oceanside","NY","11572","US","40.62681","-73.6411","516-536-9163","https://locations.traderjoes.com/ny/oceanside/552/","open","false","","","","","Official Trader Joe's directory","https://locations.traderjoes.com/ny/oceanside/552/"
"Trader Joe's","555","Traderjoes","425 S Oyster Bay Rd","Plainview","NY","11803","US","40.78171","-73.5015","516-933-6900","https://locations.traderjoes.com/ny/plainview/555/","open","false","","","","","Official Trader Joe's directory","https://locations.traderjoes.com/ny/plainview/555/"
"Trader Joe's","557","Traderjoes","9030 Metropolitan Ave","Queens","NY","11374","US","40.71092","-73.85826","718-275-1791","https://locations.traderjoes.com/ny/queens/557/","open","false","","","","","Official Trader Joe's directory","https://locations.traderjoes.com/ny/queens/557/"
"Trader Joe's","565","Traderjoes","22-43 Jackson Ave","Queens","NY","11101","US","40.74584","-73.9462","718-472-2672","https://locations.traderjoes.com/ny/queens/565/","open","false","","","","","Official Trader Joe's directory","https://locations.traderjoes.com/ny/queens/565/"
"Trader Joe's","578","Traderjoes","69-65 Yellowstone Blvd","Queens","NY","11375","US","40.73004","-73.85037","718-544-8589","https://locations.traderjoes.com/ny/queens/578/","open","false","","","","","Official Trader Joe's directory","https://locations.traderjoes.com/ny/queens/578/"
"Trader Joe's","534","Traderjoes","3349 Monroe Ave","Rochester","NY","14618","US","43.10221","-77.5417","585-248-5011","https://locations.traderjoes.com/ny/rochester/534/","open","false","","","","","Official Trader Joe's directory","https://locations.traderjoes.com/ny/rochester/534/"
"Trader Joe's","531","Traderjoes","727 White Plains Rd","Scarsdale","NY","10583","US","40.97234","-73.80487","914-472-2988","https://locations.traderjoes.com/ny/scarsdale/531/","open","false","","","","","Official Trader Joe's directory","https://locations.traderjoes.com/ny/scarsdale/531/"
"Trader Joe's","559","Traderjoes","2385 Richmond Ave","Staten Island","NY","10314","US","40.58966","-74.16574","718-370-1085","https://locations.traderjoes.com/ny/staten-island/559/","open","false","","","","","Official Trader Joe's directory","https://locations.traderjoes.com/ny/staten-island/559/"
"Trader Joe's","580","Traderjoes","6400 Amboy Rd","Staten Island","NY","10309","US","40.52211","-74.21529","329-208-1571","https://locations.traderjoes.com/ny/staten-island/580/","open","false","","","","","Official Trader Joe's directory","https://locations.traderjoes.com/ny/staten-island/580/"
"Trader Joe's","537","Traderjoes","3422 Erie Blvd E","Syracuse","NY","13214","US","43.04624","-76.07065","315-446-1629","https://locations.traderjoes.com/ny/syracuse/537/","open","false","","","","","Official Trader Joe's directory","https://locations.traderjoes.com/ny/syracuse/537/"
"Trader Joe's","570","Traderjoes","3515 West Genesee St","Syracuse","NY","13219","US","43.04731","-76.23227","","https://locations.traderjoes.com/ny/syracuse/570/","coming_soon","true","","","","","Official Trader Joe's directory","https://locations.traderjoes.com/ny/syracuse/570/"
"Trader Joe's","575","Traderjoes","5017 Transit Rd","Williamsville","NY","14221","US","42.98387","-78.69628","716-415-3179","https://locations.traderjoes.com/ny/williamsville/575/","open","false","","","","","Official Trader Joe's directory","https://locations.traderjoes.com/ny/williamsville/575/"
"Trader Joe's","596","Traderjoes","2482 Central Park Ave","Yonkers","NY","10710","US","40.98179","-73.82742","","https://locations.traderjoes.com/ny/yonkers/596/","coming_soon","true","","","","","Official Trader Joe's directory","https://locations.traderjoes.com/ny/yonkers/596/"
"Trader Joe's","567","Traderjoes","3240 Crompond Road","Yorktown","NY","10598","US","41.29172","-73.82481","914-737-1460","https://locations.traderjoes.com/ny/yorktown/567/","open","false","","","","","Official Trader Joe's directory","https://locations.traderjoes.com/ny/yorktown/567/"
"Trader Joe's","669","Traderjoes","7788 Montgomery Rd","Cincinnati","OH","45236","US","39.19733","-84.3817","513-984-3452","https://locations.traderjoes.com/oh/cincinnati/669/","open","false","","","","","Official Trader Joe's directory","https://locations.traderjoes.com/oh/cincinnati/669/"
"Trader Joe's","679","Traderjoes","3888 Townsfair Way","Columbus","OH","43219","US","40.0493","-82.91801","614-473-0794","https://locations.traderjoes.com/oh/columbus/679/","open","false","","","","","Official Trader Joe's directory","https://locations.traderjoes.com/oh/columbus/679/"
"Trader Joe's","672","Traderjoes","6355 Sawmill Rd","Dublin","OH","43017","US","40.0965","-83.09309","614-793-8505","https://locations.traderjoes.com/oh/dublin/672/","open","false","","","","","Official Trader Joe's directory","https://locations.traderjoes.com/oh/dublin/672/"
"Trader Joe's","673","Traderjoes","328 East Stroop Rd","Kettering","OH","45429","US","39.68844","-84.16628","937-294-5411","https://locations.traderjoes.com/oh/kettering/673/","open","false","","","","","Official Trader Joe's directory","https://locations.traderjoes.com/oh/kettering/673/"
"Trader Joe's","709","Traderjoes","9474 Mentor Ave","Mentor","OH","44060","US","41.68046","-81.29961","440-350-7216","https://locations.traderjoes.com/oh/mentor/709/","open","false","","","","","Official Trader Joe's directory","https://locations.traderjoes.com/oh/mentor/709/"
"Trader Joe's","599","Traderjoes","2643 Warrensville Center Rd","University Heights","OH","44118","US","41.48776","-81.53582","","https://locations.traderjoes.com/oh/university-heights/599/","coming_soon","true","","","","","Official Trader Joe's directory","https://locations.traderjoes.com/oh/university-heights/599/"
"Trader Joe's","677","Traderjoes","175 Market St","Westlake","OH","44145","US","41.45679","-81.9513","440-250-1592","https://locations.traderjoes.com/oh/westlake/677/","open","false","","","","","Official Trader Joe's directory","https://locations.traderjoes.com/oh/westlake/677/"
"Trader Joe's","676","Traderjoes","28425 Chagrin Blvd","Woodmere","OH","44122","US","41.46331","-81.47913","216-591-9457","https://locations.traderjoes.com/oh/woodmere/676/","open","false","","","","","Official Trader Joe's directory","https://locations.traderjoes.com/oh/woodmere/676/"
"Trader Joe's","462","Traderjoes","1525 E Hillside Dr","Broken Arrow","OK","74012","US","36.06436","-95.77303","539-207-0023","https://locations.traderjoes.com/ok/broken-arrow/462/","open","false","","","","","Official Trader Joe's directory","https://locations.traderjoes.com/ok/broken-arrow/462/"
"Trader Joe's","461","Traderjoes","6409 Avondale Dr","Nichols Hills","OK","73116","US","35.53769","-97.53106","405-843-5655","https://locations.traderjoes.com/ok/nichols-hills/461/","open","false","","","","","Official Trader Joe's directory","https://locations.traderjoes.com/ok/nichols-hills/461/"
"Trader Joe's","463","Traderjoes","6920 Northwest Expy","Oklahoma City","OK","73132","US","35.55552","-97.63617","405-357-0298","https://locations.traderjoes.com/ok/oklahoma-city/463/","open","false","","","","","Official Trader Joe's directory","https://locations.traderjoes.com/ok/oklahoma-city/463/"
"Trader Joe's","460","Traderjoes","3702 S Peoria Ave","Tulsa","OK","74105","US","36.10961","-95.97593","918-712-9768","https://locations.traderjoes.com/ok/tulsa/460/","open","false","","","","","Official Trader Joe's directory","https://locations.traderjoes.com/ok/tulsa/460/"
"Trader Joe's","141","Traderjoes","11753 SW Beaverton Hillsdale Hwy","Beaverton","OR","97005","US","45.48797","-122.7976","503-626-7398","https://locations.traderjoes.com/or/beaverton/141/","open","false","","","","","Official Trader Joe's directory","https://locations.traderjoes.com/or/beaverton/141/"
"Trader Joe's","150","Traderjoes","63455 N Hwy 97","Bend","OR","97701","US","44.10115","-121.30225","541-312-4198","https://locations.traderjoes.com/or/bend/150/","open","false","","","","","Official Trader Joe's directory","https://locations.traderjoes.com/or/bend/150/"
"Trader Joe's","152","Traderjoes","9345 SE 82nd Ave","Clackamas","OR","97086","US","45.45586","-122.58074","503-771-6300","https://locations.traderjoes.com/or/clackamas/152/","open","false","","","","","Official Trader Joe's directory","https://locations.traderjoes.com/or/clackamas/152/"
"Trader Joe's","154","Traderjoes","1550 NW 9th St, Ste 100","Corvallis","OR","97330","US","44.58226","-123.25997","541-753-0048","https://locations.traderjoes.com/or/corvallis/154/","open","false","","","","","Official Trader Joe's directory","https://locations.traderjoes.com/or/corvallis/154/"
"Trader Joe's","145","Traderjoes","85 Oakway Center","Eugene","OR","97401","US","44.06627","-123.07526","541-485-1744","https://locations.traderjoes.com/or/eugene/145/","open","false","","","","","Official Trader Joe's directory","https://locations.traderjoes.com/or/eugene/145/"
"Trader Joe's","276","Traderjoes","2083 NE Burnside Rd","Gresham","OR","97030","US","45.50046","-122.40989","971-253-0535","https://locations.traderjoes.com/or/gresham/276/","open","false","","","","","Official Trader Joe's directory","https://locations.traderjoes.com/or/gresham/276/"
"Trader Joe's","149","Traderjoes","2285 NW 185th Ave","Hillsboro","OR","97124","US","45.53662","-122.86961","503-645-8321","https://locations.traderjoes.com/or/hillsboro/149/","open","false","","","","","Official Trader Joe's directory","https://locations.traderjoes.com/or/hillsboro/149/"
"Trader Joe's","142","Traderjoes","15391 SW Bangy Rd","Lake Oswego","OR","97035","US","45.41381","-122.74329","503-639-3238","https://locations.traderjoes.com/or/lake-oswego/142/","open","false","","","","","Official Trader Joe's directory","https://locations.traderjoes.com/or/lake-oswego/142/"
"Trader Joe's","155","Traderjoes","55 Rossanley Dr","Medford","OR","97501","US","42.34349","-122.88224","541-608-4993","https://locations.traderjoes.com/or/medford/155/","open","false","","","","","Official Trader Joe's directory","https://locations.traderjoes.com/or/medford/155/"
"Trader Joe's","275","Traderjoes","15574 SE McLoughlin Blvd","Milwaukie","OR","97267","US","45.41129","-122.62667","971-365-7604","https://locations.traderjoes.com/or/milwaukie/275/","open","false","","","","","Official Trader Joe's directory","https://locations.traderjoes.com/or/milwaukie/275/"
"Trader Joe's","143","Traderjoes","4715 SE Cesar E. Chavez Blvd","Portland","OR","97202","US","45.48882","-122.62355","503-777-1601","https://locations.traderjoes.com/or/portland/143/","open","false","","","","","Official Trader Joe's directory","https://locations.traderjoes.com/or/portland/143/"
"Trader Joe's","144","Traderjoes","4121 NE Halsey St","Portland","OR","97232","US","45.53472","-122.62082","503-284-4232","https://locations.traderjoes.com/or/portland/144/","open","false","","","","","Official Trader Joe's directory","https://locations.traderjoes.com/or/portland/144/"
"Trader Joe's","146","Traderjoes","2122 NW Glisan St","Portland","OR","97210","US","45.5261","-122.69516","971-544-0788","https://locations.traderjoes.com/or/portland/146/","open","false","","","","","Official Trader Joe's directory","https://locations.traderjoes.com/or/portland/146/"
"Trader Joe's","168","Traderjoes","7215 SW Garden Home Road","Portland","OR","97223","US","45.46617","-122.75088","503-244-4625","https://locations.traderjoes.com/or/portland/168/","open","false","","","","","Official Trader Joe's directory","https://locations.traderjoes.com/or/portland/168/"
"Trader Joe's","153","Traderjoes","4450 Commercial St SE","Salem","OR","97302","US","44.88961","-123.03255","503-378-9042","https://locations.traderjoes.com/or/salem/153/","open","false","","","","","Official Trader Joe's directory","https://locations.traderjoes.com/or/salem/153/"
"Trader Joe's","169","Traderjoes","16200 SW Pacific Hwy","Tigard","OR","97224","US","45.40366","-122.79657","503-443-6713","https://locations.traderjoes.com/or/tigard/169/","open","false","","","","","Official Trader Joe's directory","https://locations.traderjoes.com/or/tigard/169/"
"Trader Joe's","635","Traderjoes","112 Coulter Ave","Ardmore","PA","19003","US","40.00728","-75.2866","610-658-0645","https://locations.traderjoes.com/pa/ardmore/635/","open","false","","","","","Official Trader Joe's directory","https://locations.traderjoes.com/pa/ardmore/635/"
"Trader Joe's","584","Traderjoes","550 Lancaster Ave","Berwyn","PA","19312","US","40.04716","-75.43734","610-920-0029","https://locations.traderjoes.com/pa/berwyn/584/","open","false","","","","","Official Trader Joe's directory","https://locations.traderjoes.com/pa/berwyn/584/"
"Trader Joe's","569","Traderjoes","3545 Gettysburg Road","Camp Hill","PA","17011","US","40.22452","-76.93716","717-730-6025","https://locations.traderjoes.com/pa/camp-hill/569/","open","false","","","","","Official Trader Joe's directory","https://locations.traderjoes.com/pa/camp-hill/569/"
"Trader Joe's","594","Traderjoes","125 West Lincoln Hwy","Exton","PA","19341","US","40.02825","-75.62922","267-267-2910","https://locations.traderjoes.com/pa/exton/594/","open","false","","","","","Official Trader Joe's directory","https://locations.traderjoes.com/pa/exton/594/"
"Trader Joe's","633","Traderjoes","933 Old York Rd","Jenkintown","PA","19046","US","40.10841","-75.1222","215-885-5240","https://locations.traderjoes.com/pa/jenkintown/633/","open","false","","","","","Official Trader Joe's directory","https://locations.traderjoes.com/pa/jenkintown/633/"
"Trader Joe's","585","Traderjoes","224 W Dekalb Pike","King of Prussia","PA","19406","US","40.09457","-75.36752","484-261-7509","https://locations.traderjoes.com/pa/king-of-prussia/585/","open","false","","","","","Official Trader Joe's directory","https://locations.traderjoes.com/pa/king-of-prussia/585/"
"Trader Joe's","637","Traderjoes","12 E State St","Media","PA","19063","US","39.91756","-75.3889","610-891-2752","https://locations.traderjoes.com/pa/media/637/","open","false","","","","","Official Trader Joe's directory","https://locations.traderjoes.com/pa/media/637/"
"Trader Joe's","639","Traderjoes","1460 Bethlehem Pike","North Wales","PA","19454","US","40.20784","-75.22357","215-646-5870","https://locations.traderjoes.com/pa/north-wales/639/","open","false","","","","","Official Trader Joe's directory","https://locations.traderjoes.com/pa/north-wales/639/"
"Trader Joe's","618","Traderjoes","1324 Arch St.","Philadelphia","PA","19107","US","39.95419","-75.16243","215-563-2170","https://locations.traderjoes.com/pa/philadelphia/618/","open","false","","","","","Official Trader Joe's directory","https://locations.traderjoes.com/pa/philadelphia/618/"
"Trader Joe's","634","Traderjoes","2121 Market St","Philadelphia","PA","19103","US","39.95418","-75.17597","215-569-9282","https://locations.traderjoes.com/pa/philadelphia/634/","open","false","","","","","Official Trader Joe's directory","https://locations.traderjoes.com/pa/philadelphia/634/"
"Trader Joe's","624","Traderjoes","9020 Covenant Ave","Pittsburgh","PA","15237","US","40.57041","-80.02231","412-366-1131","https://locations.traderjoes.com/pa/pittsburgh/624/","open","false","","","","","Official Trader Joe's directory","https://locations.traderjoes.com/pa/pittsburgh/624/"
"Trader Joe's","630","Traderjoes","1630 Washington Rd","Pittsburgh","PA","15241","US","40.35135","-80.05172","412-835-2212","https://locations.traderjoes.com/pa/pittsburgh/630/","open","false","","","","","Official Trader Joe's directory","https://locations.traderjoes.com/pa/pittsburgh/630/"
"Trader Joe's","638","Traderjoes","6343 Penn Ave","Pittsburgh","PA","15206","US","40.45924","-79.91918","412-363-5748","https://locations.traderjoes.com/pa/pittsburgh/638/","open","false","","","","","Official Trader Joe's directory","https://locations.traderjoes.com/pa/pittsburgh/638/"
"Trader Joe's","629","Traderjoes","243 Patriot Lane","State College","PA","16803","US","40.81034","-77.90224","814-234-2224","https://locations.traderjoes.com/pa/state-college/629/","open","false","","","","","Official Trader Joe's directory","https://locations.traderjoes.com/pa/state-college/629/"
"Trader Joe's","632","Traderjoes","171 E Swedesford Rd","Wayne","PA","19087","US","40.07343","-75.43364","610-225-0925","https://locations.traderjoes.com/pa/wayne/632/","open","false","","","","","Official Trader Joe's directory","https://locations.traderjoes.com/pa/wayne/632/"
"Trader Joe's","572","Traderjoes","425 S Main St","Providence","RI","02903","US","41.82044","-71.4036","401-459-4090","https://locations.traderjoes.com/ri/providence/572/","open","false","","","","","Official Trader Joe's directory","https://locations.traderjoes.com/ri/providence/572/"
"Trader Joe's","518","Traderjoes","1000 Bald Hill Rd","Warwick","RI","02886","US","41.71242","-71.48717","401-821-5368","https://locations.traderjoes.com/ri/warwick/518/","open","false","","","","","Official Trader Joe's directory","https://locations.traderjoes.com/ri/warwick/518/"
"Trader Joe's","753","Traderjoes","4516 Forest Drive","Columbia","SC","29206","US","34.02003","-80.97268","803-790-2404","https://locations.traderjoes.com/sc/columbia/753/","open","false","","","","","Official Trader Joe's directory","https://locations.traderjoes.com/sc/columbia/753/"
"Trader Joe's","856","Traderjoes","275 Harbison Blvd","Columbia","SC","29212","US","34.07316","-81.16045","803-574-8020","https://locations.traderjoes.com/sc/columbia/856/","open","false","","","","","Official Trader Joe's directory","https://locations.traderjoes.com/sc/columbia/856/"
"Trader Joe's","751","Traderjoes","59 Woodruff Industrial Ln","Greenville","SC","29607","US","34.82905","-82.30567","864-286-0231","https://locations.traderjoes.com/sc/greenville/751/","open","false","","","","","Official Trader Joe's directory","https://locations.traderjoes.com/sc/greenville/751/"
"Trader Joe's","752","Traderjoes","401 Johnnie Dodds Blvd","Mt. Pleasant","SC","29464","US","32.80479","-79.88717","843-884-4037","https://locations.traderjoes.com/sc/mt-pleasant/752/","open","false","","","","","Official Trader Joe's directory","https://locations.traderjoes.com/sc/mt-pleasant/752/"
"Trader Joe's","812","Traderjoes","1909 Hwy 17 N","Mt. Pleasant","SC","29464","US","32.83043","-79.82584","854-223-5830","https://locations.traderjoes.com/sc/mt-pleasant/812/","open","false","","","","","Official Trader Joe's directory","https://locations.traderjoes.com/sc/mt-pleasant/812/"
"Trader Joe's","828","Traderjoes","115 SayeBrook Pkwy","Myrtle Beach","SC","29588","US","33.65238","-78.98399","843-630-6282","https://locations.traderjoes.com/sc/myrtle-beach/828/","open","false","","","","","Official Trader Joe's directory","https://locations.traderjoes.com/sc/myrtle-beach/828/"
"Trader Joe's","787","Traderjoes","2111 Gunbarrel Road","Chattanooga","TN","37421","US","35.03285","-85.1547","423-855-1310","https://locations.traderjoes.com/tn/chattanooga/787/","open","false","","","","","Official Trader Joe's directory","https://locations.traderjoes.com/tn/chattanooga/787/"
"Trader Joe's","792","Traderjoes","545 Cool Springs Blvd","Franklin","TN","37067","US","35.94974","-86.82148","615-771-3697","https://locations.traderjoes.com/tn/franklin/792/","open","false","","","","","Official Trader Joe's directory","https://locations.traderjoes.com/tn/franklin/792/"
"Trader Joe's","738","Traderjoes","2130 Exeter Rd., Suite 101","Germantown","TN","38138","US","35.09078","-89.80117","901-759-2803","https://locations.traderjoes.com/tn/germantown/738/","open","false","","","","","Official Trader Joe's directory","https://locations.traderjoes.com/tn/germantown/738/"
"Trader Joe's","663","Traderjoes","8001 Kingston Pike","Knoxville","TN","37919","US","35.92718","-84.04598","865-670-4088","https://locations.traderjoes.com/tn/knoxville/663/","open","false","","","","","Official Trader Joe's directory","https://locations.traderjoes.com/tn/knoxville/663/"
"Trader Joe's","815","Traderjoes","2305 Medical Center Parkway","Murfreesboro","TN","37129","US","35.85786","-86.43702","629-260-7432","https://locations.traderjoes.com/tn/murfreesboro/815/","open","false","","","","","Official Trader Joe's directory","https://locations.traderjoes.com/tn/murfreesboro/815/"
"Trader Joe's","664","Traderjoes","3909 Hillsboro Pike","Nashville","TN","37215","US","36.10508","-86.81563","615-297-6560","https://locations.traderjoes.com/tn/nashville/664/","open","false","","","","","Official Trader Joe's directory","https://locations.traderjoes.com/tn/nashville/664/"
"Trader Joe's","739","Traderjoes","90 White Bridge Rd","Nashville","TN","37205","US","36.13073","-86.85223","615-356-1066","https://locations.traderjoes.com/tn/nashville/739/","open","false","","","","","Official Trader Joe's directory","https://locations.traderjoes.com/tn/nashville/739/"
"Trader Joe's","452","Traderjoes","211 Walter Seaholm Dr, Ste 100","Austin","TX","78701","US","30.2675","-97.75279","512-474-2263","https://locations.traderjoes.com/tx/austin/452/","open","false","","","","","Official Trader Joe's directory","https://locations.traderjoes.com/tx/austin/452/"
"Trader Joe's","453","Traderjoes","2805 Bee Cave Rd","Austin","TX","78746","US","30.27013","-97.78981","512-306-1032","https://locations.traderjoes.com/tx/austin/453/","open","false","","","","","Official Trader Joe's directory","https://locations.traderjoes.com/tx/austin/453/"
"Trader Joe's","454","Traderjoes","9722 Great Hills Trail, Ste 200","Austin","TX","78759","US","30.39558","-97.75177","512-241-1248","https://locations.traderjoes.com/tx/austin/454/","open","false","","","","","Official Trader Joe's directory","https://locations.traderjoes.com/tx/austin/454/"
"Trader Joe's","450","Traderjoes","12812 Shops Pkwy, Ste 300","Bee Cave","TX","78738","US","30.30663","-97.94218","737-379-1680","https://locations.traderjoes.com/tx/bee-cave/450/","open","false","","","","","Official Trader Joe's directory","https://locations.traderjoes.com/tx/bee-cave/450/"
"Trader Joe's","456","Traderjoes","120 S Denton Tap Rd.","Coppell","TX","75019","US","32.96822","-96.99223","945-202-7413","https://locations.traderjoes.com/tx/coppell/456/","open","false","","","","","Official Trader Joe's directory","https://locations.traderjoes.com/tx/coppell/456/"
"Trader Joe's","432","Traderjoes","9715 Towne Lake Pkwy","Cypress","TX","77433","US","29.91862","-95.69083","281-290-4216","https://locations.traderjoes.com/tx/cypress/432/","open","false","","","","","Official Trader Joe's directory","https://locations.traderjoes.com/tx/cypress/432/"
"Trader Joe's","400","Traderjoes","4525 Cole Ave","Dallas","TX","75205","US","32.82254","-96.78975","214-599-2155","https://locations.traderjoes.com/tx/dallas/400/","open","false","","","","","Official Trader Joe's directory","https://locations.traderjoes.com/tx/dallas/400/"
"Trader Joe's","401","Traderjoes","7939 Walnut Hill Lane","Dallas","TX","75230","US","32.88057","-96.77228","214-346-6579","https://locations.traderjoes.com/tx/dallas/401/","open","false","","","","","Official Trader Joe's directory","https://locations.traderjoes.com/tx/dallas/401/"
"Trader Joe's","403","Traderjoes","2001 Greenville Ave","Dallas","TX","75206","US","32.81483","-96.77056","469-334-0614","https://locations.traderjoes.com/tx/dallas/403/","open","false","","","","","Official Trader Joe's directory","https://locations.traderjoes.com/tx/dallas/403/"
"Trader Joe's","405","Traderjoes","5550 W Lovers Lane, Ste 168","Dallas","TX","75209","US","32.84955","-96.81944","214-366-0205","https://locations.traderjoes.com/tx/dallas/405/","open","false","","","","","Official Trader Joe's directory","https://locations.traderjoes.com/tx/dallas/405/"
"Trader Joe's","407","Traderjoes","14856 Preston Rd","Dallas","TX","75254","US","32.95087","-96.80282","972-239-3901","https://locations.traderjoes.com/tx/dallas/407/","open","false","","","","","Official Trader Joe's directory","https://locations.traderjoes.com/tx/dallas/407/"
"Trader Joe's","404","Traderjoes","2701 S Hulen St","Fort Worth","TX","76109","US","32.71198","-97.38513","817-922-9107","https://locations.traderjoes.com/tx/fort-worth/404/","open","false","","","","","Official Trader Joe's directory","https://locations.traderjoes.com/tx/fort-worth/404/"
"Trader Joe's","426","Traderjoes","2922 S Shepherd Drive","Houston","TX","77098","US","29.73921","-95.41132","713-526-4034","https://locations.traderjoes.com/tx/houston/426/","open","false","","","","","Official Trader Joe's directory","https://locations.traderjoes.com/tx/houston/426/"
"Trader Joe's","427","Traderjoes","1440 South Voss Road","Houston","TX","77057","US","29.75272","-95.50167","713-266-2377","https://locations.traderjoes.com/tx/houston/427/","open","false","","","","","Official Trader Joe's directory","https://locations.traderjoes.com/tx/houston/427/"
"Trader Joe's","431","Traderjoes","11683 Westheimer Rd","Houston","TX","77077","US","29.73541","-95.58249","281-496-2488","https://locations.traderjoes.com/tx/houston/431/","open","false","","","","","Official Trader Joe's directory","https://locations.traderjoes.com/tx/houston/431/"
"Trader Joe's","429","Traderjoes","2717 Commercial Center Blvd","Katy","TX","77494","US","29.74034","-95.77484","281-392-4200","https://locations.traderjoes.com/tx/katy/429/","open","false","","","","","Official Trader Joe's directory","https://locations.traderjoes.com/tx/katy/429/"
"Trader Joe's","433","Traderjoes","600 Kingwood Dr","Kingwood","TX","77339","US","30.0498","-95.246","281-453-6996","https://locations.traderjoes.com/tx/kingwood/433/","open","false","","","","","Official Trader Joe's directory","https://locations.traderjoes.com/tx/kingwood/433/"
"Trader Joe's","408","Traderjoes","2851 Craig Dr, Ste 100","McKinney","TX","75070","US","33.1737","-96.64287","214-491-1893","https://locations.traderjoes.com/tx/mckinney/408/","open","false","","","","","Official Trader Joe's directory","https://locations.traderjoes.com/tx/mckinney/408/"
"Trader Joe's","410","Traderjoes","8101 Eldorado Pkwy","McKinney","TX","75070","US","33.17542","-96.72329","945-328-3989","https://locations.traderjoes.com/tx/mckinney/410/","open","false","","","","","Official Trader Joe's directory","https://locations.traderjoes.com/tx/mckinney/410/"
"Trader Joe's","402","Traderjoes","2400 Preston Rd, Ste 200","Plano","TX","75093","US","33.02923","-96.79282","972-312-9538","https://locations.traderjoes.com/tx/plano/402/","open","false","","","","","Official Trader Joe's directory","https://locations.traderjoes.com/tx/plano/402/"
"Trader Joe's","451","Traderjoes","350 East Basse Road","San Antonio","TX","78209","US","29.4967","-98.47803","210-826-1110","https://locations.traderjoes.com/tx/san-antonio/451/","open","false","","","","","Official Trader Joe's directory","https://locations.traderjoes.com/tx/san-antonio/451/"
"Trader Joe's","455","Traderjoes","403 N Loop 1604 W","San Antonio","TX","78232","US","29.60945","-98.4991","210-939-5789","https://locations.traderjoes.com/tx/san-antonio/455/","open","false","","","","","Official Trader Joe's directory","https://locations.traderjoes.com/tx/san-antonio/455/"
"Trader Joe's","457","Traderjoes","11745 I-10 W","San Antonio","TX","78230","US","29.54915","-98.58351","210-607-6510","https://locations.traderjoes.com/tx/san-antonio/457/","open","false","","","","","Official Trader Joe's directory","https://locations.traderjoes.com/tx/san-antonio/457/"
"Trader Joe's","406","Traderjoes","1492 E Southlake Blvd","Southlake","TX","76092","US","32.94133","-97.12942","817-251-0360","https://locations.traderjoes.com/tx/southlake/406/","open","false","","","","","Official Trader Joe's directory","https://locations.traderjoes.com/tx/southlake/406/"
"Trader Joe's","430","Traderjoes","13550 University Blvd","Sugar Land","TX","77479","US","29.58443","-95.64842","281-805-3021","https://locations.traderjoes.com/tx/sugar-land/430/","open","false","","","","","Official Trader Joe's directory","https://locations.traderjoes.com/tx/sugar-land/430/"
"Trader Joe's","428","Traderjoes","10868 Kuykendahl Road","The Woodlands","TX","77381","US","30.1756","-95.5354","281-465-0254","https://locations.traderjoes.com/tx/the-woodlands/428/","open","false","","","","","Official Trader Joe's directory","https://locations.traderjoes.com/tx/the-woodlands/428/"
"Trader Joe's","351","Traderjoes","6989 S 1300 E","Cottonwood Heights","UT","84047","US","40.62411","-111.85373","801-562-3024","https://locations.traderjoes.com/ut/cottonwood-heights/351/","open","false","","","","","Official Trader Joe's directory","https://locations.traderjoes.com/ut/cottonwood-heights/351/"
"Trader Joe's","353","Traderjoes","11477 S. State St.","Draper","UT","84020","US","40.54288","-111.89005","801-571-0987","https://locations.traderjoes.com/ut/draper/353/","open","false","","","","","Official Trader Joe's directory","https://locations.traderjoes.com/ut/draper/353/"
"Trader Joe's","356","Traderjoes","4850 W 13400 South","Herriman","UT","84096","US","40.51076","-112.00724","","https://locations.traderjoes.com/ut/herriman/356/","coming_soon","true","","","","","Official Trader Joe's directory","https://locations.traderjoes.com/ut/herriman/356/"
"Trader Joe's","357","Traderjoes","1895 East Rodeo Walk Dr","Holladay","UT","84117","US","40.66455","-111.83728","385-324-2911","https://locations.traderjoes.com/ut/holladay/357/","open","false","","","","","Official Trader Joe's directory","https://locations.traderjoes.com/ut/holladay/357/"
"Trader Joe's","352","Traderjoes","440 East Park Avenue","Orem","UT","84097","US","40.27625","-111.68526","801-224-1453","https://locations.traderjoes.com/ut/orem/352/","open","false","","","","","Official Trader Joe's directory","https://locations.traderjoes.com/ut/orem/352/"
"Trader Joe's","355","Traderjoes","4060 Riverdale Rd, Suite B","Riverdale","UT","84405","US","41.18937","-111.97964","385-298-4276","https://locations.traderjoes.com/ut/riverdale/355/","open","false","","","","","Official Trader Joe's directory","https://locations.traderjoes.com/ut/riverdale/355/"
"Trader Joe's","350","Traderjoes","634 East 400 South","Salt Lake City","UT","84102","US","40.75967","-111.8726","801-359-2462","https://locations.traderjoes.com/ut/salt-lake-city/350/","open","false","","","","","Official Trader Joe's directory","https://locations.traderjoes.com/ut/salt-lake-city/350/"
"Trader Joe's","354","Traderjoes","2160 S 700 E","Salt Lake City","UT","84106","US","40.72395","-111.87223","801-720-8834","https://locations.traderjoes.com/ut/salt-lake-city/354/","open","false","","","","","Official Trader Joe's directory","https://locations.traderjoes.com/ut/salt-lake-city/354/"
"Trader Joe's","359","Traderjoes","5561 W 7800 S","West Jordan","UT","84081","US","40.60903","-112.02356","","https://locations.traderjoes.com/ut/west-jordan/359/","coming_soon","true","","","","","Official Trader Joe's directory","https://locations.traderjoes.com/ut/west-jordan/359/"
"Trader Joe's","647","Traderjoes","612 N Saint Asaph St","Alexandria","VA","22314","US","38.81078","-77.04479","703-548-0611","https://locations.traderjoes.com/va/alexandria/647/","open","false","","","","","Official Trader Joe's directory","https://locations.traderjoes.com/va/alexandria/647/"
"Trader Joe's","640","Traderjoes","1109 N Highland St","Arlington","VA","22201","US","38.88668","-77.09464","703-351-8015","https://locations.traderjoes.com/va/arlington/640/","open","false","","","","","Official Trader Joe's directory","https://locations.traderjoes.com/va/arlington/640/"
"Trader Joe's","619","Traderjoes","44755 Brimfield Dr","Ashburn","VA","20147","US","39.05038","-77.45273","703-858-5993","https://locations.traderjoes.com/va/ashburn/619/","open","false","","","","","Official Trader Joe's directory","https://locations.traderjoes.com/va/ashburn/619/"
"Trader Joe's","644","Traderjoes","5847 Leesburg Pike","Bailey's Crossroads","VA","22041","US","38.85103","-77.13279","703-379-5883","https://locations.traderjoes.com/va/bailey-s-crossroads/644/","open","false","","","","","Official Trader Joe's directory","https://locations.traderjoes.com/va/bailey-s-crossroads/644/"
"Trader Joe's","654","Traderjoes","14100 Lee Hwy","Centreville","VA","20120","US","38.84042","-77.43277","703-815-0697","https://locations.traderjoes.com/va/centreville/654/","open","false","","","","","Official Trader Joe's directory","https://locations.traderjoes.com/va/centreville/654/"
"Trader Joe's","661","Traderjoes","2025 Bond St.","Charlottesville","VA","22901","US","38.06298","-78.49149","434-974-1466","https://locations.traderjoes.com/va/charlottesville/661/","open","false","","","","","Official Trader Joe's directory","https://locations.traderjoes.com/va/charlottesville/661/"
"Trader Joe's","643","Traderjoes","9464 Main St","Fairfax","VA","22031","US","38.84272","-77.27037","703-764-8550","https://locations.traderjoes.com/va/fairfax/643/","open","false","","","","","Official Trader Joe's directory","https://locations.traderjoes.com/va/fairfax/643/"
"Trader Joe's","641","Traderjoes","7514 Leesburg Turnpike","Falls Church","VA","22043","US","38.90435","-77.20369","703-288-0566","https://locations.traderjoes.com/va/falls-church/641/","open","false","","","","","Official Trader Joe's directory","https://locations.traderjoes.com/va/falls-church/641/"
"Trader Joe's","659","Traderjoes","11331 W Broad St","Glen Allen","VA","23060","US","37.64889","-77.6068","804-360-4098","https://locations.traderjoes.com/va/glen-allen/659/","open","false","","","","","Official Trader Joe's directory","https://locations.traderjoes.com/va/glen-allen/659/"
"Trader Joe's","817","Traderjoes","504 Fort Evans Rd NE","Leesburg","VA","20176","US","39.10788","-77.53001","571-582-2209","https://locations.traderjoes.com/va/leesburg/817/","open","false","","","","","Official Trader Joe's directory","https://locations.traderjoes.com/va/leesburg/817/"
"Trader Joe's","656","Traderjoes","12551 Jefferson Ave","Newport News","VA","23602","US","37.13094","-76.51648","757-890-0235","https://locations.traderjoes.com/va/newport-news/656/","open","false","","","","","Official Trader Joe's directory","https://locations.traderjoes.com/va/newport-news/656/"
"Trader Joe's","646","Traderjoes","11958 Killingsworth Ave","Reston","VA","20194","US","38.96724","-77.35905","703-689-0865","https://locations.traderjoes.com/va/reston/646/","open","false","","","","","Official Trader Joe's directory","https://locations.traderjoes.com/va/reston/646/"
"Trader Joe's","786","Traderjoes","3000 Stony Point Rd","Richmond","VA","23235","US","37.5389","-77.56427","804-323-4292","https://locations.traderjoes.com/va/richmond/786/","open","false","","","","","Official Trader Joe's directory","https://locations.traderjoes.com/va/richmond/786/"
"Trader Joe's","651","Traderjoes","6394 Springfield Plaza","Springfield","VA","22150","US","38.78164","-77.18945","703-569-9301","https://locations.traderjoes.com/va/springfield/651/","open","false","","","","","Official Trader Joe's directory","https://locations.traderjoes.com/va/springfield/651/"
"Trader Joe's","660","Traderjoes","503 Hilltop Plaza","Virginia Beach","VA","23454","US","36.84861","-76.02478","757-422-4840","https://locations.traderjoes.com/va/virginia-beach/660/","open","false","","","","","Official Trader Joe's directory","https://locations.traderjoes.com/va/virginia-beach/660/"
"Trader Joe's","823","Traderjoes","220 Constitution Drive","Virginia Beach","VA","23462","US","36.84158","-76.12964","757-863-7406","https://locations.traderjoes.com/va/virginia-beach/823/","open","false","","","","","Official Trader Joe's directory","https://locations.traderjoes.com/va/virginia-beach/823/"
"Trader Joe's","809","Traderjoes","8402 Old Keene Mill Rd","West Springfield","VA","22152","US","38.77964","-77.23425","703-202-8770","https://locations.traderjoes.com/va/west-springfield/809/","open","false","","","","","Official Trader Joe's directory","https://locations.traderjoes.com/va/west-springfield/809/"
"Trader Joe's","657","Traderjoes","5000 Settlers Market Blvd","Williamsburg","VA","23188","US","37.27713","-76.74778","757-259-2135","https://locations.traderjoes.com/va/williamsburg/657/","open","false","","","","","Official Trader Joe's directory","https://locations.traderjoes.com/va/williamsburg/657/"
"Trader Joe's","527","Traderjoes","200 Dorset St","South Burlington","VT","05403","US","44.46364","-73.1804","802-658-4500","https://locations.traderjoes.com/vt/south-burlington/527/","open","false","","","","","Official Trader Joe's directory","https://locations.traderjoes.com/vt/south-burlington/527/"
"Trader Joe's","131","Traderjoes","15563 NE 24th St","Bellevue","WA","98007","US","47.63076","-122.13343","425-641-5069","https://locations.traderjoes.com/wa/bellevue/131/","open","false","","","","","Official Trader Joe's directory","https://locations.traderjoes.com/wa/bellevue/131/"
"Trader Joe's","162","Traderjoes","416 116th Ave NE","Bellevue","WA","98004","US","47.61373","-122.18482","425-454-9799","https://locations.traderjoes.com/wa/bellevue/162/","open","false","","","","","Official Trader Joe's directory","https://locations.traderjoes.com/wa/bellevue/162/"
"Trader Joe's","151","Traderjoes","2410 James St","Bellingham","WA","98225","US","48.76213","-122.46392","360-734-5166","https://locations.traderjoes.com/wa/bellingham/151/","open","false","","","","","Official Trader Joe's directory","https://locations.traderjoes.com/wa/bellingham/151/"
"Trader Joe's","274","Traderjoes","4255 Meridian St, Suite 200","Bellingham","WA","98226","US","48.79556","-122.4878","360-217-2007","https://locations.traderjoes.com/wa/bellingham/274/","open","false","","","","","Official Trader Joe's directory","https://locations.traderjoes.com/wa/bellingham/274/"
"Trader Joe's","133","Traderjoes","15868 1st Ave S","Burien","WA","98148","US","47.46007","-122.33139","206-901-9339","https://locations.traderjoes.com/wa/burien/133/","open","false","","","","","Official Trader Joe's directory","https://locations.traderjoes.com/wa/burien/133/"
"Trader Joe's","139","Traderjoes","1302 SE Everett Mall Way","Everett","WA","98208","US","47.91072","-122.22139","425-464-5485","https://locations.traderjoes.com/wa/everett/139/","open","false","","","","","Official Trader Joe's directory","https://locations.traderjoes.com/wa/everett/139/"
"Trader Joe's","134","Traderjoes","1758 S 320th St","Federal Way","WA","98003","US","47.31693","-122.31094","253-941-6138","https://locations.traderjoes.com/wa/federal-way/134/","open","false","","","","","Official Trader Joe's directory","https://locations.traderjoes.com/wa/federal-way/134/"
"Trader Joe's","138","Traderjoes","975 NW Gilman Blvd","Issaquah","WA","98027","US","47.54398","-122.05224","425-557-6420","https://locations.traderjoes.com/wa/issaquah/138/","open","false","","","","","Official Trader Joe's directory","https://locations.traderjoes.com/wa/issaquah/138/"
"Trader Joe's","163","Traderjoes","12966 SE Kent-Kangley Rd","Kent","WA","98030","US","47.35959","-122.16694","253-639-3419","https://locations.traderjoes.com/wa/kent/163/","open","false","","","","","Official Trader Joe's directory","https://locations.traderjoes.com/wa/kent/163/"
"Trader Joe's","132","Traderjoes","12520 Totem Lake Blvd NE, Suite 116","Kirkland","WA","98034","US","47.71145","-122.17999","425-814-9181","https://locations.traderjoes.com/wa/kirkland/132/","open","false","","","","","Official Trader Joe's directory","https://locations.traderjoes.com/wa/kirkland/132/"
"Trader Joe's","292","Traderjoes","691 Sleater Kinney Rd SE","Lacey","WA","98503","US","47.04156","-122.83437","360-858-5284","https://locations.traderjoes.com/wa/lacey/292/","open","false","","","","","Official Trader Joe's directory","https://locations.traderjoes.com/wa/lacey/292/"
"Trader Joe's","129","Traderjoes","19715 Highway 99, Suite 101","Lynnwood","WA","98036","US","47.81963","-122.31377","425-670-0623","https://locations.traderjoes.com/wa/lynnwood/129/","open","false","","","","","Official Trader Joe's directory","https://locations.traderjoes.com/wa/lynnwood/129/"
"Trader Joe's","156","Traderjoes","1530 Black Lake Blvd SW","Olympia","WA","98502","US","47.03353","-122.93723","360-352-7440","https://locations.traderjoes.com/wa/olympia/156/","open","false","","","","","Official Trader Joe's directory","https://locations.traderjoes.com/wa/olympia/156/"
"Trader Joe's","140","Traderjoes","15932 Redmond Way","Redmond","WA","98052","US","47.67582","-122.12799","425-883-1624","https://locations.traderjoes.com/wa/redmond/140/","open","false","","","","","Official Trader Joe's directory","https://locations.traderjoes.com/wa/redmond/140/"
"Trader Joe's","160","Traderjoes","490 228th Ave NE","Sammamish","WA","98074","US","47.61385","-122.03388","425-836-0837","https://locations.traderjoes.com/wa/sammamish/160/","open","false","","","","","Official Trader Joe's directory","https://locations.traderjoes.com/wa/sammamish/160/"
"Trader Joe's","130","Traderjoes","1700 Madison St","Seattle","WA","98122","US","47.61601","-122.3097","206-322-7268","https://locations.traderjoes.com/wa/seattle/130/","open","false","","","","","Official Trader Joe's directory","https://locations.traderjoes.com/wa/seattle/130/"
"Trader Joe's","135","Traderjoes","1916 Queen Anne Ave N","Seattle","WA","98109","US","47.63698","-122.35667","206-284-2546","https://locations.traderjoes.com/wa/seattle/135/","open","false","","","","","Official Trader Joe's directory","https://locations.traderjoes.com/wa/seattle/135/"
"Trader Joe's","137","Traderjoes","4555 Roosevelt Way NE","Seattle","WA","98105","US","47.66269","-122.31774","206-547-6299","https://locations.traderjoes.com/wa/seattle/137/","open","false","","","","","Official Trader Joe's directory","https://locations.traderjoes.com/wa/seattle/137/"
"Trader Joe's","147","Traderjoes","4609 14th Ave NW","Seattle","WA","98107","US","47.66261","-122.37425","206-783-0498","https://locations.traderjoes.com/wa/seattle/147/","open","false","","","","","Official Trader Joe's directory","https://locations.traderjoes.com/wa/seattle/147/"
"Trader Joe's","157","Traderjoes","4545 Fauntleroy Way SW","Seattle","WA","98116","US","47.56193","-122.38103","206-913-0013","https://locations.traderjoes.com/wa/seattle/157/","open","false","","","","","Official Trader Joe's directory","https://locations.traderjoes.com/wa/seattle/157/"
"Trader Joe's","273","Traderjoes","8726 Greenwood Ave","Seattle","WA","98103","US","47.69313","-122.35535","206-414-6379","https://locations.traderjoes.com/wa/seattle/273/","open","false","","","","","Official Trader Joe's directory","https://locations.traderjoes.com/wa/seattle/273/"
"Trader Joe's","297","Traderjoes","401 NE Northgate Way","Seattle","WA","98125","US","47.70575","-122.32584","","https://locations.traderjoes.com/wa/seattle/297/","coming_soon","true","","","","","Official Trader Joe's directory","https://locations.traderjoes.com/wa/seattle/297/"
"Trader Joe's","270","Traderjoes","1201 N 175th St","Shoreline","WA","98133","US","47.75491","-122.34331","206-542-5336","https://locations.traderjoes.com/wa/shoreline/270/","open","false","","","","","Official Trader Joe's directory","https://locations.traderjoes.com/wa/shoreline/270/"
"Trader Joe's","158","Traderjoes","9991 Mickelberry Rd","Silverdale","WA","98383","US","47.65543","-122.68316","360-307-7224","https://locations.traderjoes.com/wa/silverdale/158/","open","false","","","","","Official Trader Joe's directory","https://locations.traderjoes.com/wa/silverdale/158/"
"Trader Joe's","159","Traderjoes","2975 East 29th Ave","Spokane","WA","99223","US","47.62897","-117.36664","509-534-1077","https://locations.traderjoes.com/wa/spokane/159/","open","false","","","","","Official Trader Joe's directory","https://locations.traderjoes.com/wa/spokane/159/"
"Trader Joe's","164","Traderjoes","5520 N Division St","Spokane","WA","99208","US","47.7089","-117.4093","509-487-4188","https://locations.traderjoes.com/wa/spokane/164/","open","false","","","","","Official Trader Joe's directory","https://locations.traderjoes.com/wa/spokane/164/"
"Trader Joe's","296","Traderjoes","13414 E Sprague Ave","Spokane Valley","WA","99216","US","47.65687","-117.22383","","https://locations.traderjoes.com/wa/spokane-valley/296/","coming_soon","true","","","","","Official Trader Joe's directory","https://locations.traderjoes.com/wa/spokane-valley/296/"
"Trader Joe's","148","Traderjoes","3800 Bridgeport Way W","University Place","WA","98466","US","47.22306","-122.53818","253-460-2672","https://locations.traderjoes.com/wa/university-place/148/","open","false","","","","","Official Trader Joe's directory","https://locations.traderjoes.com/wa/university-place/148/"
"Trader Joe's","136","Traderjoes","305 SE Chkalov Dr","Vancouver","WA","98683","US","45.61953","-122.5532","360-883-9000","https://locations.traderjoes.com/wa/vancouver/136/","open","false","","","","","Official Trader Joe's directory","https://locations.traderjoes.com/wa/vancouver/136/"
"Trader Joe's","271","Traderjoes","14007 NE 10th Ave","Vancouver","WA","98685","US","45.7229","-122.66074","360-512-2792","https://locations.traderjoes.com/wa/vancouver/271/","open","false","","","","","Official Trader Joe's directory","https://locations.traderjoes.com/wa/vancouver/271/"
"Trader Joe's","272","Traderjoes","16701 Mill Plain Blvd","Vancouver","WA","98683","US","45.61625","-122.50002","360-322-3554","https://locations.traderjoes.com/wa/vancouver/272/","open","false","","","","","Official Trader Joe's directory","https://locations.traderjoes.com/wa/vancouver/272/"
"Trader Joe's","293","Traderjoes","14035 NE Woodinville Duvall Rd","Woodinville","WA","98072","US","47.75331","-122.15048","425-292-7559","https://locations.traderjoes.com/wa/woodinville/293/","open","false","","","","","Official Trader Joe's directory","https://locations.traderjoes.com/wa/woodinville/293/"
"Trader Joe's","726","Traderjoes","12665 W. Bluemound Rd","Brookfield","WI","53005","US","43.03568","-88.07015","262-784-4806","https://locations.traderjoes.com/wi/brookfield/726/","open","false","","","","","Official Trader Joe's directory","https://locations.traderjoes.com/wi/brookfield/726/"
"Trader Joe's","712","Traderjoes","1810 Monroe St","Madison","WI","53711","US","43.06499","-89.41754","608-257-1916","https://locations.traderjoes.com/wi/madison/712/","open","false","","","","","Official Trader Joe's directory","https://locations.traderjoes.com/wi/madison/712/"
"Trader Joe's","711","Traderjoes","5600 N Port Washington Rd","Milwaukee","WI","53217","US","43.11893","-87.91629","414-962-3382","https://locations.traderjoes.com/wi/milwaukee/711/","open","false","","","","","Official Trader Joe's directory","https://locations.traderjoes.com/wi/milwaukee/711/"
